#include "config.h"
	.include "asm/macros.inc"
	.include "overlay_112.inc"
	.include "global.inc"
	.public gApplication_TitleScreen

	.text

	thumb_func_start ov112_021F35A4
ov112_021F35A4: ; 0x021F35A4
	push {r3, r4, r5, r6, r7, lr}
	mov r4, #0
	mov r7, #6
	add r5, r0, #0
	add r6, r4, #0
	lsl r7, r7, #6
_021F35B0:
	add r0, r5, #0
	bl TrainerHouseSet_CheckHasData
	cmp r0, #0
	beq _021F35C4
	add r4, r4, #1
	add r5, r5, r7
	add r6, r6, #1
	cmp r4, #0xa
	blt _021F35B0
_021F35C4:
	add r0, r6, #0
	pop {r3, r4, r5, r6, r7, pc}
	thumb_func_end ov112_021F35A4

	thumb_func_start ov112_021F35C8
ov112_021F35C8: ; 0x021F35C8
	push {r3, r4, r5, r6, r7, lr}
	mov r7, #6
	add r5, r0, #0
	add r6, r1, #0
	str r2, [sp]
	mov r4, #0
	lsl r7, r7, #6
_021F35D6:
	add r0, r5, #0
	bl TrainerHouseSet_CheckHasData
	cmp r0, #0
	beq _021F35F6
	add r0, r5, #0
	add r1, r6, #0
	bl TrainerHouseTrainer_Compare
	cmp r0, #0
	beq _021F35F6
	ldr r0, [sp]
	mov r1, #1
	str r1, [r0]
	add r0, r4, #0
	pop {r3, r4, r5, r6, r7, pc}
_021F35F6:
	add r4, r4, #1
	add r5, r5, r7
	cmp r4, #0xa
	blt _021F35D6
	ldr r1, [sp]
	mov r0, #0
	str r0, [r1]
	pop {r3, r4, r5, r6, r7, pc}
	.balign 4, 0
	thumb_func_end ov112_021F35C8

	thumb_func_start ov112_021F3608
ov112_021F3608: ; 0x021F3608
	push {r3, r4, r5, r6, r7, lr}
	add r6, r1, #0
	bl Save_VarsFlags_Get
	ldr r5, _021F362C ; =ov112_021FF4D4
	add r7, r0, #0
	mov r4, #0
_021F3616:
	ldrh r1, [r5]
	add r0, r7, #0
	bl Save_VarsFlags_CheckFlagInArray
	strb r0, [r6, r4]
	add r4, r4, #1
	add r5, r5, #2
	cmp r4, #0xa
	blt _021F3616
	pop {r3, r4, r5, r6, r7, pc}
	nop
_021F362C: .word ov112_021FF4D4
	thumb_func_end ov112_021F3608

	thumb_func_start ov112_021F3630
ov112_021F3630: ; 0x021F3630
	push {r3, r4, r5, r6, r7, lr}
	add r7, r1, #0
	bl Save_VarsFlags_Get
	ldr r5, _021F3660 ; =ov112_021FF4D4
	add r6, r0, #0
	mov r4, #0
_021F363E:
	ldrb r0, [r7, r4]
	cmp r0, #0
	beq _021F364E
	ldrh r1, [r5]
	add r0, r6, #0
	bl Save_VarsFlags_SetFlagInArray
	b _021F3656
_021F364E:
	ldrh r1, [r5]
	add r0, r6, #0
	bl Save_VarsFlags_ClearFlagInArray
_021F3656:
	add r4, r4, #1
	add r5, r5, #2
	cmp r4, #0xa
	blt _021F363E
	pop {r3, r4, r5, r6, r7, pc}
	.balign 4, 0
_021F3660: .word ov112_021FF4D4
	thumb_func_end ov112_021F3630

	.rodata

ov112_021F3664:
	.byte 0xA0, 0xBF, 0xC0, 0xFF, 0xFF, 0x00, 0x00, 0x00

ov112_021F366C:
	.byte 0x25, 0x4C, 0x0D, 0xEF
	.byte 0x4D, 0x73, 0x0D, 0xEF, 0xFF, 0x00, 0x00, 0x00

ov112_021F3678:
	.byte 0x3C, 0x64, 0x0C, 0xEF, 0xA0, 0xBF, 0xC0, 0xFF
	.byte 0xFF, 0x00, 0x00, 0x00

ov112_021F3684: ; 0x021F3684
	.byte 0x01, 0x00, 0x00, 0x00, 0x00, 0x00, 0x00, 0x00, 0x00, 0x00, 0x00, 0x00
	.byte 0x01, 0x00, 0x00, 0x00

ov112_021F3694:
	.byte 0x25, 0x4C, 0x0D, 0xEF, 0x4D, 0x73, 0x0D, 0xEF, 0xA0, 0xBF, 0xC0, 0xFF
	.byte 0xFF, 0x00, 0x00, 0x00

ov112_021F36A4:
	.byte 0x0B, 0x34, 0x0B, 0xEF, 0x35, 0x5B, 0x0B, 0xEF, 0x5C, 0x84, 0x0B, 0xEF
	.byte 0xA0, 0xBF, 0xC0, 0xFF, 0xFF, 0x00, 0x00, 0x00

ov112_021F36B8:
	.byte 0x00, 0x1F, 0x0B, 0xEF, 0x20, 0x3F, 0x0B, 0xEF
	.byte 0x40, 0x5F, 0x0B, 0xEF, 0x60, 0x7F, 0x0B, 0xEF, 0x80, 0x9F, 0x0B, 0xEF, 0xA0, 0xBF, 0xC0, 0xFF
	.byte 0xA2, 0xBF, 0x0C, 0x23, 0xA2, 0xBF, 0x24, 0x41, 0xFF, 0x00, 0x00, 0x00

ov112_021F36DC: ; 0x021F36DC
	.byte 0x02, 0x00, 0x00, 0x00
	.byte 0x00, 0x00, 0x00, 0x00, 0x04, 0x00, 0x00, 0x00, 0x00, 0x00, 0x00, 0x00, 0x10, 0x00, 0x00, 0x00
	.byte 0x00, 0x00, 0x00, 0x00, 0x00, 0x01, 0x00, 0x00, 0x00, 0x00, 0x00, 0x00, 0x01, 0x00, 0x00, 0x00
	.byte 0x20, 0x00, 0x00, 0x00

ov112_021F3704: ; 0x021F3704
	.byte 0x00, 0x00, 0x00, 0x00, 0x00, 0x00, 0x00, 0x00, 0x00, 0x08, 0x00, 0x00
	.byte 0x00, 0x00, 0x00, 0x00, 0x01, 0x00, 0x1F, 0x00, 0x00, 0x01, 0x00, 0x00, 0x00, 0x00, 0x00, 0x00

ov112_021F3720: ; 0x021F3720
	.byte 0x00, 0x00, 0x00, 0x00, 0x00, 0x00, 0x00, 0x00, 0x00, 0x08, 0x00, 0x00, 0x00, 0x00, 0x00, 0x00
	.byte 0x01, 0x00, 0x1E, 0x04, 0x00, 0x02, 0x00, 0x00, 0x00, 0x00, 0x00, 0x00

ov112_021F373C: ; 0x021F373C
	.byte 0x00, 0x00, 0x00, 0x00
	.byte 0x00, 0x00, 0x00, 0x00, 0x00, 0x08, 0x00, 0x00, 0x00, 0x00, 0x00, 0x00, 0x01, 0x00, 0x1D, 0x04
	.byte 0x00, 0x03, 0x00, 0x00, 0x00, 0x00, 0x00, 0x00

ov112_021F3758: ; 0x021F3758
	.byte 0x00, 0x00, 0x00, 0x00, 0x00, 0x00, 0x00, 0x00
	.byte 0x00, 0x08, 0x00, 0x00, 0x00, 0x00, 0x00, 0x00, 0x01, 0x00, 0x1F, 0x00, 0x00, 0x00, 0x00, 0x00
	.byte 0x00, 0x00, 0x00, 0x00

ov112_021F3774: ; 0x021F3774
	.byte 0x00, 0x00, 0x00, 0x00, 0x00, 0x00, 0x00, 0x00, 0x00, 0x10, 0x00, 0x00
	.byte 0x00, 0x00, 0x00, 0x00, 0x03, 0x00, 0x1D, 0x04, 0x00, 0x01, 0x00, 0x00, 0x00, 0x00, 0x00, 0x00

ov112_021F3790: ; 0x021F3790
	.byte 0x00, 0x00, 0x00, 0x00, 0x00, 0x00, 0x00, 0x00, 0x00, 0x08, 0x00, 0x00, 0x00, 0x00, 0x00, 0x00
	.byte 0x01, 0x00, 0x1C, 0x04, 0x00, 0x02, 0x00, 0x00, 0x00, 0x00, 0x00, 0x00

ov112_021F37AC:
	.byte 0x1E, 0x21, 0x1F, 0x21
	.byte 0x20, 0x21, 0x1D, 0x22, 0x1E, 0x22, 0x1F, 0x22, 0x20, 0x22, 0x21, 0x22, 0x1C, 0x23, 0x1D, 0x23
	.byte 0x1E, 0x23, 0x1F, 0x23, 0x20, 0x23, 0x21, 0x23, 0x22, 0x23, 0x1C, 0x24, 0x1D, 0x24, 0x1E, 0x24
	.byte 0x1F, 0x24, 0x20, 0x24, 0x21, 0x24, 0x22, 0x24, 0x1C, 0x25, 0x1D, 0x25, 0x1E, 0x25, 0x1F, 0x25
	.byte 0x20, 0x25, 0x21, 0x25, 0x22, 0x25, 0x1C, 0x26, 0x1D, 0x26, 0x1E, 0x26, 0x1F, 0x26, 0x20, 0x26
	.byte 0x21, 0x26, 0x22, 0x26, 0x1C, 0x27, 0x1D, 0x27, 0x1E, 0x27, 0x1F, 0x27, 0x20, 0x27, 0x21, 0x27
	.byte 0x22, 0x27, 0x1D, 0x28, 0x1E, 0x28, 0x1F, 0x28, 0x20, 0x28, 0x21, 0x28, 0x1E, 0x29, 0x1F, 0x29
	.byte 0x20, 0x29, 0xFF, 0xFF

ov112_021F3814:
	.byte 0x1B, 0x0F, 0x1C, 0x0F, 0x1D, 0x0F, 0x1E, 0x0F, 0x1A, 0x10, 0x1B, 0x10
	.byte 0x1C, 0x10, 0x1D, 0x10, 0x1E, 0x10, 0x1F, 0x10, 0x19, 0x11, 0x1A, 0x11, 0x1B, 0x11, 0x1C, 0x11
	.byte 0x1D, 0x11, 0x1E, 0x11, 0x1F, 0x11, 0x20, 0x11, 0x19, 0x12, 0x1A, 0x12, 0x1B, 0x12, 0x1C, 0x12
	.byte 0x1D, 0x12, 0x1E, 0x12, 0x1F, 0x12, 0x20, 0x12, 0x19, 0x13, 0x1A, 0x13, 0x1B, 0x13, 0x1C, 0x13
	.byte 0x1D, 0x13, 0x1E, 0x13, 0x1F, 0x13, 0x20, 0x13, 0x19, 0x14, 0x1A, 0x14, 0x1B, 0x14, 0x1C, 0x14
	.byte 0x1D, 0x14, 0x1E, 0x14, 0x1F, 0x14, 0x20, 0x14, 0x1A, 0x15, 0x1B, 0x15, 0x1C, 0x15, 0x1D, 0x15
	.byte 0x1E, 0x15, 0x1F, 0x15, 0x1B, 0x16, 0x1C, 0x16, 0x1D, 0x16, 0x1E, 0x16, 0xFF, 0xFF

ov112_021F387E:
	.byte 0x33, 0x11
	.byte 0x34, 0x11, 0x35, 0x11, 0x36, 0x11, 0x32, 0x12, 0x33, 0x12, 0x34, 0x12, 0x35, 0x12, 0x36, 0x12
	.byte 0x37, 0x12, 0x31, 0x13, 0x32, 0x13, 0x33, 0x13, 0x34, 0x13, 0x35, 0x13, 0x36, 0x13, 0x37, 0x13
	.byte 0x38, 0x13, 0x31, 0x14, 0x32, 0x14, 0x33, 0x14, 0x34, 0x14, 0x35, 0x14, 0x36, 0x14, 0x37, 0x14
	.byte 0x38, 0x14, 0x31, 0x15, 0x32, 0x15, 0x33, 0x15, 0x34, 0x15, 0x35, 0x15, 0x36, 0x15, 0x37, 0x15
	.byte 0x38, 0x15, 0x31, 0x16, 0x32, 0x16, 0x33, 0x16, 0x34, 0x16, 0x35, 0x16, 0x36, 0x16, 0x37, 0x16
	.byte 0x38, 0x16, 0x32, 0x17, 0x33, 0x17, 0x34, 0x17, 0x35, 0x17, 0x36, 0x17, 0x37, 0x17, 0x33, 0x18
	.byte 0x34, 0x18, 0x35, 0x18, 0x36, 0x18, 0xFF, 0xFF

ov112_021F38E8:
	.byte 0x2B, 0x21, 0x2C, 0x21, 0x2D, 0x21, 0x29, 0x22
	.byte 0x2A, 0x22, 0x2B, 0x22, 0x2C, 0x22, 0x2D, 0x22, 0x2E, 0x22, 0x2F, 0x22, 0x28, 0x23, 0x29, 0x23
	.byte 0x2A, 0x23, 0x2B, 0x23, 0x2C, 0x23, 0x2D, 0x23, 0x2E, 0x23, 0x2F, 0x23, 0x30, 0x23, 0x28, 0x24
	.byte 0x29, 0x24, 0x2A, 0x24, 0x2B, 0x24, 0x2C, 0x24, 0x2D, 0x24, 0x2E, 0x24, 0x2F, 0x24, 0x30, 0x24
	.byte 0x28, 0x25, 0x29, 0x25, 0x2A, 0x25, 0x2B, 0x25, 0x2C, 0x25, 0x2D, 0x25, 0x2E, 0x25, 0x2F, 0x25
	.byte 0x30, 0x25, 0x28, 0x26, 0x29, 0x26, 0x2A, 0x26, 0x2B, 0x26, 0x2C, 0x26, 0x2D, 0x26, 0x2E, 0x26
	.byte 0x2F, 0x26, 0x30, 0x26, 0x28, 0x27, 0x29, 0x27, 0x2A, 0x27, 0x2B, 0x27, 0x2C, 0x27, 0x2D, 0x27
	.byte 0x2E, 0x27, 0x2F, 0x27, 0x30, 0x27, 0x28, 0x28, 0x29, 0x28, 0x2A, 0x28, 0x2B, 0x28, 0x2C, 0x28
	.byte 0x2D, 0x28, 0x2E, 0x28, 0x2F, 0x28, 0x30, 0x28, 0x29, 0x29, 0x2A, 0x29, 0x2B, 0x29, 0x2C, 0x29
	.byte 0x2D, 0x29, 0x2E, 0x29, 0x2F, 0x29, 0x2B, 0x2A, 0x2C, 0x2A, 0x2D, 0x2A, 0xFF, 0xFF

ov112_021F397E: ; 0x021F397E
	.byte 0x00, 0x00
	.byte 0x00, 0x00, 0x00, 0x00, 0x00, 0x00, 0x01, 0x00, 0x01, 0x00, 0x02, 0x00, 0xED, 0x01, 0x03, 0x00
	.byte 0x03, 0x00, 0x04, 0x00, 0x04, 0x00, 0x05, 0x00, 0x05, 0x00, 0x06, 0x00, 0x06, 0x00, 0x07, 0x00
	.byte 0x07, 0x00, 0x08, 0x00, 0x08, 0x00, 0x09, 0x00, 0x09, 0x00, 0x0A, 0x00, 0x0A, 0x00, 0x0B, 0x00
	.byte 0xEE, 0x01, 0x0C, 0x00, 0x0C, 0x00, 0x0D, 0x00, 0x0D, 0x00, 0x0E, 0x00, 0x0E, 0x00, 0x0F, 0x00
	.byte 0x0F, 0x00, 0x10, 0x00, 0x10, 0x00, 0x11, 0x00, 0x11, 0x00, 0x12, 0x00, 0xEF, 0x01, 0x13, 0x00
	.byte 0xF0, 0x01, 0x14, 0x00, 0x14, 0x00, 0x15, 0x00, 0x15, 0x00, 0x16, 0x00, 0x16, 0x00, 0x17, 0x00
	.byte 0x17, 0x00, 0x18, 0x00, 0xF1, 0x01, 0x19, 0x00, 0xF2, 0x01, 0x1A, 0x00, 0x1A, 0x00, 0x1B, 0x00
	.byte 0x1B, 0x00, 0x1C, 0x00, 0x1C, 0x00, 0x1D, 0x00, 0x1D, 0x00, 0x1E, 0x00, 0x1E, 0x00, 0x1F, 0x00
	.byte 0x1F, 0x00, 0x20, 0x00, 0x20, 0x00, 0x21, 0x00, 0x21, 0x00, 0x22, 0x00, 0x22, 0x00, 0x23, 0x00
	.byte 0x23, 0x00, 0x24, 0x00, 0x24, 0x00, 0x25, 0x00, 0x25, 0x00, 0x26, 0x00, 0x26, 0x00, 0x27, 0x00
	.byte 0x27, 0x00, 0x28, 0x00, 0xF3, 0x01, 0x29, 0x00, 0xF4, 0x01, 0x2A, 0x00, 0x2A, 0x00, 0x2B, 0x00
	.byte 0xF5, 0x01, 0x2C, 0x00, 0xF6, 0x01, 0x2D, 0x00, 0x2D, 0x00, 0x2E, 0x00, 0x2E, 0x00, 0x2F, 0x00
	.byte 0x2F, 0x00, 0x30, 0x00, 0x30, 0x00, 0x31, 0x00, 0x31, 0x00, 0x32, 0x00, 0x32, 0x00, 0x33, 0x00
	.byte 0x33, 0x00, 0x34, 0x00, 0x34, 0x00, 0x35, 0x00, 0x35, 0x00, 0x36, 0x00, 0x36, 0x00, 0x37, 0x00
	.byte 0x37, 0x00, 0x38, 0x00, 0x38, 0x00, 0x39, 0x00, 0x39, 0x00, 0x3A, 0x00, 0x3A, 0x00, 0x3B, 0x00
	.byte 0x3B, 0x00, 0x3C, 0x00, 0x3C, 0x00, 0x3D, 0x00, 0x3D, 0x00, 0x3E, 0x00, 0x3E, 0x00, 0x3F, 0x00
	.byte 0xF7, 0x01, 0x40, 0x00, 0xF8, 0x01, 0x41, 0x00, 0x41, 0x00, 0x42, 0x00, 0x42, 0x00, 0x43, 0x00
	.byte 0x43, 0x00, 0x44, 0x00, 0x44, 0x00, 0x45, 0x00, 0x45, 0x00, 0x46, 0x00, 0x46, 0x00, 0x47, 0x00
	.byte 0x47, 0x00, 0x48, 0x00, 0x48, 0x00, 0x49, 0x00, 0x49, 0x00, 0x4A, 0x00, 0x4A, 0x00, 0x4B, 0x00
	.byte 0x4B, 0x00, 0x4C, 0x00, 0x4C, 0x00, 0x4D, 0x00, 0x4D, 0x00, 0x4E, 0x00, 0x4E, 0x00, 0x4F, 0x00
	.byte 0x4F, 0x00, 0x50, 0x00, 0x50, 0x00, 0x51, 0x00, 0x51, 0x00, 0x52, 0x00, 0x52, 0x00, 0x53, 0x00
	.byte 0xF9, 0x01, 0x54, 0x00, 0xFA, 0x01, 0x55, 0x00, 0x55, 0x00, 0x56, 0x00, 0x56, 0x00, 0x57, 0x00
	.byte 0x57, 0x00, 0x58, 0x00, 0x58, 0x00, 0x59, 0x00, 0x59, 0x00, 0x5A, 0x00, 0x5A, 0x00, 0x5B, 0x00
	.byte 0x5B, 0x00, 0x5C, 0x00, 0x5C, 0x00, 0x5D, 0x00, 0x5D, 0x00, 0x5E, 0x00, 0x5E, 0x00, 0x5F, 0x00
	.byte 0x5F, 0x00, 0x60, 0x00, 0xFB, 0x01, 0x61, 0x00, 0x61, 0x00, 0x62, 0x00, 0x62, 0x00, 0x63, 0x00
	.byte 0x63, 0x00, 0x64, 0x00, 0x64, 0x00, 0x65, 0x00, 0x65, 0x00, 0x66, 0x00, 0x66, 0x00, 0x67, 0x00
	.byte 0x67, 0x00, 0x68, 0x00, 0x68, 0x00, 0x69, 0x00, 0x69, 0x00, 0x6A, 0x00, 0x6A, 0x00, 0x6B, 0x00
	.byte 0x6B, 0x00, 0x6C, 0x00, 0x6C, 0x00, 0x6D, 0x00, 0x6D, 0x00, 0x6E, 0x00, 0xFC, 0x01, 0x6F, 0x00
	.byte 0xFD, 0x01, 0x70, 0x00, 0x70, 0x00, 0x71, 0x00, 0x71, 0x00, 0x72, 0x00, 0x72, 0x00, 0x73, 0x00
	.byte 0x73, 0x00, 0x74, 0x00, 0x74, 0x00, 0x75, 0x00, 0xFE, 0x01, 0x76, 0x00, 0xFF, 0x01, 0x77, 0x00
	.byte 0x77, 0x00, 0x78, 0x00, 0x78, 0x00, 0x79, 0x00, 0x79, 0x00, 0x7A, 0x00, 0x00, 0x02, 0x7B, 0x00
	.byte 0x7B, 0x00, 0x7C, 0x00, 0x7C, 0x00, 0x7D, 0x00, 0x7D, 0x00, 0x7E, 0x00, 0x7E, 0x00, 0x7F, 0x00
	.byte 0x7F, 0x00, 0x80, 0x00, 0x01, 0x02, 0x81, 0x00, 0x02, 0x02, 0x82, 0x00, 0x82, 0x00, 0x83, 0x00
	.byte 0x83, 0x00, 0x84, 0x00, 0x84, 0x00, 0x85, 0x00, 0x85, 0x00, 0x86, 0x00, 0x86, 0x00, 0x87, 0x00
	.byte 0x87, 0x00, 0x88, 0x00, 0x88, 0x00, 0x89, 0x00, 0x89, 0x00, 0x8A, 0x00, 0x8A, 0x00, 0x8B, 0x00
	.byte 0x8B, 0x00, 0x8C, 0x00, 0x8C, 0x00, 0x8D, 0x00, 0x8D, 0x00, 0x8E, 0x00, 0x8E, 0x00, 0x8F, 0x00
	.byte 0x8F, 0x00, 0x90, 0x00, 0x90, 0x00, 0x91, 0x00, 0x91, 0x00, 0x92, 0x00, 0x92, 0x00, 0x93, 0x00
	.byte 0x93, 0x00, 0x94, 0x00, 0x94, 0x00, 0x95, 0x00, 0x95, 0x00, 0x96, 0x00, 0x96, 0x00, 0x97, 0x00
	.byte 0x97, 0x00, 0x98, 0x00, 0x98, 0x00, 0x99, 0x00, 0x03, 0x02, 0x9A, 0x00, 0x9A, 0x00, 0x9B, 0x00
	.byte 0x9B, 0x00, 0x9C, 0x00, 0x9C, 0x00, 0x9D, 0x00, 0x9D, 0x00, 0x9E, 0x00, 0x9E, 0x00, 0x9F, 0x00
	.byte 0x9F, 0x00, 0xA0, 0x00, 0xA0, 0x00, 0xA1, 0x00, 0xA1, 0x00, 0xA2, 0x00, 0xA2, 0x00, 0xA3, 0x00
	.byte 0xA3, 0x00, 0xA4, 0x00, 0x04, 0x02, 0xA5, 0x00, 0x05, 0x02, 0xA6, 0x00, 0xA6, 0x00, 0xA7, 0x00
	.byte 0xA7, 0x00, 0xA8, 0x00, 0xA8, 0x00, 0xA9, 0x00, 0xA9, 0x00, 0xAA, 0x00, 0xAA, 0x00, 0xAB, 0x00
	.byte 0xAB, 0x00, 0xAC, 0x00, 0xAC, 0x00, 0xAD, 0x00, 0xAD, 0x00, 0xAE, 0x00, 0xAE, 0x00, 0xAF, 0x00
	.byte 0xAF, 0x00, 0xB0, 0x00, 0xB0, 0x00, 0xB1, 0x00, 0x06, 0x02, 0xB2, 0x00, 0xB2, 0x00, 0xB3, 0x00
	.byte 0xB3, 0x00, 0xB4, 0x00, 0xB4, 0x00, 0xB5, 0x00, 0xB5, 0x00, 0xB6, 0x00, 0xB6, 0x00, 0xB7, 0x00
	.byte 0xB7, 0x00, 0xB8, 0x00, 0x07, 0x02, 0xB9, 0x00, 0x08, 0x02, 0xBA, 0x00, 0xBA, 0x00, 0xBB, 0x00
	.byte 0xBB, 0x00, 0xBC, 0x00, 0xBC, 0x00, 0xBD, 0x00, 0x09, 0x02, 0xBE, 0x00, 0xBE, 0x00, 0xBF, 0x00
	.byte 0xBF, 0x00, 0xC0, 0x00, 0xC0, 0x00, 0xC1, 0x00, 0x0A, 0x02, 0xC2, 0x00, 0x0B, 0x02, 0xC3, 0x00
	.byte 0xC3, 0x00, 0xC4, 0x00, 0xC4, 0x00, 0xC5, 0x00, 0x0C, 0x02, 0xC6, 0x00, 0xC6, 0x00, 0xC7, 0x00
	.byte 0xC7, 0x00, 0xC8, 0x00, 0xC8, 0x00, 0xC9, 0x00, 0x0D, 0x02, 0xCA, 0x00, 0x0E, 0x02, 0xCB, 0x00
	.byte 0xCB, 0x00, 0xCC, 0x00, 0xCC, 0x00, 0xCD, 0x00, 0xCD, 0x00, 0xCE, 0x00, 0x0F, 0x02, 0xCF, 0x00
	.byte 0x10, 0x02, 0xD0, 0x00, 0xD0, 0x00, 0xD1, 0x00, 0xD1, 0x00, 0xD2, 0x00, 0xD2, 0x00, 0xD3, 0x00
	.byte 0x11, 0x02, 0xD4, 0x00, 0xD4, 0x00, 0xD5, 0x00, 0x12, 0x02, 0xD6, 0x00, 0x13, 0x02, 0xD7, 0x00
	.byte 0xD7, 0x00, 0xD8, 0x00, 0x14, 0x02, 0xD9, 0x00, 0xD9, 0x00, 0xDA, 0x00, 0xDA, 0x00, 0xDB, 0x00
	.byte 0xDB, 0x00, 0xDC, 0x00, 0x15, 0x02, 0xDD, 0x00, 0xDD, 0x00, 0xDE, 0x00, 0xDE, 0x00, 0xDF, 0x00
	.byte 0x16, 0x02, 0xE0, 0x00, 0xE0, 0x00, 0xE1, 0x00, 0xE1, 0x00, 0xE2, 0x00, 0xE2, 0x00, 0xE3, 0x00
	.byte 0xE3, 0x00, 0xE4, 0x00, 0x17, 0x02, 0xE5, 0x00, 0xE5, 0x00, 0xE6, 0x00, 0xE6, 0x00, 0xE7, 0x00
	.byte 0x18, 0x02, 0xE8, 0x00, 0xE8, 0x00, 0xE9, 0x00, 0xE9, 0x00, 0xEA, 0x00, 0xEA, 0x00, 0xEB, 0x00
	.byte 0xEB, 0x00, 0xEC, 0x00, 0xEC, 0x00, 0xED, 0x00, 0xED, 0x00, 0xEE, 0x00, 0xEE, 0x00, 0xEF, 0x00
	.byte 0xEF, 0x00, 0xF0, 0x00, 0xF0, 0x00, 0xF1, 0x00, 0xF1, 0x00, 0xF2, 0x00, 0xF2, 0x00, 0xF3, 0x00
	.byte 0xF3, 0x00, 0xF4, 0x00, 0xF4, 0x00, 0xF5, 0x00, 0xF5, 0x00, 0xF6, 0x00, 0xF6, 0x00, 0xF7, 0x00
	.byte 0xF7, 0x00, 0xF8, 0x00, 0xF8, 0x00, 0xF9, 0x00, 0xF9, 0x00, 0xFA, 0x00, 0xFA, 0x00, 0xFB, 0x00
	.byte 0xFB, 0x00, 0xFC, 0x00, 0xFC, 0x00, 0xFD, 0x00, 0xFD, 0x00, 0xFE, 0x00, 0x19, 0x02, 0xFF, 0x00
	.byte 0x1A, 0x02, 0x00, 0x01, 0x1B, 0x02, 0x01, 0x01, 0x01, 0x01, 0x02, 0x01, 0x02, 0x01, 0x03, 0x01
	.byte 0x03, 0x01, 0x04, 0x01, 0x04, 0x01, 0x05, 0x01, 0x05, 0x01, 0x06, 0x01, 0x06, 0x01, 0x07, 0x01
	.byte 0x07, 0x01, 0x08, 0x01, 0x08, 0x01, 0x09, 0x01, 0x09, 0x01, 0x0A, 0x01, 0x1C, 0x02, 0x0B, 0x01
	.byte 0x0B, 0x01, 0x0C, 0x01, 0x1D, 0x02, 0x0D, 0x01, 0x0D, 0x01, 0x0E, 0x01, 0x0E, 0x01, 0x0F, 0x01
	.byte 0x1E, 0x02, 0x10, 0x01, 0x10, 0x01, 0x11, 0x01, 0x1F, 0x02, 0x12, 0x01, 0x20, 0x02, 0x13, 0x01
	.byte 0x13, 0x01, 0x14, 0x01, 0x14, 0x01, 0x15, 0x01, 0x15, 0x01, 0x16, 0x01, 0x16, 0x01, 0x17, 0x01
	.byte 0x17, 0x01, 0x18, 0x01, 0x18, 0x01, 0x19, 0x01, 0x19, 0x01, 0x1A, 0x01, 0x1A, 0x01, 0x1B, 0x01
	.byte 0x1B, 0x01, 0x1C, 0x01, 0x1C, 0x01, 0x1D, 0x01, 0x1D, 0x01, 0x1E, 0x01, 0x1E, 0x01, 0x1F, 0x01
	.byte 0x1F, 0x01, 0x20, 0x01, 0x20, 0x01, 0x21, 0x01, 0x21, 0x01, 0x22, 0x01, 0x22, 0x01, 0x23, 0x01
	.byte 0x23, 0x01, 0x24, 0x01, 0x24, 0x01, 0x25, 0x01, 0x25, 0x01, 0x26, 0x01, 0x26, 0x01, 0x27, 0x01
	.byte 0x27, 0x01, 0x28, 0x01, 0x28, 0x01, 0x29, 0x01, 0x29, 0x01, 0x2A, 0x01, 0x2A, 0x01, 0x2B, 0x01
	.byte 0x2B, 0x01, 0x2C, 0x01, 0x2C, 0x01, 0x2D, 0x01, 0x2D, 0x01, 0x2E, 0x01, 0x2E, 0x01, 0x2F, 0x01
	.byte 0x2F, 0x01, 0x30, 0x01, 0x30, 0x01, 0x31, 0x01, 0x31, 0x01, 0x32, 0x01, 0x21, 0x02, 0x33, 0x01
	.byte 0x22, 0x02, 0x34, 0x01, 0x34, 0x01, 0x35, 0x01, 0x35, 0x01, 0x36, 0x01, 0x36, 0x01, 0x37, 0x01
	.byte 0x37, 0x01, 0x38, 0x01, 0x38, 0x01, 0x39, 0x01, 0x39, 0x01, 0x3A, 0x01, 0x23, 0x02, 0x3B, 0x01
	.byte 0x24, 0x02, 0x3C, 0x01, 0x25, 0x02, 0x3D, 0x01, 0x3D, 0x01, 0x3E, 0x01, 0x3E, 0x01, 0x3F, 0x01
	.byte 0x3F, 0x01, 0x40, 0x01, 0x40, 0x01, 0x41, 0x01, 0x26, 0x02, 0x42, 0x01, 0x27, 0x02, 0x43, 0x01
	.byte 0x43, 0x01, 0x44, 0x01, 0x44, 0x01, 0x45, 0x01, 0x45, 0x01, 0x46, 0x01, 0x46, 0x01, 0x47, 0x01
	.byte 0x47, 0x01, 0x48, 0x01, 0x48, 0x01, 0x49, 0x01, 0x49, 0x01, 0x4A, 0x01, 0x4A, 0x01, 0x4B, 0x01
	.byte 0x28, 0x02, 0x4C, 0x01, 0x4C, 0x01, 0x4D, 0x01, 0x4D, 0x01, 0x4E, 0x01, 0x4E, 0x01, 0x4F, 0x01
	.byte 0x4F, 0x01, 0x50, 0x01, 0x50, 0x01, 0x51, 0x01, 0x51, 0x01, 0x52, 0x01, 0x52, 0x01, 0x53, 0x01
	.byte 0x53, 0x01, 0x54, 0x01, 0x54, 0x01, 0x55, 0x01, 0x55, 0x01, 0x56, 0x01, 0x56, 0x01, 0x57, 0x01
	.byte 0x57, 0x01, 0x58, 0x01, 0x58, 0x01, 0x59, 0x01, 0x59, 0x01, 0x5A, 0x01, 0x5A, 0x01, 0x5B, 0x01
	.byte 0x5B, 0x01, 0x5C, 0x01, 0x5C, 0x01, 0x5D, 0x01, 0x29, 0x02, 0x5E, 0x01, 0x5E, 0x01, 0x5F, 0x01
	.byte 0x5F, 0x01, 0x60, 0x01, 0x60, 0x01, 0x61, 0x01, 0x61, 0x01, 0x62, 0x01, 0x62, 0x01, 0x63, 0x01
	.byte 0x63, 0x01, 0x64, 0x01, 0x64, 0x01, 0x65, 0x01, 0x65, 0x01, 0x66, 0x01, 0x66, 0x01, 0x67, 0x01
	.byte 0x67, 0x01, 0x68, 0x01, 0x68, 0x01, 0x69, 0x01, 0x69, 0x01, 0x6A, 0x01, 0x6A, 0x01, 0x6B, 0x01
	.byte 0x6B, 0x01, 0x6C, 0x01, 0x6C, 0x01, 0x6D, 0x01, 0x6D, 0x01, 0x6E, 0x01, 0x6E, 0x01, 0x6F, 0x01
	.byte 0x6F, 0x01, 0x70, 0x01, 0x2A, 0x02, 0x71, 0x01, 0x71, 0x01, 0x72, 0x01, 0x72, 0x01, 0x73, 0x01
	.byte 0x73, 0x01, 0x74, 0x01, 0x74, 0x01, 0x75, 0x01, 0x75, 0x01, 0x76, 0x01, 0x76, 0x01, 0x77, 0x01
	.byte 0x77, 0x01, 0x78, 0x01, 0x78, 0x01, 0x79, 0x01, 0x79, 0x01, 0x7A, 0x01, 0x7A, 0x01, 0x7B, 0x01
	.byte 0x7B, 0x01, 0x7C, 0x01, 0x7C, 0x01, 0x7D, 0x01, 0x7D, 0x01, 0x7E, 0x01, 0x7E, 0x01, 0x7F, 0x01
	.byte 0x7F, 0x01, 0x80, 0x01, 0x80, 0x01, 0x81, 0x01, 0x81, 0x01, 0x82, 0x01, 0x82, 0x01, 0x83, 0x01
	.byte 0x83, 0x01, 0x84, 0x01, 0x84, 0x01, 0x85, 0x01, 0x85, 0x01, 0x86, 0x01, 0x86, 0x01, 0x87, 0x01
	.byte 0x87, 0x01, 0x88, 0x01, 0x88, 0x01, 0x89, 0x01, 0x89, 0x01, 0x8A, 0x01, 0x8A, 0x01, 0x8B, 0x01
	.byte 0x30, 0x02, 0x8C, 0x01, 0x33, 0x02, 0x8D, 0x01, 0x34, 0x02, 0x8E, 0x01, 0x37, 0x02, 0x8F, 0x01
	.byte 0x38, 0x02, 0x90, 0x01, 0x44, 0x02, 0x91, 0x01, 0x45, 0x02, 0x92, 0x01, 0x3E, 0x02, 0x93, 0x01
	.byte 0x3F, 0x02, 0x94, 0x01, 0x40, 0x02, 0x95, 0x01, 0x95, 0x01, 0x96, 0x01, 0x2D, 0x02, 0x97, 0x01
	.byte 0x97, 0x01, 0x98, 0x01, 0x98, 0x01, 0x99, 0x01, 0x99, 0x01, 0x9A, 0x01, 0x9A, 0x01, 0x9B, 0x01
	.byte 0x9B, 0x01, 0x9C, 0x01, 0x9C, 0x01, 0x9D, 0x01, 0x9D, 0x01, 0x9E, 0x01, 0x3D, 0x02, 0x9F, 0x01
	.byte 0x9F, 0x01, 0xA0, 0x01, 0x43, 0x02, 0xA1, 0x01, 0x2C, 0x02, 0xA2, 0x01, 0x31, 0x02, 0xA3, 0x01
	.byte 0xA3, 0x01, 0xA4, 0x01, 0xA4, 0x01, 0xA5, 0x01, 0xA5, 0x01, 0xA6, 0x01, 0xA6, 0x01, 0xA7, 0x01
	.byte 0x49, 0x02, 0xA8, 0x01, 0xA8, 0x01, 0xA9, 0x01, 0xA9, 0x01, 0xAA, 0x01, 0xAA, 0x01, 0xAB, 0x01
	.byte 0xAB, 0x01, 0xAC, 0x01, 0xAC, 0x01, 0xAD, 0x01, 0xAD, 0x01, 0xAE, 0x01, 0xAE, 0x01, 0xAF, 0x01
	.byte 0xAF, 0x01, 0xB0, 0x01, 0xB0, 0x01, 0xB1, 0x01, 0xB1, 0x01, 0xB2, 0x01, 0xB2, 0x01, 0xB3, 0x01
	.byte 0xB3, 0x01, 0xB4, 0x01, 0xB4, 0x01, 0xB5, 0x01, 0xB5, 0x01, 0xB6, 0x01, 0xB6, 0x01, 0xB7, 0x01
	.byte 0xB7, 0x01, 0xB8, 0x01, 0xB8, 0x01, 0xB9, 0x01, 0xB9, 0x01, 0xBA, 0x01, 0x46, 0x02, 0xBB, 0x01
	.byte 0x47, 0x02, 0xBC, 0x01, 0x48, 0x02, 0xBD, 0x01, 0xBD, 0x01, 0xBE, 0x01, 0xBE, 0x01, 0xBF, 0x01
	.byte 0xBF, 0x01, 0xC0, 0x01, 0x39, 0x02, 0xC1, 0x01, 0x3A, 0x02, 0xC2, 0x01, 0xC2, 0x01, 0xC3, 0x01
	.byte 0xC3, 0x01, 0xC4, 0x01, 0x35, 0x02, 0xC5, 0x01, 0x36, 0x02, 0xC6, 0x01, 0xC6, 0x01, 0xC7, 0x01
	.byte 0x3B, 0x02, 0xC8, 0x01, 0x3C, 0x02, 0xC9, 0x01, 0xC9, 0x01, 0xCA, 0x01, 0x41, 0x02, 0xCB, 0x01
	.byte 0x42, 0x02, 0xCC, 0x01, 0x2B, 0x02, 0xCD, 0x01, 0xCD, 0x01, 0xCE, 0x01, 0xCE, 0x01, 0xCF, 0x01
	.byte 0x32, 0x02, 0xD0, 0x01, 0x2E, 0x02, 0xD1, 0x01, 0xD1, 0x01, 0xD2, 0x01, 0xD2, 0x01, 0xD3, 0x01
	.byte 0xD3, 0x01, 0xD4, 0x01, 0xD4, 0x01, 0xD5, 0x01, 0xD5, 0x01, 0xD6, 0x01, 0xD6, 0x01, 0xD7, 0x01
	.byte 0xD7, 0x01, 0xD8, 0x01, 0x2F, 0x02, 0xD9, 0x01, 0xD9, 0x01, 0xDA, 0x01, 0xDA, 0x01, 0xDB, 0x01
	.byte 0xDB, 0x01, 0xDC, 0x01, 0xDC, 0x01, 0xDD, 0x01, 0xDD, 0x01, 0xDE, 0x01, 0xDE, 0x01, 0xDF, 0x01
	.byte 0xDF, 0x01, 0xE0, 0x01, 0xE0, 0x01, 0xE1, 0x01, 0xE1, 0x01, 0xE2, 0x01, 0xE2, 0x01, 0xE3, 0x01
	.byte 0xE3, 0x01, 0xE4, 0x01, 0xE4, 0x01, 0xE5, 0x01, 0xE5, 0x01, 0xE6, 0x01, 0xE6, 0x01, 0xE7, 0x01
	.byte 0xE7, 0x01, 0xE8, 0x01, 0xE8, 0x01, 0xE9, 0x01, 0xE9, 0x01, 0xEA, 0x01, 0xEA, 0x01, 0xEB, 0x01
	.byte 0xEB, 0x01, 0xEC, 0x01, 0xEC, 0x01, 0x00, 0x00

ov112_021F4138: ; 0x021F4138
	.byte 0x00, 0x00, 0x00, 0x00

ov112_021F413C: ; 0x021F413C
	.byte 0x01, 0x00, 0x00, 0x00
	.byte 0x73, 0x00, 0x08, 0x00, 0x00, 0x00, 0x00, 0x01, 0x04, 0x00, 0x2B, 0x00, 0xFC, 0x00, 0x00, 0x00
	.byte 0xB8, 0x0B, 0x32, 0x00, 0x54, 0x00, 0x08, 0x00, 0x00, 0x00, 0x00, 0x01, 0x40, 0x00, 0x2D, 0x00
	.byte 0x62, 0x00, 0x00, 0x00, 0xD0, 0x07, 0x46, 0x00, 0x1D, 0x00, 0x05, 0x00, 0x00, 0x00, 0x00, 0x01
	.byte 0x2D, 0x00, 0x0A, 0x00, 0x00, 0x00, 0x00, 0x00, 0xF4, 0x01, 0x4B, 0x00, 0x20, 0x00, 0x05, 0x00
	.byte 0x00, 0x00, 0x00, 0x00, 0x2B, 0x00, 0x40, 0x00, 0x00, 0x00, 0x00, 0x00, 0xF4, 0x01, 0x4B, 0x00
	.byte 0x10, 0x00, 0x05, 0x00, 0x00, 0x00, 0x00, 0x00, 0x21, 0x00, 0x1C, 0x00, 0x00, 0x00, 0x00, 0x00
	.byte 0x00, 0x00, 0x64, 0x00, 0xA1, 0x00, 0x05, 0x00, 0x00, 0x00, 0x00, 0x01, 0x0A, 0x00, 0xC1, 0x00
	.byte 0x6F, 0x00, 0x00, 0x00, 0x00, 0x00, 0x64, 0x00, 0x1C, 0x00, 0xC4, 0x09, 0x14, 0x00, 0x1B, 0x00
	.byte 0xD0, 0x07, 0x14, 0x00, 0x13, 0x00, 0xE8, 0x03, 0x1E, 0x00, 0x14, 0x00, 0x84, 0x03, 0x1E, 0x00
	.byte 0x96, 0x00, 0x20, 0x03, 0x1E, 0x00, 0x15, 0x00, 0xBC, 0x02, 0x28, 0x00, 0x95, 0x00, 0x58, 0x02
	.byte 0x32, 0x00, 0x16, 0x00, 0xF4, 0x01, 0x32, 0x00, 0x9B, 0x00, 0x2C, 0x01, 0x32, 0x00, 0x11, 0x00
	.byte 0x00, 0x00, 0x64, 0x00, 0x0A, 0x06, 0x02, 0x00, 0x00, 0x00, 0x00, 0x00, 0x02, 0x00, 0x00, 0x00
	.byte 0xCA, 0x00, 0x0F, 0x00, 0x00, 0x00, 0x00, 0x01, 0x44, 0x00, 0xF3, 0x00, 0xDB, 0x00, 0xC2, 0x00
	.byte 0xA0, 0x0F, 0x1E, 0x00, 0x45, 0x00, 0x08, 0x00, 0x00, 0x00, 0x00, 0x01, 0x16, 0x00, 0x4A, 0x00
	.byte 0x00, 0x00, 0x00, 0x00, 0xB8, 0x0B, 0x46, 0x00, 0x30, 0x00, 0x06, 0x00, 0x00, 0x00, 0x00, 0x00
	.byte 0x21, 0x00, 0x32, 0x00, 0xC1, 0x00, 0x30, 0x00, 0xBC, 0x02, 0x59, 0x00, 0x2E, 0x00, 0x06, 0x00
	.byte 0x00, 0x00, 0x00, 0x01, 0x0A, 0x00, 0x4E, 0x00, 0x4D, 0x00, 0x00, 0x00, 0xBC, 0x02, 0x59, 0x00
	.byte 0x2B, 0x00, 0x05, 0x00, 0x00, 0x00, 0x00, 0x01, 0x47, 0x00, 0xE6, 0x00, 0x00, 0x00, 0x00, 0x00
	.byte 0x00, 0x00, 0x64, 0x00, 0x15, 0x00, 0x05, 0x00, 0x00, 0x00, 0x00, 0x00, 0x40, 0x00, 0x2D, 0x00
	.byte 0x2B, 0x00, 0x00, 0x00, 0x00, 0x00, 0x64, 0x00, 0x06, 0x00, 0x88, 0x13, 0x1E, 0x00, 0x1C, 0x00
	.byte 0xC4, 0x09, 0x14, 0x00, 0x4B, 0x00, 0xD0, 0x07, 0x14, 0x00, 0x26, 0x00, 0xE8, 0x03, 0x05, 0x00
	.byte 0x23, 0x00, 0x84, 0x03, 0x0A, 0x00, 0x22, 0x00, 0x20, 0x03, 0x32, 0x00, 0x57, 0x00, 0xBC, 0x02
	.byte 0x0A, 0x00, 0x97, 0x00, 0xF4, 0x01, 0x32, 0x00, 0x56, 0x00, 0xC8, 0x00, 0x32, 0x00, 0x95, 0x00
	.byte 0x00, 0x00, 0x64, 0x00, 0x0A, 0x0F, 0x02, 0x00, 0x32, 0x00, 0x00, 0x00, 0x05, 0x00, 0x00, 0x00
	.byte 0xF0, 0x00, 0x09, 0x00, 0x00, 0x00, 0x00, 0x00, 0x7B, 0x00, 0x2B, 0x00, 0x34, 0x00, 0xF1, 0x00
	.byte 0x88, 0x13, 0x32, 0x00, 0x5F, 0x00, 0x09, 0x00, 0x00, 0x00, 0x00, 0x00, 0x6A, 0x00, 0x14, 0x00
	.byte 0x67, 0x00, 0x58, 0x00, 0xA0, 0x0F, 0x50, 0x00, 0x42, 0x00, 0x07, 0x00, 0x00, 0x00, 0x00, 0x01
	.byte 0x43, 0x00, 0x2B, 0x00, 0x74, 0x00, 0x00, 0x00, 0xE8, 0x03, 0x5C, 0x00, 0x4D, 0x00, 0x07, 0x00
	.byte 0x00, 0x00, 0x00, 0x01, 0x2D, 0x00, 0x21, 0x00, 0x27, 0x00, 0x00, 0x00, 0xE8, 0x03, 0x5C, 0x00
	.byte 0xA3, 0x00, 0x06, 0x00, 0x00, 0x00, 0x00, 0x01, 0x21, 0x00, 0x2D, 0x00, 0xC1, 0x00, 0x5F, 0x00
	.byte 0x00, 0x00, 0x64, 0x00, 0x4A, 0x00, 0x08, 0x00, 0x00, 0x00, 0x00, 0x01, 0x6F, 0x00, 0xBD, 0x00
	.byte 0x8D, 0x01, 0x00, 0x00, 0x00, 0x00, 0x64, 0x00, 0x33, 0x00, 0x58, 0x1B, 0x03, 0x00, 0xEE, 0x00
	.byte 0x88, 0x13, 0x0A, 0x00, 0x48, 0x00, 0xB8, 0x0B, 0x14, 0x00, 0x5B, 0x00, 0xD0, 0x07, 0x14, 0x00
	.byte 0x1B, 0x00, 0xDC, 0x05, 0x14, 0x00, 0x4C, 0x00, 0xE8, 0x03, 0x14, 0x00, 0x13, 0x00, 0x20, 0x03
	.byte 0x14, 0x00, 0x12, 0x00, 0xF4, 0x01, 0x28, 0x00, 0x4E, 0x00, 0x64, 0x00, 0x32, 0x00, 0x4F, 0x00
	.byte 0x00, 0x00, 0x64, 0x00, 0x0B, 0x01, 0x04, 0x00, 0xC8, 0x00, 0x00, 0x00, 0x08, 0x00, 0x00, 0x00
	.byte 0x36, 0x00, 0x0A, 0x00, 0x00, 0x00, 0x00, 0x01, 0x5A, 0x01, 0x0A, 0x00, 0x27, 0x00, 0x37, 0x00
	.byte 0xA0, 0x0F, 0x46, 0x00, 0x78, 0x00, 0x0A, 0x00, 0x00, 0x00, 0x00, 0x02, 0x21, 0x00, 0x6A, 0x00
	.byte 0x37, 0x00, 0xE5, 0x00, 0x88, 0x13, 0x3C, 0x00, 0x4F, 0x00, 0x08, 0x00, 0x00, 0x00, 0x00, 0x00
	.byte 0xAE, 0x00, 0x19, 0x01, 0x21, 0x00, 0x2D, 0x00, 0xE8, 0x03, 0x57, 0x00, 0x3C, 0x00, 0x08, 0x00
	.byte 0x00, 0x00, 0x00, 0x00, 0x5A, 0x01, 0x91, 0x00, 0x5F, 0x00, 0x00, 0x00, 0xDC, 0x05, 0x57, 0x00
	.byte 0xBF, 0x00, 0x06, 0x00, 0x00, 0x00, 0x00, 0x01, 0x47, 0x00, 0x4A, 0x00, 0x48, 0x00, 0x00, 0x00
	.byte 0x00, 0x00, 0x64, 0x00, 0xC2, 0x00, 0x06, 0x00, 0x00, 0x00, 0x00, 0x00, 0x37, 0x00, 0x27, 0x00
	.byte 0x2C, 0x01, 0x00, 0x00, 0x00, 0x00, 0x64, 0x00, 0x07, 0x00, 0x88, 0x13, 0x1E, 0x00, 0x59, 0x00
	.byte 0xA0, 0x0F, 0x14, 0x00, 0x49, 0x00, 0xB8, 0x0B, 0x14, 0x00, 0x5D, 0x00, 0xD0, 0x07, 0x14, 0x00
	.byte 0x9A, 0x00, 0x08, 0x07, 0x14, 0x00, 0x1B, 0x00, 0xDC, 0x05, 0x1E, 0x00, 0x99, 0x00, 0xE8, 0x03
	.byte 0x14, 0x00, 0x1F, 0x00, 0x20, 0x03, 0x32, 0x00, 0x98, 0x00, 0x64, 0x00, 0x28, 0x00, 0x1E, 0x00
	.byte 0x00, 0x00, 0x64, 0x00, 0x0C, 0x0D, 0x10, 0x00, 0xF4, 0x01, 0x00, 0x00, 0x03, 0x00, 0x00, 0x00
	.byte 0xEF, 0x00, 0x0B, 0x00, 0x00, 0x00, 0x00, 0x00, 0x62, 0x00, 0x2B, 0x00, 0x43, 0x00, 0x09, 0x00
	.byte 0x88, 0x13, 0x0F, 0x00, 0x51, 0x00, 0x0B, 0x00, 0x00, 0x00, 0x00, 0x02, 0x3F, 0x01, 0x21, 0x00
	.byte 0x54, 0x00, 0x30, 0x00, 0xA0, 0x0F, 0x28, 0x00, 0x51, 0x00, 0x08, 0x00, 0x00, 0x00, 0x00, 0x02
	.byte 0x3F, 0x01, 0x21, 0x00, 0x54, 0x00, 0x00, 0x00, 0xE8, 0x03, 0x55, 0x00, 0xC6, 0x00, 0x0B, 0x00
	.byte 0x00, 0x00, 0x00, 0x01, 0x40, 0x00, 0x36, 0x01, 0xE4, 0x00, 0x72, 0x00, 0xE8, 0x03, 0x2D, 0x00
	.byte 0xA3, 0x00, 0x07, 0x00, 0x00, 0x00, 0x00, 0x01, 0x21, 0x00, 0x2D, 0x00, 0xC1, 0x00, 0x5F, 0x00
	.byte 0x00, 0x00, 0x64, 0x00, 0x13, 0x00, 0x07, 0x00, 0x00, 0x00, 0x00, 0x01, 0x21, 0x00, 0x27, 0x00
	.byte 0x62, 0x00, 0x74, 0x00, 0x00, 0x00, 0x64, 0x00, 0x33, 0x00, 0x88, 0x13, 0x03, 0x00, 0x37, 0x00
	.byte 0xD0, 0x07, 0x1E, 0x00, 0x3E, 0x00, 0xDC, 0x05, 0x1E, 0x00, 0x3D, 0x00, 0xE2, 0x04, 0x1E, 0x00
	.byte 0x38, 0x00, 0xE8, 0x03, 0x1E, 0x00, 0x3C, 0x00, 0xEE, 0x02, 0x1E, 0x00, 0x3B, 0x00, 0xF4, 0x01
	.byte 0x1E, 0x00, 0x3A, 0x00, 0xFA, 0x00, 0x1E, 0x00, 0x39, 0x00, 0x64, 0x00, 0x1E, 0x00, 0x11, 0x00
	.byte 0x00, 0x00, 0x64, 0x00, 0x01, 0x00, 0x0E, 0x00, 0xE8, 0x03, 0x00, 0x00, 0x06, 0x00, 0x00, 0x00
	.byte 0xEE, 0x00, 0x0C, 0x00, 0x00, 0x00, 0x00, 0x01, 0x01, 0x00, 0x7A, 0x00, 0xBA, 0x00, 0xA3, 0x01
	.byte 0x88, 0x13, 0x32, 0x00, 0x5C, 0x00, 0x0F, 0x00, 0x00, 0x00, 0x00, 0x01, 0x5F, 0x00, 0xB4, 0x00
	.byte 0xAE, 0x00, 0xC2, 0x00, 0x88, 0x13, 0x14, 0x00, 0x5C, 0x00, 0x0A, 0x00, 0x00, 0x00, 0x00, 0x01
	.byte 0x5F, 0x00, 0x7A, 0x00, 0xB4, 0x00, 0xD4, 0x00, 0xE8, 0x03, 0x5C, 0x00, 0x5F, 0x00, 0x0A, 0x00
	.byte 0x00, 0x00, 0x00, 0x00, 0x6A, 0x00, 0x14, 0x00, 0x67, 0x00, 0x58, 0x00, 0xE8, 0x03, 0x5C, 0x00
	.byte 0x29, 0x00, 0x08, 0x00, 0x00, 0x00, 0x00, 0x00, 0x8D, 0x00, 0x30, 0x00, 0x00, 0x00, 0x00, 0x00
	.byte 0x00, 0x00, 0x64, 0x00, 0x42, 0x00, 0x08, 0x00, 0x00, 0x00, 0x00, 0x00, 0x43, 0x00, 0x2B, 0x00
	.byte 0x74, 0x00, 0x00, 0x00, 0x00, 0x00, 0x64, 0x00, 0x59, 0x01, 0x70, 0x17, 0x14, 0x00, 0xDE, 0x00
	.byte 0x88, 0x13, 0x05, 0x00, 0x4A, 0x00, 0x94, 0x11, 0x14, 0x00, 0x28, 0x00, 0xB8, 0x0B, 0x05, 0x00
	.byte 0x9C, 0x00, 0xC4, 0x09, 0x14, 0x00, 0x18, 0x00, 0xD0, 0x07, 0x0A, 0x00, 0x27, 0x00, 0xDC, 0x05
	.byte 0x05, 0x00, 0x19, 0x00, 0xE8, 0x03, 0x14, 0x00, 0x26, 0x00, 0xF4, 0x01, 0x14, 0x00, 0x9E, 0x00
	.byte 0x00, 0x00, 0x64, 0x00, 0x0B, 0x11, 0x05, 0x00, 0xD0, 0x07, 0x00, 0x00, 0x07, 0x00, 0x00, 0x00
	.byte 0x93, 0x00, 0x0A, 0x00, 0x00, 0x00, 0x00, 0x01, 0x23, 0x00, 0x2B, 0x00, 0x56, 0x00, 0x00, 0x00
	.byte 0x88, 0x13, 0x1E, 0x00, 0x3C, 0x00, 0x0F, 0x00, 0x00, 0x00, 0x00, 0x01, 0x5A, 0x01, 0x5F, 0x00
	.byte 0x03, 0x00, 0xBB, 0x00, 0xA0, 0x0F, 0x3C, 0x00, 0x62, 0x00, 0x0C, 0x00, 0x00, 0x00, 0x00, 0x00
	.byte 0x0B, 0x00, 0x2B, 0x00, 0x6A, 0x00, 0x98, 0x00, 0xF4, 0x01, 0x48, 0x00, 0x5A, 0x00, 0x0C, 0x00
	.byte 0x00, 0x00, 0x00, 0x01, 0x21, 0x00, 0x6E, 0x00, 0x30, 0x00, 0x00, 0x00, 0xF4, 0x01, 0x5C, 0x00
	.byte 0x76, 0x00, 0x09, 0x00, 0x00, 0x00, 0x00, 0x01, 0x40, 0x00, 0x27, 0x00, 0x5A, 0x01, 0x30, 0x00
	.byte 0x00, 0x00, 0x64, 0x00, 0x48, 0x00, 0x09, 0x00, 0x00, 0x00, 0x00, 0x01, 0x28, 0x00, 0x30, 0x00
	.byte 0x84, 0x00, 0x00, 0x00, 0x00, 0x00, 0x64, 0x00, 0x52, 0x01, 0x88, 0x13, 0x14, 0x00, 0x06, 0x00
	.byte 0xA0, 0x0F, 0x0A, 0x00, 0x07, 0x00, 0xAC, 0x0D, 0x0A, 0x00, 0x9D, 0x00, 0xB8, 0x0B, 0x0F, 0x00
	.byte 0x5B, 0x00, 0xC4, 0x09, 0x05, 0x00, 0x5A, 0x00, 0xD0, 0x07, 0x14, 0x00, 0x9E, 0x00, 0xE8, 0x03
	.byte 0x14, 0x00, 0x58, 0x00, 0xF4, 0x01, 0x05, 0x00, 0x9A, 0x00, 0x64, 0x00, 0x14, 0x00, 0x1E, 0x00
	.byte 0x00, 0x00, 0x64, 0x00, 0x0C, 0x0D, 0x10, 0x00, 0xB8, 0x0B, 0x00, 0x00, 0x04, 0x00, 0x00, 0x00
	.byte 0x3F, 0x00, 0x0F, 0x00, 0x00, 0x00, 0x00, 0x01, 0x64, 0x00, 0x00, 0x00, 0x00, 0x00, 0x00, 0x00
	.byte 0x88, 0x13, 0x28, 0x00, 0x64, 0x00, 0x0F, 0x00, 0x00, 0x00, 0x00, 0x02, 0x21, 0x00, 0x31, 0x00
	.byte 0xD1, 0x00, 0xCD, 0x00, 0xB8, 0x0B, 0x3C, 0x00, 0x6D, 0x00, 0x0D, 0x00, 0x00, 0x00, 0x00, 0x01
	.byte 0x21, 0x00, 0x7B, 0x00, 0x6C, 0x00, 0x78, 0x00, 0xDC, 0x05, 0x4B, 0x00, 0x58, 0x00, 0x0D, 0x00
	.byte 0x00, 0x00, 0x00, 0x00, 0x01, 0x00, 0x6A, 0x00, 0xBD, 0x00, 0x32, 0x00, 0xDC, 0x05, 0x5C, 0x00
	.byte 0x13, 0x00, 0x10, 0x00, 0x00, 0x00, 0x00, 0x01, 0x74, 0x00, 0x2C, 0x00, 0xE4, 0x00, 0x9E, 0x00
	.byte 0x00, 0x00, 0x64, 0x00, 0xA2, 0x00, 0x0F, 0x00, 0x00, 0x00, 0x00, 0x00, 0xC1, 0x00, 0x6F, 0x00
	.byte 0x62, 0x00, 0x9A, 0x00, 0x00, 0x00, 0x64, 0x00, 0x6C, 0x01, 0x88, 0x13, 0x14, 0x00, 0x37, 0x00
	.byte 0xB8, 0x0B, 0x14, 0x00, 0x3E, 0x00, 0xC4, 0x09, 0x0A, 0x00, 0x02, 0x00, 0xD0, 0x07, 0x14, 0x00
	.byte 0x9D, 0x00, 0xDC, 0x05, 0x14, 0x00, 0x39, 0x00, 0xE8, 0x03, 0x14, 0x00, 0x03, 0x00, 0xEE, 0x02
	.byte 0x0A, 0x00, 0x3C, 0x00, 0xF4, 0x01, 0x14, 0x00, 0x38, 0x00, 0x64, 0x00, 0x14, 0x00, 0x04, 0x00
	.byte 0x00, 0x00, 0x64, 0x00, 0x01, 0x07, 0x00, 0x00, 0x88, 0x13, 0x00, 0x00, 0x01, 0x00, 0x00, 0x00
	.byte 0x2C, 0x01, 0x1E, 0x00, 0x00, 0x00, 0x00, 0x01, 0xD5, 0x00, 0x12, 0x01, 0xCC, 0x00, 0xB9, 0x00
	.byte 0x4C, 0x1D, 0x32, 0x00, 0x08, 0x01, 0x1E, 0x00, 0x00, 0x00, 0x00, 0x01, 0x1C, 0x00, 0x3C, 0x01
	.byte 0x2C, 0x01, 0x9A, 0x00, 0x88, 0x13, 0x4B, 0x00, 0x3A, 0x01, 0x19, 0x00, 0x00, 0x00, 0x00, 0x01
	.byte 0xCC, 0x00, 0xEC, 0x00, 0x11, 0x01, 0xE3, 0x00, 0xD0, 0x07, 0x54, 0x00, 0x39, 0x01, 0x19, 0x00
	.byte 0x00, 0x00, 0x00, 0x00, 0xEC, 0x00, 0x62, 0x00, 0x26, 0x01, 0x44, 0x01, 0xD0, 0x07, 0x54, 0x00
	.byte 0x07, 0x01, 0x11, 0x00, 0x00, 0x00, 0x00, 0x01, 0x27, 0x00, 0x1D, 0x00, 0x1C, 0x00, 0x3C, 0x01
	.byte 0x00, 0x00, 0x64, 0x00, 0x09, 0x01, 0x0F, 0x00, 0x00, 0x00, 0x00, 0x01, 0x21, 0x00, 0x51, 0x00
	.byte 0x28, 0x00, 0xC2, 0x01, 0x00, 0x00, 0x64, 0x00, 0xCA, 0x00, 0x40, 0x1F, 0x05, 0x00, 0xBA, 0x00
	.byte 0xAC, 0x0D, 0x0A, 0x00, 0xB9, 0x00, 0xB8, 0x0B, 0x0A, 0x00, 0xB8, 0x00, 0xC4, 0x09, 0x14, 0x00
	.byte 0xAB, 0x00, 0xD0, 0x07, 0x14, 0x00, 0xAA, 0x00, 0xDC, 0x05, 0x14, 0x00, 0xA9, 0x00, 0xE8, 0x03
	.byte 0x14, 0x00, 0xA6, 0x00, 0xF4, 0x01, 0x14, 0x00, 0xA5, 0x00, 0xFA, 0x00, 0x14, 0x00, 0xA4, 0x00
	.byte 0x00, 0x00, 0x64, 0x00, 0x0A, 0x06, 0x02, 0x00, 0x4C, 0x1D, 0x00, 0x00, 0x08, 0x00, 0x00, 0x00
	.byte 0x40, 0x01, 0x1F, 0x00, 0x00, 0x00, 0x00, 0x01, 0x60, 0x01, 0x36, 0x00, 0x9C, 0x00, 0x6A, 0x01
	.byte 0x58, 0x1B, 0x32, 0x00, 0x2A, 0x01, 0x14, 0x00, 0x00, 0x00, 0x00, 0x01, 0x27, 0x00, 0x91, 0x00
	.byte 0x15, 0x00, 0x37, 0x00, 0x88, 0x13, 0x32, 0x00, 0x74, 0x00, 0x14, 0x00, 0x00, 0x00, 0x00, 0x01
	.byte 0x2B, 0x00, 0x37, 0x00, 0x74, 0x00, 0x3D, 0x00, 0xDC, 0x05, 0x54, 0x00, 0x3E, 0x01, 0x1A, 0x00
	.byte 0x00, 0x00, 0x00, 0x01, 0xA7, 0x01, 0x67, 0x00, 0xCF, 0x00, 0x74, 0x01, 0xDC, 0x05, 0x54, 0x00
	.byte 0x76, 0x00, 0x16, 0x00, 0x00, 0x00, 0x00, 0x01, 0x5A, 0x01, 0x30, 0x00, 0x1E, 0x00, 0x91, 0x01
	.byte 0x00, 0x00, 0x64, 0x00, 0x81, 0x00, 0x0F, 0x00, 0x00, 0x00, 0x00, 0x01, 0x96, 0x00, 0x21, 0x00
	.byte 0x00, 0x00, 0x00, 0x00, 0x00, 0x00, 0x64, 0x00, 0xC9, 0x00, 0x40, 0x1F, 0x05, 0x00, 0x52, 0x00
	.byte 0x88, 0x13, 0x05, 0x00, 0x4A, 0x00, 0x24, 0x13, 0x14, 0x00, 0x49, 0x00, 0xA0, 0x0F, 0x14, 0x00
	.byte 0x5D, 0x00, 0xB8, 0x0B, 0x05, 0x00, 0x59, 0x00, 0xC4, 0x09, 0x05, 0x00, 0x1C, 0x00, 0xD0, 0x07
	.byte 0x28, 0x00, 0x58, 0x00, 0xE8, 0x03, 0x0A, 0x00, 0xA7, 0x00, 0x64, 0x00, 0x14, 0x00, 0x1E, 0x00
	.byte 0x00, 0x00, 0x64, 0x00, 0x0C, 0x0D, 0x10, 0x00, 0x10, 0x27, 0x00, 0x00, 0x05, 0x00, 0x00, 0x00
	.byte 0xDA, 0x00, 0x1F, 0x00, 0x00, 0x00, 0x00, 0x01, 0x34, 0x00, 0x69, 0x00, 0xF6, 0x00, 0x85, 0x00
	.byte 0x88, 0x13, 0x46, 0x00, 0x33, 0x01, 0x20, 0x00, 0x00, 0x00, 0x00, 0x00, 0x6C, 0x01, 0x5B, 0x01
	.byte 0x8B, 0x01, 0x88, 0x00, 0x88, 0x13, 0x3C, 0x00, 0xE4, 0x00, 0x1B, 0x00, 0x00, 0x00, 0x00, 0x00
	.byte 0x2E, 0x00, 0x2C, 0x00, 0x3C, 0x01, 0xFB, 0x00, 0xD0, 0x07, 0x55, 0x00, 0x6F, 0x00, 0x19, 0x00
	.byte 0x00, 0x00, 0x00, 0x00, 0x17, 0x00, 0x1F, 0x00, 0xB8, 0x00, 0x5E, 0x01, 0xD0, 0x07, 0x55, 0x00
	.byte 0x4D, 0x00, 0x13, 0x00, 0x00, 0x00, 0x00, 0x01, 0x27, 0x00, 0x34, 0x00, 0xAC, 0x00, 0x17, 0x00
	.byte 0x00, 0x00, 0x64, 0x00, 0x4A, 0x00, 0x1D, 0x00, 0x00, 0x00, 0x00, 0x00, 0x78, 0x00, 0xCD, 0x00
	.byte 0x5E, 0x01, 0x59, 0x00, 0x00, 0x00, 0x64, 0x00, 0xCD, 0x00, 0x40, 0x1F, 0x05, 0x00, 0x50, 0x00
	.byte 0x7C, 0x15, 0x05, 0x00, 0x51, 0x00, 0x88, 0x13, 0x14, 0x00, 0x11, 0x01, 0xA0, 0x0F, 0x05, 0x00
	.byte 0x2A, 0x00, 0xB8, 0x0B, 0x05, 0x00, 0x1C, 0x00, 0xD0, 0x07, 0x1E, 0x00, 0xA8, 0x00, 0xE8, 0x03
	.byte 0x14, 0x00, 0x48, 0x00, 0xF4, 0x01, 0x14, 0x00, 0x14, 0x00, 0x64, 0x00, 0x32, 0x00, 0x11, 0x00
	.byte 0x00, 0x00, 0x64, 0x00, 0x0B, 0x01, 0x05, 0x00, 0x98, 0x3A, 0x00, 0x00, 0x02, 0x00, 0x00, 0x00
	.byte 0x60, 0x01, 0x1E, 0x00, 0x00, 0x00, 0x00, 0x00, 0x6C, 0x01, 0x3C, 0x00, 0xA9, 0x01, 0xA3, 0x00
	.byte 0x88, 0x13, 0x1E, 0x00, 0x5F, 0x01, 0x1E, 0x00, 0x00, 0x00, 0x00, 0x01, 0xF0, 0x00, 0xF1, 0x00
	.byte 0x02, 0x01, 0x37, 0x01, 0x88, 0x13, 0x1E, 0x00, 0xCB, 0x00, 0x1C, 0x00, 0x00, 0x00, 0x00, 0x01
	.byte 0x61, 0x00, 0x3C, 0x00, 0xE2, 0x00, 0x74, 0x01, 0xE8, 0x03, 0x55, 0x00, 0xEA, 0x00, 0x1C, 0x00
	.byte 0x00, 0x00, 0x00, 0x01, 0x5F, 0x00, 0x17, 0x00, 0x6D, 0x00, 0x5B, 0x01, 0xE8, 0x03, 0x55, 0x00
	.byte 0x2C, 0x00, 0x0E, 0x00, 0x00, 0x00, 0x00, 0x01, 0x47, 0x00, 0xE6, 0x00, 0x33, 0x00, 0x4D, 0x00
	.byte 0x00, 0x00, 0x64, 0x00, 0x46, 0x00, 0x0D, 0x00, 0x00, 0x00, 0x00, 0x00, 0x16, 0x00, 0x4A, 0x00
	.byte 0x23, 0x00, 0x4F, 0x00, 0x00, 0x00, 0x64, 0x00, 0xCB, 0x00, 0x40, 0x1F, 0x05, 0x00, 0x31, 0x00
	.byte 0x94, 0x11, 0x0A, 0x00, 0x29, 0x00, 0xA0, 0x0F, 0x03, 0x00, 0x27, 0x00, 0xB8, 0x0B, 0x05, 0x00
	.byte 0x18, 0x00, 0xAC, 0x0D, 0x14, 0x00, 0x26, 0x00, 0xD0, 0x07, 0x05, 0x00, 0x25, 0x00, 0xE8, 0x03
	.byte 0x14, 0x00, 0x24, 0x00, 0xF4, 0x01, 0x14, 0x00, 0x23, 0x00, 0x64, 0x00, 0x14, 0x00, 0x22, 0x00
	.byte 0x00, 0x00, 0x64, 0x00, 0x0A, 0x0F, 0x02, 0x00, 0x20, 0x4E, 0x00, 0x00, 0x06, 0x00, 0x00, 0x00
	.byte 0x69, 0x00, 0x1E, 0x00, 0x00, 0x00, 0x00, 0x01, 0x9B, 0x00, 0x63, 0x00, 0xCE, 0x00, 0x25, 0x00
	.byte 0x88, 0x13, 0x2D, 0x00, 0x80, 0x00, 0x1E, 0x00, 0x00, 0x00, 0x00, 0x00, 0xE4, 0x00, 0x9C, 0x00
	.byte 0x73, 0x01, 0xAC, 0x01, 0x88, 0x13, 0x2D, 0x00, 0x2A, 0x00, 0x21, 0x00, 0x00, 0x00, 0x00, 0x00
	.byte 0x11, 0x00, 0x6D, 0x00, 0x3A, 0x01, 0xD4, 0x00, 0xF4, 0x01, 0x41, 0x00, 0xB1, 0x00, 0x18, 0x00
	.byte 0x00, 0x00, 0x00, 0x01, 0x64, 0x00, 0x65, 0x01, 0x7E, 0x01, 0x6D, 0x00, 0xE8, 0x03, 0x37, 0x00
	.byte 0x42, 0x00, 0x0D, 0x00, 0x00, 0x00, 0x00, 0x00, 0x2B, 0x00, 0x74, 0x00, 0x02, 0x00, 0xA2, 0x01
	.byte 0x00, 0x00, 0x64, 0x00, 0x5C, 0x00, 0x0F, 0x00, 0x00, 0x00, 0x00, 0x01, 0xD4, 0x00, 0xAE, 0x00
	.byte 0x65, 0x00, 0xB4, 0x00, 0x00, 0x00, 0x64, 0x00, 0xCC, 0x00, 0x40, 0x1F, 0x05, 0x00, 0x2F, 0x00
	.byte 0x24, 0x13, 0x05, 0x00, 0x02, 0x01, 0x94, 0x11, 0x05, 0x00, 0x0D, 0x00, 0xA0, 0x0F, 0x14, 0x00
	.byte 0x49, 0x00, 0x3C, 0x0F, 0x14, 0x00, 0x36, 0x00, 0xAC, 0x0D, 0x05, 0x00, 0x4B, 0x00, 0xD0, 0x07
	.byte 0x14, 0x00, 0x4A, 0x00, 0xDC, 0x05, 0x14, 0x00, 0x48, 0x00, 0xE8, 0x03, 0x14, 0x00, 0x4F, 0x00
	.byte 0x00, 0x00, 0x64, 0x00, 0x11, 0x07, 0x05, 0x00, 0xA8, 0x61, 0x00, 0x00, 0x01, 0x00, 0x00, 0x00
	.byte 0xB7, 0x01, 0x1D, 0x00, 0x00, 0x00, 0x00, 0x00, 0x71, 0x00, 0x73, 0x00, 0x3C, 0x00, 0xA4, 0x00
	.byte 0x58, 0x1B, 0x28, 0x00, 0x9F, 0x01, 0x1E, 0x00, 0x00, 0x00, 0x00, 0x00, 0xE6, 0x00, 0x10, 0x00
	.byte 0xC2, 0x01, 0x00, 0x00, 0x58, 0x1B, 0x2D, 0x00, 0x93, 0x01, 0x21, 0x00, 0x00, 0x00, 0x00, 0x01
	.byte 0x2E, 0x00, 0xCF, 0x00, 0xA6, 0x01, 0xF2, 0x00, 0xB8, 0x0B, 0x37, 0x00, 0x96, 0x01, 0x1E, 0x00
	.byte 0x00, 0x00, 0x00, 0x00, 0x5A, 0x01, 0x4E, 0x00, 0x48, 0x00, 0x84, 0x01, 0xB8, 0x0B, 0x37, 0x00
	.byte 0x8F, 0x01, 0x0D, 0x00, 0x00, 0x00, 0x00, 0x01, 0x21, 0x00, 0x2D, 0x00, 0x6F, 0x00, 0xCD, 0x00
	.byte 0x00, 0x00, 0x64, 0x00, 0x91, 0x01, 0x0F, 0x00, 0x00, 0x00, 0x00, 0x00, 0x2D, 0x00, 0x75, 0x00
	.byte 0xC2, 0x01, 0x00, 0x00, 0x00, 0x00, 0x64, 0x00, 0x32, 0x00, 0x88, 0x13, 0x0A, 0x00, 0x17, 0x00
	.byte 0xA0, 0x0F, 0x0A, 0x00, 0x18, 0x00, 0xD8, 0x0E, 0x14, 0x00, 0x09, 0x00, 0xB8, 0x0B, 0x14, 0x00
	.byte 0x0A, 0x00, 0xC4, 0x09, 0x14, 0x00, 0x1C, 0x00, 0xD0, 0x07, 0x14, 0x00, 0x19, 0x00, 0xDC, 0x05
	.byte 0x14, 0x00, 0x1B, 0x00, 0xE8, 0x03, 0x14, 0x00, 0x08, 0x00, 0xF4, 0x01, 0x14, 0x00, 0x1A, 0x00
	.byte 0x00, 0x00, 0x64, 0x00, 0x0A, 0x0F, 0x02, 0x00, 0x30, 0x75, 0x00, 0x00, 0x05, 0x00, 0x00, 0x00
	.byte 0xCB, 0x01, 0x1F, 0x00, 0x00, 0x00, 0x00, 0x00, 0xC4, 0x01, 0x36, 0x00, 0xA4, 0x01, 0x13, 0x01
	.byte 0x10, 0x27, 0x32, 0x00, 0x69, 0x01, 0x1C, 0x00, 0x00, 0x00, 0x00, 0x01, 0xC4, 0x00, 0x1D, 0x00
	.byte 0xB6, 0x00, 0xA7, 0x01, 0x10, 0x27, 0x32, 0x00, 0xD7, 0x00, 0x1C, 0x00, 0x00, 0x00, 0x00, 0x00
	.byte 0xB9, 0x00, 0x32, 0x01, 0x61, 0x00, 0xC4, 0x00, 0xB8, 0x0B, 0x37, 0x00, 0xB4, 0x01, 0x14, 0x00
	.byte 0x00, 0x00, 0x00, 0x02, 0x5F, 0x00, 0x1E, 0x01, 0x6D, 0x00, 0x46, 0x01, 0xB8, 0x0B, 0x4B, 0x00
	.byte 0xDC, 0x00, 0x10, 0x00, 0x00, 0x00, 0x00, 0x01, 0x2C, 0x01, 0xB5, 0x00, 0xBD, 0x00, 0xCB, 0x00
	.byte 0x00, 0x00, 0x64, 0x00, 0xB3, 0x00, 0x0F, 0x00, 0x00, 0x00, 0x00, 0x01, 0x21, 0x00, 0x2D, 0x00
	.byte 0x54, 0x00, 0x56, 0x00, 0x00, 0x00, 0x64, 0x00, 0x4E, 0x01, 0x70, 0x17, 0x14, 0x00, 0xBC, 0x00
	.byte 0x88, 0x13, 0x0A, 0x00, 0xBB, 0x00, 0x94, 0x11, 0x0A, 0x00, 0x1A, 0x01, 0xA0, 0x0F, 0x05, 0x00
	.byte 0x1B, 0x01, 0xAC, 0x0D, 0x05, 0x00, 0x1C, 0x01, 0xB8, 0x0B, 0x05, 0x00, 0x1D, 0x01, 0xC4, 0x09
	.byte 0x05, 0x00, 0x4D, 0x00, 0xE8, 0x03, 0x1E, 0x00, 0x1B, 0x00, 0x64, 0x00, 0x28, 0x00, 0x3A, 0x00
	.byte 0x00, 0x00, 0x64, 0x00, 0x0A, 0x0F, 0x04, 0x00, 0x40, 0x9C, 0x00, 0x00, 0x02, 0x00, 0x00, 0x00
	.byte 0x65, 0x01, 0x23, 0x00, 0x00, 0x00, 0x00, 0x01, 0x17, 0x00, 0xE6, 0x00, 0x12, 0x00, 0x59, 0x01
	.byte 0x70, 0x17, 0x32, 0x00, 0xB6, 0x01, 0x1E, 0x00, 0x00, 0x00, 0x00, 0x00, 0x66, 0x00, 0x4F, 0x01
	.byte 0xB9, 0x00, 0x3D, 0x01, 0x88, 0x13, 0x28, 0x00, 0x72, 0x00, 0x1E, 0x00, 0x00, 0x00, 0x00, 0x01
	.byte 0x16, 0x00, 0x14, 0x00, 0x48, 0x00, 0x4E, 0x00, 0xE8, 0x03, 0x37, 0x00, 0x90, 0x01, 0x1E, 0x00
	.byte 0x00, 0x00, 0x00, 0x01, 0x37, 0x00, 0x1D, 0x00, 0x9E, 0x00, 0x19, 0x01, 0xE8, 0x03, 0x37, 0x00
	.byte 0xB3, 0x00, 0x13, 0x00, 0x00, 0x00, 0x00, 0x00, 0x2D, 0x00, 0x54, 0x00, 0x56, 0x00, 0xB2, 0x00
	.byte 0x00, 0x00, 0x64, 0x00, 0x66, 0x00, 0x11, 0x00, 0x00, 0x00, 0x00, 0x01, 0x5F, 0x00, 0x73, 0x00
	.byte 0x49, 0x00, 0x4B, 0x01, 0x00, 0x00, 0x64, 0x00, 0xAC, 0x00, 0x88, 0x13, 0x0A, 0x00, 0xAB, 0x00
	.byte 0x94, 0x11, 0x0A, 0x00, 0xA5, 0x00, 0xA0, 0x0F, 0x0A, 0x00, 0xB6, 0x00, 0xAC, 0x0D, 0x14, 0x00
	.byte 0x57, 0x00, 0xB8, 0x0B, 0x32, 0x00, 0xB7, 0x00, 0xC4, 0x09, 0x14, 0x00, 0x5E, 0x00, 0xD0, 0x07
	.byte 0x14, 0x00, 0xAE, 0x00, 0xE8, 0x03, 0x14, 0x00, 0xAD, 0x00, 0xF4, 0x01, 0x14, 0x00, 0x56, 0x00
	.byte 0x00, 0x00, 0x64, 0x00, 0x0A, 0x0F, 0x02, 0x00, 0x50, 0xC3, 0x00, 0x00, 0x07, 0x00, 0x00, 0x00
	.byte 0xB1, 0x01, 0x16, 0x00, 0x00, 0x00, 0x00, 0x00, 0x36, 0x01, 0x69, 0x00, 0xFD, 0x00, 0x83, 0x01
	.byte 0x88, 0x13, 0x32, 0x00, 0xC8, 0x00, 0x20, 0x00, 0x00, 0x00, 0x00, 0x01, 0xC2, 0x00, 0x3C, 0x00
	.byte 0xDC, 0x00, 0x73, 0x01, 0x70, 0x17, 0x32, 0x00, 0x5D, 0x00, 0x19, 0x00, 0x00, 0x00, 0x00, 0x00
	.byte 0x65, 0x00, 0x6D, 0x00, 0x85, 0x01, 0x45, 0x01, 0xF4, 0x01, 0x37, 0x00, 0xA2, 0x01, 0x1C, 0x00
	.byte 0x00, 0x00, 0x00, 0x00, 0xE4, 0x00, 0x81, 0x00, 0xC5, 0x01, 0xE2, 0x00, 0xE8, 0x03, 0x41, 0x00
	.byte 0xDF, 0x00, 0x13, 0x00, 0x00, 0x00, 0x00, 0x01, 0xC7, 0x00, 0x3C, 0x00, 0x3E, 0x00, 0x3D, 0x00
	.byte 0x00, 0x00, 0x64, 0x00, 0xAA, 0x00, 0x11, 0x00, 0x00, 0x00, 0x00, 0x01, 0x56, 0x00, 0xAF, 0x00
	.byte 0x37, 0x00, 0x6D, 0x00, 0x00, 0x00, 0x64, 0x00, 0x8B, 0x01, 0x10, 0x27, 0x01, 0x00, 0xBE, 0x00
	.byte 0x88, 0x13, 0x0A, 0x00, 0xBD, 0x00, 0x94, 0x11, 0x0A, 0x00, 0xB5, 0x00, 0xA0, 0x0F, 0x14, 0x00
	.byte 0xB4, 0x00, 0xAC, 0x0D, 0x14, 0x00, 0xB3, 0x00, 0xB8, 0x0B, 0x14, 0x00, 0xB2, 0x00, 0xC4, 0x09
	.byte 0x14, 0x00, 0xB1, 0x00, 0xD0, 0x07, 0x14, 0x00, 0xB0, 0x00, 0xE8, 0x03, 0x14, 0x00, 0xAF, 0x00
	.byte 0x00, 0x00, 0x64, 0x00, 0x0C, 0x0D, 0x10, 0x00, 0xE8, 0xFD, 0x00, 0x00, 0x08, 0x00, 0x00, 0x00
	.byte 0xC8, 0x01, 0x1A, 0x00, 0x00, 0x00, 0x00, 0x01, 0xF0, 0x00, 0x10, 0x00, 0x60, 0x01, 0xBD, 0x01
	.byte 0xA0, 0x0F, 0x1E, 0x00, 0xA6, 0x01, 0x1E, 0x00, 0x00, 0x00, 0x00, 0x01, 0xAA, 0x01, 0xF3, 0x00
	.byte 0xF0, 0x00, 0x22, 0x00, 0x88, 0x13, 0x37, 0x00, 0x81, 0x00, 0x1E, 0x00, 0x00, 0x00, 0x00, 0x01
	.byte 0x96, 0x00, 0x21, 0x00, 0xAF, 0x00, 0x54, 0x01, 0xF4, 0x01, 0x41, 0x00, 0x56, 0x00, 0x1B, 0x00
	.byte 0x00, 0x00, 0x00, 0x01, 0xE3, 0x00, 0x9C, 0x00, 0x88, 0x01, 0x3E, 0x00, 0xDC, 0x05, 0x41, 0x00
	.byte 0x36, 0x00, 0x16, 0x00, 0x00, 0x00, 0x00, 0x01, 0x08, 0x00, 0x32, 0x00, 0x5D, 0x00, 0x19, 0x01
	.byte 0x00, 0x00, 0x64, 0x00, 0x5A, 0x00, 0x14, 0x00, 0x00, 0x00, 0x00, 0x00, 0x30, 0x00, 0x4D, 0x01
	.byte 0xB6, 0x00, 0x2B, 0x00, 0x00, 0x00, 0x64, 0x00, 0x33, 0x00, 0x88, 0x13, 0x0A, 0x00, 0xC1, 0x00
	.byte 0x94, 0x11, 0x0A, 0x00, 0xC0, 0x00, 0xA0, 0x0F, 0x0A, 0x00, 0xBF, 0x00, 0xAC, 0x0D, 0x0A, 0x00
	.byte 0xC2, 0x00, 0xB8, 0x0B, 0x0A, 0x00, 0xC3, 0x00, 0xC4, 0x09, 0x0A, 0x00, 0x0E, 0x00, 0xD0, 0x07
	.byte 0x14, 0x00, 0x0F, 0x00, 0xDC, 0x05, 0x14, 0x00, 0x5D, 0x00, 0x20, 0x03, 0x28, 0x00, 0x1E, 0x00
	.byte 0x00, 0x00, 0x64, 0x00, 0x0C, 0x0D, 0x10, 0x00, 0x80, 0x38, 0x01, 0x00, 0x03, 0x00, 0x00, 0x00
	.byte 0xA1, 0x01, 0x21, 0x00, 0x00, 0x00, 0x00, 0x01, 0xAF, 0x00, 0xBA, 0x00, 0xB3, 0x01, 0xA2, 0x00
	.byte 0x40, 0x1F, 0x2D, 0x00, 0x19, 0x00, 0x1E, 0x00, 0x00, 0x00, 0x00, 0x01, 0x68, 0x00, 0x15, 0x00
	.byte 0x55, 0x00, 0x6C, 0x01, 0x40, 0x1F, 0x2D, 0x00, 0x27, 0x00, 0x1E, 0x00, 0x00, 0x00, 0x00, 0x01
	.byte 0xCD, 0x00, 0x03, 0x00, 0x9C, 0x00, 0x22, 0x00, 0xA0, 0x0F, 0x37, 0x00, 0x23, 0x00, 0x1F, 0x00
	.byte 0x00, 0x00, 0x00, 0x01, 0x66, 0x01, 0x42, 0x01, 0x7D, 0x01, 0x76, 0x00, 0xA0, 0x0F, 0x37, 0x00
	.byte 0xB7, 0x00, 0x19, 0x00, 0x00, 0x00, 0x00, 0x01, 0x37, 0x00, 0xCD, 0x00, 0x3D, 0x00, 0x88, 0x01
	.byte 0x00, 0x00, 0x64, 0x00, 0xBB, 0x00, 0x19, 0x00, 0x00, 0x00, 0x00, 0x01, 0x4F, 0x00, 0x4B, 0x01
	.byte 0x49, 0x00, 0x48, 0x00, 0x00, 0x00, 0x64, 0x00, 0x0B, 0x00, 0x70, 0x17, 0x0A, 0x00, 0x3F, 0x00
	.byte 0x88, 0x13, 0x0A, 0x00, 0x40, 0x00, 0xB8, 0x0B, 0x14, 0x00, 0x21, 0x00, 0xC4, 0x09, 0x14, 0x00
	.byte 0x5E, 0x00, 0xD0, 0x07, 0x05, 0x00, 0x1F, 0x00, 0xE8, 0x03, 0x14, 0x00, 0x4D, 0x00, 0x20, 0x03
	.byte 0x05, 0x00, 0x20, 0x00, 0xF4, 0x01, 0x05, 0x00, 0x4B, 0x00, 0xC8, 0x00, 0x14, 0x00, 0x1E, 0x00
	.byte 0x00, 0x00, 0x64, 0x00, 0x01, 0x00, 0x0E, 0x00, 0xA0, 0x86, 0x01, 0x00, 0x06, 0x00, 0x00, 0x00
	.byte 0xBA, 0x01, 0x1F, 0x00, 0x00, 0x00, 0x00, 0x00, 0x5F, 0x00, 0x8A, 0x00, 0xD2, 0x01, 0x85, 0x01
	.byte 0x10, 0x27, 0x05, 0x00, 0xBE, 0x01, 0x21, 0x00, 0x00, 0x00, 0x00, 0x00, 0x67, 0x00, 0xFE, 0x00
	.byte 0x00, 0x01, 0x22, 0x00, 0x10, 0x27, 0x0F, 0x00, 0xB1, 0x01, 0x1A, 0x00, 0x00, 0x00, 0x00, 0x01
	.byte 0x36, 0x01, 0x5D, 0x00, 0xFD, 0x00, 0x83, 0x01, 0xF4, 0x01, 0x2D, 0x00, 0x5D, 0x01, 0x1E, 0x00
	.byte 0x00, 0x00, 0x00, 0x00, 0x96, 0x00, 0x21, 0x00, 0xAF, 0x00, 0x00, 0x00, 0xF4, 0x01, 0x14, 0x00
	.byte 0xA4, 0x00, 0x1E, 0x00, 0x00, 0x00, 0x00, 0x01, 0x5F, 0x00, 0x73, 0x00, 0x5D, 0x00, 0x24, 0x00
	.byte 0x00, 0x00, 0x64, 0x00, 0x2A, 0x00, 0x21, 0x00, 0x00, 0x00, 0x00, 0x00, 0x11, 0x00, 0x6D, 0x00
	.byte 0x3A, 0x01, 0xD4, 0x00, 0x00, 0x00, 0x64, 0x00, 0x56, 0x01, 0x10, 0x27, 0x01, 0x00, 0x5C, 0x00
	.byte 0x7C, 0x15, 0x05, 0x00, 0x51, 0x01, 0x88, 0x13, 0x14, 0x00, 0x29, 0x00, 0x94, 0x11, 0x05, 0x00
	.byte 0x59, 0x00, 0xB8, 0x0B, 0x0A, 0x00, 0x5D, 0x00, 0xC4, 0x09, 0x1E, 0x00, 0x0D, 0x00, 0xD0, 0x07
	.byte 0x14, 0x00, 0x5A, 0x00, 0xE8, 0x03, 0x14, 0x00, 0x58, 0x00, 0xF4, 0x01, 0x14, 0x00, 0x28, 0x00
	.byte 0x00, 0x00, 0x64, 0x00, 0x11, 0x0E, 0x07, 0x00, 0x00, 0x00, 0x00, 0x00, 0x08, 0x00, 0x00, 0x00
	.byte 0x78, 0x00, 0x12, 0x00, 0x54, 0x00, 0x00, 0x00, 0x37, 0x00, 0xE5, 0x00, 0x69, 0x00, 0x71, 0x00
	.byte 0x88, 0x13, 0x14, 0x00, 0xE0, 0x00, 0x13, 0x00, 0xE6, 0x00, 0x00, 0x01, 0x3C, 0x00, 0x3E, 0x00
	.byte 0x3D, 0x00, 0x44, 0x01, 0x88, 0x13, 0x05, 0x00, 0x74, 0x00, 0x0F, 0x00, 0x00, 0x00, 0x00, 0x00
	.byte 0x6C, 0x00, 0x2B, 0x00, 0x37, 0x00, 0x74, 0x00, 0xC4, 0x09, 0x37, 0x00, 0xDE, 0x00, 0x10, 0x00
	.byte 0x00, 0x00, 0x00, 0x01, 0x6A, 0x00, 0x91, 0x00, 0x69, 0x00, 0x1F, 0x01, 0xC4, 0x09, 0x37, 0x00
	.byte 0xDF, 0x00, 0x0E, 0x00, 0x00, 0x00, 0x00, 0x00, 0x37, 0x00, 0xC7, 0x00, 0x3C, 0x00, 0x3E, 0x00
	.byte 0x00, 0x00, 0x64, 0x00, 0xAA, 0x00, 0x0C, 0x00, 0x00, 0x00, 0x00, 0x01, 0x30, 0x00, 0x56, 0x00
	.byte 0xAF, 0x00, 0x37, 0x00, 0x00, 0x00, 0x64, 0x00, 0xC8, 0x00, 0x88, 0x13, 0x14, 0x00, 0xC7, 0x00
	.byte 0x94, 0x11, 0x14, 0x00, 0xC6, 0x00, 0xA0, 0x0F, 0x14, 0x00, 0xC5, 0x00, 0xAC, 0x0D, 0x14, 0x00
	.byte 0xC4, 0x00, 0xB8, 0x0B, 0x14, 0x00, 0xAA, 0x00, 0xC4, 0x09, 0x14, 0x00, 0xB4, 0x00, 0xD0, 0x07
	.byte 0x14, 0x00, 0xB3, 0x00, 0xDC, 0x05, 0x14, 0x00, 0xA9, 0x00, 0xE8, 0x03, 0x14, 0x00, 0x5A, 0x00
	.byte 0x00, 0x00, 0x64, 0x00, 0x0C, 0x0D, 0x10, 0x00, 0x00, 0x00, 0x00, 0x00, 0x05, 0x00, 0x00, 0x00
	.byte 0x23, 0x00, 0x08, 0x00, 0x00, 0x00, 0x00, 0x00, 0x01, 0x00, 0xE3, 0x00, 0x2F, 0x00, 0xEC, 0x00
	.byte 0x88, 0x13, 0x37, 0x00, 0x27, 0x00, 0x0A, 0x00, 0x00, 0x00, 0x00, 0x00, 0x2F, 0x00, 0x6F, 0x00
	.byte 0x01, 0x00, 0x00, 0x00, 0x88, 0x13, 0x37, 0x00, 0x29, 0x00, 0x09, 0x00, 0x00, 0x00, 0x00, 0x00
	.byte 0x8D, 0x00, 0x30, 0x00, 0x36, 0x01, 0x00, 0x00, 0xC4, 0x09, 0x4B, 0x00, 0xA3, 0x00, 0x06, 0x00
	.byte 0x00, 0x00, 0x00, 0x01, 0x21, 0x00, 0x2D, 0x00, 0xC1, 0x00, 0x5F, 0x00, 0xC4, 0x09, 0x4B, 0x00
	.byte 0x4A, 0x00, 0x05, 0x00, 0x00, 0x00, 0x00, 0x00, 0x21, 0x00, 0x6F, 0x00, 0x2C, 0x01, 0x00, 0x00
	.byte 0x00, 0x00, 0x64, 0x00, 0x5F, 0x00, 0x05, 0x00, 0x00, 0x00, 0x00, 0x01, 0x2C, 0x01, 0x21, 0x00
	.byte 0x6A, 0x00, 0x58, 0x00, 0x00, 0x00, 0x64, 0x00, 0x64, 0x01, 0x10, 0x27, 0x01, 0x00, 0x51, 0x00
	.byte 0x88, 0x13, 0x1E, 0x00, 0x6A, 0x00, 0xA0, 0x0F, 0x14, 0x00, 0x5B, 0x00, 0xAC, 0x0D, 0x14, 0x00
	.byte 0x4B, 0x00, 0xB8, 0x0B, 0x14, 0x00, 0x4A, 0x00, 0xC4, 0x09, 0x14, 0x00, 0x48, 0x00, 0xD0, 0x07
	.byte 0x14, 0x00, 0x49, 0x00, 0xDC, 0x05, 0x14, 0x00, 0x58, 0x00, 0xE8, 0x03, 0x0A, 0x00, 0x5A, 0x00
	.byte 0x00, 0x00, 0x64, 0x00, 0x0B, 0x01, 0x04, 0x00, 0x00, 0x00, 0x00, 0x00, 0x02, 0x00, 0x00, 0x00
	.byte 0x19, 0x00, 0x0F, 0x00, 0xBF, 0x00, 0x00, 0x00, 0x13, 0x00, 0x57, 0x00, 0x2D, 0x00, 0x27, 0x00
	.byte 0x10, 0x27, 0x02, 0x00, 0x19, 0x00, 0x0E, 0x00, 0x9D, 0x00, 0x00, 0x01, 0x39, 0x00, 0x55, 0x00
	.byte 0x56, 0x00, 0x62, 0x00, 0x1C, 0x25, 0x03, 0x00, 0x19, 0x00, 0x0D, 0x00, 0x9A, 0x00, 0x00, 0x00
	.byte 0xAF, 0x00, 0x0E, 0x01, 0x5F, 0x01, 0x56, 0x00, 0xD0, 0x07, 0x23, 0x00, 0x19, 0x00, 0x0C, 0x00
	.byte 0x9E, 0x00, 0x00, 0x01, 0x58, 0x01, 0xFC, 0x00, 0x54, 0x00, 0x2D, 0x00, 0x88, 0x13, 0x08, 0x00
	.byte 0x19, 0x00, 0x0A, 0x00, 0x56, 0x00, 0x00, 0x00, 0x54, 0x00, 0x2D, 0x00, 0x27, 0x00, 0x56, 0x00
	.byte 0x00, 0x00, 0x64, 0x00, 0x19, 0x00, 0x0A, 0x00, 0x9B, 0x00, 0x00, 0x01, 0x54, 0x00, 0x2D, 0x00
	.byte 0x27, 0x00, 0x00, 0x00, 0x00, 0x00, 0x64, 0x00, 0xEC, 0x00, 0x58, 0x1B, 0x03, 0x00, 0x53, 0x00
	.byte 0x70, 0x17, 0x05, 0x00, 0xEF, 0x00, 0x88, 0x13, 0x0A, 0x00, 0x28, 0x01, 0xA0, 0x0F, 0x0A, 0x00
	.byte 0x99, 0x00, 0xE8, 0x03, 0x28, 0x00, 0x98, 0x00, 0x84, 0x03, 0x28, 0x00, 0x97, 0x00, 0x20, 0x03
	.byte 0x32, 0x00, 0x96, 0x00, 0xBC, 0x02, 0x32, 0x00, 0x95, 0x00, 0x58, 0x02, 0x32, 0x00, 0x57, 0x00
	.byte 0x00, 0x00, 0x64, 0x00, 0x04, 0x0D, 0x0C, 0x00, 0x00, 0x00, 0x00, 0x00, 0x03, 0x00, 0x00, 0x00
	.byte 0xB9, 0x01, 0x0F, 0x00, 0x00, 0x00, 0x00, 0x00, 0x40, 0x00, 0x2D, 0x00, 0x77, 0x00, 0x2F, 0x00
	.byte 0xE8, 0x03, 0x19, 0x00, 0x2E, 0x01, 0x0F, 0x00, 0x00, 0x00, 0x00, 0x01, 0xC1, 0x00, 0x65, 0x00
	.byte 0x36, 0x01, 0x9A, 0x00, 0xE8, 0x03, 0x19, 0x00, 0x19, 0x00, 0x0A, 0x00, 0x00, 0x00, 0x00, 0x01
	.byte 0x54, 0x00, 0x2D, 0x00, 0x27, 0x00, 0x56, 0x00, 0xF4, 0x01, 0x37, 0x00, 0xC5, 0x01, 0x0A, 0x00
	.byte 0x00, 0x00, 0x00, 0x00, 0x36, 0x01, 0xBD, 0x00, 0x28, 0x00, 0x0D, 0x01, 0xF4, 0x01, 0x37, 0x00
	.byte 0xAB, 0x01, 0x05, 0x00, 0x00, 0x00, 0x00, 0x01, 0x96, 0x00, 0x01, 0x00, 0x6F, 0x00, 0xC1, 0x00
	.byte 0x00, 0x00, 0x64, 0x00, 0xA1, 0x01, 0x05, 0x00, 0x00, 0x00, 0x00, 0x00, 0x2D, 0x00, 0x75, 0x00
	.byte 0x62, 0x00, 0x00, 0x00, 0x00, 0x00, 0x64, 0x00, 0x42, 0x00, 0xE8, 0x03, 0x05, 0x00, 0x1D, 0x00
	.byte 0x84, 0x03, 0x0A, 0x00, 0x28, 0x00, 0x20, 0x03, 0x05, 0x00, 0x58, 0x00, 0xBC, 0x02, 0x14, 0x00
	.byte 0x4D, 0x00, 0xF4, 0x01, 0x1E, 0x00, 0x1A, 0x00, 0x2C, 0x01, 0x46, 0x00, 0x4E, 0x00, 0xC8, 0x00
	.byte 0x28, 0x00, 0x16, 0x00, 0x96, 0x00, 0x28, 0x00, 0x12, 0x00, 0x64, 0x00, 0x28, 0x00, 0x11, 0x00
	.byte 0x00, 0x00, 0x64, 0x00, 0x04, 0x0E, 0x0F, 0x00, 0x00, 0x00, 0x00, 0x00, 0x04, 0x00, 0x00, 0x00
	.byte 0xFF, 0x00, 0x0A, 0x00, 0x00, 0x00, 0x00, 0x00, 0x0A, 0x00, 0x2D, 0x00, 0x74, 0x00, 0x34, 0x00
	.byte 0x10, 0x27, 0x01, 0x00, 0x85, 0x00, 0x0A, 0x00, 0x00, 0x00, 0x00, 0x00, 0x27, 0x00, 0x21, 0x00
	.byte 0x0E, 0x01, 0x1C, 0x00, 0x58, 0x1B, 0x0A, 0x00, 0x17, 0x01, 0x0F, 0x00, 0x00, 0x00, 0x00, 0x00
	.byte 0x5A, 0x01, 0x11, 0x00, 0x30, 0x00, 0x37, 0x00, 0xB8, 0x0B, 0x23, 0x00, 0x3D, 0x00, 0x0F, 0x00
	.byte 0x00, 0x00, 0x00, 0x01, 0x91, 0x00, 0x5F, 0x00, 0x37, 0x00, 0x03, 0x00, 0xD0, 0x07, 0x23, 0x00
	.byte 0x34, 0x00, 0x0A, 0x00, 0x00, 0x00, 0x00, 0x00, 0x0A, 0x00, 0x2D, 0x00, 0x2C, 0x00, 0xFC, 0x00
	.byte 0x00, 0x00, 0x64, 0x00, 0x19, 0x00, 0x08, 0x00, 0x00, 0x00, 0x00, 0x01, 0x54, 0x00, 0x2D, 0x00
	.byte 0x27, 0x00, 0x56, 0x00, 0x00, 0x00, 0x64, 0x00, 0x32, 0x00, 0x88, 0x13, 0x0A, 0x00, 0x36, 0x00
	.byte 0x94, 0x11, 0x0A, 0x00, 0x23, 0x00, 0xAC, 0x0D, 0x0F, 0x00, 0x22, 0x00, 0xB8, 0x0B, 0x0F, 0x00
	.byte 0x21, 0x00, 0x28, 0x0A, 0x1E, 0x00, 0x1E, 0x00, 0x98, 0x08, 0x1E, 0x00, 0x1F, 0x00, 0x08, 0x07
	.byte 0x23, 0x00, 0x20, 0x00, 0x78, 0x05, 0x23, 0x00, 0x2A, 0x00, 0xE8, 0x03, 0x32, 0x00, 0x5E, 0x00
	.byte 0x00, 0x00, 0x64, 0x00, 0x0B, 0x0D, 0x01, 0x00, 0x00, 0x00, 0x00, 0x00, 0x05, 0x00, 0x00, 0x00
	.byte 0xBE, 0x01, 0x05, 0x00, 0xEA, 0x00, 0x00, 0x00, 0x76, 0x00, 0x21, 0x00, 0x6F, 0x00, 0x78, 0x00
	.byte 0x40, 0x1F, 0x05, 0x00, 0x76, 0x01, 0x05, 0x00, 0xBF, 0x00, 0x00, 0x02, 0x24, 0x00, 0xAC, 0x01
	.byte 0xBA, 0x01, 0x4E, 0x01, 0x40, 0x1F, 0x14, 0x00, 0x74, 0x00, 0x05, 0x00, 0xEB, 0x00, 0x00, 0x00
	.byte 0x91, 0x00, 0x6C, 0x00, 0x4A, 0x01, 0x00, 0x00, 0xB8, 0x0B, 0x37, 0x00, 0x63, 0x01, 0x05, 0x00
	.byte 0x45, 0x01, 0x00, 0x00, 0x2B, 0x00, 0x65, 0x00, 0x1E, 0x01, 0x00, 0x00, 0xB8, 0x0B, 0x37, 0x00
	.byte 0x81, 0x00, 0x05, 0x00, 0xBA, 0x00, 0x00, 0x00, 0x96, 0x00, 0x54, 0x01, 0x00, 0x00, 0x00, 0x00
	.byte 0x00, 0x00, 0x64, 0x00, 0xB4, 0x01, 0x05, 0x00, 0xB8, 0x00, 0x00, 0x02, 0x21, 0x00, 0x5D, 0x00
	.byte 0xB1, 0x01, 0x00, 0x00, 0x00, 0x00, 0x64, 0x00, 0x13, 0x01, 0x10, 0x27, 0x03, 0x00, 0x1F, 0x01
	.byte 0x28, 0x23, 0x03, 0x00, 0xDC, 0x00, 0x40, 0x1F, 0x03, 0x00, 0x29, 0x01, 0x58, 0x1B, 0x03, 0x00
	.byte 0x0F, 0x01, 0x70, 0x17, 0x03, 0x00, 0xD6, 0x00, 0x88, 0x13, 0x03, 0x00, 0x9E, 0x00, 0xD0, 0x07
	.byte 0x14, 0x00, 0x9D, 0x00, 0xE8, 0x03, 0x14, 0x00, 0x9C, 0x00, 0xF4, 0x01, 0x32, 0x00, 0x96, 0x00
	.byte 0x00, 0x00, 0x64, 0x00, 0x11, 0x0D, 0x01, 0x00, 0x00, 0x00, 0x00, 0x00, 0x01, 0x00, 0x00, 0x00
	.byte 0xEF, 0x00, 0x05, 0x00, 0xAE, 0x00, 0x00, 0x00, 0x62, 0x00, 0x2B, 0x00, 0x09, 0x00, 0x00, 0x00
	.byte 0x88, 0x13, 0x14, 0x00, 0xF0, 0x00, 0x05, 0x00, 0xAA, 0x00, 0x00, 0x00, 0x7B, 0x00, 0x2B, 0x00
	.byte 0x07, 0x00, 0x00, 0x00, 0x88, 0x13, 0x14, 0x00, 0xEE, 0x00, 0x05, 0x00, 0xAC, 0x00, 0x00, 0x01
	.byte 0x01, 0x00, 0x7A, 0x00, 0x08, 0x00, 0x00, 0x00, 0xD0, 0x07, 0x37, 0x00, 0xB8, 0x01, 0x05, 0x00
	.byte 0xA9, 0x00, 0x00, 0x01, 0x01, 0x00, 0xCC, 0x00, 0x7F, 0x01, 0xD7, 0x00, 0xD0, 0x07, 0x37, 0x00
	.byte 0xAE, 0x00, 0x05, 0x00, 0xAD, 0x00, 0x00, 0x00, 0x2F, 0x00, 0xCC, 0x00, 0x6F, 0x00, 0x11, 0x01
	.byte 0x00, 0x00, 0x64, 0x00, 0xAD, 0x00, 0x05, 0x00, 0xAB, 0x00, 0x00, 0x01, 0x01, 0x00, 0xCC, 0x00
	.byte 0xE3, 0x00, 0x76, 0x00, 0x00, 0x00, 0x64, 0x00, 0x42, 0x01, 0xF6, 0x09, 0x05, 0x00, 0x43, 0x01
	.byte 0xC4, 0x09, 0x05, 0x00, 0x50, 0x00, 0x02, 0x08, 0x0A, 0x00, 0x51, 0x00, 0xD0, 0x07, 0x0A, 0x00
	.byte 0x6E, 0x00, 0xDC, 0x05, 0x0A, 0x00, 0x5B, 0x00, 0xE8, 0x03, 0x32, 0x00, 0x21, 0x00, 0xBC, 0x02
	.byte 0x32, 0x00, 0x20, 0x00, 0x58, 0x02, 0x3C, 0x00, 0x1F, 0x00, 0xF4, 0x01, 0x46, 0x00, 0x1E, 0x00
	.byte 0x00, 0x00, 0x64, 0x00, 0x01, 0x04, 0x0A, 0x00

ov112_021F5578: ; 0x021F5578
	.byte 0x0C, 0x0C, 0x0C, 0x0C, 0x0C, 0x0C, 0x0C, 0x0C
	.byte 0x0C, 0x0C, 0x0A, 0x0A, 0x0A, 0x0A, 0x0A, 0x00

ov112_021F5588: ; 0x021F5588
	.byte 0x00, 0x00, 0xFF, 0xFF, 0xFF, 0xFF, 0x7E, 0x7E
	.byte 0x3C, 0x3C, 0x18, 0x18, 0x00, 0x00, 0x00, 0x00

ov112_021F5598: ; 0x021F5598
	.byte 0x06, 0x06, 0x0E, 0x0E, 0x1E, 0x1E, 0x3E, 0x3E
	.byte 0x3E, 0x3E, 0x1E, 0x1E, 0x0E, 0x0E, 0x06, 0x06

ov112_021F55A8: ; 0x021F55A8
	.byte 0x00, 0x00, 0x00, 0x00, 0xFF, 0xFF, 0x81, 0x81
	.byte 0x42, 0x42, 0x24, 0x24, 0x18, 0x18, 0x00, 0x00

ov112_021F55B8: ; 0x021F55B8
	.byte 0x00, 0x00, 0x38, 0x38, 0x3C, 0x3C, 0x7E, 0x7E
	.byte 0x7E, 0x7E, 0x3C, 0x3C, 0x38, 0x38, 0x00, 0x00

ov112_021F55C8: ; 0x021F55C8
	.byte 0x00, 0x00, 0x18, 0x18, 0x24, 0x24, 0x42, 0x42
	.byte 0x81, 0x81, 0xFF, 0xFF, 0x00, 0x00, 0x00, 0x00

ov112_021F55D8: ; 0x021F55D8
	.byte 0x00, 0x00, 0x18, 0x18, 0x3C, 0x3C, 0x7E, 0x7E
	.byte 0xFF, 0xFF, 0xFF, 0xFF, 0x00, 0x00, 0x00, 0x00

ov112_021F55E8: ; 0x021F55E8
	.byte 0x0C, 0x0C, 0x14, 0x14, 0x24, 0x24, 0x44, 0x44
	.byte 0x44, 0x44, 0x24, 0x24, 0x14, 0x14, 0x0C, 0x0C

ov112_021F55F8: ; 0x021F55F8
	.byte 0x30, 0x30, 0x28, 0x28, 0x24, 0x24, 0x22, 0x22
	.byte 0x22, 0x22, 0x24, 0x24, 0x28, 0x28, 0x30, 0x30

ov112_021F5608: ; 0x021F5608
	.byte 0x00, 0x00, 0x18, 0x18, 0x3C, 0x3C, 0x7E, 0x7E
	.byte 0x7E, 0x7E, 0x3C, 0x3C, 0x18, 0x18, 0x00, 0x00

ov112_021F5618: ; 0x021F5618
	.byte 0xFC, 0xFC, 0x94, 0x84, 0xFF, 0x87, 0x96, 0x86
	.byte 0x97, 0x87, 0xFC, 0xFC, 0xFC, 0xFC, 0x00, 0x00

ov112_021F5628: ; 0x021F5628
	.byte 0x1C, 0x7F, 0x2A, 0x67, 0x59, 0x5B, 0x59, 0x5F
	.byte 0x49, 0x47, 0x2A, 0x67, 0x1C, 0x7F, 0x00, 0x00

ov112_021F5638: ; 0x021F5638
	.byte 0xFF, 0xFF, 0xFF, 0xFF, 0x9F, 0x1F, 0x1F, 0x9F
	.byte 0x00, 0x00, 0x00, 0x00, 0x00, 0x00, 0x00, 0x00

ov112_021F5648: ; 0x021F5648
	.byte 0x7E, 0x7E, 0x47, 0x47, 0x43, 0x43, 0x47, 0x47
	.byte 0x7F, 0x7F, 0x47, 0x47, 0x7E, 0x7E, 0x00, 0x00

ov112_021F5658: ; 0x021F5658
	.byte 0x00, 0x00, 0x00, 0x00, 0x60, 0x60, 0x60, 0x60
	.byte 0x7C, 0x7C, 0x0C, 0x0C, 0x18, 0x18, 0x00, 0x00

ov112_021F5668: ; 0x021F5668
	.byte 0x00, 0x00, 0x00, 0x00, 0x00, 0x00, 0x00, 0x00
	.byte 0x60, 0x60, 0xE0, 0xE0, 0xE0, 0xE0, 0x60, 0x60

ov112_021F5678: ; 0x021F5678
	.byte 0x7E, 0x7E, 0x42, 0x42, 0x44, 0x44, 0x44, 0x44
	.byte 0x22, 0x22, 0x22, 0x22, 0x7E, 0x7E, 0x00, 0x00

ov112_021F5688: ; 0x021F5688
	.byte 0x00, 0x00, 0x00, 0x00, 0x18, 0x18, 0x3C, 0x3C
	.byte 0x7E, 0x7E, 0xFF, 0xFF, 0xFF, 0xFF, 0x00, 0x00

ov112_021F5698: ; 0x021F5698
	.byte 0x0C, 0x0C, 0x1C, 0x1C, 0x3C, 0x3C, 0x7C, 0x7C
	.byte 0x7C, 0x7C, 0x3C, 0x3C, 0x1C, 0x1C, 0x0C, 0x0C

ov112_021F56A8: ; 0x021F56A8
	.byte 0x00, 0x00, 0x7E, 0x7E, 0x43, 0x43, 0x43, 0x43
	.byte 0x43, 0x43, 0x7E, 0x7E, 0x00, 0x00, 0x00, 0x00

ov112_021F56B8: ; 0x021F56B8
	.byte 0x00, 0x00, 0x00, 0x00, 0xFF, 0xFF, 0xFF, 0xFF
	.byte 0x7E, 0x7E, 0x3C, 0x3C, 0x18, 0x18, 0x00, 0x00

ov112_021F56C8: ; 0x021F56C8
	.byte 0x30, 0x30, 0x38, 0x38, 0x3C, 0x3C, 0x3E, 0x3E
	.byte 0x3E, 0x3E, 0x3C, 0x3C, 0x38, 0x38, 0x30, 0x30

ov112_021F56D8: ; 0x021F56D8
	.byte 0x00, 0x00, 0x1E, 0x1E, 0x3E, 0x3E, 0x7C, 0x7C
	.byte 0x7C, 0x7C, 0x3E, 0x3E, 0x1E, 0x1E, 0x00, 0x00

ov112_021F56E8: ; 0x021F56E8
	.byte 0x00, 0x00, 0x38, 0x38, 0x3E, 0x3E, 0x7E, 0x7E
	.byte 0x7E, 0x7E, 0x3E, 0x3E, 0x38, 0x38, 0x00, 0x00

ov112_021F56F8: ; 0x021F56F8
	.byte 0x1C, 0x1C, 0x2E, 0x2E, 0x5B, 0x5B, 0x5F, 0x5F
	.byte 0x4F, 0x4F, 0x2E, 0x2E, 0x1C, 0x1C, 0x00, 0x00

ov112_021F5708: ; 0x021F5708
	.byte 0x84, 0x04, 0x4C, 0xEC, 0x7C, 0x7E, 0x3F, 0x3F
	.byte 0x3F, 0x3F, 0x7C, 0x7E, 0x4C, 0xEC, 0x84, 0x04

ov112_021F5718: ; 0x021F5718
	.byte 0x60, 0x60, 0x70, 0x70, 0x78, 0x78, 0x7C, 0x7C
	.byte 0x7C, 0x7C, 0x78, 0x78, 0x70, 0x70, 0x60, 0x60

	.public ov112_App_MainMenu_SelectOption_ConnectToPokewalker
ov112_App_MainMenu_SelectOption_ConnectToPokewalker:
	.word ov112_021E76CC, ov112_021E7830, ov112_021E7910, 0xFFFFFFFF
ov112_021F5738:
	.byte 0x00, 0x1C, 0x1C, 0x1C, 0x1C, 0x1C, 0x1C, 0x1C
	.byte 0x1C, 0x1C, 0x1C, 0x1C, 0x1C, 0x1C, 0x00, 0x1C

ov112_021F5748: ; 0x021F5748
	.byte 0x7E, 0x7F, 0x47, 0x7F, 0x43, 0x7F, 0x47, 0x7F
	.byte 0x7F, 0x7F, 0x47, 0x7F, 0x7E, 0x7F, 0x00, 0x00

ov112_021F5758: ; 0x021F5758
	.byte 0x00, 0x00, 0xE0, 0xE0, 0xF0, 0x10, 0x18, 0x08
	.byte 0x18, 0x10, 0xF0, 0xE0, 0xE0, 0x00, 0x00, 0x00, 0x00, 0x00, 0x07, 0x03, 0x0F, 0x04, 0x18, 0x08
	.byte 0x1C, 0x04, 0x0F, 0x03, 0x07, 0x00, 0x00, 0x00

ov112_021F5778: ; 0x021F5778
	.byte 0x00, 0x00, 0x70, 0x30, 0x78, 0x08, 0x18, 0x08
	.byte 0x98, 0x88, 0xF8, 0x70, 0xF0, 0x00, 0x00, 0x00, 0x00, 0x00, 0x1C, 0x0C, 0x1E, 0x0A, 0x1F, 0x09
	.byte 0x19, 0x08, 0x19, 0x08, 0x18, 0x00, 0x00, 0x00

ov112_021F5798: ; 0x021F5798
	.byte 0x00, 0x00, 0xF0, 0xF0, 0xF8, 0x88, 0x98, 0x88
	.byte 0x98, 0x88, 0xB8, 0x10, 0x30, 0x00, 0x00, 0x00, 0x00, 0x00, 0x0F, 0x07, 0x1F, 0x08, 0x19, 0x08
	.byte 0x19, 0x08, 0x1F, 0x07, 0x0F, 0x00, 0x00, 0x00

ov112_021F57B8: ; 0x021F57B8
	.byte 0x00, 0x00, 0x70, 0x70, 0xF8, 0x88, 0x98, 0x88
	.byte 0x98, 0x88, 0xF8, 0x70, 0x70, 0x00, 0x00, 0x00, 0x00, 0x00, 0x0F, 0x07, 0x1F, 0x08, 0x19, 0x08
	.byte 0x19, 0x08, 0x1F, 0x07, 0x0F, 0x00, 0x00, 0x00

ov112_021F57D8: ; 0x021F57D8
	.byte 0xFF, 0x3F, 0x07, 0x19, 0x07, 0x19, 0xFF, 0x3F
	.byte 0xFF, 0x3F, 0x07, 0x19, 0x07, 0x19, 0xFF, 0x3F, 0xFF, 0xFC, 0xE0, 0x98, 0xE0, 0x98, 0xFF, 0xFC
	.byte 0xFF, 0xFC, 0xE0, 0x98, 0xE0, 0x98, 0xFF, 0xFC

ov112_021F57F8: ; 0x021F57F8
	.byte 0x00, 0x00, 0x00, 0x00, 0x00, 0x00, 0xC0, 0xC0
	.byte 0xF0, 0x30, 0x7C, 0x0C, 0x1C, 0x00, 0x00, 0x00, 0x00, 0x00, 0x1C, 0x0C, 0x1F, 0x03, 0x07, 0x00
	.byte 0x01, 0x00, 0x00, 0x00, 0x00, 0x00, 0x00, 0x00

ov112_021F5818: ; 0x021F5818
	.byte 0x00, 0x00, 0x00, 0x00, 0x30, 0x30, 0x70, 0x30
	.byte 0x60, 0x00, 0x00, 0x00, 0x00, 0x00, 0x00, 0x00, 0x00, 0x00, 0x00, 0x00, 0x06, 0x06, 0x0E, 0x06
	.byte 0x0C, 0x00, 0x00, 0x00, 0x00, 0x00, 0x00, 0x00

ov112_021F5838: ; 0x021F5838
	.byte 0x00, 0x00, 0xC0, 0xC0, 0xF0, 0x30, 0x38, 0x08
	.byte 0xF8, 0xF8, 0xF8, 0x00, 0x00, 0x00, 0x00, 0x00, 0x00, 0x00, 0x07, 0x03, 0x07, 0x02, 0x06, 0x02
	.byte 0x1F, 0x0F, 0x1F, 0x02, 0x06, 0x00, 0x00, 0x00

ov112_021F5858: ; 0x021F5858
	.byte 0x00, 0x00, 0x00, 0x00, 0x30, 0x10, 0x30, 0x10
	.byte 0xF8, 0xF8, 0xF8, 0x00, 0x00, 0x00, 0x00, 0x00, 0x00, 0x00, 0x00, 0x00, 0x00, 0x00, 0x00, 0x00
	.byte 0x1F, 0x0F, 0x1F, 0x00, 0x00, 0x00, 0x00, 0x00

ov112_021F5878: ; 0x021F5878
	.byte 0x00, 0x00, 0x18, 0x08, 0x18, 0x08, 0x18, 0x08
	.byte 0xD8, 0xC8, 0xF8, 0x38, 0x78, 0x00, 0x00, 0x00, 0x00, 0x00, 0x00, 0x00, 0x1C, 0x0C, 0x1F, 0x03
	.byte 0x07, 0x00, 0x01, 0x00, 0x00, 0x00, 0x00, 0x00

ov112_021F5898: ; 0x021F5898
	.byte 0x00, 0x00, 0x80, 0x80, 0xC0, 0xC0, 0xE0, 0xE0
	.byte 0xF0, 0xF0, 0xF0, 0xF0, 0x00, 0x00, 0x00, 0x00, 0x00, 0x00, 0x01, 0x01, 0x03, 0x03, 0x07, 0x07
	.byte 0x0F, 0x0F, 0x0F, 0x0F, 0x00, 0x00, 0x00, 0x00

ov112_021F58B8: ; 0x021F58B8
	.byte 0x00, 0x00, 0xF0, 0x70, 0xF8, 0x88, 0x98, 0x88
	.byte 0x98, 0x88, 0xF8, 0xF0, 0xF0, 0x00, 0x00, 0x00, 0x00, 0x00, 0x0C, 0x04, 0x19, 0x08, 0x19, 0x08
	.byte 0x19, 0x08, 0x0F, 0x07, 0x07, 0x00, 0x00, 0x00

ov112_021F58D8: ; 0x021F58D8
	.byte 0x00, 0x00, 0x00, 0x00, 0xF0, 0xF0, 0xF0, 0xF0
	.byte 0xE0, 0xE0, 0xC0, 0xC0, 0x80, 0x80, 0x00, 0x00, 0x00, 0x00, 0x00, 0x00, 0x0F, 0x0F, 0x0F, 0x0F
	.byte 0x07, 0x07, 0x03, 0x03, 0x01, 0x01, 0x00, 0x00

ov112_021F58F8: ; 0x021F58F8
	.byte 0xFF, 0xFF, 0x7F, 0x7F, 0x3F, 0x3F, 0x1F, 0x1F
	.byte 0x7F, 0x7F, 0x07, 0x07, 0x07, 0x07, 0xFF, 0xFF, 0xFE, 0xFE, 0xFC, 0xFC, 0xF8, 0xF8, 0xF0, 0xF0
	.byte 0xFC, 0xFC, 0xFC, 0xFC, 0xFC, 0xFE, 0xFF, 0xFF

ov112_021F5918: ; 0x021F5918
	.byte 0x00, 0x00, 0x70, 0x30, 0x78, 0x08, 0x98, 0x88
	.byte 0x98, 0x88, 0xF8, 0x70, 0x70, 0x00, 0x00, 0x00, 0x00, 0x00, 0x0E, 0x06, 0x1E, 0x08, 0x19, 0x08
	.byte 0x19, 0x08, 0x1F, 0x07, 0x0F, 0x00, 0x00, 0x00

ov112_021F5938: ; 0x021F5938
	.byte 0x00, 0x00, 0x80, 0x80, 0x80, 0x80, 0x80, 0x80
	.byte 0x80, 0x80, 0x80, 0x80, 0x80, 0x00, 0x00, 0x00, 0x00, 0x00, 0x01, 0x00, 0x01, 0x00, 0x01, 0x00
	.byte 0x01, 0x00, 0x01, 0x00, 0x01, 0x00, 0x00, 0x00

ov112_021F5958: ; 0x021F5958
	.byte 0x00, 0x00, 0x20, 0x00, 0x10, 0x00, 0x10, 0x00
	.byte 0x10, 0x00, 0x10, 0x00, 0x20, 0x00, 0x00, 0x00, 0x00, 0x00, 0x00, 0x00, 0x02, 0x00, 0x11, 0x00
	.byte 0x11, 0x00, 0x02, 0x00, 0x00, 0x00, 0x00, 0x00

ov112_021F5978: ; 0x021F5978
	.byte 0x00, 0x00, 0xF8, 0xF8, 0xF8, 0x88, 0x98, 0x88
	.byte 0x98, 0x88, 0x98, 0x08, 0x18, 0x00, 0x00, 0x00, 0x00, 0x00, 0x0D, 0x04, 0x19, 0x08, 0x19, 0x08
	.byte 0x19, 0x08, 0x1F, 0x07, 0x0F, 0x00, 0x00, 0x00

ov112_021F5998: ; 0x021F5998
	.byte 0x00, 0x00, 0x00, 0x00, 0x00, 0x00, 0x00, 0x00
	.byte 0x80, 0x80, 0x80, 0x00, 0x00, 0x00, 0x00, 0x00, 0x80, 0x80, 0x80, 0x00, 0x00, 0x00, 0x00, 0x00
	.byte 0x00, 0x00, 0x00, 0x00, 0x00, 0x00, 0x00, 0x00, 0x00, 0x00, 0x00, 0x00, 0x00, 0x00, 0x00, 0x00
	.byte 0x0F, 0x0F, 0x1F, 0x10, 0x1E, 0x0E, 0x1E, 0x10, 0x1F, 0x0F, 0x0F, 0x00, 0x00, 0x00, 0x00, 0x00
	.byte 0x00, 0x00, 0x00, 0x00, 0x00, 0x00, 0x00, 0x00

ov112_021F59D8: ; 0x021F59D8
	.byte 0x00, 0x00, 0x00, 0x80, 0x00, 0x00, 0x00, 0x00
	.byte 0x00, 0xE0, 0x00, 0xC0, 0x00, 0x80, 0x00, 0x00, 0x00, 0x80, 0x00, 0xC0, 0x00, 0xE0, 0x00, 0x00
	.byte 0x00, 0x00, 0x00, 0x80, 0x00, 0x00, 0x00, 0x00, 0x00, 0x00, 0x00, 0x0F, 0x00, 0x3F, 0x00, 0x3C
	.byte 0x00, 0x3F, 0x00, 0x3F, 0x00, 0x3F, 0x00, 0x3E, 0x00, 0x3F, 0x00, 0x3F, 0x00, 0x3F, 0x00, 0x3C
	.byte 0x00, 0x3F, 0x00, 0x0F, 0x00, 0x00, 0x00, 0x00

ov112_021F5A18: ; 0x021F5A18
	.byte 0x00, 0x00, 0xF8, 0xF0, 0x08, 0x08, 0xE8, 0x08
	.byte 0xE8, 0x08, 0xE8, 0x08, 0x08, 0x08, 0x48, 0x08, 0x48, 0x08, 0x48, 0x08, 0x48, 0x08, 0x48, 0x08
	.byte 0x48, 0x08, 0x08, 0x08, 0xF8, 0xF0, 0x00, 0x00, 0x00, 0x00, 0x3F, 0x1F, 0x20, 0x20, 0x25, 0x20
	.byte 0x25, 0x20, 0x25, 0x20, 0x24, 0x20, 0x25, 0x20, 0x25, 0x20, 0x25, 0x20, 0x25, 0x20, 0x25, 0x20
	.byte 0x25, 0x20, 0x20, 0x20, 0x3F, 0x1F, 0x00, 0x00

ov112_021F5A58: ; 0x021F5A58
	.byte 0x00, 0x00, 0xF8, 0xF8, 0x04, 0x0C, 0x04, 0x04
	.byte 0x04, 0x04, 0x04, 0x04, 0x04, 0x04, 0xF4, 0xF4, 0xF4, 0xF4, 0x04, 0x04, 0x04, 0x04, 0x04, 0x04
	.byte 0x04, 0x04, 0x04, 0x0C, 0xF8, 0xF8, 0x00, 0x00, 0x00, 0x00, 0x0F, 0x0F, 0x10, 0x18, 0x70, 0x70
	.byte 0x40, 0x40, 0x20, 0x20, 0x10, 0x10, 0x16, 0x16, 0x16, 0x16, 0x10, 0x10, 0x10, 0x10, 0x10, 0x10
	.byte 0x10, 0x10, 0x10, 0x18, 0x0F, 0x0F, 0x00, 0x00

ov112_021F5A98: ; 0x021F5A98
	.byte 0x00, 0x00, 0xF8, 0xF8, 0x04, 0x0C, 0x04, 0x04
	.byte 0x04, 0x04, 0xF4, 0xF4, 0xF4, 0xF4, 0x04, 0x04, 0x04, 0x04, 0xF4, 0xF4, 0xF4, 0xF4, 0x04, 0x04
	.byte 0x04, 0x04, 0x04, 0x0C, 0xF8, 0xF8, 0x00, 0x00, 0x00, 0x00, 0x0F, 0x0F, 0x10, 0x18, 0x70, 0x70
	.byte 0x40, 0x40, 0x26, 0x26, 0x16, 0x16, 0x10, 0x10, 0x10, 0x10, 0x16, 0x16, 0x16, 0x16, 0x10, 0x10
	.byte 0x10, 0x10, 0x10, 0x18, 0x0F, 0x0F, 0x00, 0x00

ov112_021F5AD8: ; 0x021F5AD8
	.byte 0x00, 0x00, 0x00, 0x00, 0xE0, 0xF0, 0xF8, 0xF8
	.byte 0xFC, 0xFC, 0x8C, 0xFE, 0x8E, 0xFE, 0x8E, 0xFE, 0x8E, 0xFE, 0x8E, 0xFE, 0x8E, 0xFE, 0x8C, 0xFE
	.byte 0xFC, 0xFC, 0xF8, 0xF8, 0xE0, 0xF0, 0x00, 0x00, 0x00, 0x00, 0x00, 0x00, 0x03, 0x05, 0x0C, 0x08
	.byte 0x10, 0x18, 0x14, 0x00, 0x20, 0x30, 0x20, 0x20, 0x24, 0x20, 0x20, 0x20, 0x20, 0x30, 0x14, 0x00
	.byte 0x10, 0x18, 0x0C, 0x08, 0x03, 0x07, 0x00, 0x00

ov112_021F5B18: ; 0x021F5B18
	.byte 0x00, 0x00, 0xF8, 0xF8, 0x04, 0x0C, 0x04, 0x04
	.byte 0xF4, 0xF4, 0xF4, 0xF4, 0x04, 0x04, 0xF4, 0xF4, 0xF4, 0xF4, 0x04, 0x04, 0xF4, 0xF4, 0xF4, 0xF4
	.byte 0x04, 0x04, 0x04, 0x0C, 0xF8, 0xF8, 0x00, 0x00, 0x00, 0x00, 0x0F, 0x0F, 0x10, 0x18, 0x70, 0x70
	.byte 0x46, 0x46, 0x26, 0x26, 0x10, 0x10, 0x16, 0x16, 0x16, 0x16, 0x10, 0x10, 0x16, 0x16, 0x16, 0x16
	.byte 0x10, 0x10, 0x10, 0x18, 0x0F, 0x0F, 0x00, 0x00

ov112_021F5B58: ; 0x021F5B58
	.byte 0x00, 0x00, 0x00, 0x00, 0xFC, 0x00, 0xFC, 0x00
	.byte 0xFC, 0x00, 0x00, 0x00, 0x00, 0x00, 0x80, 0x00, 0xE0, 0x00, 0xF8, 0x00, 0xF8, 0x00, 0x30, 0x00
	.byte 0x00, 0x00, 0x00, 0x00, 0x00, 0x00, 0x00, 0x00, 0x00, 0x00, 0x00, 0x00, 0x01, 0x00, 0x01, 0x00
	.byte 0x01, 0x00, 0x00, 0x00, 0x02, 0x00, 0x07, 0x00, 0x07, 0x00, 0x33, 0x00, 0x78, 0x00, 0x3C, 0x00
	.byte 0x1E, 0x00, 0x0F, 0x00, 0x06, 0x00, 0x00, 0x00

ov112_021F5B98: ; 0x021F5B98
	.byte 0x00, 0x00, 0xF8, 0xFC, 0x0C, 0xF4, 0x04, 0xFC
	.byte 0x94, 0xEC, 0x24, 0xDC, 0x04, 0xFC, 0x34, 0xCC, 0x04, 0xFC, 0x24, 0xDC, 0x94, 0xEC, 0x04, 0xFC
	.byte 0x0C, 0xF4, 0xF8, 0xFC, 0x00, 0x00, 0x00, 0x00, 0x00, 0x00, 0x3F, 0x7F, 0x78, 0x77, 0x70, 0x7F
	.byte 0x7F, 0x78, 0x7B, 0x70, 0x7E, 0x71, 0x7E, 0x71, 0x7E, 0x71, 0x5B, 0x70, 0x5F, 0x78, 0x70, 0x7F
	.byte 0x78, 0x77, 0x3F, 0x7F, 0x00, 0x00, 0x00, 0x00

ov112_021F5BD8: ; 0x021F5BD8
	.byte 0x00, 0x00, 0x00, 0x00, 0x00, 0x00, 0x00, 0x00
	.byte 0x00, 0x00, 0x02, 0x82, 0x91, 0x91, 0x89, 0x89, 0x89, 0x89, 0x89, 0x89, 0x91, 0x91, 0x02, 0x82
	.byte 0x00, 0x00, 0x00, 0x00, 0x00, 0x00, 0x00, 0x00, 0x00, 0x00, 0x00, 0x00, 0x78, 0x7C, 0x1E, 0x1E
	.byte 0x1F, 0x1F, 0x07, 0x7F, 0x07, 0x7F, 0x07, 0x7F, 0x07, 0x7F, 0x07, 0x7F, 0x07, 0x7F, 0x07, 0x7F
	.byte 0x1F, 0x1F, 0x1E, 0x1E, 0x78, 0x7C, 0x00, 0x00

ov112_021F5C18: ; 0x021F5C18
	.byte 0x00, 0x00, 0x00, 0x00, 0xC0, 0x00, 0xF0, 0x00
	.byte 0xF8, 0x00, 0xF8, 0x00, 0xF0, 0x00, 0xC0, 0x00, 0x00, 0x00, 0x00, 0x00, 0x00, 0x00, 0x00, 0x00
	.byte 0x00, 0x00, 0x00, 0x00, 0x00, 0x00, 0x00, 0x00, 0x00, 0x00, 0x00, 0x00, 0x23, 0x20, 0x27, 0x20
	.byte 0x3F, 0x38, 0x3F, 0x38, 0x27, 0x20, 0x23, 0x20, 0x2C, 0x22, 0x3F, 0x30, 0x2C, 0x22, 0x2C, 0x22
	.byte 0x3F, 0x30, 0x2C, 0x22, 0x20, 0x20, 0x00, 0x00

ov112_021F5C58: ; 0x021F5C58
	.byte 0x00, 0x00, 0x80, 0x80, 0x00, 0x00, 0x00, 0x00
	.byte 0xE0, 0xE0, 0xC0, 0xC0, 0x80, 0x80, 0x00, 0x00, 0x80, 0x80, 0xC0, 0xC0, 0xE0, 0xE0, 0x00, 0x00
	.byte 0x00, 0x00, 0x80, 0x80, 0x00, 0x00, 0x00, 0x00, 0x00, 0x00, 0x0F, 0x07, 0x3F, 0x3F, 0x3C, 0x3F
	.byte 0x3F, 0x3F, 0x3F, 0x3F, 0x3F, 0x3F, 0x3E, 0x3F, 0x3F, 0x3F, 0x3F, 0x3F, 0x3F, 0x3F, 0x3C, 0x3F
	.byte 0x3F, 0x3F, 0x0F, 0x07, 0x00, 0x00, 0x00, 0x00

ov112_021F5C98: ; 0x021F5C98
	.byte 0x00, 0x00, 0x70, 0x70, 0xB8, 0xB8, 0x6C, 0x7C
	.byte 0x7C, 0x7C, 0x3C, 0x3C, 0xB8, 0xBC, 0xF0, 0xFC, 0xC0, 0xFC, 0xC0, 0xFC, 0xC0, 0xFC, 0xC0, 0xFC
	.byte 0x80, 0xFC, 0x00, 0xF8, 0x00, 0x00, 0x00, 0x00, 0x00, 0x00, 0x00, 0x00, 0x00, 0x1F, 0x01, 0x3F
	.byte 0x01, 0x3F, 0x01, 0x3F, 0x3F, 0x3F, 0x21, 0x21, 0x20, 0x20, 0x21, 0x21, 0x3F, 0x3F, 0x21, 0x21
	.byte 0x3F, 0x3F, 0x00, 0x1F, 0x00, 0x00, 0x00, 0x00

ov112_021F5CD8: ; 0x021F5CD8
	.byte 0x00, 0x00, 0x00, 0x00, 0xF0, 0xF8, 0x18, 0xE8
	.byte 0x08, 0x38, 0x08, 0xD8, 0x08, 0x68, 0x08, 0xA8, 0x08, 0xA8, 0x08, 0x68, 0x08, 0xD8, 0x0E, 0x38
	.byte 0x18, 0xE8, 0xF0, 0xF8, 0x00, 0x00, 0x00, 0x00, 0x00, 0x00, 0x00, 0x00, 0x3F, 0x7F, 0x78, 0x77
	.byte 0x70, 0x7C, 0x70, 0x7B, 0x70, 0x76, 0x70, 0x75, 0x70, 0x75, 0x70, 0x76, 0x70, 0x7B, 0x70, 0x7C
	.byte 0x78, 0x77, 0x3F, 0x7F, 0x00, 0x00, 0x00, 0x00

ov112_021F5D18: ; 0x021F5D18
	.byte 0x00, 0x00, 0x00, 0x00, 0xFC, 0xFC, 0xFE, 0x02
	.byte 0xFE, 0x02, 0x0E, 0x02, 0x46, 0x02, 0x06, 0x02, 0x06, 0x02, 0x46, 0x02, 0x0E, 0x02, 0xFE, 0x02
	.byte 0xFE, 0x02, 0xFC, 0xFC, 0x00, 0x00, 0x00, 0x00, 0x00, 0x00, 0x00, 0x00, 0x1F, 0x1F, 0x3F, 0x20
	.byte 0x3F, 0x20, 0x27, 0x28, 0x22, 0x24, 0x20, 0x22, 0x20, 0x22, 0x22, 0x24, 0x27, 0x28, 0x3F, 0x20
	.byte 0x3F, 0x20, 0x1F, 0x1F, 0x00, 0x00, 0x00, 0x00

ov112_021F5D58: ; 0x021F5D58
	.byte 0x00, 0x00, 0x00, 0x00, 0xFC, 0xFC, 0x02, 0x06
	.byte 0xC2, 0xC2, 0xC2, 0xC2, 0xC2, 0xC2, 0xE2, 0xE2, 0xF2, 0xF2, 0xFA, 0xFA, 0x02, 0x02, 0x02, 0x02
	.byte 0x02, 0x02, 0x02, 0x02, 0x02, 0x02, 0x02, 0x02, 0x02, 0x02, 0x02, 0x02, 0x02, 0x02, 0x02, 0x02
	.byte 0x02, 0x06, 0xFC, 0xFC, 0x00, 0x00, 0x00, 0x00, 0x00, 0x00, 0x00, 0x00, 0x3F, 0x3F, 0x40, 0x60
	.byte 0x43, 0x43, 0x43, 0x43, 0x43, 0x43, 0x47, 0x47, 0x4F, 0x4F, 0x5F, 0x5F, 0x40, 0x40, 0x40, 0x40
	.byte 0x40, 0x40, 0x40, 0x40, 0x40, 0x40, 0x40, 0x40, 0x40, 0x40, 0x40, 0x40, 0x40, 0x40, 0x40, 0x40
	.byte 0x40, 0x60, 0x3F, 0x3F, 0x00, 0x00, 0x00, 0x00

ov112_021F5DB8: ; 0x021F5DB8
	.byte 0x00, 0x00, 0x00, 0x00, 0xFC, 0xFC, 0x02, 0x06
	.byte 0xC2, 0xC2, 0xC2, 0xC2, 0xC2, 0xC2, 0xE2, 0xE2, 0xF2, 0xF2, 0xFA, 0xFA, 0x02, 0x02, 0x02, 0x02
	.byte 0x22, 0x62, 0xC2, 0xC2, 0x02, 0x02, 0x02, 0x02, 0x02, 0x02, 0x02, 0x02, 0x02, 0x02, 0x02, 0x02
	.byte 0x02, 0x06, 0xFC, 0xFC, 0x00, 0x00, 0x00, 0x00, 0x00, 0x00, 0x00, 0x00, 0x3F, 0x3F, 0x40, 0x60
	.byte 0x43, 0x43, 0x43, 0x43, 0x43, 0x43, 0x47, 0x47, 0x4F, 0x4F, 0x5F, 0x5F, 0x40, 0x40, 0x40, 0x40
	.byte 0x44, 0x46, 0x43, 0x43, 0x40, 0x40, 0x40, 0x40, 0x40, 0x40, 0x40, 0x40, 0x40, 0x40, 0x40, 0x40
	.byte 0x40, 0x60, 0x3F, 0x3F, 0x00, 0x00, 0x00, 0x00

ov112_021F5E18: ; 0x021F5E18
	.byte 0x00, 0x00, 0x00, 0x00, 0x00, 0x00, 0x00, 0x00
	.byte 0x00, 0x00, 0x00, 0x00, 0x00, 0x00, 0x00, 0x00, 0x00, 0x00, 0x00, 0x00, 0x00, 0x00, 0x00, 0x00
	.byte 0x00, 0x00, 0x00, 0x00, 0x00, 0x00, 0x00, 0x00, 0x00, 0x00, 0x00, 0x00, 0x00, 0x00, 0x00, 0x00
	.byte 0x00, 0x00, 0x00, 0x00, 0x00, 0x00, 0x00, 0x00, 0x00, 0x00, 0x00, 0x00, 0x00, 0x00, 0x00, 0x00
	.byte 0x00, 0x00, 0x00, 0x00, 0x00, 0x00, 0x00, 0x00, 0x00, 0x00, 0x00, 0x00, 0x00, 0x00, 0x00, 0x00
	.byte 0x00, 0x00, 0x00, 0x00, 0x00, 0x00, 0x00, 0x00, 0x00, 0x00, 0x00, 0x00, 0x00, 0x00, 0x00, 0x00
	.byte 0x00, 0x00, 0x00, 0x00, 0x00, 0x00, 0x00, 0x00

ov112_021F5E78: ; 0x021F5E78
	.byte 0x00, 0x00, 0x00, 0x00, 0x00, 0x00, 0x00, 0x00
	.byte 0x00, 0x00, 0xFC, 0xFC, 0x02, 0x06, 0x02, 0x02, 0x02, 0x02, 0x02, 0x02, 0x02, 0x02, 0x7A, 0xFA
	.byte 0xFA, 0xFA, 0x7A, 0xFA, 0x02, 0x02, 0x02, 0x02, 0x02, 0x02, 0x02, 0x02, 0x02, 0x06, 0xFC, 0xFC
	.byte 0x00, 0x00, 0x00, 0x00, 0x00, 0x00, 0x00, 0x00, 0x00, 0x00, 0x00, 0x00, 0x00, 0x00, 0x00, 0x00
	.byte 0x00, 0x00, 0x0F, 0x0F, 0x10, 0x18, 0x10, 0x10, 0x10, 0x10, 0x10, 0x10, 0x10, 0x10, 0x16, 0x16
	.byte 0x16, 0x16, 0x16, 0x16, 0x10, 0x10, 0x20, 0x20, 0x40, 0x40, 0x70, 0x70, 0x10, 0x18, 0x0F, 0x0F
	.byte 0x00, 0x00, 0x00, 0x00, 0x00, 0x00, 0x00, 0x00

ov112_021F5ED8: ; 0x021F5ED8
	.byte 0x00, 0x00, 0x00, 0x00, 0x00, 0x00, 0x00, 0x00
	.byte 0x00, 0x00, 0xFC, 0xFC, 0x02, 0x06, 0x02, 0x02, 0x72, 0xF2, 0xFA, 0xFA, 0xFA, 0xFA, 0xF2, 0xF2
	.byte 0xE2, 0xE2, 0xF2, 0xF2, 0xFA, 0xFA, 0xFA, 0xFA, 0x72, 0xF2, 0x02, 0x02, 0x02, 0x06, 0xFC, 0xFC
	.byte 0x00, 0x00, 0x00, 0x00, 0x00, 0x00, 0x00, 0x00, 0x00, 0x00, 0x00, 0x00, 0x00, 0x00, 0x00, 0x00
	.byte 0x00, 0x00, 0x0F, 0x0F, 0x10, 0x18, 0x10, 0x10, 0x10, 0x10, 0x11, 0x11, 0x11, 0x13, 0x13, 0x17
	.byte 0x17, 0x17, 0x13, 0x17, 0x11, 0x13, 0x21, 0x21, 0x40, 0x40, 0x70, 0x70, 0x10, 0x18, 0x0F, 0x0F
	.byte 0x00, 0x00, 0x00, 0x00, 0x00, 0x00, 0x00, 0x00

ov112_021F5F38: ; 0x021F5F38
	.byte 0x00, 0x00, 0x00, 0x00, 0x00, 0x00, 0x00, 0x00
	.byte 0x00, 0x00, 0xFC, 0xFC, 0x02, 0x06, 0x02, 0x02, 0x02, 0x02, 0x02, 0x02, 0x02, 0x02, 0x02, 0x02
	.byte 0x02, 0x02, 0xFA, 0xF2, 0x72, 0x72, 0xE2, 0x62, 0xC2, 0xC2, 0x02, 0x02, 0x02, 0x06, 0xFC, 0xFC
	.byte 0x00, 0x00, 0x00, 0x00, 0x00, 0x00, 0x00, 0x00, 0x00, 0x00, 0x00, 0x00, 0x00, 0x00, 0x00, 0x00
	.byte 0x00, 0x00, 0x0F, 0x0F, 0x10, 0x18, 0x10, 0x10, 0x10, 0x10, 0x12, 0x17, 0x17, 0x17, 0x17, 0x17
	.byte 0x13, 0x17, 0x11, 0x13, 0x10, 0x10, 0x20, 0x20, 0x41, 0x40, 0x70, 0x70, 0x10, 0x18, 0x0F, 0x0F
	.byte 0x00, 0x00, 0x00, 0x00, 0x00, 0x00, 0x00, 0x00

ov112_021F5F98: ; 0x021F5F98
	.byte 0x00, 0x00, 0x00, 0x00, 0x00, 0x00, 0x00, 0x00
	.byte 0x00, 0x00, 0xFC, 0xFC, 0x02, 0x06, 0x02, 0x02, 0x02, 0x02, 0x62, 0x72, 0x02, 0x02, 0x02, 0x02
	.byte 0x02, 0x02, 0x02, 0x02, 0x02, 0x02, 0x62, 0x72, 0x02, 0x02, 0x02, 0x02, 0x02, 0x06, 0xFC, 0xFC
	.byte 0x00, 0x00, 0x00, 0x00, 0x00, 0x00, 0x00, 0x00, 0x00, 0x00, 0x00, 0x00, 0x00, 0x00, 0x00, 0x00
	.byte 0x00, 0x00, 0x0F, 0x0F, 0x10, 0x18, 0x10, 0x10, 0x10, 0x10, 0x11, 0x10, 0x12, 0x12, 0x12, 0x12
	.byte 0x12, 0x12, 0x12, 0x12, 0x12, 0x12, 0x21, 0x20, 0x40, 0x40, 0x70, 0x70, 0x10, 0x18, 0x0F, 0x0F
	.byte 0x00, 0x00, 0x00, 0x00, 0x00, 0x00, 0x00, 0x00

ov112_021F5FF8: ; 0x021F5FF8
	.byte 0x00, 0x00, 0x00, 0x00, 0x00, 0x00, 0x00, 0x00
	.byte 0x00, 0x00, 0xFC, 0xFC, 0x02, 0x06, 0x02, 0x02, 0x02, 0x02, 0x62, 0x72, 0x02, 0x02, 0x02, 0x02
	.byte 0x02, 0x02, 0x02, 0x02, 0x02, 0x02, 0x62, 0x72, 0x02, 0x02, 0x02, 0x02, 0x02, 0x06, 0xFC, 0xFC
	.byte 0x00, 0x00, 0x00, 0x00, 0x00, 0x00, 0x00, 0x00, 0x00, 0x00, 0x00, 0x00, 0x00, 0x00, 0x00, 0x00
	.byte 0x00, 0x00, 0x0F, 0x0F, 0x10, 0x18, 0x10, 0x10, 0x10, 0x10, 0x10, 0x10, 0x12, 0x12, 0x12, 0x12
	.byte 0x12, 0x12, 0x12, 0x12, 0x12, 0x12, 0x20, 0x20, 0x40, 0x40, 0x70, 0x70, 0x10, 0x18, 0x0F, 0x0F
	.byte 0x00, 0x00, 0x00, 0x00, 0x00, 0x00, 0x00, 0x00

ov112_021F6058: ; 0x021F6058
	.byte 0x00, 0x00, 0x00, 0x00, 0xFC, 0xFC, 0x02, 0x06
	.byte 0xC2, 0xC2, 0xC2, 0xC2, 0xC2, 0xC2, 0xE2, 0xE2, 0xF2, 0xF2, 0xFA, 0xFA, 0x02, 0x02, 0x02, 0x02
	.byte 0x22, 0x62, 0xC2, 0xC2, 0x02, 0x02, 0x02, 0x02, 0x0A, 0x1A, 0x32, 0x72, 0xC2, 0xC2, 0x02, 0x02
	.byte 0x02, 0x06, 0xFC, 0xFC, 0x00, 0x00, 0x00, 0x00, 0x00, 0x00, 0x00, 0x00, 0x3F, 0x3F, 0x40, 0x60
	.byte 0x43, 0x43, 0x43, 0x43, 0x43, 0x43, 0x47, 0x47, 0x4F, 0x4F, 0x5F, 0x5F, 0x40, 0x40, 0x40, 0x40
	.byte 0x44, 0x46, 0x43, 0x43, 0x40, 0x40, 0x40, 0x40, 0x50, 0x58, 0x4C, 0x4E, 0x43, 0x43, 0x40, 0x40
	.byte 0x40, 0x60, 0x3F, 0x3F, 0x00, 0x00, 0x00, 0x00

ov112_021F60B8: ; 0x021F60B8
	.byte 0x00, 0x00, 0x00, 0x00, 0x00, 0x00, 0x00, 0x00
	.byte 0xFC, 0xFC, 0x02, 0x06, 0x02, 0x02, 0x02, 0x02, 0x02, 0x02, 0x02, 0x02, 0x7A, 0xFA, 0xFA, 0xFA
	.byte 0x7A, 0xFA, 0x02, 0x02, 0x02, 0x02, 0x02, 0x02, 0x02, 0x02, 0x02, 0x06, 0xFC, 0xFC, 0x00, 0x00
	.byte 0x00, 0x00, 0x00, 0x00, 0x00, 0x00, 0x00, 0x00, 0x00, 0x00, 0x00, 0x00, 0x00, 0x00, 0x00, 0x00
	.byte 0x0F, 0x0F, 0x10, 0x18, 0x70, 0x70, 0x40, 0x40, 0x20, 0x20, 0x10, 0x10, 0x16, 0x16, 0x16, 0x16
	.byte 0x16, 0x16, 0x10, 0x10, 0x10, 0x10, 0x10, 0x10, 0x10, 0x10, 0x10, 0x18, 0x0F, 0x0F, 0x00, 0x00
	.byte 0x00, 0x00, 0x00, 0x00, 0x00, 0x00, 0x00, 0x00

ov112_021F6118: ; 0x021F6118
	.byte 0x00, 0x00, 0x00, 0x00, 0x00, 0x00, 0x00, 0x00
	.byte 0x00, 0x00, 0xFC, 0xFC, 0x02, 0x06, 0xC2, 0xC2, 0xC2, 0xC2, 0x02, 0x02, 0x02, 0x02, 0xC2, 0xC2
	.byte 0xC2, 0xC2, 0x02, 0x02, 0x02, 0x02, 0xC2, 0xC2, 0xC2, 0xC2, 0x02, 0x02, 0x02, 0x06, 0xFC, 0xFC
	.byte 0x00, 0x00, 0x00, 0x00, 0x00, 0x00, 0x00, 0x00, 0x00, 0x00, 0x00, 0x00, 0x00, 0x00, 0x00, 0x00
	.byte 0x00, 0x00, 0x0F, 0x0F, 0x10, 0x18, 0x10, 0x10, 0x10, 0x10, 0x10, 0x10, 0x10, 0x10, 0x10, 0x10
	.byte 0x10, 0x10, 0x10, 0x10, 0x10, 0x10, 0x20, 0x20, 0x40, 0x40, 0x70, 0x70, 0x10, 0x18, 0x0F, 0x0F
	.byte 0x00, 0x00, 0x00, 0x00, 0x00, 0x00, 0x00, 0x00

ov112_021F6178: ; 0x021F6178
	.byte 0x00, 0x00, 0x00, 0x00, 0x00, 0x00, 0x00, 0x00
	.byte 0xF0, 0xF0, 0x00, 0xF0, 0x00, 0x00, 0x00, 0x00, 0x00, 0x00, 0xF0, 0xF0, 0x90, 0xF0, 0x90, 0xB0
	.byte 0x90, 0xB0, 0x00, 0xB0, 0xF0, 0xF0, 0x90, 0xF0, 0x90, 0xB0, 0x10, 0xB0, 0x00, 0x30, 0x10, 0x30
	.byte 0xF0, 0xF0, 0x10, 0xF0, 0x00, 0x30, 0xC0, 0xC0, 0xC0, 0xC0, 0x00, 0x80, 0x00, 0x00, 0x00, 0x00
	.byte 0x00, 0x00, 0x00, 0x00, 0x00, 0x00, 0x00, 0x00, 0x00, 0x00, 0x00, 0x00, 0x00, 0x00, 0x00, 0x00
	.byte 0x0F, 0x1F, 0x08, 0x1F, 0x08, 0x18, 0x08, 0x18, 0x00, 0x18, 0x0F, 0x1F, 0x08, 0x1F, 0x08, 0x19
	.byte 0x08, 0x19, 0x00, 0x19, 0x0F, 0x1F, 0x00, 0x1F, 0x00, 0x01, 0x00, 0x01, 0x00, 0x00, 0x00, 0x00
	.byte 0x0F, 0x1F, 0x00, 0x1F, 0x00, 0x00, 0x0C, 0x0C, 0x0C, 0x1D, 0x00, 0x19, 0x00, 0x00, 0x00, 0x00
	.byte 0x00, 0x00, 0x00, 0x00, 0x00, 0x00, 0x00, 0x00

ov112_021F61F8: ; 0x021F61F8
	.byte 0x00, 0x00, 0x00, 0x00, 0xFC, 0xFC, 0xFE, 0x02
	.byte 0x06, 0x0A, 0x06, 0x02, 0x16, 0x32, 0xF6, 0xF2, 0x16, 0xF2, 0x06, 0x32, 0x16, 0x32, 0xF6, 0xF2
	.byte 0x16, 0xF2, 0x06, 0x32, 0xF6, 0xF2, 0x66, 0xF2, 0x86, 0xE2, 0x66, 0xE2, 0xF6, 0xF2, 0x06, 0xF2
	.byte 0xF6, 0xF2, 0x96, 0xF2, 0x96, 0xB2, 0x96, 0xB2, 0x06, 0xB2, 0x06, 0x02, 0x06, 0x02, 0x06, 0x0A
	.byte 0xFE, 0x02, 0xFC, 0xFC, 0x00, 0x00, 0x00, 0x00, 0x00, 0x00, 0x00, 0x00, 0x3F, 0x3F, 0x7F, 0x40
	.byte 0x60, 0x50, 0x60, 0x40, 0x60, 0x40, 0x6F, 0x5F, 0x60, 0x5F, 0x60, 0x40, 0x68, 0x58, 0x6F, 0x5F
	.byte 0x68, 0x5F, 0x60, 0x58, 0x6F, 0x5F, 0x60, 0x5F, 0x61, 0x43, 0x60, 0x43, 0x6F, 0x5F, 0x60, 0x5F
	.byte 0x6F, 0x5F, 0x68, 0x5F, 0x68, 0x59, 0x68, 0x59, 0x60, 0x59, 0x60, 0x40, 0x60, 0x40, 0x60, 0x50
	.byte 0x7F, 0x40, 0x3F, 0x3F, 0x00, 0x00, 0x00, 0x00

ov112_021F6278: ; 0x021F6278
	.byte 0x00, 0x00, 0x00, 0x00, 0xFC, 0xFC, 0xFE, 0x02
	.byte 0x06, 0x0A, 0x06, 0x02, 0x16, 0x32, 0xF6, 0xF2, 0x16, 0xF2, 0x06, 0x32, 0x16, 0x32, 0xF6, 0xF2
	.byte 0x16, 0xF2, 0x06, 0x32, 0xF6, 0xF2, 0x66, 0xF2, 0x86, 0xE2, 0x66, 0xE2, 0xF6, 0xF2, 0x06, 0xF2
	.byte 0xF6, 0xF2, 0x96, 0xF2, 0x96, 0xB2, 0x96, 0xB2, 0x06, 0xB2, 0x06, 0x02, 0x06, 0x02, 0x06, 0x0A
	.byte 0xFE, 0x02, 0xFC, 0xFC, 0x00, 0x00, 0x00, 0x00, 0x00, 0x00, 0x00, 0x00, 0x3F, 0x3F, 0x7F, 0x40
	.byte 0x60, 0x50, 0x60, 0x40, 0x60, 0x40, 0x6F, 0x5F, 0x60, 0x5F, 0x60, 0x40, 0x68, 0x58, 0x6F, 0x5F
	.byte 0x68, 0x5F, 0x60, 0x58, 0x6F, 0x5F, 0x60, 0x5F, 0x61, 0x43, 0x60, 0x43, 0x6F, 0x5F, 0x60, 0x5F
	.byte 0x6F, 0x5F, 0x68, 0x5F, 0x68, 0x59, 0x68, 0x59, 0x60, 0x59, 0x60, 0x40, 0x60, 0x40, 0x60, 0x50
	.byte 0x7F, 0x40, 0x3F, 0x3F, 0x00, 0x00, 0x00, 0x00

ov112_021F62F8: ; 0x021F62F8
	.byte 0x00, 0x00, 0x00, 0x00, 0x00, 0x00, 0x00, 0x00
	.byte 0x00, 0x00, 0x00, 0x00, 0x00, 0x00, 0x00, 0x00, 0x00, 0x00, 0x00, 0x00, 0x00, 0x00, 0x80, 0x40
	.byte 0x00, 0x00, 0x00, 0x00, 0x00, 0x00, 0x00, 0x00, 0x00, 0x00, 0x00, 0x00, 0x00, 0x80, 0x80, 0x00
	.byte 0x83, 0x04, 0x8E, 0x10, 0xBC, 0x40, 0xF8, 0x00, 0xF0, 0x00, 0xF8, 0x04, 0xFE, 0x01, 0xFF, 0x00
	.byte 0xE0, 0x00, 0x60, 0x00, 0x20, 0x00, 0x00, 0x00, 0x00, 0x00, 0x00, 0x00, 0x00, 0x00, 0x00, 0x00
	.byte 0x30, 0x09, 0x1D, 0x02, 0x0F, 0x00, 0xFF, 0x00, 0xFF, 0x00, 0x3F, 0x00, 0x0F, 0x10, 0x1D, 0x22
	.byte 0x30, 0x08, 0x00, 0x00, 0x00, 0x00, 0x00, 0x00, 0x00, 0x00, 0x00, 0x00, 0x00, 0x00, 0x00, 0x00
	.byte 0x00, 0x00, 0x00, 0x00, 0x00, 0x00, 0x03, 0x00, 0x00, 0x00, 0x00, 0x00, 0x00, 0x00, 0x00, 0x00
	.byte 0x00, 0x00, 0x00, 0x00, 0x00, 0x00, 0x00, 0x00

ov112_021F6378: ; 0x021F6378
	.byte 0x40, 0x80, 0x80, 0x00, 0x00, 0x00, 0x00, 0x00
	.byte 0x00, 0x00, 0x00, 0x00, 0x00, 0x80, 0xF0, 0x08, 0xFE, 0x00, 0x00, 0x00, 0x00, 0x00, 0x00, 0x00
	.byte 0x00, 0x00, 0x80, 0x00, 0xC0, 0x00, 0x20, 0x40, 0x00, 0x00, 0x01, 0x02, 0x07, 0x08, 0x1E, 0x20
	.byte 0xFC, 0x00, 0xF8, 0x00, 0xFF, 0x00, 0xFF, 0x00, 0xFF, 0x00, 0xF8, 0x00, 0xFC, 0x00, 0x3E, 0x40
	.byte 0x0F, 0x10, 0x03, 0x04, 0x00, 0x01, 0x00, 0x00, 0x80, 0x40, 0x60, 0x10, 0x38, 0x04, 0x1E, 0x01
	.byte 0x0F, 0x00, 0xFF, 0x00, 0xFF, 0x00, 0xFF, 0x00, 0x3F, 0x00, 0x7F, 0x00, 0xFF, 0x00, 0xEF, 0x10
	.byte 0x8E, 0x40, 0x0C, 0x00, 0x08, 0x00, 0x00, 0x00, 0x00, 0x00, 0x00, 0x00, 0x00, 0x00, 0x00, 0x00
	.byte 0x00, 0x00, 0x7F, 0x00, 0x0F, 0x10, 0x00, 0x01, 0x00, 0x00, 0x00, 0x00, 0x00, 0x00, 0x01, 0x00
	.byte 0x03, 0x00, 0x06, 0x01, 0x00, 0x00, 0x00, 0x00

ov112_021F63F8: ; 0x021F63F8
	.byte 0x00, 0x00, 0x00, 0x00, 0xFC, 0xFC, 0xFE, 0x02
	.byte 0x06, 0x0A, 0x06, 0x02, 0x06, 0x02, 0x66, 0xE2, 0x96, 0xF2, 0x16, 0xB2, 0x26, 0x72, 0x06, 0x62
	.byte 0xF6, 0xF2, 0x86, 0xF2, 0x86, 0x82, 0xF6, 0xF2, 0x06, 0xF2, 0xE6, 0xE2, 0x16, 0xF2, 0x16, 0x32
	.byte 0xE6, 0xF2, 0x06, 0xE2, 0xF6, 0xF2, 0x16, 0xF2, 0x16, 0x32, 0xE6, 0xF2, 0x06, 0xE2, 0xF6, 0xF2
	.byte 0x96, 0xF2, 0x96, 0xB2, 0x96, 0xB2, 0x06, 0xB2, 0x06, 0x02, 0x06, 0x02, 0x06, 0x02, 0x06, 0x0A
	.byte 0xFE, 0x02, 0xFC, 0xFC, 0x00, 0x00, 0x00, 0x00, 0x00, 0x00, 0x00, 0x00, 0x3F, 0x3F, 0x7F, 0x40
	.byte 0x60, 0x50, 0x60, 0x40, 0x60, 0x40, 0x64, 0x4C, 0x68, 0x5D, 0x69, 0x5B, 0x66, 0x5F, 0x60, 0x4E
	.byte 0x6F, 0x5F, 0x60, 0x5F, 0x60, 0x41, 0x6F, 0x5F, 0x60, 0x5F, 0x6F, 0x5F, 0x61, 0x5F, 0x61, 0x43
	.byte 0x6F, 0x5F, 0x60, 0x5F, 0x6F, 0x5F, 0x68, 0x5F, 0x68, 0x58, 0x67, 0x5F, 0x60, 0x4F, 0x6F, 0x5F
	.byte 0x68, 0x5F, 0x68, 0x59, 0x68, 0x59, 0x60, 0x59, 0x60, 0x40, 0x60, 0x40, 0x60, 0x40, 0x60, 0x50
	.byte 0x7F, 0x40, 0x3F, 0x3F, 0x00, 0x00, 0x00, 0x00

ov112_021F6498: ; 0x021F6498
	.byte 0x00, 0x00, 0x00, 0x00, 0xFC, 0xFC, 0xFE, 0x02
	.byte 0x06, 0x0A, 0x06, 0x02, 0x06, 0x02, 0x66, 0xE2, 0x96, 0xF2, 0x16, 0xB2, 0x26, 0x72, 0x06, 0x62
	.byte 0xE6, 0xE2, 0x16, 0xF2, 0x16, 0x32, 0xE6, 0xF2, 0x06, 0xE2, 0xF6, 0xF2, 0x06, 0xF2, 0x06, 0x02
	.byte 0xF6, 0xF2, 0x06, 0xF2, 0xF6, 0xF2, 0xC6, 0xF2, 0x06, 0xC2, 0xF6, 0xF2, 0x06, 0xF2, 0xF6, 0xF2
	.byte 0x16, 0xF2, 0x16, 0x32, 0xE6, 0xF2, 0x06, 0xE2, 0x06, 0x02, 0x06, 0x02, 0x06, 0x02, 0x06, 0x0A
	.byte 0xFE, 0x02, 0xFC, 0xFC, 0x00, 0x00, 0x00, 0x00, 0x00, 0x00, 0x00, 0x00, 0x3F, 0x3F, 0x7F, 0x40
	.byte 0x60, 0x50, 0x60, 0x40, 0x60, 0x40, 0x64, 0x4C, 0x68, 0x5D, 0x69, 0x5B, 0x66, 0x5F, 0x60, 0x4E
	.byte 0x67, 0x4F, 0x68, 0x5F, 0x68, 0x58, 0x67, 0x5F, 0x60, 0x4F, 0x67, 0x4F, 0x68, 0x5F, 0x68, 0x58
	.byte 0x67, 0x5F, 0x60, 0x4F, 0x6F, 0x5F, 0x60, 0x5F, 0x63, 0x47, 0x6F, 0x5F, 0x60, 0x5F, 0x6F, 0x5F
	.byte 0x68, 0x5F, 0x68, 0x58, 0x67, 0x5F, 0x60, 0x4F, 0x60, 0x40, 0x60, 0x40, 0x60, 0x40, 0x60, 0x50
	.byte 0x7F, 0x40, 0x3F, 0x3F, 0x00, 0x00, 0x00, 0x00

ov112_021F6538: ; 0x021F6538
	.byte 0x00, 0x00, 0x00, 0x00, 0xFC, 0xFC, 0xFE, 0x02
	.byte 0x06, 0x0A, 0x06, 0x02, 0x06, 0x02, 0x06, 0x02, 0x06, 0x02, 0x06, 0x02, 0xF6, 0xF2, 0x16, 0xF2
	.byte 0x16, 0x32, 0xE6, 0xF2, 0x06, 0xE2, 0xE6, 0xE2, 0x16, 0xF2, 0x16, 0x32, 0xE6, 0xF2, 0x06, 0xE2
	.byte 0xF6, 0xF2, 0x06, 0xF2, 0x86, 0x82, 0x76, 0xF2, 0x06, 0xF2, 0x66, 0xE2, 0x96, 0xF2, 0x16, 0xB2
	.byte 0x26, 0x72, 0x06, 0x62, 0x06, 0x02, 0x06, 0x02, 0x06, 0x02, 0x06, 0x02, 0x06, 0x02, 0x06, 0x0A
	.byte 0xFE, 0x02, 0xFC, 0xFC, 0x00, 0x00, 0x00, 0x00, 0x00, 0x00, 0x00, 0x00, 0x3F, 0x3F, 0x7F, 0x40
	.byte 0x60, 0x50, 0x60, 0x40, 0x60, 0x40, 0x60, 0x40, 0x60, 0x40, 0x60, 0x40, 0x6F, 0x5F, 0x68, 0x5F
	.byte 0x68, 0x58, 0x67, 0x5F, 0x60, 0x4F, 0x6F, 0x5F, 0x61, 0x5F, 0x61, 0x43, 0x6F, 0x5F, 0x60, 0x5F
	.byte 0x60, 0x40, 0x6F, 0x5F, 0x60, 0x5F, 0x60, 0x41, 0x60, 0x40, 0x64, 0x4C, 0x68, 0x5D, 0x69, 0x5B
	.byte 0x66, 0x5F, 0x60, 0x4E, 0x60, 0x40, 0x60, 0x40, 0x60, 0x40, 0x60, 0x40, 0x60, 0x40, 0x60, 0x50
	.byte 0x7F, 0x40, 0x3F, 0x3F, 0x00, 0x00, 0x00, 0x00

ov112_021F65D8: ; 0x021F65D8
	.byte 0x00, 0x00, 0x00, 0x00, 0xFC, 0xFC, 0xFE, 0x02
	.byte 0x06, 0x0A, 0x06, 0x02, 0x06, 0x02, 0x06, 0x02, 0x66, 0xE2, 0x96, 0xF2, 0x16, 0xB2, 0x26, 0x72
	.byte 0x06, 0x62, 0x16, 0x32, 0xF6, 0xF2, 0x16, 0xF2, 0x06, 0x32, 0xF6, 0xF2, 0x96, 0xF2, 0x96, 0xB2
	.byte 0x96, 0xB2, 0x06, 0xB2, 0xF6, 0xF2, 0x16, 0xF2, 0x16, 0x32, 0xE6, 0xF2, 0x06, 0xE2, 0x66, 0xE2
	.byte 0x96, 0xF2, 0x16, 0xB2, 0x26, 0x72, 0x06, 0x62, 0x06, 0x02, 0x06, 0x02, 0x06, 0x02, 0x06, 0x0A
	.byte 0xFE, 0x02, 0xFC, 0xFC, 0x00, 0x00, 0x00, 0x00, 0x00, 0x00, 0x00, 0x00, 0x3F, 0x3F, 0x7F, 0x40
	.byte 0x60, 0x50, 0x60, 0x40, 0x60, 0x40, 0x60, 0x40, 0x64, 0x4C, 0x68, 0x5D, 0x69, 0x5B, 0x66, 0x5F
	.byte 0x60, 0x4E, 0x60, 0x40, 0x6F, 0x5F, 0x60, 0x5F, 0x60, 0x40, 0x6F, 0x5F, 0x68, 0x5F, 0x68, 0x59
	.byte 0x68, 0x59, 0x60, 0x59, 0x6F, 0x5F, 0x61, 0x5F, 0x61, 0x43, 0x60, 0x43, 0x60, 0x41, 0x64, 0x4C
	.byte 0x68, 0x5D, 0x69, 0x5B, 0x66, 0x5F, 0x60, 0x4E, 0x60, 0x40, 0x60, 0x40, 0x60, 0x40, 0x60, 0x50
	.byte 0x7F, 0x40, 0x3F, 0x3F, 0x00, 0x00, 0x00, 0x00

ov112_021F6678: ; 0x021F6678
	.byte 0x00, 0x00, 0x00, 0x00, 0xFC, 0xFC, 0xFE, 0x02
	.byte 0x06, 0x0A, 0x06, 0x02, 0x06, 0x02, 0xF6, 0xF2, 0x86, 0xF2, 0x86, 0x82, 0xF6, 0xF2, 0x06, 0xF2
	.byte 0xE6, 0xE2, 0x16, 0xF2, 0x16, 0x32, 0xE6, 0xF2, 0x06, 0xE2, 0xF6, 0xF2, 0x06, 0xF2, 0x06, 0x02
	.byte 0xF6, 0xF2, 0x06, 0xF2, 0xF6, 0xF2, 0x16, 0xF2, 0x16, 0x32, 0xE6, 0xF2, 0x06, 0xE2, 0x66, 0xE2
	.byte 0x96, 0xF2, 0x16, 0xB2, 0x26, 0x72, 0x06, 0x62, 0x06, 0x02, 0x06, 0x02, 0x06, 0x02, 0x06, 0x0A
	.byte 0xFE, 0x02, 0xFC, 0xFC, 0x00, 0x00, 0x00, 0x00, 0x00, 0x00, 0x00, 0x00, 0x3F, 0x3F, 0x7F, 0x40
	.byte 0x60, 0x50, 0x60, 0x40, 0x60, 0x40, 0x6F, 0x5F, 0x60, 0x5F, 0x60, 0x41, 0x6F, 0x5F, 0x60, 0x5F
	.byte 0x67, 0x4F, 0x68, 0x5F, 0x68, 0x58, 0x67, 0x5F, 0x60, 0x4F, 0x67, 0x4F, 0x68, 0x5F, 0x68, 0x58
	.byte 0x67, 0x5F, 0x60, 0x4F, 0x6F, 0x5F, 0x61, 0x5F, 0x63, 0x43, 0x6C, 0x5F, 0x60, 0x5D, 0x64, 0x4C
	.byte 0x68, 0x5D, 0x69, 0x5B, 0x66, 0x5F, 0x60, 0x4E, 0x60, 0x40, 0x60, 0x40, 0x60, 0x40, 0x60, 0x50
	.byte 0x7F, 0x40, 0x3F, 0x3F, 0x00, 0x00, 0x00, 0x00

ov112_021F6718: ; 0x021F6718
	.byte 0x00, 0x00, 0x38, 0x00, 0x84, 0x60, 0x02, 0xC0
	.byte 0x02, 0xC0, 0x02, 0xC0, 0x02, 0xE0, 0x04, 0x78, 0x18, 0x20, 0x20, 0x00, 0x10, 0x00, 0x10, 0x00
	.byte 0x08, 0x00, 0x08, 0x00, 0x08, 0x00, 0x10, 0x00, 0x10, 0x80, 0x60, 0x00, 0x40, 0x00, 0x20, 0x00
	.byte 0x38, 0x00, 0x26, 0x18, 0x21, 0x18, 0x41, 0x30, 0x82, 0x70, 0x02, 0xF8, 0x01, 0xE0, 0x01, 0xC0
	.byte 0x81, 0x40, 0x82, 0x40, 0x44, 0x20, 0x38, 0x00, 0x0E, 0x00, 0x11, 0x0E, 0xE0, 0x1F, 0x18, 0xE7
	.byte 0x04, 0xC3, 0x02, 0x81, 0x02, 0x81, 0x00, 0xC0, 0x00, 0x00, 0x00, 0x00, 0x00, 0x00, 0x00, 0x00
	.byte 0x00, 0x00, 0x00, 0x00, 0x00, 0x00, 0x00, 0x00, 0x00, 0x00, 0x00, 0x00, 0x00, 0x00, 0x00, 0x00
	.byte 0x00, 0x80, 0x00, 0xC0, 0x80, 0x40, 0x40, 0x20, 0x21, 0x50, 0x3E, 0x41, 0x41, 0x00, 0x41, 0x00
	.byte 0x80, 0x00, 0x00, 0x00, 0x00, 0x00, 0x00, 0x00, 0x00, 0x00, 0x00, 0x00, 0x01, 0x00, 0x06, 0x01
	.byte 0x08, 0x07, 0x08, 0x07, 0x10, 0x0F, 0x10, 0x0F, 0x10, 0x0F, 0x08, 0x06, 0x08, 0x04, 0x10, 0x0C
	.byte 0x20, 0x1C, 0x20, 0x1C, 0x20, 0x1E, 0x10, 0x0F, 0x0C, 0x03, 0x10, 0x0E, 0x10, 0x0F, 0x10, 0x0F
	.byte 0x18, 0x07, 0x10, 0x03, 0x20, 0x00, 0x20, 0x00, 0x40, 0x00, 0x40, 0x00, 0x40, 0x00, 0x20, 0x00
	.byte 0x20, 0x01, 0x11, 0x00, 0x0E, 0x00, 0x00, 0x00

ov112_021F67D8: ; 0x021F67D8
	.byte 0x00, 0x00, 0x00, 0x00, 0x00, 0x00, 0x00, 0x00
	.byte 0x00, 0x00, 0x80, 0x80, 0xE0, 0x60, 0x30, 0x90, 0x98, 0x08, 0x4C, 0x84, 0x2C, 0x04, 0x1C, 0x00
	.byte 0x18, 0x08, 0x18, 0x08, 0x18, 0x08, 0x18, 0x08, 0x18, 0x08, 0x18, 0x08, 0x18, 0x08, 0x18, 0x08
	.byte 0x18, 0x08, 0x1C, 0x00, 0x2C, 0x04, 0x4C, 0x84, 0x98, 0x08, 0x30, 0x90, 0xE0, 0x60, 0x80, 0x80
	.byte 0x00, 0x00, 0x00, 0x00, 0x00, 0x00, 0x00, 0x00, 0x00, 0x00, 0x00, 0x00, 0x00, 0x00, 0x00, 0x00
	.byte 0x00, 0x00, 0xFF, 0xFF, 0xFF, 0x00, 0x80, 0x7D, 0xFF, 0x00, 0x80, 0x7B, 0x80, 0x7B, 0x80, 0x7B
	.byte 0x80, 0x7B, 0x80, 0x7B, 0x80, 0x7B, 0xE0, 0x1B, 0xE0, 0x1B, 0xE0, 0x1B, 0x80, 0x7B, 0x80, 0x7B
	.byte 0x80, 0x7B, 0x80, 0x7B, 0x80, 0x7B, 0x80, 0x7B, 0xFF, 0x00, 0x80, 0x7D, 0xFF, 0x00, 0xFF, 0xFF
	.byte 0x00, 0x00, 0x00, 0x00, 0x00, 0x00, 0x00, 0x00, 0x00, 0x00, 0x00, 0x00, 0x00, 0x00, 0x00, 0x00
	.byte 0x00, 0x00, 0x01, 0x01, 0x3F, 0x3E, 0x7F, 0x40, 0x71, 0x4E, 0x7F, 0x40, 0x31, 0x2E, 0x31, 0x2E
	.byte 0x31, 0x2E, 0x33, 0x2C, 0x36, 0x29, 0x35, 0x2A, 0x35, 0x2A, 0x35, 0x2A, 0x36, 0x29, 0x33, 0x2C
	.byte 0x31, 0x2E, 0x31, 0x2E, 0x31, 0x2E, 0x7F, 0x40, 0x71, 0x4E, 0x7F, 0x40, 0x3F, 0x3E, 0x01, 0x01
	.byte 0x00, 0x00, 0x00, 0x00, 0x00, 0x00, 0x00, 0x00

ov112_021F6898: ; 0x021F6898
	.byte 0x00, 0x00, 0x00, 0x00, 0x00, 0x00, 0x00, 0x00
	.byte 0x00, 0x00, 0x00, 0x00, 0x80, 0x80, 0xC0, 0x40, 0xC0, 0x40, 0x60, 0x20, 0x60, 0x20, 0x60, 0xA0
	.byte 0x60, 0x20, 0xC0, 0x40, 0xC0, 0x40, 0xC0, 0x40, 0x80, 0x80, 0x80, 0x80, 0x00, 0x00, 0x00, 0x00
	.byte 0xF0, 0xF0, 0x18, 0x08, 0x0C, 0x04, 0x0C, 0x04, 0x1C, 0xE4, 0xF8, 0x08, 0xF0, 0xF0, 0x00, 0x00
	.byte 0x00, 0x00, 0x00, 0x00, 0x00, 0x00, 0x00, 0x00, 0x00, 0x00, 0x00, 0x00, 0x00, 0x00, 0x00, 0x00
	.byte 0x00, 0x00, 0xFF, 0xFF, 0xFF, 0x00, 0xFF, 0x00, 0x00, 0x18, 0x00, 0x1E, 0x00, 0x87, 0x00, 0x9F
	.byte 0x00, 0xFF, 0x00, 0xF6, 0x00, 0xF0, 0x00, 0xE0, 0x01, 0xE4, 0x01, 0x78, 0x03, 0x39, 0x03, 0xFD
	.byte 0xFF, 0xFF, 0x00, 0x00, 0x00, 0x00, 0x00, 0x00, 0x00, 0xFF, 0xFF, 0x00, 0xFF, 0xFF, 0x00, 0x00
	.byte 0x00, 0x00, 0x00, 0x00, 0x00, 0x00, 0x00, 0x00, 0x00, 0x00, 0x00, 0x00, 0x00, 0x00, 0x00, 0x00
	.byte 0x00, 0x00, 0x3F, 0x3F, 0x3F, 0x20, 0x1F, 0x10, 0x1C, 0x12, 0x0E, 0x09, 0x0E, 0x09, 0x0E, 0x09
	.byte 0x0E, 0x09, 0x1C, 0x11, 0x1C, 0x10, 0x1C, 0x10, 0x38, 0x23, 0x38, 0x27, 0x70, 0x4F, 0x70, 0x4F
	.byte 0x77, 0x4F, 0x7A, 0x4E, 0x79, 0x4F, 0x3F, 0x2F, 0x3F, 0x21, 0x1F, 0x12, 0x0F, 0x0F, 0x00, 0x00
	.byte 0x00, 0x00, 0x00, 0x00, 0x00, 0x00, 0x00, 0x00

ov112_021F6958:
	.byte 0x00, 0x00, 0x80, 0x00, 0xE0, 0xC0, 0xF0, 0xF0
	.byte 0xF0, 0xF0, 0xE0, 0xC0, 0x80, 0x00, 0x00, 0x00, 0x00, 0x00, 0x00, 0x00, 0x80, 0x80, 0x80, 0x80
	.byte 0x00, 0x00, 0x00, 0x00, 0x00, 0x00, 0x00, 0x00, 0xC0, 0x80, 0xE0, 0xE0, 0xF8, 0xF0, 0xFC, 0xFC
	.byte 0xFC, 0xFC, 0xF8, 0xF0, 0xE0, 0xE0, 0xC0, 0x80, 0x00, 0x00, 0x00, 0x00, 0x00, 0x00, 0x80, 0x80
	.byte 0xC0, 0xC0, 0xC0, 0xC0, 0x80, 0x80, 0x00, 0x00, 0x3E, 0x3C, 0x7F, 0x7F, 0x7F, 0x7F, 0xFF, 0xFF
	.byte 0xFF, 0xFF, 0x7F, 0x7F, 0x7F, 0x7F, 0x7E, 0x7C, 0xFE, 0xFC, 0xFF, 0xFF, 0xFF, 0xFF, 0xFF, 0xFF
	.byte 0xFF, 0xFF, 0xFE, 0xFC, 0x7C, 0x78, 0x3F, 0x3E, 0x3F, 0x3F, 0x7F, 0x7F, 0x7F, 0x7F, 0xFF, 0xFF
	.byte 0xFF, 0xFF, 0x7F, 0x7F, 0x7F, 0x7F, 0x3F, 0x3F, 0x3F, 0x3E, 0x1E, 0x1C, 0x3E, 0x3E, 0x7F, 0x7F
	.byte 0xFF, 0xFF, 0xFF, 0xFF, 0x7F, 0x7F, 0x3E, 0x3E, 0x04, 0xF8, 0x04, 0xF8, 0x04, 0xF8, 0x0F, 0xF3
	.byte 0x1F, 0xE3, 0x0C, 0xF0, 0x1C, 0xE0, 0x0C, 0xF0, 0x04, 0xF8, 0x04, 0xF8, 0x07, 0xFB, 0x07, 0xFB
	.byte 0x04, 0xF8, 0x0C, 0xF0, 0x1C, 0xE0, 0x0C, 0xF0, 0x1C, 0xE0, 0x0C, 0xF0, 0x04, 0xF8, 0x07, 0xFB
	.byte 0x07, 0xFB, 0x04, 0xF8, 0x04, 0xF8, 0x0C, 0xF0, 0x1C, 0xE0, 0x0C, 0xF0, 0x1C, 0xE0, 0x0C, 0xF0
	.byte 0x07, 0xFB, 0x07, 0xFB, 0x04, 0xF8, 0x04, 0xF8

ov112_021F6A18:
	.byte 0xFF, 0x07, 0xFF, 0x0F, 0xFF, 0x1F, 0xFF, 0x1F
	.byte 0xFF, 0x0F, 0xFF, 0x07, 0xFF, 0x07, 0xFF, 0x07, 0xFF, 0x03, 0xFF, 0x03, 0xFF, 0x03, 0xFF, 0x03
	.byte 0xFF, 0x07, 0xFF, 0x07, 0xFF, 0x1F, 0xFF, 0x7F, 0xFF, 0xFF, 0xFF, 0x7F, 0xFF, 0x0F, 0xFF, 0x07
	.byte 0xFF, 0x07, 0xFF, 0x03, 0xFF, 0x03, 0xFF, 0x03, 0xFF, 0x07, 0xFF, 0x07, 0xFF, 0x03, 0xFF, 0x07
	.byte 0xFF, 0x0F, 0xFF, 0x0F, 0xFF, 0x07, 0xFF, 0x03, 0xFF, 0x00, 0xFF, 0x00, 0xFF, 0x00, 0xFF, 0x00
	.byte 0xFF, 0x00, 0xFF, 0x00, 0xFF, 0x00, 0xFF, 0x00, 0xFF, 0x00, 0xFF, 0x00, 0xFF, 0x00, 0xFF, 0x00
	.byte 0xFF, 0x00, 0xFF, 0x00, 0xFF, 0x00, 0xFF, 0x00, 0xFF, 0x00, 0xFF, 0x00, 0xFF, 0x00, 0xFF, 0x00
	.byte 0xFF, 0x00, 0xFF, 0x00, 0xFF, 0x00, 0xFF, 0x00, 0xFF, 0x00, 0xFF, 0x00, 0xFF, 0x00, 0xFF, 0x00
	.byte 0xFF, 0x00, 0xFF, 0x00, 0xFF, 0x00, 0xFF, 0x00, 0xFF, 0xF8, 0xFF, 0xF8, 0xFF, 0xFC, 0xFF, 0xFC
	.byte 0xFF, 0xFC, 0xFF, 0xF8, 0xFF, 0xF8, 0xFF, 0xFC, 0xFF, 0xFC, 0xFF, 0xF8, 0xFF, 0xF8, 0xFF, 0xF8
	.byte 0xFF, 0xFC, 0xFF, 0xFC, 0xFF, 0xFC, 0xFF, 0xFE, 0xFF, 0xFE, 0xFF, 0xFE, 0xFF, 0xFC, 0xFF, 0xF8
	.byte 0xFF, 0xF8, 0xFF, 0xF0, 0xFF, 0xF0, 0xFF, 0xF8, 0xFF, 0xF8, 0xFF, 0xFC, 0xFF, 0xFC, 0xFF, 0xF8
	.byte 0xFF, 0xF8, 0xFF, 0xF8, 0xFF, 0xF0, 0xFF, 0xF0

ov112_021F6AD8:
	.byte 0xE0, 0x1A, 0xA0, 0x52, 0xE0, 0x12, 0xC0, 0x2A
	.byte 0xE0, 0x1A, 0xE0, 0x1A, 0xE0, 0x12, 0xE0, 0x12, 0xE0, 0x1A, 0xA0, 0x5A, 0xE0, 0x12, 0xC0, 0x3A
	.byte 0xE0, 0x1A, 0xE0, 0x1A, 0xE0, 0x1A, 0xE0, 0x1A, 0xE0, 0x1A, 0xE0, 0x1A, 0xE0, 0x1A, 0xE0, 0x12
	.byte 0xE0, 0x12, 0xC0, 0x3A, 0xC0, 0x3A, 0x60, 0x9A, 0xE0, 0x0A, 0xE0, 0x1A, 0xC0, 0x32, 0xA0, 0x52
	.byte 0xE0, 0x12, 0xE0, 0x1A, 0xC0, 0x3A, 0xE0, 0x0A, 0x1F, 0x80, 0x3F, 0x00, 0x3F, 0x00, 0x7F, 0x00
	.byte 0x7F, 0x00, 0x7F, 0x00, 0x3F, 0x00, 0x3F, 0x00, 0x1F, 0x80, 0x3F, 0x00, 0x3F, 0x00, 0x7F, 0x00
	.byte 0x7F, 0x00, 0x7F, 0x00, 0x3F, 0x00, 0x3F, 0x00, 0x1F, 0x80, 0x3F, 0x00, 0x3F, 0x00, 0x7F, 0x00
	.byte 0x7F, 0x00, 0x7F, 0x00, 0x3F, 0x00, 0x3F, 0x00, 0x1F, 0x80, 0x3F, 0x00, 0x3F, 0x00, 0x7F, 0x00
	.byte 0x7F, 0x00, 0x7F, 0x00, 0x3F, 0x00, 0x3F, 0x00, 0x00, 0x10, 0x00, 0x01, 0x00, 0x05, 0x00, 0x02
	.byte 0x00, 0x02, 0x00, 0x02, 0x00, 0x01, 0x00, 0x21, 0x00, 0x08, 0x00, 0x01, 0x00, 0x11, 0x00, 0x02
	.byte 0x00, 0x02, 0x00, 0x02, 0x00, 0x05, 0x00, 0x01, 0x00, 0x00, 0x00, 0x01, 0x00, 0x11, 0x00, 0x02
	.byte 0x00, 0x02, 0x00, 0x02, 0x00, 0x05, 0x00, 0x01, 0x00, 0x00, 0x00, 0x01, 0x00, 0x01, 0x00, 0x02
	.byte 0x00, 0x02, 0x00, 0x02, 0x00, 0x05, 0x00, 0x01

ov112_021F6B98:
	.byte 0xF8, 0x04, 0xFE, 0x00, 0xFF, 0x00, 0xFF, 0x00
	.byte 0xFE, 0x00, 0xF8, 0x04, 0xF0, 0x00, 0xF0, 0x00, 0xF8, 0x00, 0xFC, 0x00, 0xFC, 0x00, 0xF8, 0x00
	.byte 0xF0, 0x00, 0xC0, 0x20, 0x00, 0x00, 0x00, 0x00, 0x00, 0x00, 0x00, 0x00, 0x00, 0x00, 0x00, 0x00
	.byte 0x00, 0x00, 0x00, 0x00, 0x00, 0x00, 0x00, 0x00, 0x00, 0x00, 0x80, 0x40, 0xE0, 0x00, 0xF0, 0x00
	.byte 0xF8, 0x00, 0xF8, 0x00, 0xF0, 0x00, 0xE0, 0x00, 0x03, 0x00, 0x03, 0x84, 0x9F, 0x00, 0x9F, 0x00
	.byte 0x83, 0x84, 0x83, 0x80, 0x83, 0xC0, 0xC7, 0x80, 0xC7, 0x80, 0xDF, 0xC0, 0xDF, 0xC0, 0xC7, 0x80
	.byte 0xC7, 0x80, 0xD3, 0x00, 0xD8, 0x40, 0xD0, 0x00, 0xD8, 0x40, 0xD0, 0x00, 0xD0, 0x00, 0xD8, 0x40
	.byte 0xDC, 0xC0, 0xD8, 0x40, 0xDC, 0xC0, 0xD8, 0x40, 0xD0, 0x00, 0x83, 0x40, 0x87, 0x80, 0x87, 0x80
	.byte 0x9F, 0x80, 0x9F, 0x00, 0x87, 0x00, 0x07, 0x80, 0x1F, 0xE6, 0x1F, 0xEF, 0x1F, 0xFF, 0x3F, 0xDF
	.byte 0x3F, 0xCF, 0x3F, 0xC7, 0x3F, 0xC3, 0x3F, 0xC3, 0x7F, 0x87, 0x7F, 0x8F, 0x7F, 0x8F, 0x7F, 0x87
	.byte 0x7F, 0x87, 0x7F, 0x83, 0x7F, 0x80, 0x7F, 0x80, 0x7F, 0x80, 0x7F, 0x80, 0x7F, 0x80, 0x7F, 0x80
	.byte 0x7F, 0x80, 0x7F, 0x80, 0x7F, 0x80, 0x7F, 0x80, 0x3F, 0xC0, 0x3F, 0xC3, 0x3F, 0xC7, 0x3F, 0xC7
	.byte 0x3F, 0xCF, 0x1F, 0xEF, 0x1F, 0xE7, 0x1F, 0xE2

ov112_021F6C58:
	.byte 0x00, 0x00, 0x00, 0x00, 0x00, 0x00, 0x00, 0x00
	.byte 0x00, 0x00, 0x00, 0x00, 0x00, 0x00, 0x00, 0x00, 0x00, 0x00, 0x00, 0x00, 0x00, 0x00, 0x00, 0x00
	.byte 0x00, 0x00, 0x00, 0x00, 0x00, 0x00, 0x00, 0x00, 0x00, 0x00, 0x00, 0x00, 0x00, 0x00, 0x00, 0x00
	.byte 0x00, 0x00, 0x00, 0x00, 0x00, 0x00, 0x00, 0x00, 0x00, 0x00, 0x00, 0x00, 0x00, 0x00, 0x00, 0x00
	.byte 0x00, 0x00, 0x00, 0x00, 0x00, 0x00, 0x00, 0x00, 0x00, 0x00, 0x80, 0x00, 0xC0, 0x00, 0xE0, 0x00
	.byte 0xE0, 0x00, 0xD0, 0x20, 0xF0, 0x00, 0xE0, 0x10, 0xB0, 0x40, 0xF0, 0x00, 0xD0, 0x20, 0xE0, 0x00
	.byte 0xE0, 0x00, 0xC0, 0x00, 0x80, 0x00, 0x00, 0x00, 0x80, 0x80, 0xC0, 0xC0, 0xF0, 0xF0, 0xFC, 0xFC
	.byte 0xFF, 0xFF, 0xFF, 0xFC, 0xFF, 0xFE, 0xFF, 0xFC, 0xFF, 0xFF, 0xFC, 0xFC, 0xF0, 0xF0, 0xC0, 0xC0
	.byte 0x80, 0x80, 0x00, 0x00, 0x00, 0x00, 0x00, 0x00, 0x07, 0xF8, 0x07, 0xF8, 0x07, 0xF8, 0x0F, 0xF0
	.byte 0x1F, 0xE0, 0x0F, 0xF0, 0x1F, 0xE0, 0x0F, 0xF0, 0x07, 0xF8, 0x07, 0xF8, 0x07, 0xF8, 0x07, 0xF8
	.byte 0x07, 0xF8, 0x0F, 0xF2, 0x1F, 0xE2, 0x0F, 0xF3, 0x1F, 0xE3, 0x0F, 0xF3, 0x07, 0xFB, 0x07, 0xFB
	.byte 0x07, 0xFB, 0x07, 0xFB, 0x07, 0xFB, 0x0F, 0xF3, 0x1F, 0xE3, 0x0F, 0xF3, 0x1F, 0xE3, 0x0F, 0xF3
	.byte 0x07, 0xFB, 0x07, 0xFB, 0x07, 0xFA, 0x06, 0xFA

ov112_021F6D18:
	.byte 0x00, 0x00, 0x00, 0x00, 0x00, 0x00, 0x00, 0x00
	.byte 0x00, 0x00, 0x00, 0x00, 0x00, 0x00, 0x00, 0x00, 0x00, 0x00, 0x00, 0x00, 0x00, 0x00, 0x00, 0x00
	.byte 0x00, 0x00, 0x00, 0x00, 0x00, 0x00, 0x00, 0x00, 0x00, 0x00, 0x00, 0x00, 0x00, 0x00, 0x00, 0x00
	.byte 0x00, 0x00, 0x00, 0x00, 0x00, 0x00, 0x00, 0x00, 0x00, 0x00, 0x00, 0x00, 0x00, 0x00, 0x00, 0x00
	.byte 0x00, 0x00, 0x00, 0x00, 0x00, 0x00, 0x00, 0x00, 0x00, 0x00, 0x00, 0x00, 0xF0, 0x60, 0xF8, 0xF8
	.byte 0xF0, 0x60, 0x00, 0x00, 0x00, 0x00, 0x18, 0x18, 0xFC, 0xFC, 0xFE, 0x1E, 0xFE, 0x1E, 0xFE, 0x1E
	.byte 0x3E, 0x1E, 0x3E, 0x1E, 0xFE, 0x1E, 0xFC, 0xFC, 0x18, 0x18, 0x00, 0x00, 0xE0, 0xC0, 0xF0, 0xF0
	.byte 0xE0, 0xC0, 0x00, 0x00, 0x30, 0x30, 0xF8, 0xF8, 0x3C, 0x3C, 0xBC, 0x3C, 0xBC, 0x3C, 0x3C, 0x3C
	.byte 0x3C, 0x3C, 0xF8, 0xF8, 0x30, 0x30, 0x00, 0x00, 0x04, 0xF8, 0x06, 0xF8, 0x04, 0xF8, 0x07, 0xFB
	.byte 0x04, 0xF8, 0x0C, 0xF0, 0x04, 0xF8, 0x0C, 0xF0, 0x07, 0xFB, 0x07, 0xF8, 0x07, 0xF8, 0x07, 0xF8
	.byte 0x06, 0xF8, 0x06, 0xF8, 0x07, 0xF8, 0x07, 0xFB, 0x04, 0xF8, 0x0C, 0xF0, 0x05, 0xF8, 0x07, 0xFB
	.byte 0x0D, 0xF0, 0x04, 0xF8, 0x04, 0xF8, 0x07, 0xFB, 0x04, 0xF8, 0x05, 0xF8, 0x05, 0xF8, 0x04, 0xF8
	.byte 0x04, 0xF8, 0x07, 0xFB, 0x04, 0xF8, 0x06, 0xF8

ov112_021F6DD8: ; 0x021F6DD8
	.byte 0x00, 0x00, 0x00, 0x00, 0x00, 0x00, 0x00, 0x00
	.byte 0x00, 0x00, 0x00, 0x00, 0x00, 0x00, 0x00, 0x00, 0x00, 0x00, 0x38, 0x58, 0xF0, 0xF0, 0xE0, 0xE0
	.byte 0x80, 0xC0, 0x00, 0x00, 0x00, 0x00, 0x00, 0x00, 0x00, 0x00, 0x00, 0x00, 0x00, 0x00, 0x80, 0xC0
	.byte 0xE0, 0xE0, 0xF0, 0xF0, 0x38, 0x58, 0x00, 0x00, 0x00, 0x00, 0x00, 0x00, 0x00, 0x00, 0x00, 0x00
	.byte 0x00, 0x00, 0x00, 0x00, 0x00, 0x00, 0x00, 0x00, 0x00, 0x00, 0x00, 0x00, 0x80, 0x00, 0x81, 0x03
	.byte 0x03, 0x07, 0x0E, 0x17, 0x3E, 0x5E, 0xFC, 0x7C, 0xF8, 0xF8, 0xF0, 0xE0, 0xC3, 0xE4, 0xFF, 0x8F
	.byte 0xFF, 0x7F, 0xFE, 0xFF, 0xF8, 0xFC, 0xC0, 0x30, 0xC0, 0x30, 0xF8, 0xFC, 0xFE, 0xFF, 0xFF, 0x7F
	.byte 0xFF, 0x8F, 0xC3, 0xE4, 0xF0, 0xE0, 0xF8, 0xF8, 0xFC, 0x7C, 0x3E, 0x5E, 0x0E, 0x17, 0x03, 0x07
	.byte 0x81, 0x03, 0x80, 0x00, 0x00, 0x00, 0x00, 0x00, 0x00, 0x00, 0x00, 0x00, 0x00, 0x00, 0x01, 0x03
	.byte 0x07, 0x0F, 0x3F, 0x1E, 0x3E, 0x3D, 0x3D, 0x3A, 0x3F, 0x3F, 0x3F, 0x3F, 0x3F, 0x3F, 0x3F, 0x3F
	.byte 0x3F, 0x3E, 0x3F, 0x3F, 0x3F, 0x3F, 0x3F, 0x3F, 0x3F, 0x3F, 0x3F, 0x3F, 0x3F, 0x3F, 0x3F, 0x3E
	.byte 0x3F, 0x3F, 0x3F, 0x3F, 0x3F, 0x3F, 0x3F, 0x3F, 0x3D, 0x3A, 0x3E, 0x3D, 0x3F, 0x1E, 0x07, 0x0F
	.byte 0x01, 0x03, 0x00, 0x00, 0x00, 0x00, 0x00, 0x00

ov112_021F6E98:
	.byte 0x00, 0x00, 0xE0, 0xE0, 0xE0, 0xE0, 0xF0, 0xF0
	.byte 0xB0, 0xB0, 0xB0, 0xB0, 0xF0, 0xF0, 0x00, 0x00, 0x00, 0x00, 0x00, 0x00, 0x00, 0x00, 0x00, 0x00
	.byte 0x00, 0x00, 0x00, 0x00, 0x00, 0x00, 0x00, 0x00, 0x00, 0x00, 0x00, 0x00, 0x00, 0x00, 0xC0, 0xC0
	.byte 0x70, 0x70, 0x70, 0x70, 0xC0, 0xC0, 0x00, 0x00, 0x00, 0x00, 0x00, 0x00, 0x00, 0x00, 0x00, 0x00
	.byte 0x00, 0x00, 0x00, 0x00, 0x00, 0x00, 0x00, 0x00, 0x00, 0x80, 0xFF, 0xFF, 0xFF, 0xFF, 0xFF, 0xFF
	.byte 0xDE, 0xFE, 0x5A, 0xFA, 0xFF, 0xFF, 0x00, 0x80, 0xF8, 0xF8, 0x58, 0xF8, 0xF0, 0xF0, 0xF0, 0xF0
	.byte 0x00, 0x80, 0x00, 0x80, 0x00, 0x80, 0x00, 0x80, 0x00, 0x80, 0x00, 0x80, 0xFF, 0xFF, 0xEB, 0xFB
	.byte 0xFE, 0xFE, 0xAA, 0xEE, 0xFF, 0xFF, 0xFF, 0xFF, 0x00, 0x80, 0x00, 0x80, 0xC0, 0xC0, 0xC0, 0xC0
	.byte 0xE0, 0xE0, 0x60, 0xE0, 0xC0, 0xC0, 0x00, 0x80, 0x0C, 0xF7, 0x0F, 0xF7, 0x0F, 0xF7, 0x0F, 0xF7
	.byte 0x0F, 0xF7, 0x0F, 0xF7, 0x0F, 0xF7, 0x0C, 0xF7, 0x0F, 0xF7, 0x0F, 0xF7, 0x0F, 0xF7, 0x0F, 0xF7
	.byte 0x0C, 0xF7, 0x0C, 0xF7, 0x0C, 0xF7, 0x0F, 0xF7, 0x0F, 0xF7, 0x0C, 0xF7, 0x0F, 0xF7, 0x0F, 0xF7
	.byte 0x0F, 0xF7, 0x0F, 0xF7, 0x0F, 0xF7, 0x0F, 0xF7, 0x0C, 0xF7, 0x0C, 0xF7, 0x0F, 0xF7, 0x0C, 0xF7
	.byte 0x0F, 0xF7, 0x0F, 0xF7, 0x0F, 0xF7, 0x0C, 0xF7

ov112_021F6F58:
	.byte 0x00, 0x00, 0x00, 0x00, 0x00, 0x00, 0x00, 0x00
	.byte 0x00, 0x00, 0x00, 0x00, 0x00, 0x00, 0x00, 0x00, 0x00, 0x00, 0x00, 0x00, 0x00, 0x00, 0x00, 0x00
	.byte 0x00, 0x00, 0x00, 0x00, 0x00, 0x00, 0x00, 0x00, 0x00, 0x00, 0x00, 0x00, 0x00, 0x00, 0x00, 0x00
	.byte 0x00, 0x00, 0x00, 0x00, 0x00, 0x00, 0x00, 0x00, 0x00, 0x00, 0x00, 0x00, 0x00, 0x00, 0x00, 0x00
	.byte 0x00, 0x00, 0x00, 0x00, 0x00, 0x00, 0x00, 0x00, 0x38, 0x30, 0x7E, 0x7C, 0xFE, 0xFE, 0x7E, 0x7C
	.byte 0x38, 0x30, 0x00, 0x00, 0x00, 0x00, 0x00, 0x00, 0x00, 0x00, 0x00, 0x00, 0x00, 0x00, 0x00, 0x00
	.byte 0x00, 0x00, 0x00, 0x00, 0x1C, 0x18, 0x3F, 0x3E, 0xFF, 0xFF, 0x3F, 0x3E, 0x1C, 0x18, 0x00, 0x00
	.byte 0x00, 0x00, 0x00, 0x00, 0x70, 0x60, 0xFC, 0xF8, 0xFC, 0xFC, 0xFC, 0xF8, 0x70, 0x60, 0x00, 0x00
	.byte 0x00, 0x00, 0x00, 0x00, 0x00, 0x00, 0x00, 0x00, 0x04, 0xF8, 0x04, 0xF8, 0x07, 0xFB, 0x04, 0xF8
	.byte 0x0C, 0xF0, 0x04, 0xF8, 0x0C, 0xF0, 0x04, 0xF8, 0x04, 0xF8, 0x06, 0xF8, 0x04, 0xF8, 0x07, 0xF8
	.byte 0x04, 0xF8, 0x06, 0xF8, 0x04, 0xF8, 0x04, 0xF8, 0x07, 0xFB, 0x04, 0xF8, 0x04, 0xF8, 0x0C, 0xF0
	.byte 0x04, 0xF8, 0x0C, 0xF0, 0x04, 0xF8, 0x04, 0xF8, 0x07, 0xFB, 0x04, 0xF8, 0x04, 0xF8, 0x06, 0xF8
	.byte 0x04, 0xF8, 0x07, 0xF8, 0x04, 0xF8, 0x06, 0xF8

ov112_021F7018: ; 0x021F7018
	.byte 0x00, 0x00, 0x00, 0x00, 0x00, 0x00, 0x00, 0x00
	.byte 0x00, 0x00, 0x00, 0x00, 0x80, 0x80, 0xF8, 0x38, 0x7C, 0xC4, 0x7E, 0x82, 0xCE, 0x22, 0xCE, 0x02
	.byte 0x9E, 0x42, 0xBC, 0x44, 0xF8, 0x08, 0xF0, 0x10, 0xF8, 0x08, 0xBC, 0x44, 0x9E, 0x42, 0xCE, 0x02
	.byte 0xCE, 0x22, 0x7E, 0x82, 0x7C, 0xC4, 0xF8, 0x38, 0x80, 0x80, 0x00, 0x00, 0x00, 0x00, 0x00, 0x00
	.byte 0x00, 0x00, 0x00, 0x00, 0x00, 0x00, 0x00, 0x00, 0x00, 0x00, 0x00, 0x00, 0x00, 0x00, 0x00, 0x00
	.byte 0x00, 0x00, 0xFF, 0xFF, 0xFF, 0x00, 0x04, 0xF9, 0x08, 0xF0, 0xF8, 0x00, 0xFC, 0x00, 0xFE, 0x00
	.byte 0x2F, 0xC0, 0x27, 0xC0, 0x43, 0x80, 0xC3, 0x00, 0x43, 0x80, 0x27, 0xC0, 0x2F, 0xC0, 0xFE, 0x00
	.byte 0xFC, 0x00, 0xF8, 0x00, 0x08, 0xF0, 0x04, 0xF9, 0xFF, 0x00, 0xFF, 0xFF, 0x00, 0x00, 0x00, 0x00
	.byte 0x00, 0x00, 0x00, 0x00, 0x00, 0x00, 0x00, 0x00, 0x00, 0x00, 0x00, 0x00, 0x00, 0x00, 0x00, 0x00
	.byte 0x00, 0x00, 0x07, 0x07, 0x0F, 0x08, 0x0C, 0x0B, 0x18, 0x17, 0x1F, 0x10, 0x3F, 0x20, 0x3F, 0x20
	.byte 0x60, 0x5F, 0x60, 0x5F, 0xC0, 0xBF, 0xFF, 0x80, 0xC0, 0xBF, 0x60, 0x5F, 0x60, 0x5F, 0x3F, 0x20
	.byte 0x3F, 0x20, 0x1F, 0x10, 0x18, 0x17, 0x0C, 0x0B, 0x0F, 0x08, 0x07, 0x07, 0x00, 0x00, 0x00, 0x00
	.byte 0x00, 0x00, 0x00, 0x00, 0x00, 0x00, 0x00, 0x00

ov112_021F70D8: ; 0x021F70D8
	.byte 0x00, 0x00, 0x00, 0x00, 0xFC, 0xFC, 0xFE, 0x02
	.byte 0x06, 0x0A, 0x06, 0x02, 0x06, 0x02, 0x16, 0x32, 0xF6, 0xF2, 0x16, 0xF2, 0x06, 0x32, 0xE6, 0xE2
	.byte 0x16, 0xF2, 0x16, 0x32, 0xE6, 0xF2, 0x06, 0xE2, 0x16, 0x32, 0xF6, 0xF2, 0x16, 0xF2, 0x06, 0x32
	.byte 0xE6, 0xE2, 0x16, 0xF2, 0x16, 0x32, 0xE6, 0xF2, 0x06, 0xE2, 0xF6, 0xF2, 0x06, 0xF2, 0x06, 0x02
	.byte 0x06, 0x02, 0x06, 0x02, 0x06, 0x02, 0x06, 0x02, 0x06, 0x02, 0xF6, 0xF2, 0x16, 0xF2, 0x16, 0x32
	.byte 0xE6, 0xF2, 0x06, 0xE2, 0xE6, 0xE2, 0x16, 0xF2, 0x16, 0x32, 0xE6, 0xF2, 0x06, 0xE2, 0xF6, 0xF2
	.byte 0x06, 0xF2, 0x86, 0x82, 0x76, 0xF2, 0x06, 0xF2, 0x66, 0xE2, 0x96, 0xF2, 0x16, 0xB2, 0x26, 0x72
	.byte 0x06, 0x62, 0xC6, 0xC2, 0xC6, 0xC2, 0x06, 0x82, 0x06, 0x02, 0x06, 0x02, 0x06, 0x02, 0x06, 0x0A
	.byte 0xFE, 0x02, 0xFC, 0xFC, 0x00, 0x00, 0x00, 0x00, 0x00, 0x00, 0x00, 0x00, 0x3F, 0x3F, 0x7F, 0x40
	.byte 0x60, 0x50, 0x60, 0x40, 0x60, 0x40, 0x60, 0x40, 0x6F, 0x5F, 0x60, 0x5F, 0x60, 0x40, 0x67, 0x4F
	.byte 0x68, 0x5F, 0x68, 0x58, 0x67, 0x5F, 0x60, 0x4F, 0x60, 0x40, 0x6F, 0x5F, 0x60, 0x5F, 0x60, 0x40
	.byte 0x6F, 0x5F, 0x61, 0x5F, 0x61, 0x43, 0x6F, 0x5F, 0x60, 0x5F, 0x6F, 0x5F, 0x68, 0x5F, 0x68, 0x58
	.byte 0x68, 0x58, 0x60, 0x58, 0x60, 0x40, 0x60, 0x40, 0x60, 0x40, 0x6F, 0x5F, 0x68, 0x5F, 0x68, 0x58
	.byte 0x67, 0x5F, 0x60, 0x4F, 0x6F, 0x5F, 0x61, 0x5F, 0x61, 0x43, 0x6F, 0x5F, 0x60, 0x5F, 0x60, 0x40
	.byte 0x6F, 0x5F, 0x60, 0x5F, 0x60, 0x41, 0x60, 0x40, 0x64, 0x4C, 0x68, 0x5D, 0x69, 0x5B, 0x66, 0x5F
	.byte 0x60, 0x4E, 0x6C, 0x4C, 0x6C, 0x5D, 0x60, 0x59, 0x60, 0x40, 0x60, 0x40, 0x60, 0x40, 0x60, 0x50
	.byte 0x7F, 0x40, 0x3F, 0x3F, 0x00, 0x00, 0x00, 0x00

ov112_021F71D8: ; 0x021F71D8
	.byte 0x00, 0x00, 0x00, 0x00, 0x00, 0x00, 0x80, 0x80
	.byte 0xC0, 0xC0, 0xE0, 0x60, 0xF0, 0x30, 0xF8, 0x18, 0xF8, 0x08, 0xFC, 0x0C, 0xFC, 0x04, 0xFC, 0x04
	.byte 0xFE, 0x06, 0xFE, 0x02, 0xFE, 0x02, 0xFE, 0x02, 0xFE, 0x02, 0xFE, 0x02, 0xFE, 0x02, 0xFE, 0x06
	.byte 0xFC, 0x04, 0xFC, 0x04, 0xFC, 0x0C, 0xF8, 0x08, 0xF8, 0x18, 0xF0, 0x30, 0xE0, 0x60, 0xC0, 0xC0
	.byte 0x80, 0x80, 0x00, 0x00, 0x00, 0x00, 0x00, 0x00, 0x00, 0x00, 0xF0, 0xF0, 0xFE, 0x9E, 0xFF, 0x83
	.byte 0xFF, 0x80, 0xFF, 0x80, 0xFF, 0xFC, 0x03, 0x02, 0x03, 0x02, 0x03, 0x02, 0x03, 0x02, 0x03, 0x02
	.byte 0x03, 0x02, 0x03, 0x02, 0x03, 0x02, 0x03, 0x02, 0x03, 0x02, 0x03, 0x02, 0x03, 0x02, 0x03, 0x02
	.byte 0x03, 0x02, 0x03, 0x02, 0x03, 0x02, 0x03, 0x02, 0x03, 0x02, 0xFF, 0xFC, 0xFF, 0x80, 0xFF, 0x80
	.byte 0xFF, 0x83, 0xFE, 0x9E, 0xF0, 0xF0, 0x00, 0x00, 0x00, 0x00, 0x0F, 0x0F, 0x79, 0x75, 0xC1, 0xA1
	.byte 0x01, 0x81, 0x01, 0x01, 0x0F, 0x0F, 0x90, 0x90, 0xD0, 0xD0, 0xD0, 0xD0, 0x10, 0x10, 0x10, 0x10
	.byte 0x10, 0x10, 0x10, 0x10, 0x10, 0x10, 0x90, 0x90, 0x90, 0x90, 0x10, 0x10, 0x10, 0x10, 0x10, 0x10
	.byte 0x10, 0x10, 0x10, 0x10, 0xD0, 0xD0, 0xD0, 0xD0, 0x90, 0x90, 0x0F, 0x0F, 0x01, 0x01, 0x01, 0x81
	.byte 0xC1, 0xA1, 0x79, 0x75, 0x0F, 0x0F, 0x00, 0x00, 0x00, 0x00, 0x00, 0x00, 0x00, 0x00, 0x01, 0x01
	.byte 0x03, 0x02, 0x06, 0x04, 0x0C, 0x08, 0x19, 0x11, 0x13, 0x13, 0x33, 0x23, 0x20, 0x30, 0x20, 0x20
	.byte 0x60, 0x40, 0x40, 0x60, 0x43, 0x43, 0x47, 0x47, 0x47, 0x47, 0x43, 0x43, 0x40, 0x60, 0x60, 0x40
	.byte 0x20, 0x20, 0x20, 0x30, 0x33, 0x23, 0x13, 0x13, 0x19, 0x11, 0x0C, 0x08, 0x06, 0x04, 0x03, 0x02
	.byte 0x01, 0x01, 0x00, 0x00, 0x00, 0x00, 0x00, 0x00

ov112_021F72D8: ; 0x021F72D8
	.byte 0x00, 0x00, 0x00, 0x00, 0x60, 0xE0, 0x90, 0xF0
	.byte 0x10, 0xB0, 0x20, 0x70, 0x00, 0x60, 0x80, 0x80, 0x00, 0x80, 0x00, 0x00, 0x80, 0x80, 0x00, 0x80
	.byte 0xA0, 0xE0, 0x00, 0xE0, 0x80, 0x80, 0xC0, 0xC0, 0x80, 0xC0, 0x00, 0x80, 0x00, 0x00, 0x80, 0x80
	.byte 0x80, 0x80, 0x00, 0x80, 0x00, 0x00, 0xF0, 0xF0, 0x80, 0xF0, 0x80, 0x80, 0x00, 0x80, 0x00, 0x00
	.byte 0x30, 0x70, 0x08, 0x78, 0x88, 0x98, 0x70, 0xF8, 0x00, 0xF0, 0x00, 0x00, 0x00, 0x00, 0x00, 0x00
	.byte 0x00, 0x00, 0x00, 0x00, 0x00, 0x00, 0x00, 0x00, 0x00, 0x00, 0x00, 0x00, 0x00, 0x00, 0x00, 0x00
	.byte 0x00, 0x00, 0x00, 0x00, 0x00, 0x00, 0x00, 0x00, 0x00, 0x00, 0x00, 0x00, 0x00, 0x00, 0x00, 0x00
	.byte 0x00, 0x00, 0x00, 0x00, 0x00, 0x00, 0x00, 0x00, 0x00, 0x00, 0x00, 0x00, 0x00, 0x00, 0x00, 0x00
	.byte 0x00, 0x00, 0x00, 0x00, 0x00, 0x00, 0x00, 0x00, 0x00, 0x00, 0x00, 0x00, 0x00, 0x00, 0x00, 0x00
	.byte 0x00, 0x00, 0x00, 0x00, 0x00, 0x00, 0x00, 0x00, 0x00, 0x00, 0x00, 0x00, 0x00, 0x00, 0x00, 0x00
	.byte 0x00, 0x00, 0x00, 0x00, 0x00, 0x00, 0x00, 0x00, 0x00, 0x00, 0x00, 0x00, 0x04, 0x0C, 0x08, 0x1D
	.byte 0x09, 0x1B, 0x06, 0x1F, 0x00, 0x0E, 0x0F, 0x1F, 0x06, 0x1F, 0x08, 0x1E, 0x07, 0x1F, 0x00, 0x0F
	.byte 0x0F, 0x1F, 0x00, 0x1F, 0x00, 0x01, 0x07, 0x0F, 0x08, 0x1F, 0x00, 0x19, 0x07, 0x0F, 0x08, 0x1F
	.byte 0x08, 0x19, 0x05, 0x1F, 0x00, 0x0F, 0x0F, 0x1F, 0x00, 0x1F, 0x00, 0x01, 0x0F, 0x1F, 0x00, 0x1F
	.byte 0x00, 0x00, 0x0D, 0x1F, 0x00, 0x1F, 0x00, 0x01, 0x00, 0x00, 0x00, 0x00, 0x00, 0x00, 0x00, 0x00
	.byte 0x00, 0x00, 0x00, 0x00, 0x00, 0x00, 0x00, 0x00, 0x00, 0x00, 0x00, 0x00, 0x00, 0x00, 0x00, 0x00
	.byte 0x00, 0x00, 0x00, 0x00, 0x00, 0x00, 0x00, 0x00, 0x00, 0x00, 0x00, 0x00, 0x00, 0x00, 0x00, 0x00
	.byte 0x00, 0x00, 0x00, 0x00, 0x00, 0x00, 0x00, 0x00, 0x00, 0x00, 0x00, 0x00, 0x00, 0x00, 0x00, 0x00
	.byte 0x00, 0x00, 0x00, 0x00, 0x00, 0x00, 0x00, 0x00, 0x00, 0x00, 0x00, 0x00, 0x00, 0x00, 0x00, 0x00
	.byte 0x00, 0x00, 0x00, 0x00, 0x00, 0x00, 0x00, 0x00, 0x00, 0x00, 0x00, 0x00, 0x00, 0x00, 0x00, 0x00
	.byte 0x00, 0x00, 0x00, 0x00, 0x00, 0x00, 0x00, 0x00

ov112_021F7418: ; 0x021F7418
	.byte 0xFF, 0xFF, 0x01, 0x01, 0x01, 0x01, 0x01, 0x01
	.byte 0x01, 0x01, 0x01, 0x01, 0x01, 0x01, 0x01, 0x01, 0x01, 0x01, 0x01, 0x01, 0x01, 0x01, 0x01, 0x01
	.byte 0x01, 0x01, 0x01, 0x01, 0x01, 0x01, 0x01, 0x01, 0xF1, 0xF1, 0x11, 0xF1, 0x11, 0x31, 0xE1, 0xF1
	.byte 0x01, 0xE1, 0xE1, 0xE1, 0x11, 0xF1, 0x11, 0x31, 0xE1, 0xF1, 0x01, 0xE1, 0xF1, 0xF1, 0x81, 0xF1
	.byte 0x61, 0xE1, 0x11, 0xF1, 0x01, 0x31, 0x01, 0x01, 0xA1, 0xE1, 0x91, 0xB1, 0x01, 0x91, 0x01, 0x01
	.byte 0x01, 0x01, 0x01, 0x01, 0x01, 0x01, 0xF1, 0xF1, 0x11, 0xF1, 0x11, 0x31, 0xE1, 0xF1, 0x01, 0xE1
	.byte 0xE1, 0xE1, 0x11, 0xF1, 0x11, 0x31, 0xE1, 0xF1, 0x01, 0xE1, 0xF1, 0xF1, 0x11, 0xF1, 0x11, 0x31
	.byte 0xE1, 0xF1, 0x01, 0xE1, 0xE1, 0xE1, 0x11, 0xF1, 0x11, 0x31, 0xE1, 0xF1, 0x01, 0xE1, 0xF1, 0xF1
	.byte 0x11, 0xF1, 0x11, 0x31, 0xE1, 0xF1, 0x01, 0xE1, 0x01, 0x01, 0x01, 0x01, 0x01, 0x01, 0x01, 0x01
	.byte 0x01, 0x01, 0x01, 0x01, 0x01, 0x01, 0x01, 0x01, 0x01, 0x01, 0x01, 0x01, 0x01, 0x01, 0x01, 0x01
	.byte 0x01, 0x01, 0x01, 0x01, 0x01, 0x01, 0xFF, 0xFF, 0xFF, 0xFF, 0x80, 0x80, 0x80, 0x80, 0x80, 0x80
	.byte 0x80, 0x80, 0x80, 0x80, 0x80, 0x80, 0x80, 0x80, 0x80, 0x80, 0x80, 0x80, 0x80, 0x80, 0x80, 0x80
	.byte 0x80, 0x80, 0x80, 0x80, 0x80, 0x80, 0x80, 0x80, 0x8F, 0x9F, 0x81, 0x9F, 0x81, 0x83, 0x80, 0x83
	.byte 0x80, 0x81, 0x87, 0x8F, 0x88, 0x9F, 0x88, 0x98, 0x87, 0x9F, 0x80, 0x8F, 0x8F, 0x9F, 0x81, 0x9F
	.byte 0x82, 0x87, 0x8C, 0x9E, 0x80, 0x9C, 0x87, 0x8F, 0x8A, 0x9F, 0x8A, 0x9F, 0x8B, 0x9F, 0x80, 0x9F
	.byte 0x80, 0x80, 0x80, 0x80, 0x80, 0x80, 0x8F, 0x9F, 0x81, 0x9F, 0x83, 0x83, 0x8C, 0x9F, 0x80, 0x9D
	.byte 0x8F, 0x9F, 0x81, 0x9F, 0x81, 0x83, 0x8F, 0x9F, 0x80, 0x9F, 0x8F, 0x9F, 0x88, 0x9F, 0x88, 0x98
	.byte 0x87, 0x9F, 0x80, 0x8F, 0x8F, 0x9F, 0x81, 0x9F, 0x81, 0x83, 0x8F, 0x9F, 0x80, 0x9F, 0x8F, 0x9F
	.byte 0x81, 0x9F, 0x83, 0x83, 0x8C, 0x9F, 0x80, 0x9D, 0x80, 0x80, 0x80, 0x80, 0x80, 0x80, 0x80, 0x80
	.byte 0x80, 0x80, 0x80, 0x80, 0x80, 0x80, 0x80, 0x80, 0x80, 0x80, 0x80, 0x80, 0x80, 0x80, 0x80, 0x80
	.byte 0x80, 0x80, 0x80, 0x80, 0x80, 0x80, 0xFF, 0xFF

ov112_021F7558: ; 0x021F7558
	.byte 0xFF, 0xFF, 0x01, 0x01, 0x01, 0x01, 0x01, 0x01
	.byte 0x01, 0x01, 0x01, 0x01, 0x01, 0x01, 0x01, 0x01, 0x01, 0x01, 0x01, 0x01, 0x01, 0x01, 0x01, 0x01
	.byte 0x01, 0x01, 0x01, 0x01, 0x01, 0x01, 0x01, 0x01, 0x01, 0x01, 0x01, 0x01, 0x01, 0x01, 0x01, 0x01
	.byte 0x01, 0x01, 0x01, 0x01, 0x01, 0x01, 0xF1, 0xF1, 0x11, 0xF1, 0x11, 0x31, 0xE1, 0xF1, 0x01, 0xE1
	.byte 0xE1, 0xE1, 0x11, 0xF1, 0x11, 0x31, 0xE1, 0xF1, 0x01, 0xE1, 0xF1, 0xF1, 0x01, 0xF1, 0x01, 0x01
	.byte 0xF1, 0xF1, 0x01, 0xF1, 0x61, 0xE1, 0x91, 0xF1, 0x11, 0xB1, 0x21, 0x71, 0x01, 0x61, 0x11, 0x31
	.byte 0xF1, 0xF1, 0x11, 0xF1, 0x01, 0x31, 0xF1, 0xF1, 0xC1, 0xF1, 0x01, 0xC1, 0xF1, 0xF1, 0x01, 0xF1
	.byte 0xE1, 0xE1, 0x11, 0xF1, 0x91, 0xB1, 0xA1, 0xF1, 0x01, 0xE1, 0x01, 0x01, 0x01, 0x01, 0x01, 0x01
	.byte 0x01, 0x01, 0x01, 0x01, 0x01, 0x01, 0x01, 0x01, 0x01, 0x01, 0x01, 0x01, 0x01, 0x01, 0x01, 0x01
	.byte 0x01, 0x01, 0x01, 0x01, 0x01, 0x01, 0x01, 0x01, 0x01, 0x01, 0x01, 0x01, 0x01, 0x01, 0x01, 0x01
	.byte 0x01, 0x01, 0x01, 0x01, 0x01, 0x01, 0xFF, 0xFF, 0xFF, 0xFF, 0x80, 0x80, 0x80, 0x80, 0x80, 0x80
	.byte 0x80, 0x80, 0x80, 0x80, 0x80, 0x80, 0x80, 0x80, 0x80, 0x80, 0x80, 0x80, 0x80, 0x80, 0x80, 0x80
	.byte 0x80, 0x80, 0x80, 0x80, 0x80, 0x80, 0x80, 0x80, 0x80, 0x80, 0x80, 0x80, 0x80, 0x80, 0x80, 0x80
	.byte 0x80, 0x80, 0x80, 0x80, 0x80, 0x80, 0x8F, 0x9F, 0x88, 0x9F, 0x88, 0x98, 0x87, 0x9F, 0x80, 0x8F
	.byte 0x87, 0x8F, 0x88, 0x9F, 0x88, 0x98, 0x87, 0x9F, 0x80, 0x8F, 0x8F, 0x9F, 0x87, 0x9F, 0x8E, 0x8F
	.byte 0x87, 0x9F, 0x80, 0x8F, 0x84, 0x8C, 0x88, 0x9D, 0x89, 0x9B, 0x86, 0x9F, 0x80, 0x8E, 0x88, 0x98
	.byte 0x8F, 0x9F, 0x88, 0x9F, 0x80, 0x98, 0x8F, 0x9F, 0x80, 0x9F, 0x83, 0x87, 0x8F, 0x9F, 0x80, 0x9F
	.byte 0x87, 0x8F, 0x88, 0x9F, 0x88, 0x99, 0x87, 0x9F, 0x80, 0x8F, 0x80, 0x80, 0x80, 0x80, 0x80, 0x80
	.byte 0x80, 0x80, 0x80, 0x80, 0x80, 0x80, 0x80, 0x80, 0x80, 0x80, 0x80, 0x80, 0x80, 0x80, 0x80, 0x80
	.byte 0x80, 0x80, 0x80, 0x80, 0x80, 0x80, 0x80, 0x80, 0x80, 0x80, 0x80, 0x80, 0x80, 0x80, 0x80, 0x80
	.byte 0x80, 0x80, 0x80, 0x80, 0x80, 0x80, 0xFF, 0xFF

ov112_021F7698: ; 0x021F7698
	.byte 0xFF, 0xFF, 0x01, 0x01, 0x01, 0x01, 0x01, 0x01
	.byte 0x01, 0x01, 0x01, 0x01, 0x01, 0x01, 0x01, 0x01, 0x01, 0x01, 0x01, 0x01, 0x01, 0x01, 0x01, 0x01
	.byte 0x01, 0x01, 0x01, 0x01, 0x01, 0x01, 0x01, 0x01, 0x01, 0x01, 0x01, 0x01, 0x01, 0x01, 0x01, 0x01
	.byte 0x01, 0x01, 0x01, 0x01, 0x01, 0x01, 0xE1, 0xE1, 0x11, 0xF1, 0x11, 0x31, 0x61, 0xF1, 0x01, 0xE1
	.byte 0xE1, 0xE1, 0x11, 0xF1, 0x11, 0x31, 0xE1, 0xF1, 0x01, 0xE1, 0xF1, 0xF1, 0xC1, 0xF1, 0x01, 0xC1
	.byte 0xF1, 0xF1, 0x01, 0xF1, 0xF1, 0xF1, 0xC1, 0xF1, 0x01, 0xC1, 0xF1, 0xF1, 0x01, 0xF1, 0xF1, 0xF1
	.byte 0x91, 0xF1, 0x91, 0xB1, 0x91, 0xB1, 0x01, 0xB1, 0xE1, 0xE1, 0x11, 0xF1, 0x11, 0x31, 0x61, 0xF1
	.byte 0x01, 0xE1, 0x11, 0x31, 0xF1, 0xF1, 0x11, 0xF1, 0x01, 0x31, 0x01, 0x01, 0x01, 0x01, 0x01, 0x01
	.byte 0x01, 0x01, 0x01, 0x01, 0x01, 0x01, 0x01, 0x01, 0x01, 0x01, 0x01, 0x01, 0x01, 0x01, 0x01, 0x01
	.byte 0x01, 0x01, 0x01, 0x01, 0x01, 0x01, 0x01, 0x01, 0x01, 0x01, 0x01, 0x01, 0x01, 0x01, 0x01, 0x01
	.byte 0x01, 0x01, 0x01, 0x01, 0x01, 0x01, 0xFF, 0xFF, 0xFF, 0xFF, 0x80, 0x80, 0x80, 0x80, 0x80, 0x80
	.byte 0x80, 0x80, 0x80, 0x80, 0x80, 0x80, 0x80, 0x80, 0x80, 0x80, 0x80, 0x80, 0x80, 0x80, 0x80, 0x80
	.byte 0x80, 0x80, 0x80, 0x80, 0x80, 0x80, 0x80, 0x80, 0x80, 0x80, 0x80, 0x80, 0x80, 0x80, 0x80, 0x80
	.byte 0x80, 0x80, 0x80, 0x80, 0x80, 0x80, 0x87, 0x8F, 0x88, 0x9F, 0x88, 0x98, 0x86, 0x9E, 0x80, 0x8E
	.byte 0x87, 0x8F, 0x88, 0x9F, 0x88, 0x98, 0x87, 0x9F, 0x80, 0x8F, 0x8F, 0x9F, 0x80, 0x9F, 0x83, 0x87
	.byte 0x8F, 0x9F, 0x80, 0x9F, 0x8F, 0x9F, 0x80, 0x9F, 0x83, 0x87, 0x8F, 0x9F, 0x80, 0x9F, 0x8F, 0x9F
	.byte 0x88, 0x9F, 0x88, 0x99, 0x88, 0x99, 0x80, 0x99, 0x87, 0x8F, 0x88, 0x9F, 0x88, 0x98, 0x86, 0x9E
	.byte 0x80, 0x8E, 0x80, 0x80, 0x8F, 0x9F, 0x80, 0x9F, 0x80, 0x80, 0x80, 0x80, 0x80, 0x80, 0x80, 0x80
	.byte 0x80, 0x80, 0x80, 0x80, 0x80, 0x80, 0x80, 0x80, 0x80, 0x80, 0x80, 0x80, 0x80, 0x80, 0x80, 0x80
	.byte 0x80, 0x80, 0x80, 0x80, 0x80, 0x80, 0x80, 0x80, 0x80, 0x80, 0x80, 0x80, 0x80, 0x80, 0x80, 0x80
	.byte 0x80, 0x80, 0x80, 0x80, 0x80, 0x80, 0xFF, 0xFF

ov112_021F77D8: ; 0x021F77D8
	.byte 0xFF, 0xFF, 0x01, 0x01, 0x01, 0x01, 0x01, 0x01
	.byte 0x01, 0x01, 0x01, 0x01, 0x01, 0x01, 0x01, 0x01, 0x01, 0x01, 0x01, 0x01, 0x01, 0x01, 0x01, 0x01
	.byte 0x11, 0x31, 0xF1, 0xF1, 0x11, 0xF1, 0x01, 0x31, 0xF1, 0xF1, 0x11, 0xF1, 0x11, 0x31, 0xE1, 0xF1
	.byte 0x01, 0xE1, 0xE1, 0xE1, 0x11, 0xF1, 0x11, 0x31, 0xE1, 0xF1, 0x01, 0xE1, 0x11, 0x31, 0xF1, 0xF1
	.byte 0x11, 0xF1, 0x01, 0x31, 0xF1, 0xF1, 0xC1, 0xF1, 0x01, 0xC1, 0xF1, 0xF1, 0x01, 0xF1, 0xF1, 0xF1
	.byte 0x91, 0xF1, 0x91, 0xB1, 0x91, 0xB1, 0x01, 0xB1, 0xF1, 0xF1, 0x11, 0xF1, 0x11, 0x31, 0xE1, 0xF1
	.byte 0x01, 0xE1, 0x01, 0x01, 0x01, 0x01, 0x01, 0x01, 0xE1, 0xE1, 0x11, 0xF1, 0x11, 0x31, 0x61, 0xF1
	.byte 0x01, 0xE1, 0xE1, 0xE1, 0x11, 0xF1, 0x11, 0x31, 0xE1, 0xF1, 0x01, 0xE1, 0xF1, 0xF1, 0x11, 0xF1
	.byte 0x11, 0x31, 0xE1, 0xF1, 0x01, 0xE1, 0xF1, 0xF1, 0x11, 0xF1, 0x11, 0x31, 0xE1, 0xF1, 0x01, 0xE1
	.byte 0x01, 0x01, 0x01, 0x01, 0x01, 0x01, 0x01, 0x01, 0x01, 0x01, 0x01, 0x01, 0x01, 0x01, 0x01, 0x01
	.byte 0x01, 0x01, 0x01, 0x01, 0x01, 0x01, 0xFF, 0xFF, 0xFF, 0xFF, 0x80, 0x80, 0x80, 0x80, 0x80, 0x80
	.byte 0x80, 0x80, 0x80, 0x80, 0x80, 0x80, 0x80, 0x80, 0x80, 0x80, 0x80, 0x80, 0x80, 0x80, 0x80, 0x80
	.byte 0x80, 0x80, 0x8F, 0x9F, 0x80, 0x9F, 0x80, 0x80, 0x8F, 0x9F, 0x81, 0x9F, 0x83, 0x83, 0x8C, 0x9F
	.byte 0x80, 0x9D, 0x8F, 0x9F, 0x81, 0x9F, 0x81, 0x83, 0x8F, 0x9F, 0x80, 0x9F, 0x88, 0x98, 0x8F, 0x9F
	.byte 0x88, 0x9F, 0x80, 0x98, 0x8F, 0x9F, 0x80, 0x9F, 0x83, 0x87, 0x8F, 0x9F, 0x80, 0x9F, 0x8F, 0x9F
	.byte 0x88, 0x9F, 0x88, 0x99, 0x88, 0x99, 0x80, 0x99, 0x8F, 0x9F, 0x81, 0x9F, 0x83, 0x83, 0x8C, 0x9F
	.byte 0x80, 0x9D, 0x80, 0x80, 0x80, 0x80, 0x80, 0x80, 0x87, 0x8F, 0x88, 0x9F, 0x88, 0x98, 0x86, 0x9E
	.byte 0x80, 0x8E, 0x8F, 0x9F, 0x81, 0x9F, 0x81, 0x83, 0x8F, 0x9F, 0x80, 0x9F, 0x8F, 0x9F, 0x81, 0x9F
	.byte 0x83, 0x83, 0x8C, 0x9F, 0x80, 0x9D, 0x8F, 0x9F, 0x88, 0x9F, 0x88, 0x98, 0x87, 0x9F, 0x80, 0x8F
	.byte 0x80, 0x80, 0x80, 0x80, 0x80, 0x80, 0x80, 0x80, 0x80, 0x80, 0x80, 0x80, 0x80, 0x80, 0x80, 0x80
	.byte 0x80, 0x80, 0x80, 0x80, 0x80, 0x80, 0xFF, 0xFF

ov112_021F7918: ; 0x021F7918
	.byte 0xFF, 0xFF, 0x01, 0x01, 0x01, 0x01, 0x01, 0x01
	.byte 0xF1, 0xF1, 0x11, 0xF1, 0x11, 0x31, 0xE1, 0xF1, 0x01, 0xE1, 0xE1, 0xE1, 0x11, 0xF1, 0x11, 0x31
	.byte 0xE1, 0xF1, 0x01, 0xE1, 0xF1, 0xF1, 0x81, 0xF1, 0x61, 0xE1, 0x11, 0xF1, 0x01, 0x31, 0x01, 0x01
	.byte 0xA1, 0xE1, 0x91, 0xB1, 0x01, 0x91, 0x01, 0x01, 0xF1, 0xF1, 0x61, 0xF1, 0x81, 0xE1, 0x61, 0xE1
	.byte 0xF1, 0xF1, 0x01, 0xF1, 0xE1, 0xE1, 0x11, 0xF1, 0x11, 0x31, 0xE1, 0xF1, 0x01, 0xE1, 0xF1, 0xF1
	.byte 0xC1, 0xF1, 0x01, 0xC1, 0xF1, 0xF1, 0x01, 0xF1, 0x01, 0x01, 0x01, 0x01, 0x01, 0x01, 0xC1, 0xC1
	.byte 0x21, 0xE1, 0xC1, 0xE1, 0x01, 0xC1, 0x01, 0x01, 0x01, 0x01, 0x01, 0x01, 0x01, 0x01, 0x11, 0x31
	.byte 0xF1, 0xF1, 0x11, 0xF1, 0x01, 0x31, 0x11, 0x31, 0xF1, 0xF1, 0x11, 0xF1, 0x01, 0x31, 0xF1, 0xF1
	.byte 0x91, 0xF1, 0x91, 0xB1, 0x91, 0xB1, 0x01, 0xB1, 0xF1, 0xF1, 0x61, 0xF1, 0x81, 0xE1, 0x61, 0xE1
	.byte 0xF1, 0xF1, 0x01, 0xF1, 0x61, 0xE1, 0x91, 0xF1, 0x11, 0xB1, 0x21, 0x71, 0x01, 0x61, 0x01, 0x01
	.byte 0x01, 0x01, 0x01, 0x01, 0x01, 0x01, 0xFF, 0xFF, 0xFF, 0xFF, 0x80, 0x80, 0x80, 0x80, 0x80, 0x80
	.byte 0x8F, 0x9F, 0x81, 0x9F, 0x81, 0x83, 0x80, 0x83, 0x80, 0x81, 0x87, 0x8F, 0x88, 0x9F, 0x88, 0x98
	.byte 0x87, 0x9F, 0x80, 0x8F, 0x8F, 0x9F, 0x81, 0x9F, 0x82, 0x87, 0x8C, 0x9E, 0x80, 0x9C, 0x87, 0x8F
	.byte 0x8A, 0x9F, 0x8A, 0x9F, 0x8B, 0x9F, 0x80, 0x9F, 0x8F, 0x9F, 0x80, 0x9F, 0x81, 0x83, 0x80, 0x83
	.byte 0x8F, 0x9F, 0x80, 0x9F, 0x87, 0x8F, 0x88, 0x9F, 0x88, 0x98, 0x87, 0x9F, 0x80, 0x8F, 0x8F, 0x9F
	.byte 0x80, 0x9F, 0x83, 0x87, 0x8F, 0x9F, 0x80, 0x9F, 0x80, 0x80, 0x80, 0x80, 0x80, 0x80, 0x86, 0x8F
	.byte 0x89, 0x9F, 0x86, 0x9F, 0x89, 0x9F, 0x80, 0x9B, 0x80, 0x80, 0x80, 0x80, 0x80, 0x80, 0x88, 0x98
	.byte 0x8F, 0x9F, 0x88, 0x9F, 0x80, 0x98, 0x80, 0x80, 0x8F, 0x9F, 0x80, 0x9F, 0x80, 0x80, 0x8F, 0x9F
	.byte 0x88, 0x9F, 0x88, 0x99, 0x88, 0x99, 0x80, 0x99, 0x8F, 0x9F, 0x80, 0x9F, 0x81, 0x83, 0x80, 0x83
	.byte 0x8F, 0x9F, 0x80, 0x9F, 0x84, 0x8C, 0x88, 0x9D, 0x89, 0x9B, 0x86, 0x9F, 0x80, 0x8E, 0x80, 0x80
	.byte 0x80, 0x80, 0x80, 0x80, 0x80, 0x80, 0xFF, 0xFF

ov112_021F7A58: ; 0x021F7A58
	.byte 0xFF, 0xFF, 0x01, 0x01, 0x01, 0x01, 0x01, 0x01
	.byte 0x01, 0x01, 0x01, 0x01, 0x01, 0x01, 0x01, 0x01, 0x01, 0x01, 0x01, 0x01, 0x01, 0x01, 0x01, 0x01
	.byte 0x01, 0x01, 0x01, 0x01, 0x01, 0x01, 0x01, 0x01, 0x01, 0x01, 0x01, 0x01, 0x01, 0x01, 0x01, 0x01
	.byte 0x01, 0x01, 0x61, 0xE1, 0x91, 0xF1, 0x11, 0xB1, 0x21, 0x71, 0x01, 0x61, 0xF1, 0xF1, 0x91, 0xF1
	.byte 0x91, 0xB1, 0x91, 0xB1, 0x01, 0xB1, 0x11, 0x31, 0xF1, 0xF1, 0x11, 0xF1, 0x01, 0x31, 0x11, 0x31
	.byte 0xF1, 0xF1, 0x11, 0xF1, 0x01, 0x31, 0x11, 0x31, 0xF1, 0xF1, 0x11, 0xF1, 0x01, 0x31, 0xF1, 0xF1
	.byte 0xC1, 0xF1, 0x01, 0xC1, 0xF1, 0xF1, 0x01, 0xF1, 0xE1, 0xE1, 0x11, 0xF1, 0x91, 0xB1, 0xA1, 0xF1
	.byte 0x01, 0xE1, 0x61, 0xE1, 0x91, 0xF1, 0x11, 0xB1, 0x21, 0x71, 0x01, 0x61, 0x01, 0x01, 0x01, 0x01
	.byte 0x01, 0x01, 0x01, 0x01, 0x01, 0x01, 0x01, 0x01, 0x01, 0x01, 0x01, 0x01, 0x01, 0x01, 0x01, 0x01
	.byte 0x01, 0x01, 0x01, 0x01, 0x01, 0x01, 0x01, 0x01, 0x01, 0x01, 0x01, 0x01, 0x01, 0x01, 0x01, 0x01
	.byte 0x01, 0x01, 0x01, 0x01, 0x01, 0x01, 0xFF, 0xFF, 0xFF, 0xFF, 0x80, 0x80, 0x80, 0x80, 0x80, 0x80
	.byte 0x80, 0x80, 0x80, 0x80, 0x80, 0x80, 0x80, 0x80, 0x80, 0x80, 0x80, 0x80, 0x80, 0x80, 0x80, 0x80
	.byte 0x80, 0x80, 0x80, 0x80, 0x80, 0x80, 0x80, 0x80, 0x80, 0x80, 0x80, 0x80, 0x80, 0x80, 0x80, 0x80
	.byte 0x80, 0x80, 0x84, 0x8C, 0x88, 0x9D, 0x89, 0x9B, 0x86, 0x9F, 0x80, 0x8E, 0x8F, 0x9F, 0x88, 0x9F
	.byte 0x88, 0x99, 0x88, 0x99, 0x80, 0x99, 0x80, 0x80, 0x8F, 0x9F, 0x80, 0x9F, 0x80, 0x80, 0x80, 0x80
	.byte 0x8F, 0x9F, 0x80, 0x9F, 0x80, 0x80, 0x88, 0x98, 0x8F, 0x9F, 0x88, 0x9F, 0x80, 0x98, 0x8F, 0x9F
	.byte 0x80, 0x9F, 0x83, 0x87, 0x8F, 0x9F, 0x80, 0x9F, 0x87, 0x8F, 0x88, 0x9F, 0x88, 0x99, 0x87, 0x9F
	.byte 0x80, 0x8F, 0x84, 0x8C, 0x88, 0x9D, 0x89, 0x9B, 0x86, 0x9F, 0x80, 0x8E, 0x80, 0x80, 0x80, 0x80
	.byte 0x80, 0x80, 0x80, 0x80, 0x80, 0x80, 0x80, 0x80, 0x80, 0x80, 0x80, 0x80, 0x80, 0x80, 0x80, 0x80
	.byte 0x80, 0x80, 0x80, 0x80, 0x80, 0x80, 0x80, 0x80, 0x80, 0x80, 0x80, 0x80, 0x80, 0x80, 0x80, 0x80
	.byte 0x80, 0x80, 0x80, 0x80, 0x80, 0x80, 0xFF, 0xFF

ov112_021F7B98: ; 0x021F7B98
	.byte 0x00, 0x00, 0x00, 0x00, 0xF0, 0xF0, 0x00, 0xF0
	.byte 0x00, 0x00, 0xF0, 0xF0, 0x00, 0xF0, 0xF0, 0xF0, 0x80, 0xF0, 0x80, 0x80, 0x00, 0x80, 0x00, 0x00
	.byte 0x00, 0x00, 0x80, 0x80, 0x80, 0x80, 0x00, 0x80, 0x00, 0x00, 0x80, 0x80, 0xC0, 0xC0, 0x80, 0xC0
	.byte 0x00, 0x80, 0x30, 0x70, 0x08, 0x78, 0x88, 0x98, 0x70, 0xF8, 0x00, 0xF0, 0x00, 0x00, 0x00, 0x00
	.byte 0x00, 0x00, 0x00, 0x00, 0x00, 0x00, 0x00, 0x00, 0x00, 0x00, 0x00, 0x00, 0x00, 0x00, 0x00, 0x00
	.byte 0x00, 0x00, 0x00, 0x00, 0x00, 0x00, 0x00, 0x00, 0x00, 0x00, 0x00, 0x00, 0x00, 0x00, 0x00, 0x00
	.byte 0x00, 0x00, 0x00, 0x00, 0x00, 0x00, 0x00, 0x00, 0x00, 0x00, 0x00, 0x00, 0x00, 0x00, 0x00, 0x00
	.byte 0x00, 0x00, 0x00, 0x00, 0x00, 0x00, 0x00, 0x00, 0x00, 0x00, 0x00, 0x00, 0x00, 0x00, 0x00, 0x00
	.byte 0x00, 0x00, 0x00, 0x00, 0x00, 0x00, 0x00, 0x00, 0x00, 0x00, 0x00, 0x00, 0x00, 0x00, 0x00, 0x00
	.byte 0x00, 0x00, 0x00, 0x00, 0x00, 0x00, 0x00, 0x00, 0x00, 0x00, 0x00, 0x00, 0x00, 0x00, 0x00, 0x00
	.byte 0x00, 0x00, 0x00, 0x00, 0x00, 0x00, 0x00, 0x00, 0x00, 0x00, 0x00, 0x00, 0x00, 0x00, 0x00, 0x00
	.byte 0x00, 0x00, 0x00, 0x00, 0x00, 0x00, 0x00, 0x00, 0x00, 0x00, 0x00, 0x00, 0x00, 0x00, 0x00, 0x00
	.byte 0x00, 0x00, 0x00, 0x00, 0x00, 0x00, 0x00, 0x00, 0x00, 0x00, 0x00, 0x00, 0x0F, 0x1F, 0x07, 0x1F
	.byte 0x0E, 0x0F, 0x07, 0x1F, 0x00, 0x0F, 0x0F, 0x1F, 0x00, 0x1F, 0x00, 0x01, 0x0F, 0x1F, 0x00, 0x1F
	.byte 0x04, 0x0C, 0x0A, 0x1F, 0x0A, 0x1F, 0x0F, 0x1F, 0x00, 0x1F, 0x00, 0x01, 0x07, 0x0F, 0x08, 0x1F
	.byte 0x00, 0x19, 0x00, 0x00, 0x0D, 0x1F, 0x00, 0x1F, 0x00, 0x01, 0x00, 0x00, 0x00, 0x00, 0x00, 0x00
	.byte 0x00, 0x00, 0x00, 0x00, 0x00, 0x00, 0x00, 0x00, 0x00, 0x00, 0x00, 0x00, 0x00, 0x00, 0x00, 0x00
	.byte 0x00, 0x00, 0x00, 0x00, 0x00, 0x00, 0x00, 0x00, 0x00, 0x00, 0x00, 0x00, 0x00, 0x00, 0x00, 0x00
	.byte 0x00, 0x00, 0x00, 0x00, 0x00, 0x00, 0x00, 0x00, 0x00, 0x00, 0x00, 0x00, 0x00, 0x00, 0x00, 0x00
	.byte 0x00, 0x00, 0x00, 0x00, 0x00, 0x00, 0x00, 0x00, 0x00, 0x00, 0x00, 0x00, 0x00, 0x00, 0x00, 0x00
	.byte 0x00, 0x00, 0x00, 0x00, 0x00, 0x00, 0x00, 0x00, 0x00, 0x00, 0x00, 0x00, 0x00, 0x00, 0x00, 0x00
	.byte 0x00, 0x00, 0x00, 0x00, 0x00, 0x00, 0x00, 0x00, 0x00, 0x00, 0x00, 0x00, 0x00, 0x00, 0x00, 0x00
	.byte 0x00, 0x00, 0x00, 0x00, 0x00, 0x00, 0x00, 0x00, 0x00, 0x00, 0x00, 0x00, 0x00, 0x00, 0x00, 0x00
	.byte 0x00, 0x00, 0x00, 0x00, 0x00, 0x00, 0x00, 0x00, 0x00, 0x00, 0x00, 0x00, 0x00, 0x00, 0x00, 0x00
	.byte 0x00, 0x00, 0x00, 0x00, 0x00, 0x00, 0x00, 0x00

ov112_021F7D18: ; 0x021F7D18
	.byte 0x00, 0x00, 0x00, 0x00, 0x00, 0x00, 0x00, 0x00
	.byte 0xA0, 0xE0, 0x00, 0xE0, 0x00, 0x00, 0x80, 0x80, 0x80, 0x80, 0x00, 0x80, 0x00, 0x00, 0xA0, 0xE0
	.byte 0x00, 0xE0, 0x80, 0x80, 0x00, 0x80, 0x80, 0x80, 0x00, 0x80, 0x00, 0x00, 0x00, 0x00, 0x80, 0x80
	.byte 0x80, 0x80, 0x00, 0x80, 0x00, 0x00, 0x00, 0x00, 0x80, 0x80, 0x80, 0x80, 0xF0, 0xF0, 0x00, 0xF0
	.byte 0x00, 0x00, 0x00, 0x00, 0x00, 0x00, 0x80, 0x80, 0x00, 0x80, 0x00, 0x00, 0x80, 0x80, 0x00, 0x80
	.byte 0x00, 0x00, 0x80, 0x80, 0x80, 0x80, 0x00, 0x80, 0x00, 0x00, 0x80, 0x80, 0x00, 0x80, 0x00, 0x00
	.byte 0x80, 0x80, 0x00, 0x80, 0x00, 0x00, 0xF8, 0xF8, 0x00, 0xF8, 0x00, 0x00, 0x00, 0x00, 0x00, 0x00
	.byte 0x00, 0x00, 0x00, 0x00, 0x00, 0x00, 0x00, 0x00, 0x00, 0x00, 0x00, 0x00, 0x00, 0x00, 0x00, 0x00
	.byte 0x00, 0x00, 0x00, 0x00, 0x00, 0x00, 0x00, 0x00, 0x00, 0x00, 0x00, 0x00, 0x00, 0x00, 0x00, 0x00
	.byte 0x00, 0x00, 0x00, 0x00, 0x00, 0x00, 0x00, 0x00, 0x00, 0x00, 0x00, 0x00, 0x00, 0x00, 0x00, 0x00
	.byte 0x00, 0x00, 0x00, 0x00, 0x00, 0x00, 0x00, 0x00, 0x00, 0x00, 0x00, 0x00, 0x00, 0x00, 0x00, 0x00
	.byte 0x00, 0x00, 0x00, 0x00, 0x00, 0x00, 0x00, 0x00, 0x00, 0x00, 0x00, 0x00, 0x00, 0x00, 0x00, 0x00
	.byte 0x00, 0x00, 0x00, 0x00, 0x00, 0x00, 0x00, 0x00, 0x00, 0x00, 0x00, 0x00, 0x20, 0x60, 0x20, 0x60
	.byte 0x1F, 0x7F, 0x00, 0x3F, 0x07, 0x0F, 0x08, 0x1F, 0x08, 0x19, 0x07, 0x1F, 0x00, 0x0F, 0x0F, 0x1F
	.byte 0x00, 0x1F, 0x0F, 0x1F, 0x01, 0x1F, 0x00, 0x03, 0x0F, 0x1F, 0x00, 0x1F, 0x07, 0x0F, 0x0A, 0x1F
	.byte 0x0A, 0x1F, 0x0B, 0x1F, 0x00, 0x1F, 0x07, 0x0F, 0x08, 0x1F, 0x08, 0x19, 0x0F, 0x1F, 0x00, 0x1F
	.byte 0x00, 0x00, 0x00, 0x00, 0x00, 0x00, 0x03, 0x07, 0x24, 0x6F, 0x24, 0x6C, 0x1F, 0x7F, 0x00, 0x3F
	.byte 0x07, 0x0F, 0x08, 0x1F, 0x08, 0x19, 0x07, 0x1F, 0x00, 0x0F, 0x07, 0x0F, 0x08, 0x1F, 0x08, 0x18
	.byte 0x0F, 0x1F, 0x00, 0x1F, 0x00, 0x00, 0x0C, 0x1D, 0x00, 0x1D, 0x00, 0x00, 0x00, 0x00, 0x00, 0x00
	.byte 0x00, 0x00, 0x00, 0x00, 0x00, 0x00, 0x00, 0x00, 0x00, 0x00, 0x00, 0x00, 0x00, 0x00, 0x00, 0x00
	.byte 0x00, 0x00, 0x00, 0x00, 0x00, 0x00, 0x00, 0x00, 0x00, 0x00, 0x00, 0x00, 0x00, 0x00, 0x00, 0x00
	.byte 0x00, 0x00, 0x00, 0x00, 0x00, 0x00, 0x00, 0x00, 0x00, 0x00, 0x00, 0x00, 0x00, 0x00, 0x00, 0x00
	.byte 0x00, 0x00, 0x00, 0x00, 0x00, 0x00, 0x00, 0x00, 0x00, 0x00, 0x00, 0x00, 0x00, 0x00, 0x00, 0x00
	.byte 0x00, 0x00, 0x00, 0x00, 0x00, 0x00, 0x00, 0x00, 0x00, 0x00, 0x00, 0x00, 0x00, 0x00, 0x00, 0x00
	.byte 0x00, 0x00, 0x00, 0x00, 0x00, 0x00, 0x00, 0x00

ov112_021F7E98: ; 0x021F7E98
	.byte 0x00, 0x00, 0x00, 0x00, 0xF0, 0xF0, 0x10, 0xF0
	.byte 0x10, 0x30, 0xE0, 0xF0, 0x00, 0xE0, 0x00, 0x00, 0x80, 0x80, 0x80, 0x80, 0x00, 0x80, 0x00, 0x00
	.byte 0x80, 0x80, 0x00, 0x80, 0x00, 0x00, 0x80, 0x80, 0x00, 0x80, 0x00, 0x00, 0x80, 0x80, 0x80, 0x80
	.byte 0x00, 0x80, 0x00, 0x00, 0x80, 0x80, 0x00, 0x80, 0x80, 0x80, 0x00, 0x80, 0x00, 0x00, 0x00, 0x00
	.byte 0x80, 0x80, 0x80, 0x80, 0xF0, 0xF0, 0x00, 0xF0, 0x00, 0x00, 0x00, 0x00, 0x00, 0x00, 0x00, 0x00
	.byte 0x00, 0x00, 0x00, 0x00, 0x00, 0x00, 0x00, 0x00, 0x00, 0x00, 0x00, 0x00, 0x00, 0x00, 0x00, 0x00
	.byte 0x00, 0x00, 0x00, 0x00, 0x00, 0x00, 0x00, 0x00, 0x00, 0x00, 0x00, 0x00, 0x00, 0x00, 0x00, 0x00
	.byte 0x00, 0x00, 0x00, 0x00, 0x00, 0x00, 0x00, 0x00, 0x00, 0x00, 0x00, 0x00, 0x00, 0x00, 0x00, 0x00
	.byte 0x00, 0x00, 0x00, 0x00, 0x00, 0x00, 0x00, 0x00, 0x00, 0x00, 0x00, 0x00, 0x00, 0x00, 0x00, 0x00
	.byte 0x00, 0x00, 0x00, 0x00, 0x00, 0x00, 0x00, 0x00, 0x00, 0x00, 0x00, 0x00, 0x00, 0x00, 0x00, 0x00
	.byte 0x00, 0x00, 0x00, 0x00, 0x00, 0x00, 0x00, 0x00, 0x00, 0x00, 0x00, 0x00, 0x00, 0x00, 0x00, 0x00
	.byte 0x00, 0x00, 0x00, 0x00, 0x00, 0x00, 0x00, 0x00, 0x00, 0x00, 0x00, 0x00, 0x00, 0x00, 0x00, 0x00
	.byte 0x00, 0x00, 0x00, 0x00, 0x00, 0x00, 0x00, 0x00, 0x00, 0x00, 0x00, 0x00, 0x0F, 0x1F, 0x01, 0x1F
	.byte 0x03, 0x03, 0x0C, 0x1F, 0x00, 0x1D, 0x07, 0x0F, 0x0A, 0x1F, 0x0A, 0x1F, 0x0B, 0x1F, 0x00, 0x1F
	.byte 0x0F, 0x1F, 0x06, 0x1F, 0x08, 0x1E, 0x07, 0x1F, 0x00, 0x0F, 0x04, 0x0C, 0x0A, 0x1F, 0x0A, 0x1F
	.byte 0x0F, 0x1F, 0x00, 0x1F, 0x0F, 0x1F, 0x01, 0x1F, 0x00, 0x01, 0x01, 0x03, 0x00, 0x03, 0x07, 0x0F
	.byte 0x08, 0x1F, 0x08, 0x19, 0x0F, 0x1F, 0x00, 0x1F, 0x00, 0x00, 0x00, 0x00, 0x00, 0x00, 0x00, 0x00
	.byte 0x00, 0x00, 0x00, 0x00, 0x00, 0x00, 0x00, 0x00, 0x00, 0x00, 0x00, 0x00, 0x00, 0x00, 0x00, 0x00
	.byte 0x00, 0x00, 0x00, 0x00, 0x00, 0x00, 0x00, 0x00, 0x00, 0x00, 0x00, 0x00, 0x00, 0x00, 0x00, 0x00
	.byte 0x00, 0x00, 0x00, 0x00, 0x00, 0x00, 0x00, 0x00, 0x00, 0x00, 0x00, 0x00, 0x00, 0x00, 0x00, 0x00
	.byte 0x00, 0x00, 0x00, 0x00, 0x00, 0x00, 0x00, 0x00, 0x00, 0x00, 0x00, 0x00, 0x00, 0x00, 0x00, 0x00
	.byte 0x00, 0x00, 0x00, 0x00, 0x00, 0x00, 0x00, 0x00, 0x00, 0x00, 0x00, 0x00, 0x00, 0x00, 0x00, 0x00
	.byte 0x00, 0x00, 0x00, 0x00, 0x00, 0x00, 0x00, 0x00, 0x00, 0x00, 0x00, 0x00, 0x00, 0x00, 0x00, 0x00
	.byte 0x00, 0x00, 0x00, 0x00, 0x00, 0x00, 0x00, 0x00, 0x00, 0x00, 0x00, 0x00, 0x00, 0x00, 0x00, 0x00
	.byte 0x00, 0x00, 0x00, 0x00, 0x00, 0x00, 0x00, 0x00

ov112_021F8018: ; 0x021F8018
	.byte 0x00, 0x00, 0x00, 0x00, 0xE0, 0xE0, 0x10, 0xF0
	.byte 0x90, 0xB0, 0xA0, 0xF0, 0x00, 0xE0, 0x00, 0x00, 0x80, 0x80, 0x80, 0x80, 0x00, 0x80, 0x00, 0x00
	.byte 0x00, 0x00, 0x80, 0x80, 0x80, 0x80, 0x00, 0x80, 0x00, 0x00, 0x00, 0x00, 0x80, 0x80, 0x80, 0x80
	.byte 0xF0, 0xF0, 0x00, 0xF0, 0x00, 0x00, 0x00, 0x00, 0x00, 0x00, 0x00, 0x00, 0x00, 0x00, 0xA0, 0xE0
	.byte 0x00, 0xE0, 0x00, 0x00, 0x80, 0x80, 0x80, 0x80, 0x00, 0x80, 0x00, 0x00, 0xF0, 0xF0, 0x80, 0xF0
	.byte 0x80, 0x80, 0x00, 0x80, 0x00, 0x00, 0x00, 0x00, 0xF8, 0xF8, 0x00, 0xF8, 0x00, 0x00, 0x00, 0x00
	.byte 0x00, 0x00, 0x00, 0x00, 0x00, 0x00, 0x00, 0x00, 0x00, 0x00, 0x00, 0x00, 0x00, 0x00, 0x00, 0x00
	.byte 0x00, 0x00, 0x00, 0x00, 0x00, 0x00, 0x00, 0x00, 0x00, 0x00, 0x00, 0x00, 0x00, 0x00, 0x00, 0x00
	.byte 0x00, 0x00, 0x00, 0x00, 0x00, 0x00, 0x00, 0x00, 0x00, 0x00, 0x00, 0x00, 0x00, 0x00, 0x00, 0x00
	.byte 0x00, 0x00, 0x00, 0x00, 0x00, 0x00, 0x00, 0x00, 0x00, 0x00, 0x00, 0x00, 0x00, 0x00, 0x00, 0x00
	.byte 0x00, 0x00, 0x00, 0x00, 0x00, 0x00, 0x00, 0x00, 0x00, 0x00, 0x00, 0x00, 0x00, 0x00, 0x00, 0x00
	.byte 0x00, 0x00, 0x00, 0x00, 0x00, 0x00, 0x00, 0x00, 0x00, 0x00, 0x00, 0x00, 0x00, 0x00, 0x00, 0x00
	.byte 0x00, 0x00, 0x00, 0x00, 0x00, 0x00, 0x00, 0x00, 0x00, 0x00, 0x00, 0x00, 0x07, 0x0F, 0x08, 0x1F
	.byte 0x08, 0x19, 0x07, 0x1F, 0x00, 0x0F, 0x07, 0x0F, 0x08, 0x1F, 0x08, 0x19, 0x07, 0x1F, 0x00, 0x0F
	.byte 0x07, 0x0F, 0x08, 0x1F, 0x08, 0x19, 0x07, 0x1F, 0x00, 0x0F, 0x07, 0x0F, 0x08, 0x1F, 0x08, 0x19
	.byte 0x0F, 0x1F, 0x00, 0x1F, 0x00, 0x00, 0x00, 0x00, 0x00, 0x00, 0x20, 0x60, 0x20, 0x60, 0x1F, 0x7F
	.byte 0x00, 0x3F, 0x07, 0x0F, 0x08, 0x1F, 0x08, 0x19, 0x07, 0x1F, 0x00, 0x0F, 0x0F, 0x1F, 0x08, 0x1F
	.byte 0x08, 0x19, 0x07, 0x1F, 0x00, 0x0F, 0x00, 0x00, 0x0C, 0x1D, 0x00, 0x1D, 0x00, 0x00, 0x00, 0x00
	.byte 0x00, 0x00, 0x00, 0x00, 0x00, 0x00, 0x00, 0x00, 0x00, 0x00, 0x00, 0x00, 0x00, 0x00, 0x00, 0x00
	.byte 0x00, 0x00, 0x00, 0x00, 0x00, 0x00, 0x00, 0x00, 0x00, 0x00, 0x00, 0x00, 0x00, 0x00, 0x00, 0x00
	.byte 0x00, 0x00, 0x00, 0x00, 0x00, 0x00, 0x00, 0x00, 0x00, 0x00, 0x00, 0x00, 0x00, 0x00, 0x00, 0x00
	.byte 0x00, 0x00, 0x00, 0x00, 0x00, 0x00, 0x00, 0x00, 0x00, 0x00, 0x00, 0x00, 0x00, 0x00, 0x00, 0x00
	.byte 0x00, 0x00, 0x00, 0x00, 0x00, 0x00, 0x00, 0x00, 0x00, 0x00, 0x00, 0x00, 0x00, 0x00, 0x00, 0x00
	.byte 0x00, 0x00, 0x00, 0x00, 0x00, 0x00, 0x00, 0x00, 0x00, 0x00, 0x00, 0x00, 0x00, 0x00, 0x00, 0x00
	.byte 0x00, 0x00, 0x00, 0x00, 0x00, 0x00, 0x00, 0x00

ov112_021F8198: ; 0x021F8198
	.byte 0x00, 0x00, 0x00, 0x00, 0xF0, 0xF0, 0xC0, 0xF0
	.byte 0x00, 0xC0, 0xF0, 0xF0, 0x00, 0xF0, 0x00, 0x00, 0x80, 0x80, 0x80, 0x80, 0x00, 0x80, 0x00, 0x00
	.byte 0x00, 0x00, 0x00, 0x00, 0x00, 0x00, 0x10, 0x30, 0xF0, 0xF0, 0x10, 0xF0, 0x00, 0x30, 0x80, 0x80
	.byte 0x00, 0x80, 0x80, 0x80, 0x00, 0x80, 0x00, 0x00, 0x00, 0x00, 0x80, 0x80, 0x80, 0x80, 0x00, 0x80
	.byte 0x00, 0x00, 0xA0, 0xE0, 0x00, 0xE0, 0x80, 0x80, 0x00, 0x80, 0x80, 0x80, 0x00, 0x80, 0x00, 0x00
	.byte 0x00, 0x00, 0x80, 0x80, 0x80, 0x80, 0x00, 0x80, 0x00, 0x00, 0x80, 0x80, 0x00, 0x80, 0x80, 0x80
	.byte 0x00, 0x80, 0x00, 0x00, 0x00, 0x00, 0x00, 0x00, 0x00, 0x00, 0x80, 0x80, 0xE0, 0xE0, 0x90, 0xF0
	.byte 0x00, 0xB0, 0x00, 0x00, 0x80, 0x80, 0x80, 0x80, 0x00, 0x80, 0x00, 0x00, 0x80, 0x80, 0x00, 0x80
	.byte 0x00, 0x00, 0x80, 0x80, 0x00, 0x80, 0x80, 0x80, 0x00, 0x80, 0x80, 0x80, 0x00, 0x80, 0x00, 0x00
	.byte 0x00, 0x00, 0x80, 0x80, 0x80, 0x80, 0xF0, 0xF0, 0x00, 0xF0, 0x00, 0x00, 0x00, 0x00, 0x00, 0x00
	.byte 0x00, 0x00, 0x00, 0x00, 0x00, 0x00, 0x00, 0x00, 0x00, 0x00, 0x00, 0x00, 0x00, 0x00, 0x00, 0x00
	.byte 0x00, 0x00, 0x00, 0x00, 0x00, 0x00, 0x00, 0x00, 0x00, 0x00, 0x00, 0x00, 0x00, 0x00, 0x00, 0x00
	.byte 0x00, 0x00, 0x00, 0x00, 0x00, 0x00, 0x00, 0x00, 0x00, 0x00, 0x00, 0x00, 0x0F, 0x1F, 0x00, 0x1F
	.byte 0x03, 0x07, 0x0F, 0x1F, 0x00, 0x1F, 0x07, 0x0F, 0x08, 0x1F, 0x08, 0x19, 0x07, 0x1F, 0x00, 0x0F
	.byte 0x00, 0x00, 0x00, 0x00, 0x00, 0x00, 0x00, 0x00, 0x0F, 0x1F, 0x00, 0x1F, 0x00, 0x00, 0x0F, 0x1F
	.byte 0x01, 0x1F, 0x00, 0x01, 0x01, 0x03, 0x00, 0x03, 0x04, 0x0C, 0x0A, 0x1F, 0x0A, 0x1F, 0x0F, 0x1F
	.byte 0x00, 0x1F, 0x0F, 0x1F, 0x00, 0x1F, 0x0F, 0x1F, 0x01, 0x1F, 0x00, 0x03, 0x0F, 0x1F, 0x00, 0x1F
	.byte 0x07, 0x0F, 0x0A, 0x1F, 0x0A, 0x1F, 0x0B, 0x1F, 0x00, 0x1F, 0x0F, 0x1F, 0x01, 0x1F, 0x00, 0x01
	.byte 0x01, 0x03, 0x00, 0x03, 0x00, 0x00, 0x00, 0x00, 0x00, 0x00, 0x00, 0x01, 0x0F, 0x1F, 0x00, 0x1F
	.byte 0x00, 0x01, 0x07, 0x0F, 0x08, 0x1F, 0x08, 0x19, 0x07, 0x1F, 0x00, 0x0F, 0x07, 0x0F, 0x08, 0x1F
	.byte 0x08, 0x18, 0x0F, 0x1F, 0x00, 0x1F, 0x0F, 0x1F, 0x01, 0x1F, 0x00, 0x03, 0x0F, 0x1F, 0x00, 0x1F
	.byte 0x07, 0x0F, 0x08, 0x1F, 0x08, 0x19, 0x0F, 0x1F, 0x00, 0x1F, 0x0C, 0x0C, 0x0C, 0x1C, 0x00, 0x18
	.byte 0x00, 0x00, 0x00, 0x00, 0x00, 0x00, 0x00, 0x00, 0x00, 0x00, 0x00, 0x00, 0x00, 0x00, 0x00, 0x00
	.byte 0x00, 0x00, 0x00, 0x00, 0x00, 0x00, 0x00, 0x00, 0x00, 0x00, 0x00, 0x00, 0x00, 0x00, 0x00, 0x00
	.byte 0x00, 0x00, 0x00, 0x00, 0x00, 0x00, 0x00, 0x00

ov112_021F8318: ; 0x021F8318
	.byte 0x00, 0x00, 0x00, 0x00, 0xE0, 0xE0, 0x10, 0xF0
	.byte 0x10, 0x30, 0x60, 0xF0, 0x00, 0xE0, 0x00, 0x00, 0x80, 0x80, 0x80, 0x80, 0x00, 0x80, 0x00, 0x00
	.byte 0x80, 0x80, 0x00, 0x80, 0x80, 0x80, 0x00, 0x80, 0x00, 0x00, 0x80, 0x80, 0x00, 0x80, 0x80, 0x80
	.byte 0x00, 0x80, 0x00, 0x00, 0x00, 0x00, 0x80, 0x80, 0x80, 0x80, 0x00, 0x80, 0x00, 0x00, 0x80, 0x80
	.byte 0xC0, 0xC0, 0x80, 0xC0, 0x00, 0x80, 0x00, 0x00, 0x00, 0x00, 0x00, 0x00, 0x00, 0x00, 0x80, 0x80
	.byte 0x80, 0x80, 0x00, 0x80, 0x00, 0x00, 0x00, 0x00, 0x80, 0x80, 0x80, 0x80, 0x00, 0x80, 0x00, 0x00
	.byte 0x80, 0x80, 0x00, 0x80, 0x80, 0x80, 0x00, 0x80, 0x00, 0x00, 0x80, 0x80, 0x80, 0x80, 0x80, 0x80
	.byte 0x00, 0x80, 0x00, 0x00, 0x10, 0x30, 0xF0, 0xF0, 0x00, 0xF0, 0x00, 0x00, 0x80, 0x80, 0x80, 0x80
	.byte 0x00, 0x80, 0x00, 0x00, 0x80, 0x80, 0xC0, 0xC0, 0x80, 0xC0, 0x00, 0x80, 0x00, 0x00, 0x80, 0x80
	.byte 0x80, 0x80, 0x00, 0x80, 0x00, 0x00, 0x00, 0x00, 0x00, 0x00, 0x00, 0x00, 0x00, 0x00, 0x00, 0x00
	.byte 0x00, 0x00, 0x00, 0x00, 0x00, 0x00, 0x00, 0x00, 0x00, 0x00, 0x00, 0x00, 0x00, 0x00, 0x00, 0x00
	.byte 0x00, 0x00, 0x00, 0x00, 0x00, 0x00, 0x00, 0x00, 0x00, 0x00, 0x00, 0x00, 0x00, 0x00, 0x00, 0x00
	.byte 0x00, 0x00, 0x00, 0x00, 0x00, 0x00, 0x00, 0x00, 0x00, 0x00, 0x00, 0x00, 0x07, 0x0F, 0x08, 0x1F
	.byte 0x08, 0x18, 0x06, 0x1E, 0x00, 0x0E, 0x04, 0x0C, 0x0A, 0x1F, 0x0A, 0x1F, 0x0F, 0x1F, 0x00, 0x1F
	.byte 0x0F, 0x1F, 0x01, 0x1F, 0x00, 0x03, 0x0F, 0x1F, 0x00, 0x1F, 0x0F, 0x1F, 0x01, 0x1F, 0x00, 0x03
	.byte 0x0F, 0x1F, 0x00, 0x1F, 0x07, 0x0F, 0x08, 0x1F, 0x08, 0x19, 0x07, 0x1F, 0x00, 0x0F, 0x00, 0x01
	.byte 0x07, 0x0F, 0x08, 0x1F, 0x00, 0x19, 0x00, 0x00, 0x00, 0x00, 0x00, 0x00, 0x07, 0x0F, 0x08, 0x1F
	.byte 0x08, 0x19, 0x05, 0x1F, 0x00, 0x0F, 0x07, 0x0F, 0x08, 0x1F, 0x08, 0x19, 0x07, 0x1F, 0x00, 0x0F
	.byte 0x0F, 0x1F, 0x0F, 0x1F, 0x00, 0x1F, 0x0F, 0x1F, 0x00, 0x1F, 0x3F, 0x7F, 0x04, 0x7F, 0x04, 0x0D
	.byte 0x03, 0x0F, 0x00, 0x07, 0x00, 0x00, 0x0F, 0x1F, 0x00, 0x1F, 0x07, 0x0F, 0x0A, 0x1F, 0x0A, 0x1F
	.byte 0x0B, 0x1F, 0x00, 0x1F, 0x00, 0x01, 0x07, 0x0F, 0x08, 0x1F, 0x00, 0x19, 0x07, 0x0F, 0x0A, 0x1F
	.byte 0x0A, 0x1F, 0x0B, 0x1F, 0x00, 0x1F, 0x00, 0x00, 0x00, 0x00, 0x00, 0x00, 0x00, 0x00, 0x00, 0x00
	.byte 0x00, 0x00, 0x00, 0x00, 0x00, 0x00, 0x00, 0x00, 0x00, 0x00, 0x00, 0x00, 0x00, 0x00, 0x00, 0x00
	.byte 0x00, 0x00, 0x00, 0x00, 0x00, 0x00, 0x00, 0x00, 0x00, 0x00, 0x00, 0x00, 0x00, 0x00, 0x00, 0x00
	.byte 0x00, 0x00, 0x00, 0x00, 0x00, 0x00, 0x00, 0x00

ov112_021F8498: ; 0x021F8498
	.byte 0x00, 0x00, 0x00, 0x00, 0x80, 0x80, 0xC0, 0xC0
	.byte 0x80, 0xC0, 0x00, 0x80, 0xF0, 0xF0, 0x80, 0xF0, 0x80, 0x80, 0x00, 0x80, 0x00, 0x00, 0xA0, 0xE0
	.byte 0x00, 0xE0, 0x00, 0x00, 0x80, 0x80, 0x80, 0x80, 0x80, 0x80, 0x00, 0x80, 0x00, 0x00, 0x00, 0x00
	.byte 0x00, 0x00, 0x00, 0x00, 0x80, 0x80, 0x80, 0x80, 0x00, 0x80, 0x00, 0x00, 0x00, 0x00, 0x80, 0x80
	.byte 0x80, 0x80, 0x00, 0x80, 0x00, 0x00, 0x80, 0x80, 0x00, 0x80, 0x80, 0x80, 0x00, 0x80, 0x00, 0x00
	.byte 0x80, 0x80, 0x00, 0x80, 0x80, 0x80, 0x00, 0x80, 0x00, 0x00, 0x00, 0x00, 0x80, 0x80, 0x80, 0x80
	.byte 0x00, 0x80, 0x00, 0x00, 0x00, 0x00, 0x80, 0x80, 0x80, 0x80, 0x00, 0x80, 0x00, 0x00, 0x80, 0x80
	.byte 0xC0, 0xC0, 0x80, 0xC0, 0x00, 0x80, 0xA0, 0xE0, 0x00, 0xE0, 0x00, 0x00, 0x80, 0x80, 0x80, 0x80
	.byte 0x00, 0x80, 0x00, 0x00, 0x80, 0x80, 0x00, 0x80, 0x80, 0x80, 0x00, 0x80, 0x00, 0x00, 0x00, 0x00
	.byte 0x00, 0x00, 0x00, 0x00, 0x00, 0x00, 0x00, 0x00, 0x00, 0x00, 0x00, 0x00, 0x00, 0x00, 0x00, 0x00
	.byte 0x00, 0x00, 0x00, 0x00, 0x00, 0x00, 0x00, 0x00, 0x00, 0x00, 0x00, 0x00, 0x00, 0x00, 0x00, 0x00
	.byte 0x00, 0x00, 0x00, 0x00, 0x00, 0x00, 0x00, 0x00, 0x00, 0x00, 0x00, 0x00, 0x00, 0x00, 0x00, 0x00
	.byte 0x00, 0x00, 0x00, 0x00, 0x00, 0x00, 0x00, 0x00, 0x00, 0x00, 0x00, 0x00, 0x00, 0x01, 0x07, 0x0F
	.byte 0x08, 0x1F, 0x00, 0x19, 0x0F, 0x1F, 0x00, 0x1F, 0x00, 0x01, 0x0F, 0x1F, 0x00, 0x1F, 0x0F, 0x1F
	.byte 0x00, 0x1F, 0x09, 0x1B, 0x0A, 0x1F, 0x0A, 0x1F, 0x04, 0x1F, 0x00, 0x0D, 0x00, 0x00, 0x00, 0x00
	.byte 0x00, 0x00, 0x07, 0x0F, 0x08, 0x1F, 0x08, 0x19, 0x05, 0x1F, 0x00, 0x0F, 0x07, 0x0F, 0x08, 0x1F
	.byte 0x08, 0x19, 0x07, 0x1F, 0x00, 0x0F, 0x0F, 0x1F, 0x01, 0x1F, 0x00, 0x03, 0x0F, 0x1F, 0x00, 0x1F
	.byte 0x0F, 0x1F, 0x01, 0x1F, 0x00, 0x03, 0x0F, 0x1F, 0x00, 0x1F, 0x07, 0x0F, 0x0A, 0x1F, 0x0A, 0x1F
	.byte 0x0B, 0x1F, 0x00, 0x1F, 0x07, 0x0F, 0x08, 0x1F, 0x08, 0x19, 0x05, 0x1F, 0x00, 0x0F, 0x00, 0x01
	.byte 0x07, 0x0F, 0x08, 0x1F, 0x00, 0x19, 0x0F, 0x1F, 0x00, 0x1F, 0x07, 0x0F, 0x08, 0x1F, 0x08, 0x19
	.byte 0x07, 0x1F, 0x00, 0x0F, 0x0F, 0x1F, 0x01, 0x1F, 0x00, 0x03, 0x0F, 0x1F, 0x00, 0x1F, 0x0C, 0x0C
	.byte 0x0C, 0x1C, 0x00, 0x18, 0x00, 0x00, 0x00, 0x00, 0x00, 0x00, 0x00, 0x00, 0x00, 0x00, 0x00, 0x00
	.byte 0x00, 0x00, 0x00, 0x00, 0x00, 0x00, 0x00, 0x00, 0x00, 0x00, 0x00, 0x00, 0x00, 0x00, 0x00, 0x00
	.byte 0x00, 0x00, 0x00, 0x00, 0x00, 0x00, 0x00, 0x00, 0x00, 0x00, 0x00, 0x00, 0x00, 0x00, 0x00, 0x00
	.byte 0x00, 0x00, 0x00, 0x00, 0x00, 0x00, 0x00, 0x00

ov112_021F8618: ; 0x021F8618
	.byte 0x00, 0x00, 0x00, 0x00, 0xE0, 0xE0, 0x10, 0xF0
	.byte 0x10, 0x30, 0xE0, 0xF0, 0x00, 0xE0, 0x80, 0x80, 0xC0, 0xC0, 0x80, 0xC0, 0x00, 0x80, 0xF0, 0xF0
	.byte 0x80, 0xF0, 0x80, 0x80, 0x00, 0x80, 0x00, 0x00, 0x00, 0x00, 0x80, 0x80, 0x80, 0x80, 0x00, 0x80
	.byte 0x00, 0x00, 0x80, 0x80, 0x00, 0x80, 0x80, 0x80, 0x00, 0x80, 0x00, 0x00, 0x00, 0x00, 0x00, 0x00
	.byte 0x00, 0x00, 0x10, 0x30, 0xF0, 0xF0, 0x10, 0xF0, 0x00, 0x30, 0x80, 0x80, 0x00, 0x80, 0x80, 0x80
	.byte 0x00, 0x80, 0x00, 0x00, 0x00, 0x00, 0x80, 0x80, 0x80, 0x80, 0x00, 0x80, 0x00, 0x00, 0xA0, 0xE0
	.byte 0x00, 0xE0, 0x80, 0x80, 0x00, 0x80, 0x80, 0x80, 0x00, 0x80, 0x00, 0x00, 0x00, 0x00, 0x80, 0x80
	.byte 0x80, 0x80, 0x00, 0x80, 0x00, 0x00, 0x80, 0x80, 0x00, 0x80, 0x80, 0x80, 0x00, 0x80, 0x00, 0x00
	.byte 0x00, 0x00, 0x00, 0x00, 0x00, 0x00, 0x00, 0x00, 0x00, 0x00, 0x00, 0x00, 0x00, 0x00, 0x00, 0x00
	.byte 0x00, 0x00, 0x00, 0x00, 0x00, 0x00, 0x00, 0x00, 0x00, 0x00, 0x00, 0x00, 0x00, 0x00, 0x00, 0x00
	.byte 0x00, 0x00, 0x00, 0x00, 0x00, 0x00, 0x00, 0x00, 0x00, 0x00, 0x00, 0x00, 0x00, 0x00, 0x00, 0x00
	.byte 0x00, 0x00, 0x00, 0x00, 0x00, 0x00, 0x00, 0x00, 0x00, 0x00, 0x00, 0x00, 0x00, 0x00, 0x00, 0x00
	.byte 0x00, 0x00, 0x00, 0x00, 0x00, 0x00, 0x00, 0x00, 0x00, 0x00, 0x00, 0x00, 0x07, 0x0F, 0x08, 0x1F
	.byte 0x08, 0x18, 0x07, 0x1F, 0x00, 0x0F, 0x00, 0x01, 0x07, 0x0F, 0x08, 0x1F, 0x00, 0x19, 0x0F, 0x1F
	.byte 0x00, 0x1F, 0x00, 0x01, 0x0F, 0x1F, 0x00, 0x1F, 0x07, 0x0F, 0x0A, 0x1F, 0x0A, 0x1F, 0x0B, 0x1F
	.byte 0x00, 0x1F, 0x0F, 0x1F, 0x01, 0x1F, 0x00, 0x01, 0x01, 0x03, 0x00, 0x03, 0x00, 0x00, 0x00, 0x00
	.byte 0x00, 0x00, 0x00, 0x00, 0x0F, 0x1F, 0x00, 0x1F, 0x00, 0x00, 0x0F, 0x1F, 0x01, 0x1F, 0x00, 0x01
	.byte 0x01, 0x03, 0x00, 0x03, 0x04, 0x0C, 0x0A, 0x1F, 0x0A, 0x1F, 0x0F, 0x1F, 0x00, 0x1F, 0x0F, 0x1F
	.byte 0x00, 0x1F, 0x0F, 0x1F, 0x01, 0x1F, 0x00, 0x03, 0x0F, 0x1F, 0x00, 0x1F, 0x07, 0x0F, 0x0A, 0x1F
	.byte 0x0A, 0x1F, 0x0B, 0x1F, 0x00, 0x1F, 0x0F, 0x1F, 0x01, 0x1F, 0x00, 0x01, 0x01, 0x03, 0x00, 0x03
	.byte 0x00, 0x00, 0x00, 0x00, 0x00, 0x00, 0x00, 0x00, 0x00, 0x00, 0x00, 0x00, 0x00, 0x00, 0x00, 0x00
	.byte 0x00, 0x00, 0x00, 0x00, 0x00, 0x00, 0x00, 0x00, 0x00, 0x00, 0x00, 0x00, 0x00, 0x00, 0x00, 0x00
	.byte 0x00, 0x00, 0x00, 0x00, 0x00, 0x00, 0x00, 0x00, 0x00, 0x00, 0x00, 0x00, 0x00, 0x00, 0x00, 0x00
	.byte 0x00, 0x00, 0x00, 0x00, 0x00, 0x00, 0x00, 0x00, 0x00, 0x00, 0x00, 0x00, 0x00, 0x00, 0x00, 0x00
	.byte 0x00, 0x00, 0x00, 0x00, 0x00, 0x00, 0x00, 0x00

ov112_021F8798: ; 0x021F8798
	.byte 0x00, 0x00, 0x00, 0x00, 0xA0, 0xE0, 0x00, 0xE0
	.byte 0x00, 0x00, 0x80, 0x80, 0x80, 0x80, 0x80, 0x80, 0x00, 0x80, 0x00, 0x00, 0x00, 0x00, 0x00, 0x00
	.byte 0x80, 0x80, 0x00, 0x80, 0x00, 0x00, 0x80, 0x80, 0x00, 0x80, 0x80, 0x80, 0x00, 0x80, 0x80, 0x80
	.byte 0x00, 0x80, 0x00, 0x00, 0x00, 0x00, 0x80, 0x80, 0x80, 0x80, 0x00, 0x80, 0x00, 0x00, 0x80, 0x80
	.byte 0x00, 0x80, 0x00, 0x00, 0x80, 0x80, 0x00, 0x80, 0x00, 0x00, 0x80, 0x80, 0x80, 0x80, 0x00, 0x80
	.byte 0x00, 0x00, 0xA0, 0xE0, 0x00, 0xE0, 0x10, 0x30, 0xF0, 0xF0, 0x00, 0xF0, 0x00, 0x00, 0x80, 0x80
	.byte 0x80, 0x80, 0x00, 0x80, 0x00, 0x00, 0xF0, 0xF0, 0x80, 0xF0, 0x80, 0x80, 0x00, 0x80, 0x00, 0x00
	.byte 0x10, 0x30, 0xF0, 0xF0, 0x00, 0xF0, 0x00, 0x00, 0x80, 0x80, 0x80, 0x80, 0x00, 0x80, 0x00, 0x00
	.byte 0x00, 0x00, 0x00, 0x00, 0x00, 0x00, 0x00, 0x00, 0x00, 0x00, 0x00, 0x00, 0x00, 0x00, 0x00, 0x00
	.byte 0x00, 0x00, 0x00, 0x00, 0x00, 0x00, 0x00, 0x00, 0x00, 0x00, 0x00, 0x00, 0x00, 0x00, 0x00, 0x00
	.byte 0x00, 0x00, 0x00, 0x00, 0x00, 0x00, 0x00, 0x00, 0x00, 0x00, 0x00, 0x00, 0x00, 0x00, 0x00, 0x00
	.byte 0x00, 0x00, 0x00, 0x00, 0x00, 0x00, 0x00, 0x00, 0x00, 0x00, 0x00, 0x00, 0x00, 0x00, 0x00, 0x00
	.byte 0x00, 0x00, 0x00, 0x00, 0x00, 0x00, 0x00, 0x00, 0x00, 0x00, 0x00, 0x00, 0x0F, 0x1F, 0x00, 0x1F
	.byte 0x09, 0x1B, 0x0A, 0x1F, 0x0A, 0x1F, 0x04, 0x1F, 0x00, 0x0D, 0x00, 0x00, 0x00, 0x00, 0x00, 0x00
	.byte 0x07, 0x0F, 0x08, 0x1F, 0x08, 0x18, 0x0F, 0x1F, 0x00, 0x1F, 0x0F, 0x1F, 0x01, 0x1F, 0x00, 0x03
	.byte 0x0F, 0x1F, 0x00, 0x1F, 0x04, 0x0C, 0x0A, 0x1F, 0x0A, 0x1F, 0x0F, 0x1F, 0x00, 0x1F, 0x07, 0x0F
	.byte 0x08, 0x1F, 0x06, 0x1E, 0x01, 0x0F, 0x00, 0x03, 0x04, 0x0C, 0x0A, 0x1F, 0x0A, 0x1F, 0x0F, 0x1F
	.byte 0x00, 0x1F, 0x0F, 0x1F, 0x00, 0x1F, 0x00, 0x00, 0x0F, 0x1F, 0x00, 0x1F, 0x04, 0x0C, 0x0A, 0x1F
	.byte 0x0A, 0x1F, 0x0F, 0x1F, 0x00, 0x1F, 0x0F, 0x1F, 0x08, 0x1F, 0x08, 0x19, 0x07, 0x1F, 0x00, 0x0F
	.byte 0x00, 0x00, 0x0F, 0x1F, 0x00, 0x1F, 0x07, 0x0F, 0x0A, 0x1F, 0x0A, 0x1F, 0x0B, 0x1F, 0x00, 0x1F
	.byte 0x0C, 0x0C, 0x0C, 0x1C, 0x00, 0x18, 0x00, 0x00, 0x00, 0x00, 0x00, 0x00, 0x00, 0x00, 0x00, 0x00
	.byte 0x00, 0x00, 0x00, 0x00, 0x00, 0x00, 0x00, 0x00, 0x00, 0x00, 0x00, 0x00, 0x00, 0x00, 0x00, 0x00
	.byte 0x00, 0x00, 0x00, 0x00, 0x00, 0x00, 0x00, 0x00, 0x00, 0x00, 0x00, 0x00, 0x00, 0x00, 0x00, 0x00
	.byte 0x00, 0x00, 0x00, 0x00, 0x00, 0x00, 0x00, 0x00, 0x00, 0x00, 0x00, 0x00, 0x00, 0x00, 0x00, 0x00
	.byte 0x00, 0x00, 0x00, 0x00, 0x00, 0x00, 0x00, 0x00

ov112_021F8918: ; 0x021F8918
	.byte 0x00, 0x00, 0x00, 0x00, 0xE0, 0xE0, 0x10, 0xF0
	.byte 0x10, 0x30, 0xE0, 0xF0, 0x00, 0xE0, 0x10, 0x30, 0xF0, 0xF0, 0x00, 0xF0, 0x80, 0x80, 0x00, 0x80
	.byte 0x80, 0x80, 0x00, 0x80, 0x00, 0x00, 0x00, 0x00, 0x80, 0x80, 0x80, 0x80, 0x00, 0x80, 0x00, 0x00
	.byte 0x00, 0x00, 0x80, 0x80, 0x80, 0x80, 0x00, 0x80, 0x00, 0x00, 0x00, 0x00, 0x80, 0x80, 0x80, 0x80
	.byte 0xF0, 0xF0, 0x00, 0xF0, 0x80, 0x80, 0x00, 0x80, 0x00, 0x00, 0x80, 0x80, 0x00, 0x80, 0x00, 0x00
	.byte 0x00, 0x00, 0x00, 0x00, 0x80, 0x80, 0x00, 0x80, 0x80, 0x80, 0x00, 0x80, 0x00, 0x00, 0x00, 0x00
	.byte 0x80, 0x80, 0x80, 0x80, 0x00, 0x80, 0x00, 0x00, 0x00, 0x00, 0x80, 0x80, 0x80, 0x80, 0x00, 0x80
	.byte 0x00, 0x00, 0x00, 0x00, 0x80, 0x80, 0x80, 0x80, 0x00, 0x80, 0x00, 0x00, 0xA0, 0xE0, 0x00, 0xE0
	.byte 0x80, 0x80, 0x00, 0x80, 0x00, 0x00, 0x80, 0x80, 0x00, 0x80, 0x00, 0x00, 0x80, 0x80, 0x80, 0x80
	.byte 0x00, 0x80, 0x00, 0x00, 0x00, 0x00, 0x80, 0x80, 0x80, 0x80, 0xF0, 0xF0, 0x00, 0xF0, 0x00, 0x00
	.byte 0x00, 0x00, 0x00, 0x00, 0x00, 0x00, 0x00, 0x00, 0x00, 0x00, 0x00, 0x00, 0x00, 0x00, 0x00, 0x00
	.byte 0x00, 0x00, 0x00, 0x00, 0x00, 0x00, 0x00, 0x00, 0x00, 0x00, 0x00, 0x00, 0x00, 0x00, 0x00, 0x00
	.byte 0x00, 0x00, 0x00, 0x00, 0x00, 0x00, 0x00, 0x00, 0x00, 0x00, 0x00, 0x00, 0x0F, 0x1F, 0x01, 0x1F
	.byte 0x01, 0x03, 0x0F, 0x1F, 0x00, 0x1F, 0x00, 0x00, 0x0F, 0x1F, 0x00, 0x1F, 0x0F, 0x1F, 0x01, 0x1F
	.byte 0x00, 0x01, 0x01, 0x03, 0x00, 0x03, 0x07, 0x0F, 0x0A, 0x1F, 0x0A, 0x1F, 0x0B, 0x1F, 0x00, 0x1F
	.byte 0x04, 0x0C, 0x0A, 0x1F, 0x0A, 0x1F, 0x0F, 0x1F, 0x00, 0x1F, 0x07, 0x0F, 0x08, 0x1F, 0x08, 0x19
	.byte 0x0F, 0x1F, 0x00, 0x1F, 0x03, 0x07, 0x24, 0x6F, 0x24, 0x6C, 0x1F, 0x7F, 0x00, 0x3F, 0x00, 0x00
	.byte 0x00, 0x00, 0x00, 0x00, 0x0F, 0x1F, 0x01, 0x1F, 0x00, 0x01, 0x01, 0x03, 0x00, 0x03, 0x07, 0x0F
	.byte 0x0A, 0x1F, 0x0A, 0x1F, 0x0B, 0x1F, 0x00, 0x1F, 0x07, 0x0F, 0x08, 0x1F, 0x08, 0x19, 0x05, 0x1F
	.byte 0x00, 0x0F, 0x07, 0x0F, 0x0A, 0x1F, 0x0A, 0x1F, 0x0B, 0x1F, 0x00, 0x1F, 0x0F, 0x1F, 0x00, 0x1F
	.byte 0x07, 0x0F, 0x08, 0x1F, 0x06, 0x1E, 0x01, 0x0F, 0x00, 0x03, 0x07, 0x0F, 0x0A, 0x1F, 0x0A, 0x1F
	.byte 0x0B, 0x1F, 0x00, 0x1F, 0x07, 0x0F, 0x08, 0x1F, 0x08, 0x19, 0x0F, 0x1F, 0x00, 0x1F, 0x00, 0x00
	.byte 0x00, 0x00, 0x00, 0x00, 0x00, 0x00, 0x00, 0x00, 0x00, 0x00, 0x00, 0x00, 0x00, 0x00, 0x00, 0x00
	.byte 0x00, 0x00, 0x00, 0x00, 0x00, 0x00, 0x00, 0x00, 0x00, 0x00, 0x00, 0x00, 0x00, 0x00, 0x00, 0x00
	.byte 0x00, 0x00, 0x00, 0x00, 0x00, 0x00, 0x00, 0x00

ov112_021F8A98: ; 0x021F8A98
	.byte 0x00, 0x00, 0x00, 0x00, 0xE0, 0xE0, 0x10, 0xF0
	.byte 0x10, 0x30, 0x60, 0xF0, 0x00, 0xE0, 0x00, 0x00, 0x80, 0x80, 0x80, 0x80, 0x00, 0x80, 0x00, 0x00
	.byte 0x80, 0x80, 0x00, 0x80, 0x80, 0x80, 0x00, 0x80, 0x00, 0x00, 0x80, 0x80, 0x00, 0x80, 0x80, 0x80
	.byte 0x00, 0x80, 0x00, 0x00, 0x00, 0x00, 0x80, 0x80, 0x80, 0x80, 0x00, 0x80, 0x00, 0x00, 0x80, 0x80
	.byte 0xC0, 0xC0, 0x80, 0xC0, 0x00, 0x80, 0x00, 0x00, 0x00, 0x00, 0x00, 0x00, 0x00, 0x00, 0x80, 0x80
	.byte 0x80, 0x80, 0x00, 0x80, 0x00, 0x00, 0x00, 0x00, 0x80, 0x80, 0x80, 0x80, 0x00, 0x80, 0x00, 0x00
	.byte 0x80, 0x80, 0x00, 0x80, 0x80, 0x80, 0x00, 0x80, 0x00, 0x00, 0x80, 0x80, 0x00, 0x80, 0x80, 0x80
	.byte 0x00, 0x80, 0x00, 0x00, 0x00, 0x00, 0x80, 0x80, 0x80, 0x80, 0x00, 0x80, 0x00, 0x00, 0x00, 0x00
	.byte 0x80, 0x80, 0x80, 0x80, 0x00, 0x80, 0x00, 0x00, 0x80, 0x80, 0xC0, 0xC0, 0x80, 0xC0, 0x00, 0x80
	.byte 0x00, 0x00, 0x00, 0x00, 0x00, 0x00, 0x00, 0x00, 0x00, 0x00, 0x00, 0x00, 0x00, 0x00, 0x00, 0x00
	.byte 0x00, 0x00, 0x00, 0x00, 0x00, 0x00, 0x00, 0x00, 0x00, 0x00, 0x00, 0x00, 0x00, 0x00, 0x00, 0x00
	.byte 0x00, 0x00, 0x00, 0x00, 0x00, 0x00, 0x00, 0x00, 0x00, 0x00, 0x00, 0x00, 0x00, 0x00, 0x00, 0x00
	.byte 0x00, 0x00, 0x00, 0x00, 0x00, 0x00, 0x00, 0x00, 0x00, 0x00, 0x00, 0x00, 0x07, 0x0F, 0x08, 0x1F
	.byte 0x08, 0x18, 0x06, 0x1E, 0x00, 0x0E, 0x04, 0x0C, 0x0A, 0x1F, 0x0A, 0x1F, 0x0F, 0x1F, 0x00, 0x1F
	.byte 0x0F, 0x1F, 0x01, 0x1F, 0x00, 0x03, 0x0F, 0x1F, 0x00, 0x1F, 0x0F, 0x1F, 0x01, 0x1F, 0x00, 0x03
	.byte 0x0F, 0x1F, 0x00, 0x1F, 0x07, 0x0F, 0x08, 0x1F, 0x08, 0x19, 0x07, 0x1F, 0x00, 0x0F, 0x00, 0x01
	.byte 0x07, 0x0F, 0x08, 0x1F, 0x00, 0x19, 0x00, 0x00, 0x00, 0x00, 0x00, 0x00, 0x07, 0x0F, 0x08, 0x1F
	.byte 0x08, 0x19, 0x05, 0x1F, 0x00, 0x0F, 0x07, 0x0F, 0x08, 0x1F, 0x08, 0x19, 0x07, 0x1F, 0x00, 0x0F
	.byte 0x0F, 0x1F, 0x01, 0x1F, 0x00, 0x03, 0x0F, 0x1F, 0x00, 0x1F, 0x0F, 0x1F, 0x01, 0x1F, 0x00, 0x03
	.byte 0x0F, 0x1F, 0x00, 0x1F, 0x07, 0x0F, 0x0A, 0x1F, 0x0A, 0x1F, 0x0B, 0x1F, 0x00, 0x1F, 0x07, 0x0F
	.byte 0x08, 0x1F, 0x08, 0x19, 0x05, 0x1F, 0x00, 0x0F, 0x00, 0x01, 0x07, 0x0F, 0x08, 0x1F, 0x00, 0x19
	.byte 0x00, 0x00, 0x00, 0x00, 0x00, 0x00, 0x00, 0x00, 0x00, 0x00, 0x00, 0x00, 0x00, 0x00, 0x00, 0x00
	.byte 0x00, 0x00, 0x00, 0x00, 0x00, 0x00, 0x00, 0x00, 0x00, 0x00, 0x00, 0x00, 0x00, 0x00, 0x00, 0x00
	.byte 0x00, 0x00, 0x00, 0x00, 0x00, 0x00, 0x00, 0x00, 0x00, 0x00, 0x00, 0x00, 0x00, 0x00, 0x00, 0x00
	.byte 0x00, 0x00, 0x00, 0x00, 0x00, 0x00, 0x00, 0x00

ov112_021F8C18: ; 0x021F8C18
	.byte 0x00, 0x00, 0x00, 0x00, 0x80, 0x80, 0xC0, 0xC0
	.byte 0x80, 0xC0, 0x00, 0x80, 0x00, 0x00, 0x80, 0x80, 0x80, 0x80, 0x00, 0x80, 0x00, 0x00, 0x00, 0x00
	.byte 0x00, 0x00, 0x00, 0x00, 0x10, 0x30, 0xF0, 0xF0, 0x10, 0xF0, 0x00, 0x30, 0x80, 0x80, 0x00, 0x80
	.byte 0x80, 0x80, 0x00, 0x80, 0x00, 0x00, 0x00, 0x00, 0x80, 0x80, 0x80, 0x80, 0x00, 0x80, 0x00, 0x00
	.byte 0xA0, 0xE0, 0x00, 0xE0, 0x80, 0x80, 0x00, 0x80, 0x80, 0x80, 0x00, 0x80, 0x00, 0x00, 0x00, 0x00
	.byte 0x80, 0x80, 0x80, 0x80, 0x00, 0x80, 0x00, 0x00, 0x80, 0x80, 0x00, 0x80, 0x80, 0x80, 0x00, 0x80
	.byte 0x00, 0x00, 0x00, 0x00, 0x00, 0x00, 0x00, 0x00, 0x00, 0x00, 0x80, 0x80, 0x80, 0x80, 0x00, 0x80
	.byte 0x00, 0x00, 0x00, 0x00, 0x80, 0x80, 0x80, 0x80, 0x80, 0x80, 0x00, 0x80, 0x00, 0x00, 0x80, 0x80
	.byte 0x80, 0x80, 0x00, 0x80, 0x00, 0x00, 0xA0, 0xE0, 0x00, 0xE0, 0x80, 0x80, 0x00, 0x80, 0x80, 0x80
	.byte 0x00, 0x80, 0x00, 0x00, 0x00, 0x00, 0x00, 0x00, 0x00, 0x00, 0x00, 0x00, 0x00, 0x00, 0x00, 0x00
	.byte 0x00, 0x00, 0x00, 0x00, 0x00, 0x00, 0x00, 0x00, 0x00, 0x00, 0x00, 0x00, 0x00, 0x00, 0x00, 0x00
	.byte 0x00, 0x00, 0x00, 0x00, 0x00, 0x00, 0x00, 0x00, 0x00, 0x00, 0x00, 0x00, 0x00, 0x00, 0x00, 0x00
	.byte 0x00, 0x00, 0x00, 0x00, 0x00, 0x00, 0x00, 0x00, 0x00, 0x00, 0x00, 0x00, 0x00, 0x01, 0x07, 0x0F
	.byte 0x08, 0x1F, 0x00, 0x19, 0x07, 0x0F, 0x08, 0x1F, 0x08, 0x19, 0x07, 0x1F, 0x00, 0x0F, 0x00, 0x00
	.byte 0x00, 0x00, 0x00, 0x00, 0x00, 0x00, 0x0F, 0x1F, 0x00, 0x1F, 0x00, 0x00, 0x0F, 0x1F, 0x01, 0x1F
	.byte 0x00, 0x01, 0x01, 0x03, 0x00, 0x03, 0x04, 0x0C, 0x0A, 0x1F, 0x0A, 0x1F, 0x0F, 0x1F, 0x00, 0x1F
	.byte 0x0F, 0x1F, 0x00, 0x1F, 0x0F, 0x1F, 0x01, 0x1F, 0x00, 0x03, 0x0F, 0x1F, 0x00, 0x1F, 0x07, 0x0F
	.byte 0x0A, 0x1F, 0x0A, 0x1F, 0x0B, 0x1F, 0x00, 0x1F, 0x0F, 0x1F, 0x01, 0x1F, 0x00, 0x01, 0x01, 0x03
	.byte 0x00, 0x03, 0x00, 0x00, 0x00, 0x00, 0x00, 0x00, 0x04, 0x0C, 0x0A, 0x1F, 0x0A, 0x1F, 0x0F, 0x1F
	.byte 0x00, 0x1F, 0x03, 0x07, 0x24, 0x6F, 0x24, 0x6D, 0x1F, 0x7F, 0x00, 0x3F, 0x04, 0x0C, 0x0A, 0x1F
	.byte 0x0A, 0x1F, 0x0F, 0x1F, 0x00, 0x1F, 0x0F, 0x1F, 0x00, 0x1F, 0x0F, 0x1F, 0x01, 0x1F, 0x00, 0x03
	.byte 0x0F, 0x1F, 0x00, 0x1F, 0x0C, 0x0C, 0x0C, 0x1C, 0x00, 0x18, 0x00, 0x00, 0x00, 0x00, 0x00, 0x00
	.byte 0x00, 0x00, 0x00, 0x00, 0x00, 0x00, 0x00, 0x00, 0x00, 0x00, 0x00, 0x00, 0x00, 0x00, 0x00, 0x00
	.byte 0x00, 0x00, 0x00, 0x00, 0x00, 0x00, 0x00, 0x00, 0x00, 0x00, 0x00, 0x00, 0x00, 0x00, 0x00, 0x00
	.byte 0x00, 0x00, 0x00, 0x00, 0x00, 0x00, 0x00, 0x00

ov112_021F8D98: ; 0x021F8D98
	.byte 0x00, 0x00, 0x00, 0x00, 0xE0, 0xE0, 0x10, 0xF0
	.byte 0x10, 0x30, 0x60, 0xF0, 0x00, 0xE0, 0x00, 0x00, 0x80, 0x80, 0x80, 0x80, 0x00, 0x80, 0x00, 0x00
	.byte 0x80, 0x80, 0x00, 0x80, 0x00, 0x00, 0x80, 0x80, 0x00, 0x80, 0x10, 0x30, 0xF0, 0xF0, 0x00, 0xF0
	.byte 0x00, 0x00, 0x80, 0x80, 0x80, 0x80, 0xF0, 0xF0, 0x00, 0xF0, 0x00, 0x00, 0x00, 0x00, 0x00, 0x00
	.byte 0x80, 0x80, 0x00, 0x80, 0x80, 0x80, 0x00, 0x80, 0x00, 0x00, 0x00, 0x00, 0x80, 0x80, 0x80, 0x80
	.byte 0x00, 0x80, 0x00, 0x00, 0x80, 0x80, 0xC0, 0xC0, 0x80, 0xC0, 0x00, 0x80, 0x00, 0x00, 0x00, 0x00
	.byte 0x00, 0x00, 0x00, 0x00, 0x00, 0x00, 0x00, 0x00, 0x00, 0x00, 0x00, 0x00, 0x00, 0x00, 0x00, 0x00
	.byte 0x00, 0x00, 0x00, 0x00, 0x00, 0x00, 0x00, 0x00, 0x00, 0x00, 0x00, 0x00, 0x00, 0x00, 0x00, 0x00
	.byte 0x00, 0x00, 0x00, 0x00, 0x00, 0x00, 0x00, 0x00, 0x00, 0x00, 0x00, 0x00, 0x00, 0x00, 0x00, 0x00
	.byte 0x00, 0x00, 0x00, 0x00, 0x00, 0x00, 0x00, 0x00, 0x00, 0x00, 0x00, 0x00, 0x00, 0x00, 0x00, 0x00
	.byte 0x00, 0x00, 0x00, 0x00, 0x00, 0x00, 0x00, 0x00, 0x00, 0x00, 0x00, 0x00, 0x00, 0x00, 0x00, 0x00
	.byte 0x00, 0x00, 0x00, 0x00, 0x00, 0x00, 0x00, 0x00, 0x00, 0x00, 0x00, 0x00, 0x00, 0x00, 0x00, 0x00
	.byte 0x00, 0x00, 0x00, 0x00, 0x00, 0x00, 0x00, 0x00, 0x00, 0x00, 0x00, 0x00, 0x07, 0x0F, 0x08, 0x1F
	.byte 0x08, 0x18, 0x06, 0x1E, 0x00, 0x0E, 0x07, 0x0F, 0x08, 0x1F, 0x08, 0x19, 0x07, 0x1F, 0x00, 0x0F
	.byte 0x07, 0x0F, 0x08, 0x1F, 0x08, 0x18, 0x0F, 0x1F, 0x00, 0x1F, 0x00, 0x00, 0x0F, 0x1F, 0x00, 0x1F
	.byte 0x07, 0x0F, 0x08, 0x1F, 0x08, 0x19, 0x0F, 0x1F, 0x00, 0x1F, 0x00, 0x00, 0x00, 0x00, 0x00, 0x00
	.byte 0x0F, 0x1F, 0x01, 0x1F, 0x00, 0x03, 0x0F, 0x1F, 0x00, 0x1F, 0x07, 0x0F, 0x08, 0x1F, 0x08, 0x19
	.byte 0x07, 0x1F, 0x00, 0x0F, 0x00, 0x01, 0x07, 0x0F, 0x08, 0x1F, 0x00, 0x19, 0x00, 0x00, 0x00, 0x00
	.byte 0x00, 0x00, 0x00, 0x00, 0x00, 0x00, 0x00, 0x00, 0x00, 0x00, 0x00, 0x00, 0x00, 0x00, 0x00, 0x00
	.byte 0x00, 0x00, 0x00, 0x00, 0x00, 0x00, 0x00, 0x00, 0x00, 0x00, 0x00, 0x00, 0x00, 0x00, 0x00, 0x00
	.byte 0x00, 0x00, 0x00, 0x00, 0x00, 0x00, 0x00, 0x00, 0x00, 0x00, 0x00, 0x00, 0x00, 0x00, 0x00, 0x00
	.byte 0x00, 0x00, 0x00, 0x00, 0x00, 0x00, 0x00, 0x00, 0x00, 0x00, 0x00, 0x00, 0x00, 0x00, 0x00, 0x00
	.byte 0x00, 0x00, 0x00, 0x00, 0x00, 0x00, 0x00, 0x00, 0x00, 0x00, 0x00, 0x00, 0x00, 0x00, 0x00, 0x00
	.byte 0x00, 0x00, 0x00, 0x00, 0x00, 0x00, 0x00, 0x00, 0x00, 0x00, 0x00, 0x00, 0x00, 0x00, 0x00, 0x00
	.byte 0x00, 0x00, 0x00, 0x00, 0x00, 0x00, 0x00, 0x00

ov112_021F8F18: ; 0x021F8F18
	.byte 0x00, 0x00, 0x00, 0x00, 0x80, 0x80, 0x00, 0x80
	.byte 0x80, 0x80, 0x00, 0x80, 0x00, 0x00, 0x00, 0x00, 0x80, 0x80, 0x80, 0x80, 0x00, 0x80, 0x00, 0x00
	.byte 0x00, 0x00, 0x80, 0x80, 0x80, 0x80, 0x00, 0x80, 0x00, 0x00, 0x00, 0x00, 0x80, 0x80, 0x80, 0x80
	.byte 0x00, 0x80, 0x00, 0x00, 0xA0, 0xE0, 0x00, 0xE0, 0x80, 0x80, 0x00, 0x80, 0x00, 0x00, 0x80, 0x80
	.byte 0x00, 0x80, 0x00, 0x00, 0x80, 0x80, 0x80, 0x80, 0x00, 0x80, 0x00, 0x00, 0x00, 0x00, 0x00, 0x00
	.byte 0x00, 0x00, 0x00, 0x00, 0x00, 0x00, 0x00, 0x00, 0x00, 0x00, 0x00, 0x00, 0x00, 0x00, 0x00, 0x00
	.byte 0x00, 0x00, 0x00, 0x00, 0x00, 0x00, 0x00, 0x00, 0x00, 0x00, 0x00, 0x00, 0x00, 0x00, 0x00, 0x00
	.byte 0x00, 0x00, 0x00, 0x00, 0x00, 0x00, 0x00, 0x00, 0x00, 0x00, 0x00, 0x00, 0x00, 0x00, 0x00, 0x00
	.byte 0x00, 0x00, 0x00, 0x00, 0x00, 0x00, 0x00, 0x00, 0x00, 0x00, 0x00, 0x00, 0x00, 0x00, 0x00, 0x00
	.byte 0x00, 0x00, 0x00, 0x00, 0x00, 0x00, 0x00, 0x00, 0x00, 0x00, 0x00, 0x00, 0x00, 0x00, 0x00, 0x00
	.byte 0x00, 0x00, 0x00, 0x00, 0x00, 0x00, 0x00, 0x00, 0x00, 0x00, 0x00, 0x00, 0x00, 0x00, 0x00, 0x00
	.byte 0x00, 0x00, 0x00, 0x00, 0x00, 0x00, 0x00, 0x00, 0x00, 0x00, 0x00, 0x00, 0x00, 0x00, 0x00, 0x00
	.byte 0x00, 0x00, 0x00, 0x00, 0x00, 0x00, 0x00, 0x00, 0x00, 0x00, 0x00, 0x00, 0x0F, 0x1F, 0x01, 0x1F
	.byte 0x00, 0x01, 0x01, 0x03, 0x00, 0x03, 0x07, 0x0F, 0x0A, 0x1F, 0x0A, 0x1F, 0x0B, 0x1F, 0x00, 0x1F
	.byte 0x07, 0x0F, 0x08, 0x1F, 0x08, 0x19, 0x05, 0x1F, 0x00, 0x0F, 0x07, 0x0F, 0x0A, 0x1F, 0x0A, 0x1F
	.byte 0x0B, 0x1F, 0x00, 0x1F, 0x0F, 0x1F, 0x00, 0x1F, 0x07, 0x0F, 0x08, 0x1F, 0x06, 0x1E, 0x01, 0x0F
	.byte 0x00, 0x03, 0x07, 0x0F, 0x0A, 0x1F, 0x0A, 0x1F, 0x0B, 0x1F, 0x00, 0x1F, 0x0C, 0x0C, 0x0C, 0x1C
	.byte 0x00, 0x18, 0x00, 0x00, 0x0C, 0x0C, 0x0C, 0x1C, 0x00, 0x18, 0x00, 0x00, 0x0C, 0x0C, 0x0C, 0x1C
	.byte 0x00, 0x18, 0x00, 0x00, 0x00, 0x00, 0x00, 0x00, 0x00, 0x00, 0x00, 0x00, 0x00, 0x00, 0x00, 0x00
	.byte 0x00, 0x00, 0x00, 0x00, 0x00, 0x00, 0x00, 0x00, 0x00, 0x00, 0x00, 0x00, 0x00, 0x00, 0x00, 0x00
	.byte 0x00, 0x00, 0x00, 0x00, 0x00, 0x00, 0x00, 0x00, 0x00, 0x00, 0x00, 0x00, 0x00, 0x00, 0x00, 0x00
	.byte 0x00, 0x00, 0x00, 0x00, 0x00, 0x00, 0x00, 0x00, 0x00, 0x00, 0x00, 0x00, 0x00, 0x00, 0x00, 0x00
	.byte 0x00, 0x00, 0x00, 0x00, 0x00, 0x00, 0x00, 0x00, 0x00, 0x00, 0x00, 0x00, 0x00, 0x00, 0x00, 0x00
	.byte 0x00, 0x00, 0x00, 0x00, 0x00, 0x00, 0x00, 0x00, 0x00, 0x00, 0x00, 0x00, 0x00, 0x00, 0x00, 0x00
	.byte 0x00, 0x00, 0x00, 0x00, 0x00, 0x00, 0x00, 0x00

ov112_021F9098: ; 0x021F9098
	.byte 0x00, 0x00, 0x00, 0x00, 0xF0, 0xF0, 0x80, 0xF0
	.byte 0x80, 0x80, 0x00, 0x80, 0x00, 0x00, 0x00, 0x00, 0x80, 0x80, 0x80, 0x80, 0x00, 0x80, 0x00, 0x00
	.byte 0x00, 0x00, 0x80, 0x80, 0x80, 0x80, 0x80, 0x80, 0x00, 0x80, 0x00, 0x00, 0x00, 0x00, 0x00, 0x00
	.byte 0x00, 0x00, 0x80, 0x80, 0x80, 0x80, 0x00, 0x80, 0x00, 0x00, 0x80, 0x80, 0x00, 0x80, 0x80, 0x80
	.byte 0x00, 0x80, 0x00, 0x00, 0x80, 0x80, 0x00, 0x80, 0x80, 0x80, 0x00, 0x80, 0x00, 0x00, 0xA0, 0xE0
	.byte 0x00, 0xE0, 0x80, 0x80, 0x00, 0x80, 0x00, 0x00, 0x80, 0x80, 0x00, 0x80, 0x00, 0x00, 0x80, 0x80
	.byte 0x80, 0x80, 0x00, 0x80, 0x00, 0x00, 0x00, 0x00, 0x80, 0x80, 0x80, 0x80, 0xF0, 0xF0, 0x00, 0xF0
	.byte 0x00, 0x00, 0xF8, 0xF8, 0x00, 0xF8, 0x00, 0x00, 0x00, 0x00, 0x00, 0x00, 0x00, 0x00, 0x00, 0x00
	.byte 0x00, 0x00, 0x00, 0x00, 0x00, 0x00, 0x00, 0x00, 0x00, 0x00, 0x00, 0x00, 0x00, 0x00, 0x00, 0x00
	.byte 0x00, 0x00, 0x00, 0x00, 0x00, 0x00, 0x00, 0x00, 0x00, 0x00, 0x00, 0x00, 0x00, 0x00, 0x00, 0x00
	.byte 0x00, 0x00, 0x00, 0x00, 0x00, 0x00, 0x00, 0x00, 0x00, 0x00, 0x00, 0x00, 0x00, 0x00, 0x00, 0x00
	.byte 0x00, 0x00, 0x00, 0x00, 0x00, 0x00, 0x00, 0x00, 0x00, 0x00, 0x00, 0x00, 0x00, 0x00, 0x00, 0x00
	.byte 0x00, 0x00, 0x00, 0x00, 0x00, 0x00, 0x00, 0x00, 0x00, 0x00, 0x00, 0x00, 0x0F, 0x1F, 0x00, 0x1F
	.byte 0x00, 0x01, 0x0F, 0x1F, 0x00, 0x1F, 0x04, 0x0C, 0x0A, 0x1F, 0x0A, 0x1F, 0x0F, 0x1F, 0x00, 0x1F
	.byte 0x09, 0x1B, 0x0A, 0x1F, 0x0A, 0x1F, 0x04, 0x1F, 0x00, 0x0D, 0x00, 0x00, 0x00, 0x00, 0x00, 0x00
	.byte 0x04, 0x0C, 0x0A, 0x1F, 0x0A, 0x1F, 0x0F, 0x1F, 0x00, 0x1F, 0x0F, 0x1F, 0x01, 0x1F, 0x00, 0x01
	.byte 0x01, 0x03, 0x00, 0x03, 0x0F, 0x1F, 0x01, 0x1F, 0x00, 0x01, 0x01, 0x03, 0x00, 0x03, 0x0F, 0x1F
	.byte 0x00, 0x1F, 0x07, 0x0F, 0x08, 0x1F, 0x06, 0x1E, 0x01, 0x0F, 0x00, 0x03, 0x07, 0x0F, 0x0A, 0x1F
	.byte 0x0A, 0x1F, 0x0B, 0x1F, 0x00, 0x1F, 0x07, 0x0F, 0x08, 0x1F, 0x08, 0x19, 0x0F, 0x1F, 0x00, 0x1F
	.byte 0x00, 0x00, 0x0C, 0x1D, 0x00, 0x1D, 0x00, 0x00, 0x00, 0x00, 0x00, 0x00, 0x00, 0x00, 0x00, 0x00
	.byte 0x00, 0x00, 0x00, 0x00, 0x00, 0x00, 0x00, 0x00, 0x00, 0x00, 0x00, 0x00, 0x00, 0x00, 0x00, 0x00
	.byte 0x00, 0x00, 0x00, 0x00, 0x00, 0x00, 0x00, 0x00, 0x00, 0x00, 0x00, 0x00, 0x00, 0x00, 0x00, 0x00
	.byte 0x00, 0x00, 0x00, 0x00, 0x00, 0x00, 0x00, 0x00, 0x00, 0x00, 0x00, 0x00, 0x00, 0x00, 0x00, 0x00
	.byte 0x00, 0x00, 0x00, 0x00, 0x00, 0x00, 0x00, 0x00, 0x00, 0x00, 0x00, 0x00, 0x00, 0x00, 0x00, 0x00
	.byte 0x00, 0x00, 0x00, 0x00, 0x00, 0x00, 0x00, 0x00

ov112_021F9218: ; 0x021F9218
	.byte 0x00, 0x00, 0x00, 0x00, 0xF0, 0xF0, 0x80, 0xF0
	.byte 0x80, 0x80, 0x00, 0x80, 0x00, 0x00, 0x00, 0x00, 0x80, 0x80, 0x80, 0x80, 0x00, 0x80, 0x00, 0x00
	.byte 0x00, 0x00, 0x80, 0x80, 0x80, 0x80, 0x80, 0x80, 0x00, 0x80, 0x00, 0x00, 0x00, 0x00, 0x00, 0x00
	.byte 0x10, 0x30, 0xF0, 0xF0, 0x00, 0xF0, 0x00, 0x00, 0x80, 0x80, 0x80, 0x80, 0x00, 0x80, 0x00, 0x00
	.byte 0x80, 0x80, 0xE0, 0xE0, 0x90, 0xF0, 0x00, 0xB0, 0x80, 0x80, 0xC0, 0xC0, 0x80, 0xC0, 0x00, 0x80
	.byte 0x00, 0x00, 0x00, 0x00, 0x00, 0x00, 0x00, 0x00, 0x00, 0x00, 0x00, 0x00, 0x00, 0x00, 0x00, 0x00
	.byte 0x00, 0x00, 0x00, 0x00, 0x00, 0x00, 0x00, 0x00, 0x00, 0x00, 0x00, 0x00, 0x00, 0x00, 0x00, 0x00
	.byte 0x00, 0x00, 0x00, 0x00, 0x00, 0x00, 0x00, 0x00, 0x00, 0x00, 0x00, 0x00, 0x00, 0x00, 0x00, 0x00
	.byte 0x00, 0x00, 0x00, 0x00, 0x00, 0x00, 0x00, 0x00, 0x00, 0x00, 0x00, 0x00, 0x00, 0x00, 0x00, 0x00
	.byte 0x00, 0x00, 0x00, 0x00, 0x00, 0x00, 0x00, 0x00, 0x00, 0x00, 0x00, 0x00, 0x00, 0x00, 0x00, 0x00
	.byte 0x00, 0x00, 0x00, 0x00, 0x00, 0x00, 0x00, 0x00, 0x00, 0x00, 0x00, 0x00, 0x00, 0x00, 0x00, 0x00
	.byte 0x00, 0x00, 0x00, 0x00, 0x00, 0x00, 0x00, 0x00, 0x00, 0x00, 0x00, 0x00, 0x00, 0x00, 0x00, 0x00
	.byte 0x00, 0x00, 0x00, 0x00, 0x00, 0x00, 0x00, 0x00, 0x00, 0x00, 0x00, 0x00, 0x0F, 0x1F, 0x00, 0x1F
	.byte 0x00, 0x01, 0x0F, 0x1F, 0x00, 0x1F, 0x04, 0x0C, 0x0A, 0x1F, 0x0A, 0x1F, 0x0F, 0x1F, 0x00, 0x1F
	.byte 0x09, 0x1B, 0x0A, 0x1F, 0x0A, 0x1F, 0x04, 0x1F, 0x00, 0x0D, 0x00, 0x00, 0x00, 0x00, 0x00, 0x00
	.byte 0x00, 0x00, 0x0F, 0x1F, 0x00, 0x1F, 0x07, 0x0F, 0x0A, 0x1F, 0x0A, 0x1F, 0x0B, 0x1F, 0x00, 0x1F
	.byte 0x00, 0x01, 0x0F, 0x1F, 0x00, 0x1F, 0x00, 0x01, 0x00, 0x01, 0x07, 0x0F, 0x08, 0x1F, 0x00, 0x19
	.byte 0x0C, 0x0C, 0x0C, 0x1C, 0x00, 0x18, 0x00, 0x00, 0x00, 0x00, 0x00, 0x00, 0x00, 0x00, 0x00, 0x00
	.byte 0x00, 0x00, 0x00, 0x00, 0x00, 0x00, 0x00, 0x00, 0x00, 0x00, 0x00, 0x00, 0x00, 0x00, 0x00, 0x00
	.byte 0x00, 0x00, 0x00, 0x00, 0x00, 0x00, 0x00, 0x00, 0x00, 0x00, 0x00, 0x00, 0x00, 0x00, 0x00, 0x00
	.byte 0x00, 0x00, 0x00, 0x00, 0x00, 0x00, 0x00, 0x00, 0x00, 0x00, 0x00, 0x00, 0x00, 0x00, 0x00, 0x00
	.byte 0x00, 0x00, 0x00, 0x00, 0x00, 0x00, 0x00, 0x00, 0x00, 0x00, 0x00, 0x00, 0x00, 0x00, 0x00, 0x00
	.byte 0x00, 0x00, 0x00, 0x00, 0x00, 0x00, 0x00, 0x00, 0x00, 0x00, 0x00, 0x00, 0x00, 0x00, 0x00, 0x00
	.byte 0x00, 0x00, 0x00, 0x00, 0x00, 0x00, 0x00, 0x00, 0x00, 0x00, 0x00, 0x00, 0x00, 0x00, 0x00, 0x00
	.byte 0x00, 0x00, 0x00, 0x00, 0x00, 0x00, 0x00, 0x00

ov112_021F9398: ; 0x021F9398
	.byte 0x00, 0x00, 0x00, 0x00, 0x80, 0x80, 0x00, 0x80
	.byte 0x80, 0x80, 0x00, 0x80, 0x00, 0x00, 0x00, 0x00, 0x80, 0x80, 0x80, 0x80, 0x00, 0x80, 0x00, 0x00
	.byte 0x00, 0x00, 0x80, 0x80, 0x80, 0x80, 0x00, 0x80, 0x00, 0x00, 0x00, 0x00, 0x80, 0x80, 0x80, 0x80
	.byte 0x00, 0x80, 0x00, 0x00, 0xA0, 0xE0, 0x00, 0xE0, 0x80, 0x80, 0x00, 0x80, 0x00, 0x00, 0x80, 0x80
	.byte 0x00, 0x80, 0x00, 0x00, 0x80, 0x80, 0x80, 0x80, 0x00, 0x80, 0x00, 0x00, 0x00, 0x00, 0x80, 0x80
	.byte 0x80, 0x80, 0xF0, 0xF0, 0x00, 0xF0, 0x00, 0x00, 0xF8, 0xF8, 0x00, 0xF8, 0x00, 0x00, 0x00, 0x00
	.byte 0x00, 0x00, 0x00, 0x00, 0x00, 0x00, 0x00, 0x00, 0x00, 0x00, 0x00, 0x00, 0x00, 0x00, 0x00, 0x00
	.byte 0x00, 0x00, 0x00, 0x00, 0x00, 0x00, 0x00, 0x00, 0x00, 0x00, 0x00, 0x00, 0x00, 0x00, 0x00, 0x00
	.byte 0x00, 0x00, 0x00, 0x00, 0x00, 0x00, 0x00, 0x00, 0x00, 0x00, 0x00, 0x00, 0x00, 0x00, 0x00, 0x00
	.byte 0x00, 0x00, 0x00, 0x00, 0x00, 0x00, 0x00, 0x00, 0x00, 0x00, 0x00, 0x00, 0x00, 0x00, 0x00, 0x00
	.byte 0x00, 0x00, 0x00, 0x00, 0x00, 0x00, 0x00, 0x00, 0x00, 0x00, 0x00, 0x00, 0x00, 0x00, 0x00, 0x00
	.byte 0x00, 0x00, 0x00, 0x00, 0x00, 0x00, 0x00, 0x00, 0x00, 0x00, 0x00, 0x00, 0x00, 0x00, 0x00, 0x00
	.byte 0x00, 0x00, 0x00, 0x00, 0x00, 0x00, 0x00, 0x00, 0x00, 0x00, 0x00, 0x00, 0x0F, 0x1F, 0x01, 0x1F
	.byte 0x00, 0x01, 0x01, 0x03, 0x00, 0x03, 0x07, 0x0F, 0x0A, 0x1F, 0x0A, 0x1F, 0x0B, 0x1F, 0x00, 0x1F
	.byte 0x07, 0x0F, 0x08, 0x1F, 0x08, 0x19, 0x05, 0x1F, 0x00, 0x0F, 0x07, 0x0F, 0x0A, 0x1F, 0x0A, 0x1F
	.byte 0x0B, 0x1F, 0x00, 0x1F, 0x0F, 0x1F, 0x00, 0x1F, 0x07, 0x0F, 0x08, 0x1F, 0x06, 0x1E, 0x01, 0x0F
	.byte 0x00, 0x03, 0x07, 0x0F, 0x0A, 0x1F, 0x0A, 0x1F, 0x0B, 0x1F, 0x00, 0x1F, 0x07, 0x0F, 0x08, 0x1F
	.byte 0x08, 0x19, 0x0F, 0x1F, 0x00, 0x1F, 0x00, 0x00, 0x0C, 0x1D, 0x00, 0x1D, 0x00, 0x00, 0x00, 0x00
	.byte 0x00, 0x00, 0x00, 0x00, 0x00, 0x00, 0x00, 0x00, 0x00, 0x00, 0x00, 0x00, 0x00, 0x00, 0x00, 0x00
	.byte 0x00, 0x00, 0x00, 0x00, 0x00, 0x00, 0x00, 0x00, 0x00, 0x00, 0x00, 0x00, 0x00, 0x00, 0x00, 0x00
	.byte 0x00, 0x00, 0x00, 0x00, 0x00, 0x00, 0x00, 0x00, 0x00, 0x00, 0x00, 0x00, 0x00, 0x00, 0x00, 0x00
	.byte 0x00, 0x00, 0x00, 0x00, 0x00, 0x00, 0x00, 0x00, 0x00, 0x00, 0x00, 0x00, 0x00, 0x00, 0x00, 0x00
	.byte 0x00, 0x00, 0x00, 0x00, 0x00, 0x00, 0x00, 0x00, 0x00, 0x00, 0x00, 0x00, 0x00, 0x00, 0x00, 0x00
	.byte 0x00, 0x00, 0x00, 0x00, 0x00, 0x00, 0x00, 0x00, 0x00, 0x00, 0x00, 0x00, 0x00, 0x00, 0x00, 0x00
	.byte 0x00, 0x00, 0x00, 0x00, 0x00, 0x00, 0x00, 0x00

ov112_021F9518: ; 0x021F9518
	.byte 0x00, 0x00, 0x00, 0x00, 0x60, 0xE0, 0x90, 0xF0
	.byte 0x10, 0xB0, 0x20, 0x70, 0x00, 0x60, 0x80, 0x80, 0x80, 0x80, 0x80, 0x80, 0x00, 0x80, 0x00, 0x00
	.byte 0x00, 0x00, 0x80, 0x80, 0x80, 0x80, 0x00, 0x80, 0x00, 0x00, 0x00, 0x00, 0x80, 0x80, 0x80, 0x80
	.byte 0x00, 0x80, 0x00, 0x00, 0xA0, 0xE0, 0x00, 0xE0, 0x00, 0x00, 0x80, 0x80, 0x80, 0x80, 0x00, 0x80
	.byte 0x00, 0x00, 0x10, 0x30, 0xF0, 0xF0, 0x00, 0xF0, 0x00, 0x00, 0x00, 0x00, 0x00, 0x00, 0xF0, 0xF0
	.byte 0x60, 0xF0, 0x80, 0xE0, 0x60, 0xE0, 0xF0, 0xF0, 0x00, 0xF0, 0x00, 0x00, 0x80, 0x80, 0x80, 0x80
	.byte 0x00, 0x80, 0x00, 0x00, 0x80, 0x80, 0x80, 0x80, 0x80, 0x80, 0x00, 0x80, 0x00, 0x00, 0x00, 0x00
	.byte 0x00, 0x00, 0x00, 0x00, 0x00, 0x00, 0x00, 0x00, 0x00, 0x00, 0x00, 0x00, 0x00, 0x00, 0x00, 0x00
	.byte 0x00, 0x00, 0x00, 0x00, 0x00, 0x00, 0x00, 0x00, 0x00, 0x00, 0x00, 0x00, 0x00, 0x00, 0x00, 0x00
	.byte 0x00, 0x00, 0x00, 0x00, 0x00, 0x00, 0x00, 0x00, 0x00, 0x00, 0x00, 0x00, 0x00, 0x00, 0x00, 0x00
	.byte 0x00, 0x00, 0x00, 0x00, 0x00, 0x00, 0x00, 0x00, 0x00, 0x00, 0x00, 0x00, 0x00, 0x00, 0x00, 0x00
	.byte 0x00, 0x00, 0x00, 0x00, 0x00, 0x00, 0x00, 0x00, 0x00, 0x00, 0x00, 0x00, 0x00, 0x00, 0x00, 0x00
	.byte 0x00, 0x00, 0x00, 0x00, 0x00, 0x00, 0x00, 0x00, 0x00, 0x00, 0x00, 0x00, 0x04, 0x0C, 0x08, 0x1D
	.byte 0x09, 0x1B, 0x06, 0x1F, 0x00, 0x0E, 0x3F, 0x7F, 0x04, 0x7F, 0x04, 0x0D, 0x03, 0x0F, 0x00, 0x07
	.byte 0x07, 0x0F, 0x0A, 0x1F, 0x0A, 0x1F, 0x0B, 0x1F, 0x00, 0x1F, 0x07, 0x0F, 0x08, 0x1F, 0x08, 0x19
	.byte 0x05, 0x1F, 0x00, 0x0F, 0x0F, 0x1F, 0x00, 0x1F, 0x04, 0x0C, 0x0A, 0x1F, 0x0A, 0x1F, 0x0F, 0x1F
	.byte 0x00, 0x1F, 0x00, 0x00, 0x0F, 0x1F, 0x00, 0x1F, 0x00, 0x00, 0x00, 0x00, 0x00, 0x00, 0x0F, 0x1F
	.byte 0x00, 0x1F, 0x01, 0x03, 0x00, 0x03, 0x0F, 0x1F, 0x00, 0x1F, 0x04, 0x0C, 0x0A, 0x1F, 0x0A, 0x1F
	.byte 0x0F, 0x1F, 0x00, 0x1F, 0x3F, 0x7F, 0x04, 0x7F, 0x04, 0x0D, 0x03, 0x0F, 0x00, 0x07, 0x00, 0x00
	.byte 0x00, 0x00, 0x00, 0x00, 0x00, 0x00, 0x00, 0x00, 0x00, 0x00, 0x00, 0x00, 0x00, 0x00, 0x00, 0x00
	.byte 0x00, 0x00, 0x00, 0x00, 0x00, 0x00, 0x00, 0x00, 0x00, 0x00, 0x00, 0x00, 0x00, 0x00, 0x00, 0x00
	.byte 0x00, 0x00, 0x00, 0x00, 0x00, 0x00, 0x00, 0x00, 0x00, 0x00, 0x00, 0x00, 0x00, 0x00, 0x00, 0x00
	.byte 0x00, 0x00, 0x00, 0x00, 0x00, 0x00, 0x00, 0x00, 0x00, 0x00, 0x00, 0x00, 0x00, 0x00, 0x00, 0x00
	.byte 0x00, 0x00, 0x00, 0x00, 0x00, 0x00, 0x00, 0x00, 0x00, 0x00, 0x00, 0x00, 0x00, 0x00, 0x00, 0x00
	.byte 0x00, 0x00, 0x00, 0x00, 0x00, 0x00, 0x00, 0x00

ov112_021F9698: ; 0x021F9698
	.byte 0x00, 0x00, 0x00, 0x00, 0x60, 0xE0, 0x90, 0xF0
	.byte 0x10, 0xB0, 0x20, 0x70, 0x00, 0x60, 0x80, 0x80, 0xC0, 0xC0, 0x80, 0xC0, 0x00, 0x80, 0x00, 0x00
	.byte 0x80, 0x80, 0x80, 0x80, 0x00, 0x80, 0x00, 0x00, 0x80, 0x80, 0x00, 0x80, 0x80, 0x80, 0x00, 0x80
	.byte 0x00, 0x00, 0x80, 0x80, 0x80, 0x80, 0x80, 0x80, 0x00, 0x80, 0x00, 0x00, 0x00, 0x00, 0x00, 0x00
	.byte 0x00, 0x00, 0x00, 0x00, 0x00, 0x00, 0x00, 0x00, 0x00, 0x00, 0x00, 0x00, 0x00, 0x00, 0x00, 0x00
	.byte 0x00, 0x00, 0x00, 0x00, 0x00, 0x00, 0x00, 0x00, 0x00, 0x00, 0x00, 0x00, 0x00, 0x00, 0x00, 0x00
	.byte 0x00, 0x00, 0x00, 0x00, 0x00, 0x00, 0x00, 0x00, 0x00, 0x00, 0x00, 0x00, 0x00, 0x00, 0x00, 0x00
	.byte 0x00, 0x00, 0x00, 0x00, 0x00, 0x00, 0x00, 0x00, 0x00, 0x00, 0x00, 0x00, 0x00, 0x00, 0x00, 0x00
	.byte 0x00, 0x00, 0x00, 0x00, 0x00, 0x00, 0x00, 0x00, 0x00, 0x00, 0x00, 0x00, 0x00, 0x00, 0x00, 0x00
	.byte 0x00, 0x00, 0x00, 0x00, 0x00, 0x00, 0x00, 0x00, 0x00, 0x00, 0x00, 0x00, 0x00, 0x00, 0x00, 0x00
	.byte 0x00, 0x00, 0x00, 0x00, 0x00, 0x00, 0x00, 0x00, 0x00, 0x00, 0x00, 0x00, 0x00, 0x00, 0x00, 0x00
	.byte 0x00, 0x00, 0x00, 0x00, 0x00, 0x00, 0x00, 0x00, 0x00, 0x00, 0x00, 0x00, 0x00, 0x00, 0x00, 0x00
	.byte 0x00, 0x00, 0x00, 0x00, 0x00, 0x00, 0x00, 0x00, 0x00, 0x00, 0x00, 0x00, 0x04, 0x0C, 0x08, 0x1D
	.byte 0x09, 0x1B, 0x06, 0x1F, 0x00, 0x0E, 0x00, 0x01, 0x07, 0x0F, 0x08, 0x1F, 0x00, 0x19, 0x04, 0x0C
	.byte 0x0A, 0x1F, 0x0A, 0x1F, 0x0F, 0x1F, 0x00, 0x1F, 0x0F, 0x1F, 0x0F, 0x1F, 0x00, 0x1F, 0x0F, 0x1F
	.byte 0x00, 0x1F, 0x3F, 0x7F, 0x04, 0x7F, 0x04, 0x0D, 0x03, 0x0F, 0x00, 0x07, 0x00, 0x00, 0x00, 0x00
	.byte 0x00, 0x00, 0x00, 0x00, 0x00, 0x00, 0x00, 0x00, 0x00, 0x00, 0x00, 0x00, 0x00, 0x00, 0x00, 0x00
	.byte 0x00, 0x00, 0x00, 0x00, 0x00, 0x00, 0x00, 0x00, 0x00, 0x00, 0x00, 0x00, 0x00, 0x00, 0x00, 0x00
	.byte 0x00, 0x00, 0x00, 0x00, 0x00, 0x00, 0x00, 0x00, 0x00, 0x00, 0x00, 0x00, 0x00, 0x00, 0x00, 0x00
	.byte 0x00, 0x00, 0x00, 0x00, 0x00, 0x00, 0x00, 0x00, 0x00, 0x00, 0x00, 0x00, 0x00, 0x00, 0x00, 0x00
	.byte 0x00, 0x00, 0x00, 0x00, 0x00, 0x00, 0x00, 0x00, 0x00, 0x00, 0x00, 0x00, 0x00, 0x00, 0x00, 0x00
	.byte 0x00, 0x00, 0x00, 0x00, 0x00, 0x00, 0x00, 0x00, 0x00, 0x00, 0x00, 0x00, 0x00, 0x00, 0x00, 0x00
	.byte 0x00, 0x00, 0x00, 0x00, 0x00, 0x00, 0x00, 0x00, 0x00, 0x00, 0x00, 0x00, 0x00, 0x00, 0x00, 0x00
	.byte 0x00, 0x00, 0x00, 0x00, 0x00, 0x00, 0x00, 0x00, 0x00, 0x00, 0x00, 0x00, 0x00, 0x00, 0x00, 0x00
	.byte 0x00, 0x00, 0x00, 0x00, 0x00, 0x00, 0x00, 0x00

ov112_021F9818: ; 0x021F9818
	.byte 0x00, 0x00, 0x00, 0x00, 0x60, 0xE0, 0x90, 0xF0
	.byte 0x10, 0xB0, 0x20, 0x70, 0x00, 0x60, 0x80, 0x80, 0x80, 0x80, 0x80, 0x80, 0x00, 0x80, 0x00, 0x00
	.byte 0x00, 0x00, 0x80, 0x80, 0x80, 0x80, 0x00, 0x80, 0x00, 0x00, 0x00, 0x00, 0x80, 0x80, 0x80, 0x80
	.byte 0x00, 0x80, 0x00, 0x00, 0xA0, 0xE0, 0x00, 0xE0, 0x00, 0x00, 0x80, 0x80, 0x80, 0x80, 0x00, 0x80
	.byte 0x00, 0x00, 0x10, 0x30, 0xF0, 0xF0, 0x00, 0xF0, 0x00, 0x00, 0x00, 0x00, 0x00, 0x00, 0xF0, 0xF0
	.byte 0x10, 0xF0, 0x10, 0x30, 0xE0, 0xF0, 0x00, 0xE0, 0x00, 0x00, 0x80, 0x80, 0x80, 0x80, 0x00, 0x80
	.byte 0x00, 0x00, 0x80, 0x80, 0x00, 0x80, 0x00, 0x00, 0x80, 0x80, 0x00, 0x80, 0x80, 0x80, 0xC0, 0xC0
	.byte 0x80, 0xC0, 0x00, 0x80, 0x00, 0x00, 0x80, 0x80, 0x80, 0x80, 0x00, 0x80, 0x00, 0x00, 0x00, 0x00
	.byte 0x00, 0x00, 0x00, 0x00, 0x00, 0x00, 0x00, 0x00, 0x00, 0x00, 0x00, 0x00, 0x00, 0x00, 0x00, 0x00
	.byte 0x00, 0x00, 0x00, 0x00, 0x00, 0x00, 0x00, 0x00, 0x00, 0x00, 0x00, 0x00, 0x00, 0x00, 0x00, 0x00
	.byte 0x00, 0x00, 0x00, 0x00, 0x00, 0x00, 0x00, 0x00, 0x00, 0x00, 0x00, 0x00, 0x00, 0x00, 0x00, 0x00
	.byte 0x00, 0x00, 0x00, 0x00, 0x00, 0x00, 0x00, 0x00, 0x00, 0x00, 0x00, 0x00, 0x00, 0x00, 0x00, 0x00
	.byte 0x00, 0x00, 0x00, 0x00, 0x00, 0x00, 0x00, 0x00, 0x00, 0x00, 0x00, 0x00, 0x04, 0x0C, 0x08, 0x1D
	.byte 0x09, 0x1B, 0x06, 0x1F, 0x00, 0x0E, 0x3F, 0x7F, 0x04, 0x7F, 0x04, 0x0D, 0x03, 0x0F, 0x00, 0x07
	.byte 0x07, 0x0F, 0x0A, 0x1F, 0x0A, 0x1F, 0x0B, 0x1F, 0x00, 0x1F, 0x07, 0x0F, 0x08, 0x1F, 0x08, 0x19
	.byte 0x05, 0x1F, 0x00, 0x0F, 0x0F, 0x1F, 0x00, 0x1F, 0x04, 0x0C, 0x0A, 0x1F, 0x0A, 0x1F, 0x0F, 0x1F
	.byte 0x00, 0x1F, 0x00, 0x00, 0x0F, 0x1F, 0x00, 0x1F, 0x00, 0x00, 0x00, 0x00, 0x00, 0x00, 0x0F, 0x1F
	.byte 0x01, 0x1F, 0x03, 0x03, 0x0C, 0x1F, 0x00, 0x1D, 0x07, 0x0F, 0x08, 0x1F, 0x08, 0x19, 0x07, 0x1F
	.byte 0x00, 0x0F, 0x07, 0x0F, 0x08, 0x1F, 0x08, 0x18, 0x0F, 0x1F, 0x00, 0x1F, 0x00, 0x01, 0x07, 0x0F
	.byte 0x08, 0x1F, 0x00, 0x19, 0x07, 0x0F, 0x0A, 0x1F, 0x0A, 0x1F, 0x0B, 0x1F, 0x00, 0x1F, 0x00, 0x00
	.byte 0x00, 0x00, 0x00, 0x00, 0x00, 0x00, 0x00, 0x00, 0x00, 0x00, 0x00, 0x00, 0x00, 0x00, 0x00, 0x00
	.byte 0x00, 0x00, 0x00, 0x00, 0x00, 0x00, 0x00, 0x00, 0x00, 0x00, 0x00, 0x00, 0x00, 0x00, 0x00, 0x00
	.byte 0x00, 0x00, 0x00, 0x00, 0x00, 0x00, 0x00, 0x00, 0x00, 0x00, 0x00, 0x00, 0x00, 0x00, 0x00, 0x00
	.byte 0x00, 0x00, 0x00, 0x00, 0x00, 0x00, 0x00, 0x00, 0x00, 0x00, 0x00, 0x00, 0x00, 0x00, 0x00, 0x00
	.byte 0x00, 0x00, 0x00, 0x00, 0x00, 0x00, 0x00, 0x00

ov112_021F9998: ; 0x021F9998
	.byte 0x00, 0x00, 0x00, 0x00, 0xF0, 0xF0, 0xC0, 0xF0
	.byte 0x00, 0xC0, 0xF0, 0xF0, 0x00, 0xF0, 0x00, 0x00, 0x80, 0x80, 0x80, 0x80, 0x00, 0x80, 0x00, 0x00
	.byte 0x00, 0x00, 0x00, 0x00, 0x00, 0x00, 0xF0, 0xF0, 0x10, 0xF0, 0x10, 0x30, 0xE0, 0xF0, 0x00, 0xE0
	.byte 0x00, 0x00, 0x80, 0x80, 0x80, 0x80, 0x00, 0x80, 0x00, 0x00, 0xF0, 0xF0, 0x00, 0xF0, 0x00, 0x00
	.byte 0x80, 0x80, 0x00, 0x80, 0x00, 0x00, 0xA0, 0xE0, 0x90, 0xB0, 0x00, 0x90, 0x00, 0x00, 0x80, 0x80
	.byte 0x00, 0x80, 0x80, 0x80, 0x00, 0x80, 0x00, 0x00, 0x00, 0x00, 0x80, 0x80, 0x80, 0x80, 0x00, 0x80
	.byte 0x00, 0x00, 0x80, 0x80, 0x00, 0x80, 0x80, 0x80, 0x00, 0x80, 0x00, 0x00, 0x00, 0x00, 0x00, 0x00
	.byte 0x00, 0x00, 0xF0, 0xF0, 0x80, 0xF0, 0x80, 0x80, 0x00, 0x80, 0x00, 0x00, 0x00, 0x00, 0x80, 0x80
	.byte 0x80, 0x80, 0x00, 0x80, 0x00, 0x00, 0x10, 0x30, 0xF0, 0xF0, 0x00, 0xF0, 0x00, 0x00, 0x80, 0x80
	.byte 0x80, 0x80, 0xF0, 0xF0, 0x00, 0xF0, 0x00, 0x00, 0xF8, 0xF8, 0x00, 0xF8, 0x00, 0x00, 0x00, 0x00
	.byte 0x00, 0x00, 0x00, 0x00, 0x00, 0x00, 0x00, 0x00, 0x00, 0x00, 0x00, 0x00, 0x00, 0x00, 0x00, 0x00
	.byte 0x00, 0x00, 0x00, 0x00, 0x00, 0x00, 0x00, 0x00, 0x00, 0x00, 0x00, 0x00, 0x00, 0x00, 0x00, 0x00
	.byte 0x00, 0x00, 0x00, 0x00, 0x00, 0x00, 0x00, 0x00, 0x00, 0x00, 0x00, 0x00, 0x0F, 0x1F, 0x00, 0x1F
	.byte 0x03, 0x07, 0x0F, 0x1F, 0x00, 0x1F, 0x07, 0x0F, 0x08, 0x1F, 0x08, 0x19, 0x07, 0x1F, 0x00, 0x0F
	.byte 0x00, 0x00, 0x00, 0x00, 0x00, 0x00, 0x0F, 0x1F, 0x01, 0x1F, 0x01, 0x03, 0x00, 0x03, 0x00, 0x01
	.byte 0x07, 0x0F, 0x08, 0x1F, 0x08, 0x19, 0x07, 0x1F, 0x00, 0x0F, 0x0F, 0x1F, 0x02, 0x1F, 0x05, 0x0F
	.byte 0x08, 0x1F, 0x00, 0x19, 0x07, 0x0F, 0x0A, 0x1F, 0x0A, 0x1F, 0x0B, 0x1F, 0x00, 0x1F, 0x0F, 0x1F
	.byte 0x0F, 0x1F, 0x00, 0x1F, 0x0F, 0x1F, 0x00, 0x1F, 0x07, 0x0F, 0x08, 0x1F, 0x08, 0x19, 0x07, 0x1F
	.byte 0x00, 0x0F, 0x0F, 0x1F, 0x01, 0x1F, 0x00, 0x03, 0x0F, 0x1F, 0x00, 0x1F, 0x00, 0x00, 0x00, 0x00
	.byte 0x00, 0x00, 0x0F, 0x1F, 0x00, 0x1F, 0x00, 0x01, 0x0F, 0x1F, 0x00, 0x1F, 0x07, 0x0F, 0x0A, 0x1F
	.byte 0x0A, 0x1F, 0x0B, 0x1F, 0x00, 0x1F, 0x00, 0x00, 0x0F, 0x1F, 0x00, 0x1F, 0x07, 0x0F, 0x08, 0x1F
	.byte 0x08, 0x19, 0x0F, 0x1F, 0x00, 0x1F, 0x00, 0x00, 0x0C, 0x1D, 0x00, 0x1D, 0x00, 0x00, 0x00, 0x00
	.byte 0x00, 0x00, 0x00, 0x00, 0x00, 0x00, 0x00, 0x00, 0x00, 0x00, 0x00, 0x00, 0x00, 0x00, 0x00, 0x00
	.byte 0x00, 0x00, 0x00, 0x00, 0x00, 0x00, 0x00, 0x00, 0x00, 0x00, 0x00, 0x00, 0x00, 0x00, 0x00, 0x00
	.byte 0x00, 0x00, 0x00, 0x00, 0x00, 0x00, 0x00, 0x00

ov112_021F9B18: ; 0x021F9B18
	.byte 0x00, 0x00, 0x00, 0x00, 0xF0, 0xF0, 0xC0, 0xF0
	.byte 0x00, 0xC0, 0xF0, 0xF0, 0x00, 0xF0, 0x00, 0x00, 0x80, 0x80, 0x80, 0x80, 0x00, 0x80, 0x00, 0x00
	.byte 0x80, 0x80, 0xC0, 0xC0, 0x80, 0xC0, 0x00, 0x80, 0xF0, 0xF0, 0x80, 0xF0, 0x80, 0x80, 0x00, 0x80
	.byte 0x00, 0x00, 0xA0, 0xE0, 0x00, 0xE0, 0x80, 0x80, 0x00, 0x80, 0x80, 0x80, 0x00, 0x80, 0x00, 0x00
	.byte 0x00, 0x00, 0x80, 0x80, 0x80, 0x80, 0x80, 0x80, 0x00, 0x80, 0x00, 0x00, 0x00, 0x00, 0x00, 0x00
	.byte 0xF0, 0xF0, 0x80, 0xF0, 0x80, 0x80, 0x00, 0x80, 0x00, 0x00, 0x00, 0x00, 0x80, 0x80, 0x80, 0x80
	.byte 0x00, 0x80, 0x00, 0x00, 0x10, 0x30, 0xF0, 0xF0, 0x00, 0xF0, 0x00, 0x00, 0x80, 0x80, 0x80, 0x80
	.byte 0xF0, 0xF0, 0x00, 0xF0, 0x00, 0x00, 0xF8, 0xF8, 0x00, 0xF8, 0x00, 0x00, 0x00, 0x00, 0x00, 0x00
	.byte 0x00, 0x00, 0x00, 0x00, 0x00, 0x00, 0x00, 0x00, 0x00, 0x00, 0x00, 0x00, 0x00, 0x00, 0x00, 0x00
	.byte 0x00, 0x00, 0x00, 0x00, 0x00, 0x00, 0x00, 0x00, 0x00, 0x00, 0x00, 0x00, 0x00, 0x00, 0x00, 0x00
	.byte 0x00, 0x00, 0x00, 0x00, 0x00, 0x00, 0x00, 0x00, 0x00, 0x00, 0x00, 0x00, 0x00, 0x00, 0x00, 0x00
	.byte 0x00, 0x00, 0x00, 0x00, 0x00, 0x00, 0x00, 0x00, 0x00, 0x00, 0x00, 0x00, 0x00, 0x00, 0x00, 0x00
	.byte 0x00, 0x00, 0x00, 0x00, 0x00, 0x00, 0x00, 0x00, 0x00, 0x00, 0x00, 0x00, 0x0F, 0x1F, 0x00, 0x1F
	.byte 0x03, 0x07, 0x0F, 0x1F, 0x00, 0x1F, 0x07, 0x0F, 0x08, 0x1F, 0x08, 0x19, 0x07, 0x1F, 0x00, 0x0F
	.byte 0x00, 0x01, 0x07, 0x0F, 0x08, 0x1F, 0x00, 0x19, 0x0F, 0x1F, 0x00, 0x1F, 0x00, 0x01, 0x0F, 0x1F
	.byte 0x00, 0x1F, 0x0F, 0x1F, 0x00, 0x1F, 0x0F, 0x1F, 0x01, 0x1F, 0x00, 0x03, 0x0F, 0x1F, 0x00, 0x1F
	.byte 0x03, 0x07, 0x24, 0x6F, 0x24, 0x6D, 0x1F, 0x7F, 0x00, 0x3F, 0x00, 0x00, 0x00, 0x00, 0x00, 0x00
	.byte 0x0F, 0x1F, 0x00, 0x1F, 0x00, 0x01, 0x0F, 0x1F, 0x00, 0x1F, 0x07, 0x0F, 0x0A, 0x1F, 0x0A, 0x1F
	.byte 0x0B, 0x1F, 0x00, 0x1F, 0x00, 0x00, 0x0F, 0x1F, 0x00, 0x1F, 0x07, 0x0F, 0x08, 0x1F, 0x08, 0x19
	.byte 0x0F, 0x1F, 0x00, 0x1F, 0x00, 0x00, 0x0C, 0x1D, 0x00, 0x1D, 0x00, 0x00, 0x00, 0x00, 0x00, 0x00
	.byte 0x00, 0x00, 0x00, 0x00, 0x00, 0x00, 0x00, 0x00, 0x00, 0x00, 0x00, 0x00, 0x00, 0x00, 0x00, 0x00
	.byte 0x00, 0x00, 0x00, 0x00, 0x00, 0x00, 0x00, 0x00, 0x00, 0x00, 0x00, 0x00, 0x00, 0x00, 0x00, 0x00
	.byte 0x00, 0x00, 0x00, 0x00, 0x00, 0x00, 0x00, 0x00, 0x00, 0x00, 0x00, 0x00, 0x00, 0x00, 0x00, 0x00
	.byte 0x00, 0x00, 0x00, 0x00, 0x00, 0x00, 0x00, 0x00, 0x00, 0x00, 0x00, 0x00, 0x00, 0x00, 0x00, 0x00
	.byte 0x00, 0x00, 0x00, 0x00, 0x00, 0x00, 0x00, 0x00

ov112_021F9C98: ; 0x021F9C98
	.byte 0x00, 0x00, 0x00, 0x00, 0xF0, 0xF0, 0x10, 0xF0
	.byte 0x10, 0x30, 0xE0, 0xF0, 0x00, 0xE0, 0xA0, 0xE0, 0x00, 0xE0, 0x00, 0x00, 0x80, 0x80, 0x80, 0x80
	.byte 0x80, 0x80, 0x00, 0x80, 0x00, 0x00, 0x80, 0x80, 0x80, 0x80, 0x00, 0x80, 0x00, 0x00, 0x00, 0x00
	.byte 0x80, 0x80, 0x80, 0x80, 0x00, 0x80, 0x00, 0x00, 0x80, 0x80, 0x00, 0x80, 0x00, 0x00, 0x80, 0x80
	.byte 0x00, 0x80, 0x00, 0x00, 0x80, 0x80, 0x80, 0x80, 0x00, 0x80, 0x00, 0x00, 0x80, 0x80, 0x00, 0x80
	.byte 0x80, 0x80, 0x00, 0x80, 0x00, 0x00, 0x00, 0x00, 0x00, 0x00, 0x00, 0x00, 0x00, 0x00, 0x80, 0x80
	.byte 0x80, 0x80, 0x00, 0x80, 0x00, 0x00, 0x80, 0x80, 0x00, 0x80, 0x80, 0x80, 0x00, 0x80, 0x00, 0x00
	.byte 0x00, 0x00, 0x00, 0x00, 0x00, 0x00, 0xA0, 0xE0, 0x00, 0xE0, 0x80, 0x80, 0xC0, 0xC0, 0x80, 0xC0
	.byte 0x00, 0x80, 0x00, 0x00, 0x80, 0x80, 0x80, 0x80, 0x00, 0x80, 0x00, 0x00, 0x80, 0x80, 0x00, 0x80
	.byte 0x80, 0x80, 0x00, 0x80, 0x00, 0x00, 0x00, 0x00, 0xF8, 0xF8, 0x00, 0xF8, 0x00, 0x00, 0x00, 0x00
	.byte 0x00, 0x00, 0x00, 0x00, 0x00, 0x00, 0x00, 0x00, 0x00, 0x00, 0x00, 0x00, 0x00, 0x00, 0x00, 0x00
	.byte 0x00, 0x00, 0x00, 0x00, 0x00, 0x00, 0x00, 0x00, 0x00, 0x00, 0x00, 0x00, 0x00, 0x00, 0x00, 0x00
	.byte 0x00, 0x00, 0x00, 0x00, 0x00, 0x00, 0x00, 0x00, 0x00, 0x00, 0x00, 0x00, 0x0F, 0x1F, 0x08, 0x1F
	.byte 0x08, 0x18, 0x07, 0x1F, 0x00, 0x0F, 0x0F, 0x1F, 0x00, 0x1F, 0x09, 0x1B, 0x0A, 0x1F, 0x0A, 0x1F
	.byte 0x04, 0x1F, 0x00, 0x0D, 0x07, 0x0F, 0x08, 0x1F, 0x08, 0x19, 0x05, 0x1F, 0x00, 0x0F, 0x07, 0x0F
	.byte 0x08, 0x1F, 0x08, 0x19, 0x07, 0x1F, 0x00, 0x0F, 0x07, 0x0F, 0x08, 0x1F, 0x06, 0x1E, 0x01, 0x0F
	.byte 0x00, 0x03, 0x07, 0x0F, 0x0A, 0x1F, 0x0A, 0x1F, 0x0B, 0x1F, 0x00, 0x1F, 0x0F, 0x1F, 0x01, 0x1F
	.byte 0x00, 0x01, 0x01, 0x03, 0x00, 0x03, 0x00, 0x00, 0x00, 0x00, 0x00, 0x00, 0x04, 0x0C, 0x0A, 0x1F
	.byte 0x0A, 0x1F, 0x0F, 0x1F, 0x00, 0x1F, 0x0F, 0x1F, 0x01, 0x1F, 0x00, 0x03, 0x0F, 0x1F, 0x00, 0x1F
	.byte 0x00, 0x00, 0x00, 0x00, 0x00, 0x00, 0x0F, 0x1F, 0x00, 0x1F, 0x00, 0x01, 0x07, 0x0F, 0x08, 0x1F
	.byte 0x00, 0x19, 0x07, 0x0F, 0x0A, 0x1F, 0x0A, 0x1F, 0x0B, 0x1F, 0x00, 0x1F, 0x0F, 0x1F, 0x0F, 0x1F
	.byte 0x00, 0x1F, 0x0F, 0x1F, 0x00, 0x1F, 0x00, 0x00, 0x0C, 0x1D, 0x00, 0x1D, 0x00, 0x00, 0x00, 0x00
	.byte 0x00, 0x00, 0x00, 0x00, 0x00, 0x00, 0x00, 0x00, 0x00, 0x00, 0x00, 0x00, 0x00, 0x00, 0x00, 0x00
	.byte 0x00, 0x00, 0x00, 0x00, 0x00, 0x00, 0x00, 0x00, 0x00, 0x00, 0x00, 0x00, 0x00, 0x00, 0x00, 0x00
	.byte 0x00, 0x00, 0x00, 0x00, 0x00, 0x00, 0x00, 0x00

ov112_021F9E18: ; 0x021F9E18
	.byte 0x00, 0x00, 0x00, 0x00, 0xF0, 0xF0, 0xC0, 0xF0
	.byte 0x00, 0xC0, 0xF0, 0xF0, 0x00, 0xF0, 0x00, 0x00, 0x80, 0x80, 0x80, 0x80, 0x00, 0x80, 0x00, 0x00
	.byte 0x80, 0x80, 0xC0, 0xC0, 0x80, 0xC0, 0x00, 0x80, 0xF0, 0xF0, 0x80, 0xF0, 0x80, 0x80, 0x00, 0x80
	.byte 0x00, 0x00, 0xA0, 0xE0, 0x00, 0xE0, 0x80, 0x80, 0x00, 0x80, 0x80, 0x80, 0x00, 0x80, 0x00, 0x00
	.byte 0x00, 0x00, 0x80, 0x80, 0x80, 0x80, 0x80, 0x80, 0x00, 0x80, 0x00, 0x00, 0x00, 0x00, 0x00, 0x00
	.byte 0x80, 0x80, 0xE0, 0xE0, 0x90, 0xF0, 0x00, 0xB0, 0x00, 0x00, 0x80, 0x80, 0x80, 0x80, 0x00, 0x80
	.byte 0x00, 0x00, 0x80, 0x80, 0x00, 0x80, 0x00, 0x00, 0x80, 0x80, 0x00, 0x80, 0x80, 0x80, 0x00, 0x80
	.byte 0x80, 0x80, 0x00, 0x80, 0x00, 0x00, 0x00, 0x00, 0x80, 0x80, 0x80, 0x80, 0xF0, 0xF0, 0x00, 0xF0
	.byte 0x00, 0x00, 0x00, 0x00, 0x00, 0x00, 0x00, 0x00, 0x00, 0x00, 0x00, 0x00, 0x00, 0x00, 0x00, 0x00
	.byte 0x00, 0x00, 0x00, 0x00, 0x00, 0x00, 0x00, 0x00, 0x00, 0x00, 0x00, 0x00, 0x00, 0x00, 0x00, 0x00
	.byte 0x00, 0x00, 0x00, 0x00, 0x00, 0x00, 0x00, 0x00, 0x00, 0x00, 0x00, 0x00, 0x00, 0x00, 0x00, 0x00
	.byte 0x00, 0x00, 0x00, 0x00, 0x00, 0x00, 0x00, 0x00, 0x00, 0x00, 0x00, 0x00, 0x00, 0x00, 0x00, 0x00
	.byte 0x00, 0x00, 0x00, 0x00, 0x00, 0x00, 0x00, 0x00, 0x00, 0x00, 0x00, 0x00, 0x0F, 0x1F, 0x00, 0x1F
	.byte 0x03, 0x07, 0x0F, 0x1F, 0x00, 0x1F, 0x07, 0x0F, 0x08, 0x1F, 0x08, 0x19, 0x07, 0x1F, 0x00, 0x0F
	.byte 0x00, 0x01, 0x07, 0x0F, 0x08, 0x1F, 0x00, 0x19, 0x0F, 0x1F, 0x00, 0x1F, 0x00, 0x01, 0x0F, 0x1F
	.byte 0x00, 0x1F, 0x0F, 0x1F, 0x00, 0x1F, 0x0F, 0x1F, 0x01, 0x1F, 0x00, 0x03, 0x0F, 0x1F, 0x00, 0x1F
	.byte 0x03, 0x07, 0x24, 0x6F, 0x24, 0x6D, 0x1F, 0x7F, 0x00, 0x3F, 0x00, 0x00, 0x00, 0x00, 0x00, 0x00
	.byte 0x00, 0x01, 0x0F, 0x1F, 0x00, 0x1F, 0x00, 0x01, 0x07, 0x0F, 0x08, 0x1F, 0x08, 0x19, 0x07, 0x1F
	.byte 0x00, 0x0F, 0x07, 0x0F, 0x08, 0x1F, 0x08, 0x18, 0x0F, 0x1F, 0x00, 0x1F, 0x0F, 0x1F, 0x01, 0x1F
	.byte 0x00, 0x03, 0x0F, 0x1F, 0x00, 0x1F, 0x07, 0x0F, 0x08, 0x1F, 0x08, 0x19, 0x0F, 0x1F, 0x00, 0x1F
	.byte 0x0C, 0x0C, 0x0C, 0x1C, 0x00, 0x18, 0x00, 0x00, 0x00, 0x00, 0x00, 0x00, 0x00, 0x00, 0x00, 0x00
	.byte 0x00, 0x00, 0x00, 0x00, 0x00, 0x00, 0x00, 0x00, 0x00, 0x00, 0x00, 0x00, 0x00, 0x00, 0x00, 0x00
	.byte 0x00, 0x00, 0x00, 0x00, 0x00, 0x00, 0x00, 0x00, 0x00, 0x00, 0x00, 0x00, 0x00, 0x00, 0x00, 0x00
	.byte 0x00, 0x00, 0x00, 0x00, 0x00, 0x00, 0x00, 0x00, 0x00, 0x00, 0x00, 0x00, 0x00, 0x00, 0x00, 0x00
	.byte 0x00, 0x00, 0x00, 0x00, 0x00, 0x00, 0x00, 0x00

ov112_021F9F98: ; 0x021F9F98
	.byte 0x00, 0x00, 0x00, 0x00, 0x10, 0x30, 0xF0, 0xF0
	.byte 0x10, 0xF0, 0x00, 0x30, 0x80, 0x80, 0xC0, 0xC0, 0x80, 0xC0, 0x00, 0x80, 0x58, 0x78, 0x38, 0x78
	.byte 0x00, 0x78, 0x00, 0x00, 0x00, 0x00, 0x80, 0x80, 0x80, 0x80, 0x80, 0x80, 0x00, 0x80, 0x00, 0x00
	.byte 0x00, 0x00, 0x00, 0x00, 0x80, 0x80, 0x00, 0x80, 0x80, 0x80, 0x00, 0x80, 0x00, 0x00, 0x00, 0x00
	.byte 0x80, 0x80, 0x80, 0x80, 0x00, 0x80, 0x00, 0x00, 0x00, 0x00, 0x80, 0x80, 0x80, 0x80, 0x00, 0x80
	.byte 0x00, 0x00, 0x80, 0x80, 0x00, 0x80, 0x80, 0x80, 0x00, 0x80, 0x00, 0x00, 0x00, 0x00, 0xF8, 0xF8
	.byte 0x00, 0xF8, 0x00, 0x00, 0x00, 0x00, 0x00, 0x00, 0x00, 0x00, 0x00, 0x00, 0x00, 0x00, 0x00, 0x00
	.byte 0x00, 0x00, 0x00, 0x00, 0x00, 0x00, 0x00, 0x00, 0x00, 0x00, 0x00, 0x00, 0x00, 0x00, 0x00, 0x00
	.byte 0x00, 0x00, 0x00, 0x00, 0x00, 0x00, 0x00, 0x00, 0x00, 0x00, 0x00, 0x00, 0x00, 0x00, 0x00, 0x00
	.byte 0x00, 0x00, 0x00, 0x00, 0x00, 0x00, 0x00, 0x00, 0x00, 0x00, 0x00, 0x00, 0x00, 0x00, 0x00, 0x00
	.byte 0x00, 0x00, 0x00, 0x00, 0x00, 0x00, 0x00, 0x00, 0x00, 0x00, 0x00, 0x00, 0x00, 0x00, 0x00, 0x00
	.byte 0x00, 0x00, 0x00, 0x00, 0x00, 0x00, 0x00, 0x00, 0x00, 0x00, 0x00, 0x00, 0x00, 0x00, 0x00, 0x00
	.byte 0x00, 0x00, 0x00, 0x00, 0x00, 0x00, 0x00, 0x00, 0x00, 0x00, 0x00, 0x00, 0x08, 0x18, 0x0F, 0x1F
	.byte 0x08, 0x1F, 0x00, 0x18, 0x00, 0x01, 0x07, 0x0F, 0x08, 0x1F, 0x00, 0x19, 0x00, 0x00, 0x00, 0x00
	.byte 0x00, 0x00, 0x00, 0x00, 0x09, 0x1B, 0x0A, 0x1F, 0x0A, 0x1F, 0x04, 0x1F, 0x00, 0x0D, 0x00, 0x00
	.byte 0x00, 0x00, 0x00, 0x00, 0x0F, 0x1F, 0x01, 0x1F, 0x00, 0x03, 0x0F, 0x1F, 0x00, 0x1F, 0x07, 0x0F
	.byte 0x0A, 0x1F, 0x0A, 0x1F, 0x0B, 0x1F, 0x00, 0x1F, 0x04, 0x0C, 0x0A, 0x1F, 0x0A, 0x1F, 0x0F, 0x1F
	.byte 0x00, 0x1F, 0x0F, 0x1F, 0x01, 0x1F, 0x00, 0x01, 0x01, 0x03, 0x00, 0x03, 0x00, 0x00, 0x0C, 0x1D
	.byte 0x00, 0x1D, 0x00, 0x00, 0x00, 0x00, 0x00, 0x00, 0x00, 0x00, 0x00, 0x00, 0x00, 0x00, 0x00, 0x00
	.byte 0x00, 0x00, 0x00, 0x00, 0x00, 0x00, 0x00, 0x00, 0x00, 0x00, 0x00, 0x00, 0x00, 0x00, 0x00, 0x00
	.byte 0x00, 0x00, 0x00, 0x00, 0x00, 0x00, 0x00, 0x00, 0x00, 0x00, 0x00, 0x00, 0x00, 0x00, 0x00, 0x00
	.byte 0x00, 0x00, 0x00, 0x00, 0x00, 0x00, 0x00, 0x00, 0x00, 0x00, 0x00, 0x00, 0x00, 0x00, 0x00, 0x00
	.byte 0x00, 0x00, 0x00, 0x00, 0x00, 0x00, 0x00, 0x00, 0x00, 0x00, 0x00, 0x00, 0x00, 0x00, 0x00, 0x00
	.byte 0x00, 0x00, 0x00, 0x00, 0x00, 0x00, 0x00, 0x00, 0x00, 0x00, 0x00, 0x00, 0x00, 0x00, 0x00, 0x00
	.byte 0x00, 0x00, 0x00, 0x00, 0x00, 0x00, 0x00, 0x00

ov112_021FA118: ; 0x021FA118
	.byte 0x00, 0x00, 0x00, 0x00, 0x10, 0x30, 0xF0, 0xF0
	.byte 0x10, 0xF0, 0x00, 0x30, 0x80, 0x80, 0xC0, 0xC0, 0x80, 0xC0, 0x00, 0x80, 0x58, 0x78, 0x38, 0x78
	.byte 0x00, 0x78, 0x00, 0x00, 0x00, 0x00, 0x80, 0x80, 0x80, 0x80, 0x80, 0x80, 0x00, 0x80, 0x00, 0x00
	.byte 0x00, 0x00, 0x00, 0x00, 0x80, 0x80, 0xE0, 0xE0, 0x90, 0xF0, 0x00, 0xB0, 0x00, 0x00, 0x80, 0x80
	.byte 0x80, 0x80, 0x00, 0x80, 0x00, 0x00, 0x80, 0x80, 0x00, 0x80, 0x80, 0x80, 0x00, 0x80, 0x00, 0x00
	.byte 0x00, 0x00, 0x00, 0x00, 0x00, 0x00, 0x00, 0x00, 0x80, 0x80, 0x80, 0x80, 0x00, 0x80, 0x00, 0x00
	.byte 0x80, 0x80, 0x00, 0x80, 0x00, 0x00, 0x80, 0x80, 0x00, 0x80, 0x00, 0x00, 0x80, 0x80, 0x80, 0x80
	.byte 0x00, 0x80, 0x00, 0x00, 0x80, 0x80, 0x00, 0x80, 0x00, 0x00, 0x80, 0x80, 0x00, 0x80, 0x00, 0x00
	.byte 0x00, 0x00, 0x00, 0x00, 0x00, 0x00, 0x00, 0x00, 0x00, 0x00, 0x00, 0x00, 0x00, 0x00, 0x00, 0x00
	.byte 0x00, 0x00, 0x00, 0x00, 0x00, 0x00, 0x00, 0x00, 0x00, 0x00, 0x00, 0x00, 0x00, 0x00, 0x00, 0x00
	.byte 0x00, 0x00, 0x00, 0x00, 0x00, 0x00, 0x00, 0x00, 0x00, 0x00, 0x00, 0x00, 0x00, 0x00, 0x00, 0x00
	.byte 0x00, 0x00, 0x00, 0x00, 0x00, 0x00, 0x00, 0x00, 0x00, 0x00, 0x00, 0x00, 0x00, 0x00, 0x00, 0x00
	.byte 0x00, 0x00, 0x00, 0x00, 0x00, 0x00, 0x00, 0x00, 0x00, 0x00, 0x00, 0x00, 0x08, 0x18, 0x0F, 0x1F
	.byte 0x08, 0x1F, 0x00, 0x18, 0x00, 0x01, 0x07, 0x0F, 0x08, 0x1F, 0x00, 0x19, 0x00, 0x00, 0x00, 0x00
	.byte 0x00, 0x00, 0x00, 0x00, 0x09, 0x1B, 0x0A, 0x1F, 0x0A, 0x1F, 0x04, 0x1F, 0x00, 0x0D, 0x00, 0x00
	.byte 0x00, 0x00, 0x00, 0x00, 0x00, 0x01, 0x0F, 0x1F, 0x00, 0x1F, 0x00, 0x01, 0x04, 0x0C, 0x0A, 0x1F
	.byte 0x0A, 0x1F, 0x0F, 0x1F, 0x00, 0x1F, 0x0F, 0x1F, 0x01, 0x1F, 0x00, 0x01, 0x01, 0x03, 0x00, 0x03
	.byte 0x00, 0x00, 0x00, 0x00, 0x00, 0x00, 0x04, 0x0C, 0x0A, 0x1F, 0x0A, 0x1F, 0x0F, 0x1F, 0x00, 0x1F
	.byte 0x0F, 0x1F, 0x06, 0x1F, 0x08, 0x1E, 0x07, 0x1F, 0x00, 0x0F, 0x04, 0x0C, 0x0A, 0x1F, 0x0A, 0x1F
	.byte 0x0F, 0x1F, 0x00, 0x1F, 0x03, 0x07, 0x24, 0x6F, 0x24, 0x6C, 0x1F, 0x7F, 0x00, 0x3F, 0x0C, 0x0C
	.byte 0x0C, 0x1C, 0x00, 0x18, 0x00, 0x00, 0x0C, 0x0C, 0x0C, 0x1C, 0x00, 0x18, 0x00, 0x00, 0x0C, 0x0C
	.byte 0x0C, 0x1C, 0x00, 0x18, 0x00, 0x00, 0x00, 0x00, 0x00, 0x00, 0x00, 0x00, 0x00, 0x00, 0x00, 0x00
	.byte 0x00, 0x00, 0x00, 0x00, 0x00, 0x00, 0x00, 0x00, 0x00, 0x00, 0x00, 0x00, 0x00, 0x00, 0x00, 0x00
	.byte 0x00, 0x00, 0x00, 0x00, 0x00, 0x00, 0x00, 0x00, 0x00, 0x00, 0x00, 0x00, 0x00, 0x00, 0x00, 0x00
	.byte 0x00, 0x00, 0x00, 0x00, 0x00, 0x00, 0x00, 0x00

ov112_021FA298: ; 0x021FA298
	.byte 0x00, 0x00, 0x00, 0x00, 0xF0, 0xF0, 0x90, 0xF0
	.byte 0x90, 0xB0, 0x10, 0xB0, 0x00, 0x30, 0xA0, 0xE0, 0x00, 0xE0, 0x80, 0x80, 0x00, 0x80, 0x80, 0x80
	.byte 0x00, 0x80, 0x00, 0x00, 0x00, 0x00, 0x80, 0x80, 0x80, 0x80, 0xF0, 0xF0, 0x00, 0xF0, 0x00, 0x00
	.byte 0x00, 0x00, 0x00, 0x00, 0x00, 0x00, 0x80, 0x80, 0x80, 0x80, 0x00, 0x80, 0x00, 0x00, 0x00, 0x00
	.byte 0x00, 0x00, 0x00, 0x00, 0xF0, 0xF0, 0x10, 0xF0, 0x10, 0x30, 0xE0, 0xF0, 0x00, 0xE0, 0x00, 0x00
	.byte 0x80, 0x80, 0x80, 0x80, 0x00, 0x80, 0x00, 0x00, 0xF0, 0xF0, 0x00, 0xF0, 0x00, 0x00, 0x80, 0x80
	.byte 0x00, 0x80, 0x00, 0x00, 0xA0, 0xE0, 0x90, 0xB0, 0x00, 0x90, 0x00, 0x00, 0x80, 0x80, 0x00, 0x80
	.byte 0x80, 0x80, 0x00, 0x80, 0x00, 0x00, 0x00, 0x00, 0x80, 0x80, 0x80, 0x80, 0x00, 0x80, 0x00, 0x00
	.byte 0x80, 0x80, 0x00, 0x80, 0x80, 0x80, 0x00, 0x80, 0x00, 0x00, 0x00, 0x00, 0xF8, 0xF8, 0x00, 0xF8
	.byte 0x00, 0x00, 0x00, 0x00, 0x00, 0x00, 0x00, 0x00, 0x00, 0x00, 0x00, 0x00, 0x00, 0x00, 0x00, 0x00
	.byte 0x00, 0x00, 0x00, 0x00, 0x00, 0x00, 0x00, 0x00, 0x00, 0x00, 0x00, 0x00, 0x00, 0x00, 0x00, 0x00
	.byte 0x00, 0x00, 0x00, 0x00, 0x00, 0x00, 0x00, 0x00, 0x00, 0x00, 0x00, 0x00, 0x00, 0x00, 0x00, 0x00
	.byte 0x00, 0x00, 0x00, 0x00, 0x00, 0x00, 0x00, 0x00, 0x00, 0x00, 0x00, 0x00, 0x0F, 0x1F, 0x00, 0x1F
	.byte 0x00, 0x01, 0x00, 0x01, 0x00, 0x00, 0x0F, 0x1F, 0x00, 0x1F, 0x0F, 0x1F, 0x01, 0x1F, 0x00, 0x03
	.byte 0x0F, 0x1F, 0x00, 0x1F, 0x07, 0x0F, 0x08, 0x1F, 0x08, 0x19, 0x0F, 0x1F, 0x00, 0x1F, 0x00, 0x00
	.byte 0x00, 0x00, 0x00, 0x00, 0x04, 0x0C, 0x0A, 0x1F, 0x0A, 0x1F, 0x0F, 0x1F, 0x00, 0x1F, 0x00, 0x00
	.byte 0x00, 0x00, 0x00, 0x00, 0x0F, 0x1F, 0x01, 0x1F, 0x01, 0x03, 0x00, 0x03, 0x00, 0x01, 0x07, 0x0F
	.byte 0x08, 0x1F, 0x08, 0x19, 0x07, 0x1F, 0x00, 0x0F, 0x0F, 0x1F, 0x02, 0x1F, 0x05, 0x0F, 0x08, 0x1F
	.byte 0x00, 0x19, 0x07, 0x0F, 0x0A, 0x1F, 0x0A, 0x1F, 0x0B, 0x1F, 0x00, 0x1F, 0x0F, 0x1F, 0x0F, 0x1F
	.byte 0x00, 0x1F, 0x0F, 0x1F, 0x00, 0x1F, 0x07, 0x0F, 0x08, 0x1F, 0x08, 0x19, 0x07, 0x1F, 0x00, 0x0F
	.byte 0x0F, 0x1F, 0x01, 0x1F, 0x00, 0x03, 0x0F, 0x1F, 0x00, 0x1F, 0x00, 0x00, 0x0C, 0x1D, 0x00, 0x1D
	.byte 0x00, 0x00, 0x00, 0x00, 0x00, 0x00, 0x00, 0x00, 0x00, 0x00, 0x00, 0x00, 0x00, 0x00, 0x00, 0x00
	.byte 0x00, 0x00, 0x00, 0x00, 0x00, 0x00, 0x00, 0x00, 0x00, 0x00, 0x00, 0x00, 0x00, 0x00, 0x00, 0x00
	.byte 0x00, 0x00, 0x00, 0x00, 0x00, 0x00, 0x00, 0x00, 0x00, 0x00, 0x00, 0x00, 0x00, 0x00, 0x00, 0x00
	.byte 0x00, 0x00, 0x00, 0x00, 0x00, 0x00, 0x00, 0x00

ov112_021FA418: ; 0x021FA418
	.byte 0x00, 0x00, 0x00, 0x00, 0xF0, 0xF0, 0x90, 0xF0
	.byte 0x90, 0xB0, 0x10, 0xB0, 0x00, 0x30, 0x00, 0x00, 0x80, 0x80, 0x80, 0x80, 0x00, 0x80, 0x00, 0x00
	.byte 0x80, 0x80, 0x00, 0x80, 0x00, 0x00, 0x80, 0x80, 0x00, 0x80, 0x80, 0x80, 0x00, 0x80, 0x80, 0x80
	.byte 0x00, 0x80, 0x00, 0x00, 0x00, 0x00, 0x80, 0x80, 0x80, 0x80, 0xF0, 0xF0, 0x00, 0xF0, 0x00, 0x00
	.byte 0x00, 0x00, 0x00, 0x00, 0x00, 0x00, 0x80, 0x80, 0x80, 0x80, 0x80, 0x80, 0x00, 0x80, 0x00, 0x00
	.byte 0x80, 0x80, 0x80, 0x80, 0x00, 0x80, 0x00, 0x00, 0x80, 0x80, 0x00, 0x80, 0x80, 0x80, 0x00, 0x80
	.byte 0x00, 0x00, 0x00, 0x00, 0x80, 0x80, 0x80, 0x80, 0x00, 0x80, 0x00, 0x00, 0x80, 0x80, 0xC0, 0xC0
	.byte 0x80, 0xC0, 0x00, 0x80, 0xF0, 0xF0, 0x80, 0xF0, 0x80, 0x80, 0x00, 0x80, 0x00, 0x00, 0xA0, 0xE0
	.byte 0x00, 0xE0, 0x80, 0x80, 0x00, 0x80, 0x80, 0x80, 0x00, 0x80, 0x00, 0x00, 0x00, 0x00, 0x80, 0x80
	.byte 0x80, 0x80, 0x80, 0x80, 0x00, 0x80, 0x00, 0x00, 0xF8, 0xF8, 0x00, 0xF8, 0x00, 0x00, 0x00, 0x00
	.byte 0x00, 0x00, 0x00, 0x00, 0x00, 0x00, 0x00, 0x00, 0x00, 0x00, 0x00, 0x00, 0x00, 0x00, 0x00, 0x00
	.byte 0x00, 0x00, 0x00, 0x00, 0x00, 0x00, 0x00, 0x00, 0x00, 0x00, 0x00, 0x00, 0x00, 0x00, 0x00, 0x00
	.byte 0x00, 0x00, 0x00, 0x00, 0x00, 0x00, 0x00, 0x00, 0x00, 0x00, 0x00, 0x00, 0x0F, 0x1F, 0x00, 0x1F
	.byte 0x00, 0x01, 0x00, 0x01, 0x00, 0x00, 0x07, 0x0F, 0x08, 0x1F, 0x08, 0x19, 0x07, 0x1F, 0x00, 0x0F
	.byte 0x07, 0x0F, 0x08, 0x1F, 0x08, 0x18, 0x0F, 0x1F, 0x00, 0x1F, 0x0F, 0x1F, 0x01, 0x1F, 0x00, 0x03
	.byte 0x0F, 0x1F, 0x00, 0x1F, 0x07, 0x0F, 0x08, 0x1F, 0x08, 0x19, 0x0F, 0x1F, 0x00, 0x1F, 0x00, 0x00
	.byte 0x00, 0x00, 0x00, 0x00, 0x09, 0x1B, 0x0A, 0x1F, 0x0A, 0x1F, 0x04, 0x1F, 0x00, 0x0D, 0x07, 0x0F
	.byte 0x08, 0x1F, 0x08, 0x19, 0x07, 0x1F, 0x00, 0x0F, 0x0F, 0x1F, 0x0F, 0x1F, 0x00, 0x1F, 0x0F, 0x1F
	.byte 0x00, 0x1F, 0x07, 0x0F, 0x0A, 0x1F, 0x0A, 0x1F, 0x0B, 0x1F, 0x00, 0x1F, 0x00, 0x01, 0x07, 0x0F
	.byte 0x08, 0x1F, 0x00, 0x19, 0x0F, 0x1F, 0x00, 0x1F, 0x00, 0x01, 0x0F, 0x1F, 0x00, 0x1F, 0x0F, 0x1F
	.byte 0x00, 0x1F, 0x0F, 0x1F, 0x01, 0x1F, 0x00, 0x03, 0x0F, 0x1F, 0x00, 0x1F, 0x03, 0x07, 0x24, 0x6F
	.byte 0x24, 0x6D, 0x1F, 0x7F, 0x00, 0x3F, 0x00, 0x00, 0x0C, 0x1D, 0x00, 0x1D, 0x00, 0x00, 0x00, 0x00
	.byte 0x00, 0x00, 0x00, 0x00, 0x00, 0x00, 0x00, 0x00, 0x00, 0x00, 0x00, 0x00, 0x00, 0x00, 0x00, 0x00
	.byte 0x00, 0x00, 0x00, 0x00, 0x00, 0x00, 0x00, 0x00, 0x00, 0x00, 0x00, 0x00, 0x00, 0x00, 0x00, 0x00
	.byte 0x00, 0x00, 0x00, 0x00, 0x00, 0x00, 0x00, 0x00

ov112_021FA598: ; 0x021FA598
	.byte 0x00, 0x00, 0x00, 0x00, 0x10, 0x30, 0xF0, 0xF0
	.byte 0x10, 0xF0, 0x00, 0x30, 0x80, 0x80, 0xC0, 0xC0, 0x80, 0xC0, 0x00, 0x80, 0x00, 0x00, 0x00, 0x00
	.byte 0x00, 0x00, 0x00, 0x00, 0x80, 0x80, 0x80, 0x80, 0x80, 0x80, 0x00, 0x80, 0x00, 0x00, 0x80, 0x80
	.byte 0x80, 0x80, 0x00, 0x80, 0x00, 0x00, 0x80, 0x80, 0xC0, 0xC0, 0x80, 0xC0, 0x00, 0x80, 0x00, 0x00
	.byte 0x00, 0x00, 0x00, 0x00, 0x00, 0x00, 0x80, 0x80, 0x80, 0x80, 0x00, 0x80, 0x00, 0x00, 0x80, 0x80
	.byte 0x00, 0x80, 0x00, 0x00, 0x80, 0x80, 0x00, 0x80, 0x00, 0x00, 0x80, 0x80, 0x80, 0x80, 0x00, 0x80
	.byte 0x00, 0x00, 0x80, 0x80, 0x00, 0x80, 0x00, 0x00, 0x80, 0x80, 0x00, 0x80, 0x00, 0x00, 0x00, 0x00
	.byte 0x00, 0x00, 0x00, 0x00, 0x00, 0x00, 0x00, 0x00, 0x00, 0x00, 0x00, 0x00, 0x00, 0x00, 0x00, 0x00
	.byte 0x00, 0x00, 0x00, 0x00, 0x00, 0x00, 0x00, 0x00, 0x00, 0x00, 0x00, 0x00, 0x00, 0x00, 0x00, 0x00
	.byte 0x00, 0x00, 0x00, 0x00, 0x00, 0x00, 0x00, 0x00, 0x00, 0x00, 0x00, 0x00, 0x00, 0x00, 0x00, 0x00
	.byte 0x00, 0x00, 0x00, 0x00, 0x00, 0x00, 0x00, 0x00, 0x00, 0x00, 0x00, 0x00, 0x00, 0x00, 0x00, 0x00
	.byte 0x00, 0x00, 0x00, 0x00, 0x00, 0x00, 0x00, 0x00, 0x00, 0x00, 0x00, 0x00, 0x00, 0x00, 0x00, 0x00
	.byte 0x00, 0x00, 0x00, 0x00, 0x00, 0x00, 0x00, 0x00, 0x00, 0x00, 0x00, 0x00, 0x08, 0x18, 0x0F, 0x1F
	.byte 0x08, 0x1F, 0x00, 0x18, 0x00, 0x01, 0x07, 0x0F, 0x08, 0x1F, 0x00, 0x19, 0x00, 0x00, 0x00, 0x00
	.byte 0x00, 0x00, 0x03, 0x07, 0x24, 0x6F, 0x24, 0x6D, 0x1F, 0x7F, 0x00, 0x3F, 0x07, 0x0F, 0x08, 0x1F
	.byte 0x08, 0x19, 0x07, 0x1F, 0x00, 0x0F, 0x00, 0x01, 0x07, 0x0F, 0x08, 0x1F, 0x00, 0x19, 0x00, 0x00
	.byte 0x00, 0x00, 0x00, 0x00, 0x04, 0x0C, 0x0A, 0x1F, 0x0A, 0x1F, 0x0F, 0x1F, 0x00, 0x1F, 0x0F, 0x1F
	.byte 0x06, 0x1F, 0x08, 0x1E, 0x07, 0x1F, 0x00, 0x0F, 0x04, 0x0C, 0x0A, 0x1F, 0x0A, 0x1F, 0x0F, 0x1F
	.byte 0x00, 0x1F, 0x03, 0x07, 0x24, 0x6F, 0x24, 0x6C, 0x1F, 0x7F, 0x00, 0x3F, 0x0C, 0x0C, 0x0C, 0x1C
	.byte 0x00, 0x18, 0x00, 0x00, 0x0C, 0x0C, 0x0C, 0x1C, 0x00, 0x18, 0x00, 0x00, 0x0C, 0x0C, 0x0C, 0x1C
	.byte 0x00, 0x18, 0x00, 0x00, 0x00, 0x00, 0x00, 0x00, 0x00, 0x00, 0x00, 0x00, 0x00, 0x00, 0x00, 0x00
	.byte 0x00, 0x00, 0x00, 0x00, 0x00, 0x00, 0x00, 0x00, 0x00, 0x00, 0x00, 0x00, 0x00, 0x00, 0x00, 0x00
	.byte 0x00, 0x00, 0x00, 0x00, 0x00, 0x00, 0x00, 0x00, 0x00, 0x00, 0x00, 0x00, 0x00, 0x00, 0x00, 0x00
	.byte 0x00, 0x00, 0x00, 0x00, 0x00, 0x00, 0x00, 0x00, 0x00, 0x00, 0x00, 0x00, 0x00, 0x00, 0x00, 0x00
	.byte 0x00, 0x00, 0x00, 0x00, 0x00, 0x00, 0x00, 0x00

ov112_021FA718: ; 0x021FA718
	.byte 0x00, 0x00, 0x00, 0x00, 0x00, 0x00, 0x80, 0x80
	.byte 0x80, 0x80, 0x00, 0x80, 0x00, 0x00, 0x80, 0x80, 0x80, 0x80, 0x80, 0x80, 0x00, 0x80, 0x00, 0x00
	.byte 0x80, 0x80, 0x80, 0x80, 0x80, 0x80, 0x00, 0x80, 0x00, 0x00, 0x00, 0x00, 0x80, 0x80, 0x80, 0x80
	.byte 0x00, 0x80, 0x00, 0x00, 0x00, 0x00, 0x80, 0x80, 0x80, 0x80, 0x00, 0x80, 0x00, 0x00, 0x80, 0x80
	.byte 0x00, 0x80, 0x80, 0x80, 0x00, 0x80, 0x00, 0x00, 0x00, 0x00, 0x80, 0x80, 0x80, 0x80, 0x00, 0x80
	.byte 0x00, 0x00, 0x00, 0x00, 0x80, 0x80, 0x80, 0x80, 0xF0, 0xF0, 0x00, 0xF0, 0x00, 0x00, 0xF8, 0xF8
	.byte 0x00, 0xF8, 0x00, 0x00, 0x00, 0x00, 0x00, 0x00, 0x00, 0x00, 0x00, 0x00, 0x00, 0x00, 0x00, 0x00
	.byte 0x00, 0x00, 0x00, 0x00, 0x00, 0x00, 0x00, 0x00, 0x00, 0x00, 0x00, 0x00, 0x00, 0x00, 0x00, 0x00
	.byte 0x00, 0x00, 0x00, 0x00, 0x00, 0x00, 0x00, 0x00, 0x00, 0x00, 0x00, 0x00, 0x00, 0x00, 0x00, 0x00
	.byte 0x00, 0x00, 0x00, 0x00, 0x00, 0x00, 0x00, 0x00, 0x00, 0x00, 0x00, 0x00, 0x00, 0x00, 0x00, 0x00
	.byte 0x00, 0x00, 0x00, 0x00, 0x00, 0x00, 0x00, 0x00, 0x00, 0x00, 0x00, 0x00, 0x00, 0x00, 0x00, 0x00
	.byte 0x00, 0x00, 0x00, 0x00, 0x00, 0x00, 0x00, 0x00, 0x00, 0x00, 0x00, 0x00, 0x00, 0x00, 0x00, 0x00
	.byte 0x00, 0x00, 0x00, 0x00, 0x00, 0x00, 0x00, 0x00, 0x00, 0x00, 0x00, 0x00, 0x04, 0x0C, 0x0A, 0x1F
	.byte 0x0A, 0x1F, 0x0F, 0x1F, 0x00, 0x1F, 0x3F, 0x7F, 0x04, 0x7F, 0x04, 0x0D, 0x03, 0x0F, 0x00, 0x07
	.byte 0x3F, 0x7F, 0x04, 0x7F, 0x04, 0x0D, 0x03, 0x0F, 0x00, 0x07, 0x07, 0x0F, 0x0A, 0x1F, 0x0A, 0x1F
	.byte 0x0B, 0x1F, 0x00, 0x1F, 0x04, 0x0C, 0x0A, 0x1F, 0x0A, 0x1F, 0x0F, 0x1F, 0x00, 0x1F, 0x0F, 0x1F
	.byte 0x01, 0x1F, 0x00, 0x01, 0x01, 0x03, 0x00, 0x03, 0x07, 0x0F, 0x0A, 0x1F, 0x0A, 0x1F, 0x0B, 0x1F
	.byte 0x00, 0x1F, 0x07, 0x0F, 0x08, 0x1F, 0x08, 0x19, 0x0F, 0x1F, 0x00, 0x1F, 0x00, 0x00, 0x0C, 0x1D
	.byte 0x00, 0x1D, 0x00, 0x00, 0x00, 0x00, 0x00, 0x00, 0x00, 0x00, 0x00, 0x00, 0x00, 0x00, 0x00, 0x00
	.byte 0x00, 0x00, 0x00, 0x00, 0x00, 0x00, 0x00, 0x00, 0x00, 0x00, 0x00, 0x00, 0x00, 0x00, 0x00, 0x00
	.byte 0x00, 0x00, 0x00, 0x00, 0x00, 0x00, 0x00, 0x00, 0x00, 0x00, 0x00, 0x00, 0x00, 0x00, 0x00, 0x00
	.byte 0x00, 0x00, 0x00, 0x00, 0x00, 0x00, 0x00, 0x00, 0x00, 0x00, 0x00, 0x00, 0x00, 0x00, 0x00, 0x00
	.byte 0x00, 0x00, 0x00, 0x00, 0x00, 0x00, 0x00, 0x00, 0x00, 0x00, 0x00, 0x00, 0x00, 0x00, 0x00, 0x00
	.byte 0x00, 0x00, 0x00, 0x00, 0x00, 0x00, 0x00, 0x00, 0x00, 0x00, 0x00, 0x00, 0x00, 0x00, 0x00, 0x00
	.byte 0x00, 0x00, 0x00, 0x00, 0x00, 0x00, 0x00, 0x00

ov112_021FA898: ; 0x021FA898
	.byte 0x00, 0x00, 0x00, 0x00, 0x80, 0x80, 0x00, 0x80
	.byte 0x00, 0x00, 0x80, 0x80, 0x00, 0x80, 0x00, 0x00, 0x80, 0x80, 0x80, 0x80, 0x00, 0x80, 0x00, 0x00
	.byte 0x00, 0x00, 0x80, 0x80, 0x80, 0x80, 0x80, 0x80, 0x00, 0x80, 0x00, 0x00, 0x00, 0x00, 0x00, 0x00
	.byte 0x00, 0x00, 0x80, 0x80, 0x80, 0x80, 0x00, 0x80, 0x00, 0x00, 0x00, 0x00, 0x80, 0x80, 0x80, 0x80
	.byte 0x00, 0x80, 0x00, 0x00, 0x80, 0x80, 0x00, 0x80, 0x00, 0x00, 0x80, 0x80, 0x00, 0x80, 0x00, 0x00
	.byte 0x80, 0x80, 0x80, 0x80, 0x80, 0x80, 0x00, 0x80, 0xF0, 0xF0, 0x80, 0xF0, 0x80, 0x80, 0x00, 0x80
	.byte 0x00, 0x00, 0x80, 0x80, 0xC0, 0xC0, 0x80, 0xC0, 0x00, 0x80, 0x00, 0x00, 0xF8, 0xF8, 0x00, 0xF8
	.byte 0x00, 0x00, 0x00, 0x00, 0x00, 0x00, 0x00, 0x00, 0x00, 0x00, 0x00, 0x00, 0x00, 0x00, 0x00, 0x00
	.byte 0x00, 0x00, 0x00, 0x00, 0x00, 0x00, 0x00, 0x00, 0x00, 0x00, 0x00, 0x00, 0x00, 0x00, 0x00, 0x00
	.byte 0x00, 0x00, 0x00, 0x00, 0x00, 0x00, 0x00, 0x00, 0x00, 0x00, 0x00, 0x00, 0x00, 0x00, 0x00, 0x00
	.byte 0x00, 0x00, 0x00, 0x00, 0x00, 0x00, 0x00, 0x00, 0x00, 0x00, 0x00, 0x00, 0x00, 0x00, 0x00, 0x00
	.byte 0x00, 0x00, 0x00, 0x00, 0x00, 0x00, 0x00, 0x00, 0x00, 0x00, 0x00, 0x00, 0x00, 0x00, 0x00, 0x00
	.byte 0x00, 0x00, 0x00, 0x00, 0x00, 0x00, 0x00, 0x00, 0x00, 0x00, 0x00, 0x00, 0x0F, 0x1F, 0x06, 0x1F
	.byte 0x08, 0x1E, 0x07, 0x1F, 0x00, 0x0F, 0x04, 0x0C, 0x0A, 0x1F, 0x0A, 0x1F, 0x0F, 0x1F, 0x00, 0x1F
	.byte 0x09, 0x1B, 0x0A, 0x1F, 0x0A, 0x1F, 0x04, 0x1F, 0x00, 0x0D, 0x00, 0x00, 0x00, 0x00, 0x00, 0x00
	.byte 0x07, 0x0F, 0x08, 0x1F, 0x08, 0x19, 0x05, 0x1F, 0x00, 0x0F, 0x04, 0x0C, 0x0A, 0x1F, 0x0A, 0x1F
	.byte 0x0F, 0x1F, 0x00, 0x1F, 0x07, 0x0F, 0x08, 0x1F, 0x08, 0x18, 0x0F, 0x1F, 0x00, 0x1F, 0x03, 0x07
	.byte 0x24, 0x6F, 0x24, 0x6D, 0x1F, 0x7F, 0x00, 0x3F, 0x0F, 0x1F, 0x00, 0x1F, 0x00, 0x01, 0x0F, 0x1F
	.byte 0x00, 0x1F, 0x00, 0x01, 0x07, 0x0F, 0x08, 0x1F, 0x00, 0x19, 0x00, 0x00, 0x0C, 0x1D, 0x00, 0x1D
	.byte 0x00, 0x00, 0x00, 0x00, 0x00, 0x00, 0x00, 0x00, 0x00, 0x00, 0x00, 0x00, 0x00, 0x00, 0x00, 0x00
	.byte 0x00, 0x00, 0x00, 0x00, 0x00, 0x00, 0x00, 0x00, 0x00, 0x00, 0x00, 0x00, 0x00, 0x00, 0x00, 0x00
	.byte 0x00, 0x00, 0x00, 0x00, 0x00, 0x00, 0x00, 0x00, 0x00, 0x00, 0x00, 0x00, 0x00, 0x00, 0x00, 0x00
	.byte 0x00, 0x00, 0x00, 0x00, 0x00, 0x00, 0x00, 0x00, 0x00, 0x00, 0x00, 0x00, 0x00, 0x00, 0x00, 0x00
	.byte 0x00, 0x00, 0x00, 0x00, 0x00, 0x00, 0x00, 0x00, 0x00, 0x00, 0x00, 0x00, 0x00, 0x00, 0x00, 0x00
	.byte 0x00, 0x00, 0x00, 0x00, 0x00, 0x00, 0x00, 0x00

ov112_021FAA18: ; 0x021FAA18
	.byte 0x00, 0x00, 0x00, 0x00, 0x80, 0x80, 0xE0, 0xE0
	.byte 0x90, 0xF0, 0x00, 0xB0, 0x10, 0x30, 0xF0, 0xF0, 0x00, 0xF0, 0x00, 0x00, 0x80, 0x80, 0x80, 0x80
	.byte 0x00, 0x80, 0x00, 0x00, 0x00, 0x00, 0x80, 0x80, 0x80, 0x80, 0xF0, 0xF0, 0x00, 0xF0, 0x00, 0x00
	.byte 0x00, 0x00, 0x00, 0x00, 0x00, 0x00, 0x00, 0x00, 0x00, 0x00, 0x00, 0x00, 0x00, 0x00, 0x00, 0x00
	.byte 0x00, 0x00, 0x00, 0x00, 0x00, 0x00, 0x00, 0x00, 0x00, 0x00, 0x00, 0x00, 0x00, 0x00, 0x00, 0x00
	.byte 0x00, 0x00, 0x00, 0x00, 0x00, 0x00, 0x00, 0x00, 0x00, 0x00, 0x00, 0x00, 0x00, 0x00, 0x00, 0x00
	.byte 0x00, 0x00, 0x00, 0x00, 0x00, 0x00, 0x00, 0x00, 0x00, 0x00, 0x00, 0x00, 0x00, 0x00, 0x00, 0x00
	.byte 0x00, 0x00, 0x00, 0x00, 0x00, 0x00, 0x00, 0x00, 0x00, 0x00, 0x00, 0x00, 0x00, 0x00, 0x00, 0x00
	.byte 0x00, 0x00, 0x00, 0x00, 0x00, 0x00, 0x00, 0x00, 0x00, 0x00, 0x00, 0x00, 0x00, 0x00, 0x00, 0x00
	.byte 0x00, 0x00, 0x00, 0x00, 0x00, 0x00, 0x00, 0x00, 0x00, 0x00, 0x00, 0x00, 0x00, 0x00, 0x00, 0x00
	.byte 0x00, 0x00, 0x00, 0x00, 0x00, 0x00, 0x00, 0x00, 0x00, 0x00, 0x00, 0x00, 0x00, 0x00, 0x00, 0x00
	.byte 0x00, 0x00, 0x00, 0x00, 0x00, 0x00, 0x00, 0x00, 0x00, 0x00, 0x00, 0x00, 0x00, 0x00, 0x00, 0x00
	.byte 0x00, 0x00, 0x00, 0x00, 0x00, 0x00, 0x00, 0x00, 0x00, 0x00, 0x00, 0x00, 0x00, 0x01, 0x0F, 0x1F
	.byte 0x00, 0x1F, 0x00, 0x01, 0x00, 0x00, 0x0F, 0x1F, 0x00, 0x1F, 0x07, 0x0F, 0x0A, 0x1F, 0x0A, 0x1F
	.byte 0x0B, 0x1F, 0x00, 0x1F, 0x07, 0x0F, 0x08, 0x1F, 0x08, 0x19, 0x0F, 0x1F, 0x00, 0x1F, 0x0C, 0x0C
	.byte 0x0C, 0x1C, 0x00, 0x18, 0x00, 0x00, 0x0C, 0x0C, 0x0C, 0x1C, 0x00, 0x18, 0x00, 0x00, 0x0C, 0x0C
	.byte 0x0C, 0x1C, 0x00, 0x18, 0x00, 0x00, 0x00, 0x00, 0x00, 0x00, 0x00, 0x00, 0x00, 0x00, 0x00, 0x00
	.byte 0x00, 0x00, 0x00, 0x00, 0x00, 0x00, 0x00, 0x00, 0x00, 0x00, 0x00, 0x00, 0x00, 0x00, 0x00, 0x00
	.byte 0x00, 0x00, 0x00, 0x00, 0x00, 0x00, 0x00, 0x00, 0x00, 0x00, 0x00, 0x00, 0x00, 0x00, 0x00, 0x00
	.byte 0x00, 0x00, 0x00, 0x00, 0x00, 0x00, 0x00, 0x00, 0x00, 0x00, 0x00, 0x00, 0x00, 0x00, 0x00, 0x00
	.byte 0x00, 0x00, 0x00, 0x00, 0x00, 0x00, 0x00, 0x00, 0x00, 0x00, 0x00, 0x00, 0x00, 0x00, 0x00, 0x00
	.byte 0x00, 0x00, 0x00, 0x00, 0x00, 0x00, 0x00, 0x00, 0x00, 0x00, 0x00, 0x00, 0x00, 0x00, 0x00, 0x00
	.byte 0x00, 0x00, 0x00, 0x00, 0x00, 0x00, 0x00, 0x00, 0x00, 0x00, 0x00, 0x00, 0x00, 0x00, 0x00, 0x00
	.byte 0x00, 0x00, 0x00, 0x00, 0x00, 0x00, 0x00, 0x00, 0x00, 0x00, 0x00, 0x00, 0x00, 0x00, 0x00, 0x00
	.byte 0x00, 0x00, 0x00, 0x00, 0x00, 0x00, 0x00, 0x00

ov112_021FAB98: ; 0x021FAB98
	.byte 0x00, 0x00, 0x00, 0x00, 0x80, 0x80, 0xE0, 0xE0
	.byte 0x90, 0xF0, 0x00, 0xB0, 0x00, 0x00, 0x80, 0x80, 0x80, 0x80, 0x00, 0x80, 0x00, 0x00, 0x80, 0x80
	.byte 0x00, 0x80, 0x00, 0x00, 0x80, 0x80, 0x00, 0x80, 0x80, 0x80, 0x00, 0x80, 0x80, 0x80, 0x00, 0x80
	.byte 0x00, 0x00, 0x00, 0x00, 0x80, 0x80, 0x80, 0x80, 0xF0, 0xF0, 0x00, 0xF0, 0x00, 0x00, 0xF8, 0xF8
	.byte 0x00, 0xF8, 0x00, 0x00, 0x00, 0x00, 0x00, 0x00, 0x00, 0x00, 0x00, 0x00, 0x00, 0x00, 0x00, 0x00
	.byte 0x00, 0x00, 0x00, 0x00, 0x00, 0x00, 0x00, 0x00, 0x00, 0x00, 0x00, 0x00, 0x00, 0x00, 0x00, 0x00
	.byte 0x00, 0x00, 0x00, 0x00, 0x00, 0x00, 0x00, 0x00, 0x00, 0x00, 0x00, 0x00, 0x00, 0x00, 0x00, 0x00
	.byte 0x00, 0x00, 0x00, 0x00, 0x00, 0x00, 0x00, 0x00, 0x00, 0x00, 0x00, 0x00, 0x00, 0x00, 0x00, 0x00
	.byte 0x00, 0x00, 0x00, 0x00, 0x00, 0x00, 0x00, 0x00, 0x00, 0x00, 0x00, 0x00, 0x00, 0x00, 0x00, 0x00
	.byte 0x00, 0x00, 0x00, 0x00, 0x00, 0x00, 0x00, 0x00, 0x00, 0x00, 0x00, 0x00, 0x00, 0x00, 0x00, 0x00
	.byte 0x00, 0x00, 0x00, 0x00, 0x00, 0x00, 0x00, 0x00, 0x00, 0x00, 0x00, 0x00, 0x00, 0x00, 0x00, 0x00
	.byte 0x00, 0x00, 0x00, 0x00, 0x00, 0x00, 0x00, 0x00, 0x00, 0x00, 0x00, 0x00, 0x00, 0x00, 0x00, 0x00
	.byte 0x00, 0x00, 0x00, 0x00, 0x00, 0x00, 0x00, 0x00, 0x00, 0x00, 0x00, 0x00, 0x00, 0x01, 0x0F, 0x1F
	.byte 0x00, 0x1F, 0x00, 0x01, 0x07, 0x0F, 0x08, 0x1F, 0x08, 0x19, 0x07, 0x1F, 0x00, 0x0F, 0x07, 0x0F
	.byte 0x08, 0x1F, 0x08, 0x18, 0x0F, 0x1F, 0x00, 0x1F, 0x0F, 0x1F, 0x01, 0x1F, 0x00, 0x03, 0x0F, 0x1F
	.byte 0x00, 0x1F, 0x07, 0x0F, 0x08, 0x1F, 0x08, 0x19, 0x0F, 0x1F, 0x00, 0x1F, 0x00, 0x00, 0x0C, 0x1D
	.byte 0x00, 0x1D, 0x00, 0x00, 0x00, 0x00, 0x00, 0x00, 0x00, 0x00, 0x00, 0x00, 0x00, 0x00, 0x00, 0x00
	.byte 0x00, 0x00, 0x00, 0x00, 0x00, 0x00, 0x00, 0x00, 0x00, 0x00, 0x00, 0x00, 0x00, 0x00, 0x00, 0x00
	.byte 0x00, 0x00, 0x00, 0x00, 0x00, 0x00, 0x00, 0x00, 0x00, 0x00, 0x00, 0x00, 0x00, 0x00, 0x00, 0x00
	.byte 0x00, 0x00, 0x00, 0x00, 0x00, 0x00, 0x00, 0x00, 0x00, 0x00, 0x00, 0x00, 0x00, 0x00, 0x00, 0x00
	.byte 0x00, 0x00, 0x00, 0x00, 0x00, 0x00, 0x00, 0x00, 0x00, 0x00, 0x00, 0x00, 0x00, 0x00, 0x00, 0x00
	.byte 0x00, 0x00, 0x00, 0x00, 0x00, 0x00, 0x00, 0x00, 0x00, 0x00, 0x00, 0x00, 0x00, 0x00, 0x00, 0x00
	.byte 0x00, 0x00, 0x00, 0x00, 0x00, 0x00, 0x00, 0x00, 0x00, 0x00, 0x00, 0x00, 0x00, 0x00, 0x00, 0x00
	.byte 0x00, 0x00, 0x00, 0x00, 0x00, 0x00, 0x00, 0x00, 0x00, 0x00, 0x00, 0x00, 0x00, 0x00, 0x00, 0x00
	.byte 0x00, 0x00, 0x00, 0x00, 0x00, 0x00, 0x00, 0x00

ov112_021FAD18: ; 0x021FAD18
	.byte 0x00, 0x00, 0x00, 0x00, 0x80, 0x80, 0x00, 0x80
	.byte 0x00, 0x00, 0x80, 0x80, 0x00, 0x80, 0x00, 0x00, 0x80, 0x80, 0x80, 0x80, 0x00, 0x80, 0x00, 0x00
	.byte 0x00, 0x00, 0x80, 0x80, 0x80, 0x80, 0x80, 0x80, 0x00, 0x80, 0x00, 0x00, 0x00, 0x00, 0x00, 0x00
	.byte 0x80, 0x80, 0xC0, 0xC0, 0x80, 0xC0, 0x00, 0x80, 0x00, 0x00, 0x80, 0x80, 0x80, 0x80, 0x00, 0x80
	.byte 0x00, 0x00, 0x00, 0x00, 0x80, 0x80, 0x80, 0x80, 0x00, 0x80, 0x00, 0x00, 0x00, 0x00, 0x00, 0x00
	.byte 0x00, 0x00, 0x00, 0x00, 0x80, 0x80, 0x80, 0x80, 0x80, 0x80, 0x00, 0x80, 0x80, 0x80, 0xC0, 0xC0
	.byte 0x80, 0xC0, 0x00, 0x80, 0x80, 0x80, 0x00, 0x80, 0x80, 0x80, 0x00, 0x80, 0x00, 0x00, 0x00, 0x00
	.byte 0x80, 0x80, 0x80, 0x80, 0x00, 0x80, 0x00, 0x00, 0x80, 0x80, 0x00, 0x80, 0x80, 0x80, 0x00, 0x80
	.byte 0x00, 0x00, 0x00, 0x00, 0x80, 0x80, 0x80, 0x80, 0x80, 0x80, 0x00, 0x80, 0x00, 0x00, 0x00, 0x00
	.byte 0x00, 0x00, 0x00, 0x00, 0x00, 0x00, 0x00, 0x00, 0x00, 0x00, 0x00, 0x00, 0x00, 0x00, 0x00, 0x00
	.byte 0x00, 0x00, 0x00, 0x00, 0x00, 0x00, 0x00, 0x00, 0x00, 0x00, 0x00, 0x00, 0x00, 0x00, 0x00, 0x00
	.byte 0x00, 0x00, 0x00, 0x00, 0x00, 0x00, 0x00, 0x00, 0x00, 0x00, 0x00, 0x00, 0x00, 0x00, 0x00, 0x00
	.byte 0x00, 0x00, 0x00, 0x00, 0x00, 0x00, 0x00, 0x00, 0x00, 0x00, 0x00, 0x00, 0x0F, 0x1F, 0x06, 0x1F
	.byte 0x08, 0x1E, 0x07, 0x1F, 0x00, 0x0F, 0x04, 0x0C, 0x0A, 0x1F, 0x0A, 0x1F, 0x0F, 0x1F, 0x00, 0x1F
	.byte 0x09, 0x1B, 0x0A, 0x1F, 0x0A, 0x1F, 0x04, 0x1F, 0x00, 0x0D, 0x00, 0x00, 0x00, 0x00, 0x00, 0x00
	.byte 0x00, 0x01, 0x07, 0x0F, 0x08, 0x1F, 0x00, 0x19, 0x07, 0x0F, 0x08, 0x1F, 0x08, 0x19, 0x07, 0x1F
	.byte 0x00, 0x0F, 0x07, 0x0F, 0x08, 0x1F, 0x08, 0x19, 0x07, 0x1F, 0x00, 0x0F, 0x00, 0x00, 0x00, 0x00
	.byte 0x00, 0x00, 0x09, 0x1B, 0x0A, 0x1F, 0x0A, 0x1F, 0x04, 0x1F, 0x00, 0x0D, 0x00, 0x01, 0x07, 0x0F
	.byte 0x08, 0x1F, 0x00, 0x19, 0x0F, 0x1F, 0x01, 0x1F, 0x00, 0x01, 0x01, 0x03, 0x00, 0x03, 0x07, 0x0F
	.byte 0x08, 0x1F, 0x08, 0x19, 0x07, 0x1F, 0x00, 0x0F, 0x0F, 0x1F, 0x01, 0x1F, 0x00, 0x03, 0x0F, 0x1F
	.byte 0x00, 0x1F, 0x03, 0x07, 0x24, 0x6F, 0x24, 0x6D, 0x1F, 0x7F, 0x00, 0x3F, 0x0C, 0x0C, 0x0C, 0x1C
	.byte 0x00, 0x18, 0x00, 0x00, 0x00, 0x00, 0x00, 0x00, 0x00, 0x00, 0x00, 0x00, 0x00, 0x00, 0x00, 0x00
	.byte 0x00, 0x00, 0x00, 0x00, 0x00, 0x00, 0x00, 0x00, 0x00, 0x00, 0x00, 0x00, 0x00, 0x00, 0x00, 0x00
	.byte 0x00, 0x00, 0x00, 0x00, 0x00, 0x00, 0x00, 0x00, 0x00, 0x00, 0x00, 0x00, 0x00, 0x00, 0x00, 0x00
	.byte 0x00, 0x00, 0x00, 0x00, 0x00, 0x00, 0x00, 0x00

ov112_021FAE98: ; 0x021FAE98
	.byte 0x00, 0x00, 0x00, 0x00, 0x00, 0x00, 0x80, 0x80
	.byte 0x80, 0x80, 0x00, 0x80, 0x00, 0x00, 0x80, 0x80, 0xC0, 0xC0, 0x80, 0xC0, 0x00, 0x80, 0x80, 0x80
	.byte 0xC0, 0xC0, 0x80, 0xC0, 0x00, 0x80, 0x00, 0x00, 0x80, 0x80, 0x80, 0x80, 0x00, 0x80, 0x00, 0x00
	.byte 0x00, 0x00, 0x80, 0x80, 0x80, 0x80, 0x00, 0x80, 0x00, 0x00, 0xF0, 0xF0, 0x00, 0xF0, 0x00, 0x00
	.byte 0x80, 0x80, 0x00, 0x80, 0x00, 0x00, 0x80, 0x80, 0x80, 0x80, 0x00, 0x80, 0x00, 0x00, 0x00, 0x00
	.byte 0x80, 0x80, 0x80, 0x80, 0xF0, 0xF0, 0x00, 0xF0, 0x00, 0x00, 0xF8, 0xF8, 0x00, 0xF8, 0x00, 0x00
	.byte 0x00, 0x00, 0x00, 0x00, 0x00, 0x00, 0x00, 0x00, 0x00, 0x00, 0x00, 0x00, 0x00, 0x00, 0x00, 0x00
	.byte 0x00, 0x00, 0x00, 0x00, 0x00, 0x00, 0x00, 0x00, 0x00, 0x00, 0x00, 0x00, 0x00, 0x00, 0x00, 0x00
	.byte 0x00, 0x00, 0x00, 0x00, 0x00, 0x00, 0x00, 0x00, 0x00, 0x00, 0x00, 0x00, 0x00, 0x00, 0x00, 0x00
	.byte 0x00, 0x00, 0x00, 0x00, 0x00, 0x00, 0x00, 0x00, 0x00, 0x00, 0x00, 0x00, 0x00, 0x00, 0x00, 0x00
	.byte 0x00, 0x00, 0x00, 0x00, 0x00, 0x00, 0x00, 0x00, 0x00, 0x00, 0x00, 0x00, 0x00, 0x00, 0x00, 0x00
	.byte 0x00, 0x00, 0x00, 0x00, 0x00, 0x00, 0x00, 0x00, 0x00, 0x00, 0x00, 0x00, 0x00, 0x00, 0x00, 0x00
	.byte 0x00, 0x00, 0x00, 0x00, 0x00, 0x00, 0x00, 0x00, 0x00, 0x00, 0x00, 0x00, 0x04, 0x0C, 0x0A, 0x1F
	.byte 0x0A, 0x1F, 0x0F, 0x1F, 0x00, 0x1F, 0x00, 0x01, 0x07, 0x0F, 0x08, 0x1F, 0x00, 0x19, 0x00, 0x01
	.byte 0x07, 0x0F, 0x08, 0x1F, 0x00, 0x19, 0x04, 0x0C, 0x0A, 0x1F, 0x0A, 0x1F, 0x0F, 0x1F, 0x00, 0x1F
	.byte 0x07, 0x0F, 0x08, 0x1F, 0x08, 0x19, 0x05, 0x1F, 0x00, 0x0F, 0x0F, 0x1F, 0x02, 0x1F, 0x05, 0x0F
	.byte 0x08, 0x1F, 0x00, 0x19, 0x07, 0x0F, 0x0A, 0x1F, 0x0A, 0x1F, 0x0B, 0x1F, 0x00, 0x1F, 0x07, 0x0F
	.byte 0x08, 0x1F, 0x08, 0x19, 0x0F, 0x1F, 0x00, 0x1F, 0x00, 0x00, 0x0C, 0x1D, 0x00, 0x1D, 0x00, 0x00
	.byte 0x00, 0x00, 0x00, 0x00, 0x00, 0x00, 0x00, 0x00, 0x00, 0x00, 0x00, 0x00, 0x00, 0x00, 0x00, 0x00
	.byte 0x00, 0x00, 0x00, 0x00, 0x00, 0x00, 0x00, 0x00, 0x00, 0x00, 0x00, 0x00, 0x00, 0x00, 0x00, 0x00
	.byte 0x00, 0x00, 0x00, 0x00, 0x00, 0x00, 0x00, 0x00, 0x00, 0x00, 0x00, 0x00, 0x00, 0x00, 0x00, 0x00
	.byte 0x00, 0x00, 0x00, 0x00, 0x00, 0x00, 0x00, 0x00, 0x00, 0x00, 0x00, 0x00, 0x00, 0x00, 0x00, 0x00
	.byte 0x00, 0x00, 0x00, 0x00, 0x00, 0x00, 0x00, 0x00, 0x00, 0x00, 0x00, 0x00, 0x00, 0x00, 0x00, 0x00
	.byte 0x00, 0x00, 0x00, 0x00, 0x00, 0x00, 0x00, 0x00, 0x00, 0x00, 0x00, 0x00, 0x00, 0x00, 0x00, 0x00
	.byte 0x00, 0x00, 0x00, 0x00, 0x00, 0x00, 0x00, 0x00

ov112_021FB018: ; 0x021FB018
	.byte 0x00, 0x00, 0x00, 0x00, 0x00, 0x00, 0x80, 0x80
	.byte 0x80, 0x80, 0x00, 0x80, 0x00, 0x00, 0x80, 0x80, 0x00, 0x80, 0x00, 0x00, 0x80, 0x80, 0x00, 0x80
	.byte 0x00, 0x00, 0x80, 0x80, 0x80, 0x80, 0x00, 0x80, 0x00, 0x00, 0x00, 0x00, 0x80, 0x80, 0x80, 0x80
	.byte 0xF0, 0xF0, 0x00, 0xF0, 0x00, 0x00, 0x80, 0x80, 0x80, 0x80, 0x00, 0x80, 0x00, 0x00, 0x00, 0x00
	.byte 0x80, 0x80, 0x80, 0x80, 0xF0, 0xF0, 0x00, 0xF0, 0x00, 0x00, 0xF8, 0xF8, 0x00, 0xF8, 0x00, 0x00
	.byte 0x00, 0x00, 0x00, 0x00, 0x00, 0x00, 0x00, 0x00, 0x00, 0x00, 0x00, 0x00, 0x00, 0x00, 0x00, 0x00
	.byte 0x00, 0x00, 0x00, 0x00, 0x00, 0x00, 0x00, 0x00, 0x00, 0x00, 0x00, 0x00, 0x00, 0x00, 0x00, 0x00
	.byte 0x00, 0x00, 0x00, 0x00, 0x00, 0x00, 0x00, 0x00, 0x00, 0x00, 0x00, 0x00, 0x00, 0x00, 0x00, 0x00
	.byte 0x00, 0x00, 0x00, 0x00, 0x00, 0x00, 0x00, 0x00, 0x00, 0x00, 0x00, 0x00, 0x00, 0x00, 0x00, 0x00
	.byte 0x00, 0x00, 0x00, 0x00, 0x00, 0x00, 0x00, 0x00, 0x00, 0x00, 0x00, 0x00, 0x00, 0x00, 0x00, 0x00
	.byte 0x00, 0x00, 0x00, 0x00, 0x00, 0x00, 0x00, 0x00, 0x00, 0x00, 0x00, 0x00, 0x00, 0x00, 0x00, 0x00
	.byte 0x00, 0x00, 0x00, 0x00, 0x00, 0x00, 0x00, 0x00, 0x00, 0x00, 0x00, 0x00, 0x00, 0x00, 0x00, 0x00
	.byte 0x00, 0x00, 0x00, 0x00, 0x00, 0x00, 0x00, 0x00, 0x00, 0x00, 0x00, 0x00, 0x07, 0x0F, 0x0A, 0x1F
	.byte 0x0A, 0x1F, 0x0B, 0x1F, 0x00, 0x1F, 0x07, 0x0F, 0x08, 0x1F, 0x06, 0x1E, 0x01, 0x0F, 0x00, 0x03
	.byte 0x04, 0x0C, 0x0A, 0x1F, 0x0A, 0x1F, 0x0F, 0x1F, 0x00, 0x1F, 0x07, 0x0F, 0x08, 0x1F, 0x08, 0x19
	.byte 0x0F, 0x1F, 0x00, 0x1F, 0x07, 0x0F, 0x0A, 0x1F, 0x0A, 0x1F, 0x0B, 0x1F, 0x00, 0x1F, 0x07, 0x0F
	.byte 0x08, 0x1F, 0x08, 0x19, 0x0F, 0x1F, 0x00, 0x1F, 0x00, 0x00, 0x0C, 0x1D, 0x00, 0x1D, 0x00, 0x00
	.byte 0x00, 0x00, 0x00, 0x00, 0x00, 0x00, 0x00, 0x00, 0x00, 0x00, 0x00, 0x00, 0x00, 0x00, 0x00, 0x00
	.byte 0x00, 0x00, 0x00, 0x00, 0x00, 0x00, 0x00, 0x00, 0x00, 0x00, 0x00, 0x00, 0x00, 0x00, 0x00, 0x00
	.byte 0x00, 0x00, 0x00, 0x00, 0x00, 0x00, 0x00, 0x00, 0x00, 0x00, 0x00, 0x00, 0x00, 0x00, 0x00, 0x00
	.byte 0x00, 0x00, 0x00, 0x00, 0x00, 0x00, 0x00, 0x00, 0x00, 0x00, 0x00, 0x00, 0x00, 0x00, 0x00, 0x00
	.byte 0x00, 0x00, 0x00, 0x00, 0x00, 0x00, 0x00, 0x00, 0x00, 0x00, 0x00, 0x00, 0x00, 0x00, 0x00, 0x00
	.byte 0x00, 0x00, 0x00, 0x00, 0x00, 0x00, 0x00, 0x00, 0x00, 0x00, 0x00, 0x00, 0x00, 0x00, 0x00, 0x00
	.byte 0x00, 0x00, 0x00, 0x00, 0x00, 0x00, 0x00, 0x00, 0x00, 0x00, 0x00, 0x00, 0x00, 0x00, 0x00, 0x00
	.byte 0x00, 0x00, 0x00, 0x00, 0x00, 0x00, 0x00, 0x00

ov112_021FB198: ; 0x021FB198
	.byte 0x00, 0x00, 0x00, 0x00, 0xF0, 0xF0, 0xC0, 0xF0
	.byte 0x00, 0xC0, 0xF0, 0xF0, 0x00, 0xF0, 0x00, 0x00, 0x80, 0x80, 0x80, 0x80, 0x00, 0x80, 0x00, 0x00
	.byte 0x00, 0x00, 0x80, 0x80, 0x80, 0x80, 0x00, 0x80, 0x00, 0x00, 0x00, 0x00, 0x80, 0x80, 0x80, 0x80
	.byte 0xF0, 0xF0, 0x00, 0xF0, 0x00, 0x00, 0x00, 0x00, 0x00, 0x00, 0x80, 0x80, 0x00, 0x80, 0x80, 0x80
	.byte 0x00, 0x80, 0x00, 0x00, 0x00, 0x00, 0x80, 0x80, 0x80, 0x80, 0x00, 0x80, 0x00, 0x00, 0x80, 0x80
	.byte 0x00, 0x80, 0x80, 0x80, 0x00, 0x80, 0x00, 0x00, 0x00, 0x00, 0x80, 0x80, 0x80, 0x80, 0x00, 0x80
	.byte 0x00, 0x00, 0x00, 0x00, 0x00, 0x00, 0x00, 0x00, 0xF0, 0xF0, 0x00, 0xF0, 0x00, 0x00, 0xF0, 0xF0
	.byte 0x00, 0xF0, 0x00, 0x00, 0x80, 0x80, 0x80, 0x80, 0x00, 0x80, 0x00, 0x00, 0x80, 0x80, 0xC0, 0xC0
	.byte 0x80, 0xC0, 0x00, 0x80, 0x80, 0x80, 0xC0, 0xC0, 0x80, 0xC0, 0x00, 0x80, 0x00, 0x00, 0x80, 0x80
	.byte 0x80, 0x80, 0x80, 0x80, 0x00, 0x80, 0x00, 0x00, 0x00, 0x00, 0x00, 0x00, 0x00, 0x00, 0x00, 0x00
	.byte 0x00, 0x00, 0x00, 0x00, 0x00, 0x00, 0x00, 0x00, 0x00, 0x00, 0x00, 0x00, 0x00, 0x00, 0x00, 0x00
	.byte 0x00, 0x00, 0x00, 0x00, 0x00, 0x00, 0x00, 0x00, 0x00, 0x00, 0x00, 0x00, 0x00, 0x00, 0x00, 0x00
	.byte 0x00, 0x00, 0x00, 0x00, 0x00, 0x00, 0x00, 0x00, 0x00, 0x00, 0x00, 0x00, 0x0F, 0x1F, 0x00, 0x1F
	.byte 0x03, 0x07, 0x0F, 0x1F, 0x00, 0x1F, 0x07, 0x0F, 0x0A, 0x1F, 0x0A, 0x1F, 0x0B, 0x1F, 0x00, 0x1F
	.byte 0x07, 0x0F, 0x0A, 0x1F, 0x0A, 0x1F, 0x0B, 0x1F, 0x00, 0x1F, 0x07, 0x0F, 0x08, 0x1F, 0x08, 0x19
	.byte 0x0F, 0x1F, 0x00, 0x1F, 0x00, 0x00, 0x00, 0x00, 0x00, 0x00, 0x0F, 0x1F, 0x0F, 0x1F, 0x00, 0x1F
	.byte 0x0F, 0x1F, 0x00, 0x1F, 0x07, 0x0F, 0x08, 0x1F, 0x08, 0x19, 0x07, 0x1F, 0x00, 0x0F, 0x0F, 0x1F
	.byte 0x01, 0x1F, 0x00, 0x01, 0x01, 0x03, 0x00, 0x03, 0x07, 0x0F, 0x0A, 0x1F, 0x0A, 0x1F, 0x0B, 0x1F
	.byte 0x00, 0x1F, 0x00, 0x00, 0x00, 0x00, 0x00, 0x00, 0x0F, 0x1F, 0x07, 0x1F, 0x0E, 0x0F, 0x07, 0x1F
	.byte 0x00, 0x0F, 0x04, 0x0C, 0x0A, 0x1F, 0x0A, 0x1F, 0x0F, 0x1F, 0x00, 0x1F, 0x00, 0x01, 0x07, 0x0F
	.byte 0x08, 0x1F, 0x00, 0x19, 0x00, 0x01, 0x07, 0x0F, 0x08, 0x1F, 0x00, 0x19, 0x09, 0x1B, 0x0A, 0x1F
	.byte 0x0A, 0x1F, 0x04, 0x1F, 0x00, 0x0D, 0x0C, 0x0C, 0x0C, 0x1C, 0x00, 0x18, 0x00, 0x00, 0x00, 0x00
	.byte 0x00, 0x00, 0x00, 0x00, 0x00, 0x00, 0x00, 0x00, 0x00, 0x00, 0x00, 0x00, 0x00, 0x00, 0x00, 0x00
	.byte 0x00, 0x00, 0x00, 0x00, 0x00, 0x00, 0x00, 0x00, 0x00, 0x00, 0x00, 0x00, 0x00, 0x00, 0x00, 0x00
	.byte 0x00, 0x00, 0x00, 0x00, 0x00, 0x00, 0x00, 0x00

ov112_021FB318: ; 0x021FB318
	.byte 0x00, 0x00, 0x00, 0x00, 0xE0, 0xE0, 0x10, 0xF0
	.byte 0x10, 0x30, 0xE0, 0xF0, 0x00, 0xE0, 0x00, 0x00, 0x00, 0x00, 0x00, 0x00, 0x00, 0x00, 0x80, 0x80
	.byte 0x80, 0x80, 0x00, 0x80, 0x00, 0x00, 0x80, 0x80, 0x00, 0x80, 0x80, 0x80, 0x00, 0x80, 0x00, 0x00
	.byte 0xA0, 0xE0, 0x00, 0xE0, 0x80, 0x80, 0xC0, 0xC0, 0x80, 0xC0, 0x00, 0x80, 0xA0, 0xE0, 0x00, 0xE0
	.byte 0x00, 0x00, 0x80, 0x80, 0x80, 0x80, 0x00, 0x80, 0x00, 0x00, 0x00, 0x00, 0x80, 0x80, 0x80, 0x80
	.byte 0x00, 0x80, 0x00, 0x00, 0x10, 0x30, 0xF0, 0xF0, 0x00, 0xF0, 0x00, 0x00, 0x00, 0x00, 0x00, 0x00
	.byte 0xF0, 0xF0, 0x80, 0xF0, 0x80, 0x80, 0x00, 0x80, 0x00, 0x00, 0xA0, 0xE0, 0x00, 0xE0, 0x80, 0x80
	.byte 0xC0, 0xC0, 0x80, 0xC0, 0x00, 0x80, 0x00, 0x00, 0xF8, 0xF8, 0x00, 0xF8, 0x00, 0x00, 0x00, 0x00
	.byte 0x00, 0x00, 0x00, 0x00, 0x00, 0x00, 0x00, 0x00, 0x00, 0x00, 0x00, 0x00, 0x00, 0x00, 0x00, 0x00
	.byte 0x00, 0x00, 0x00, 0x00, 0x00, 0x00, 0x00, 0x00, 0x00, 0x00, 0x00, 0x00, 0x00, 0x00, 0x00, 0x00
	.byte 0x00, 0x00, 0x00, 0x00, 0x00, 0x00, 0x00, 0x00, 0x00, 0x00, 0x00, 0x00, 0x00, 0x00, 0x00, 0x00
	.byte 0x00, 0x00, 0x00, 0x00, 0x00, 0x00, 0x00, 0x00, 0x00, 0x00, 0x00, 0x00, 0x00, 0x00, 0x00, 0x00
	.byte 0x00, 0x00, 0x00, 0x00, 0x00, 0x00, 0x00, 0x00, 0x00, 0x00, 0x00, 0x00, 0x0F, 0x1F, 0x01, 0x1F
	.byte 0x01, 0x03, 0x0F, 0x1F, 0x00, 0x1F, 0x00, 0x00, 0x00, 0x00, 0x00, 0x00, 0x07, 0x0F, 0x08, 0x1F
	.byte 0x08, 0x19, 0x05, 0x1F, 0x00, 0x0F, 0x0F, 0x1F, 0x01, 0x1F, 0x00, 0x01, 0x01, 0x03, 0x00, 0x03
	.byte 0x0F, 0x1F, 0x00, 0x1F, 0x00, 0x01, 0x07, 0x0F, 0x08, 0x1F, 0x00, 0x19, 0x0F, 0x1F, 0x00, 0x1F
	.byte 0x07, 0x0F, 0x08, 0x1F, 0x08, 0x19, 0x05, 0x1F, 0x00, 0x0F, 0x04, 0x0C, 0x0A, 0x1F, 0x0A, 0x1F
	.byte 0x0F, 0x1F, 0x00, 0x1F, 0x00, 0x00, 0x0F, 0x1F, 0x00, 0x1F, 0x00, 0x00, 0x00, 0x00, 0x00, 0x00
	.byte 0x0F, 0x1F, 0x00, 0x1F, 0x00, 0x01, 0x0F, 0x1F, 0x00, 0x1F, 0x0F, 0x1F, 0x00, 0x1F, 0x00, 0x01
	.byte 0x07, 0x0F, 0x08, 0x1F, 0x00, 0x19, 0x00, 0x00, 0x0C, 0x1D, 0x00, 0x1D, 0x00, 0x00, 0x00, 0x00
	.byte 0x00, 0x00, 0x00, 0x00, 0x00, 0x00, 0x00, 0x00, 0x00, 0x00, 0x00, 0x00, 0x00, 0x00, 0x00, 0x00
	.byte 0x00, 0x00, 0x00, 0x00, 0x00, 0x00, 0x00, 0x00, 0x00, 0x00, 0x00, 0x00, 0x00, 0x00, 0x00, 0x00
	.byte 0x00, 0x00, 0x00, 0x00, 0x00, 0x00, 0x00, 0x00, 0x00, 0x00, 0x00, 0x00, 0x00, 0x00, 0x00, 0x00
	.byte 0x00, 0x00, 0x00, 0x00, 0x00, 0x00, 0x00, 0x00, 0x00, 0x00, 0x00, 0x00, 0x00, 0x00, 0x00, 0x00
	.byte 0x00, 0x00, 0x00, 0x00, 0x00, 0x00, 0x00, 0x00

ov112_021FB498: ; 0x021FB498
	.byte 0x00, 0x00, 0x00, 0x00, 0x00, 0x00, 0x00, 0x00
	.byte 0x00, 0x00, 0x00, 0x00, 0x00, 0x00, 0x00, 0x00, 0x00, 0x00, 0x00, 0x00, 0x00, 0x00, 0x00, 0x00
	.byte 0x00, 0x00, 0x00, 0x00, 0x00, 0x00, 0x00, 0x00, 0x00, 0x00, 0x00, 0x00, 0x00, 0x00, 0x00, 0x00
	.byte 0x00, 0x00, 0x00, 0x00, 0x00, 0x00, 0x00, 0x00, 0x00, 0x00, 0x00, 0x00, 0x00, 0x00, 0x00, 0x00
	.byte 0x00, 0x00, 0x00, 0x00, 0x00, 0x00, 0x00, 0x00, 0x00, 0x00, 0x00, 0x00, 0x00, 0x00, 0x00, 0x00
	.byte 0x00, 0x00, 0x00, 0x00, 0x00, 0x00, 0x00, 0x00, 0x00, 0x00, 0x00, 0x00, 0x00, 0x00, 0x00, 0x00
	.byte 0x00, 0x00, 0x00, 0x00, 0x00, 0x00, 0x00, 0x00, 0x00, 0x00, 0x00, 0x00, 0x00, 0x00, 0x00, 0x00
	.byte 0x00, 0x00, 0x00, 0x00, 0x00, 0x00, 0x00, 0x00, 0x00, 0x00, 0x00, 0x00, 0x00, 0x00, 0x00, 0x00
	.byte 0x00, 0x00, 0x00, 0x00, 0x00, 0x00, 0x00, 0x00, 0x00, 0x00, 0x00, 0x00, 0x00, 0x00, 0x00, 0x00
	.byte 0x00, 0x00, 0x00, 0x00, 0x00, 0x00, 0x00, 0x00, 0x00, 0x00, 0x00, 0x00, 0x00, 0x00, 0x00, 0x00
	.byte 0x00, 0x00, 0x00, 0x00, 0x00, 0x00, 0x00, 0x00, 0x00, 0x00, 0x00, 0x00, 0x00, 0x00, 0x00, 0x00
	.byte 0x00, 0x00, 0x00, 0x00, 0x00, 0x00, 0x00, 0x00, 0x00, 0x00, 0x00, 0x00, 0x00, 0x00, 0x00, 0x00
	.byte 0x00, 0x00, 0x00, 0x00, 0x00, 0x00, 0x00, 0x00, 0x00, 0x00, 0x00, 0x00, 0x00, 0x00, 0x00, 0x00
	.byte 0x00, 0x00, 0x00, 0x00, 0x00, 0x00, 0x00, 0x00, 0x00, 0x00, 0x00, 0x00, 0x00, 0x00, 0x00, 0x00
	.byte 0x00, 0x00, 0x00, 0x00, 0x00, 0x00, 0x00, 0x00, 0x00, 0x00, 0x00, 0x00, 0x00, 0x00, 0x00, 0x00
	.byte 0x00, 0x00, 0x00, 0x00, 0x00, 0x00, 0x00, 0x00, 0x00, 0x00, 0x00, 0x00, 0x00, 0x00, 0x00, 0x00
	.byte 0x00, 0x00, 0x00, 0x00, 0x00, 0x00, 0x00, 0x00, 0x00, 0x00, 0x00, 0x00, 0x00, 0x00, 0x00, 0x00
	.byte 0x00, 0x00, 0x00, 0x00, 0x00, 0x00, 0x00, 0x00, 0x00, 0x00, 0x00, 0x00, 0x00, 0x00, 0x00, 0x00
	.byte 0x00, 0x00, 0x00, 0x00, 0x00, 0x00, 0x00, 0x00, 0x00, 0x00, 0x00, 0x00, 0x00, 0x00, 0x00, 0x00
	.byte 0x00, 0x00, 0x00, 0x00, 0x00, 0x00, 0x00, 0x00, 0x00, 0x00, 0x00, 0x00, 0x00, 0x00, 0x00, 0x00
	.byte 0x00, 0x00, 0x00, 0x00, 0x00, 0x00, 0x00, 0x00, 0x00, 0x00, 0x00, 0x00, 0x00, 0x00, 0x00, 0x00
	.byte 0x00, 0x00, 0x00, 0x00, 0x00, 0x00, 0x00, 0x00, 0x00, 0x00, 0x00, 0x00, 0x00, 0x00, 0x00, 0x00
	.byte 0x00, 0x00, 0x00, 0x00, 0x00, 0x00, 0x00, 0x00, 0x00, 0x00, 0x00, 0x00, 0x00, 0x00, 0x00, 0x00
	.byte 0x00, 0x00, 0x00, 0x00, 0x00, 0x00, 0x00, 0x00, 0x00, 0x00, 0x00, 0x00, 0x00, 0x00, 0x00, 0x00
	.byte 0x00, 0x00, 0x00, 0x00, 0x00, 0x00, 0x00, 0x00

ov112_021FB618: ; 0x021FB618
	.byte 0x00, 0x00, 0x00, 0x00, 0x10, 0x30, 0xF0, 0xF0
	.byte 0x10, 0xF0, 0x00, 0x30, 0xF0, 0xF0, 0x80, 0xF0, 0x80, 0x80, 0x00, 0x80, 0x00, 0x00, 0x80, 0x80
	.byte 0x00, 0x80, 0x80, 0x80, 0x00, 0x80, 0x00, 0x00, 0x00, 0x00, 0x80, 0x80, 0x80, 0x80, 0x00, 0x80
	.byte 0x00, 0x00, 0x80, 0x80, 0x00, 0x80, 0x00, 0x00, 0x80, 0x80, 0x00, 0x80, 0x00, 0x00, 0x00, 0x00
	.byte 0x00, 0x00, 0x00, 0x00, 0x80, 0x80, 0x80, 0x80, 0x00, 0x80, 0x00, 0x00, 0x00, 0x00, 0x00, 0x00
	.byte 0x00, 0x00, 0xF0, 0xF0, 0x10, 0xF0, 0x10, 0x30, 0xE0, 0xF0, 0x00, 0xE0, 0x00, 0x00, 0x80, 0x80
	.byte 0x80, 0x80, 0x00, 0x80, 0x00, 0x00, 0xF0, 0xF0, 0x00, 0xF0, 0x00, 0x00, 0x80, 0x80, 0x00, 0x80
	.byte 0x00, 0x00, 0xA0, 0xE0, 0x90, 0xB0, 0x00, 0x90, 0x00, 0x00, 0x00, 0x00, 0x00, 0x00, 0x00, 0x00
	.byte 0xF0, 0xF0, 0x90, 0xF0, 0x90, 0xB0, 0x60, 0xF0, 0x00, 0xE0, 0x00, 0x00, 0x80, 0x80, 0x80, 0x80
	.byte 0x00, 0x80, 0x00, 0x00, 0x10, 0x30, 0xF0, 0xF0, 0x00, 0xF0, 0x10, 0x30, 0xF0, 0xF0, 0x00, 0xF0
	.byte 0x00, 0x00, 0x00, 0x00, 0x00, 0x00, 0x00, 0x00, 0x00, 0x00, 0x00, 0x00, 0x00, 0x00, 0x00, 0x00
	.byte 0x00, 0x00, 0x00, 0x00, 0x00, 0x00, 0x00, 0x00, 0x00, 0x00, 0x00, 0x00, 0x00, 0x00, 0x00, 0x00
	.byte 0x00, 0x00, 0x00, 0x00, 0x00, 0x00, 0x00, 0x00, 0x00, 0x00, 0x00, 0x00, 0x00, 0x00, 0x0F, 0x1F
	.byte 0x00, 0x1F, 0x00, 0x00, 0x0F, 0x1F, 0x00, 0x1F, 0x00, 0x01, 0x0F, 0x1F, 0x00, 0x1F, 0x0F, 0x1F
	.byte 0x01, 0x1F, 0x00, 0x01, 0x01, 0x03, 0x00, 0x03, 0x07, 0x0F, 0x0A, 0x1F, 0x0A, 0x1F, 0x0B, 0x1F
	.byte 0x00, 0x1F, 0x0F, 0x1F, 0x06, 0x1F, 0x08, 0x1E, 0x07, 0x1F, 0x00, 0x0F, 0x00, 0x00, 0x00, 0x00
	.byte 0x00, 0x00, 0x04, 0x0C, 0x0A, 0x1F, 0x0A, 0x1F, 0x0F, 0x1F, 0x00, 0x1F, 0x00, 0x00, 0x00, 0x00
	.byte 0x00, 0x00, 0x0F, 0x1F, 0x01, 0x1F, 0x01, 0x03, 0x00, 0x03, 0x00, 0x01, 0x07, 0x0F, 0x08, 0x1F
	.byte 0x08, 0x19, 0x07, 0x1F, 0x00, 0x0F, 0x0F, 0x1F, 0x02, 0x1F, 0x05, 0x0F, 0x08, 0x1F, 0x00, 0x19
	.byte 0x07, 0x0F, 0x0A, 0x1F, 0x0A, 0x1F, 0x0B, 0x1F, 0x00, 0x1F, 0x00, 0x00, 0x00, 0x00, 0x00, 0x00
	.byte 0x0F, 0x1F, 0x08, 0x1F, 0x08, 0x19, 0x07, 0x1F, 0x00, 0x0F, 0x04, 0x0C, 0x0A, 0x1F, 0x0A, 0x1F
	.byte 0x0F, 0x1F, 0x00, 0x1F, 0x00, 0x00, 0x0F, 0x1F, 0x00, 0x1F, 0x00, 0x00, 0x0F, 0x1F, 0x00, 0x1F
	.byte 0x0C, 0x0C, 0x0C, 0x1C, 0x00, 0x18, 0x00, 0x00, 0x00, 0x00, 0x00, 0x00, 0x00, 0x00, 0x00, 0x00
	.byte 0x00, 0x00, 0x00, 0x00, 0x00, 0x00, 0x00, 0x00, 0x00, 0x00, 0x00, 0x00, 0x00, 0x00, 0x00, 0x00
	.byte 0x00, 0x00, 0x00, 0x00, 0x00, 0x00, 0x00, 0x00

ov112_021FB798: ; 0x021FB798
	.byte 0x00, 0x00, 0x00, 0x00, 0xE0, 0xE0, 0x10, 0xF0
	.byte 0x10, 0x30, 0x60, 0xF0, 0x00, 0xE0, 0x00, 0x00, 0x80, 0x80, 0x80, 0x80, 0x00, 0x80, 0x00, 0x00
	.byte 0x80, 0x80, 0x00, 0x80, 0x80, 0x80, 0x00, 0x80, 0x00, 0x00, 0x80, 0x80, 0x80, 0x80, 0x80, 0x80
	.byte 0x00, 0x80, 0x00, 0x00, 0x10, 0x30, 0xF0, 0xF0, 0x00, 0xF0, 0x00, 0x00, 0x80, 0x80, 0x80, 0x80
	.byte 0x00, 0x80, 0x00, 0x00, 0x80, 0x80, 0xC0, 0xC0, 0x80, 0xC0, 0x00, 0x80, 0x00, 0x00, 0x80, 0x80
	.byte 0x80, 0x80, 0x00, 0x80, 0x00, 0x00, 0x00, 0x00, 0x80, 0x80, 0x80, 0x80, 0xF0, 0xF0, 0x00, 0xF0
	.byte 0x00, 0x00, 0xF8, 0xF8, 0x00, 0xF8, 0x00, 0x00, 0x00, 0x00, 0x00, 0x00, 0x00, 0x00, 0x00, 0x00
	.byte 0x00, 0x00, 0x00, 0x00, 0x00, 0x00, 0x00, 0x00, 0x00, 0x00, 0x00, 0x00, 0x00, 0x00, 0x00, 0x00
	.byte 0x00, 0x00, 0x00, 0x00, 0x00, 0x00, 0x00, 0x00, 0x00, 0x00, 0x00, 0x00, 0x00, 0x00, 0x00, 0x00
	.byte 0x00, 0x00, 0x00, 0x00, 0x00, 0x00, 0x00, 0x00, 0x00, 0x00, 0x00, 0x00, 0x00, 0x00, 0x00, 0x00
	.byte 0x00, 0x00, 0x00, 0x00, 0x00, 0x00, 0x00, 0x00, 0x00, 0x00, 0x00, 0x00, 0x00, 0x00, 0x00, 0x00
	.byte 0x00, 0x00, 0x00, 0x00, 0x00, 0x00, 0x00, 0x00, 0x00, 0x00, 0x00, 0x00, 0x00, 0x00, 0x00, 0x00
	.byte 0x00, 0x00, 0x00, 0x00, 0x00, 0x00, 0x00, 0x00, 0x00, 0x00, 0x00, 0x00, 0x07, 0x0F, 0x08, 0x1F
	.byte 0x08, 0x18, 0x06, 0x1E, 0x00, 0x0E, 0x07, 0x0F, 0x08, 0x1F, 0x08, 0x19, 0x07, 0x1F, 0x00, 0x0F
	.byte 0x0F, 0x1F, 0x0F, 0x1F, 0x00, 0x1F, 0x0F, 0x1F, 0x00, 0x1F, 0x3F, 0x7F, 0x04, 0x7F, 0x04, 0x0D
	.byte 0x03, 0x0F, 0x00, 0x07, 0x00, 0x00, 0x0F, 0x1F, 0x00, 0x1F, 0x07, 0x0F, 0x0A, 0x1F, 0x0A, 0x1F
	.byte 0x0B, 0x1F, 0x00, 0x1F, 0x00, 0x01, 0x07, 0x0F, 0x08, 0x1F, 0x00, 0x19, 0x07, 0x0F, 0x0A, 0x1F
	.byte 0x0A, 0x1F, 0x0B, 0x1F, 0x00, 0x1F, 0x07, 0x0F, 0x08, 0x1F, 0x08, 0x19, 0x0F, 0x1F, 0x00, 0x1F
	.byte 0x00, 0x00, 0x0C, 0x1D, 0x00, 0x1D, 0x00, 0x00, 0x00, 0x00, 0x00, 0x00, 0x00, 0x00, 0x00, 0x00
	.byte 0x00, 0x00, 0x00, 0x00, 0x00, 0x00, 0x00, 0x00, 0x00, 0x00, 0x00, 0x00, 0x00, 0x00, 0x00, 0x00
	.byte 0x00, 0x00, 0x00, 0x00, 0x00, 0x00, 0x00, 0x00, 0x00, 0x00, 0x00, 0x00, 0x00, 0x00, 0x00, 0x00
	.byte 0x00, 0x00, 0x00, 0x00, 0x00, 0x00, 0x00, 0x00, 0x00, 0x00, 0x00, 0x00, 0x00, 0x00, 0x00, 0x00
	.byte 0x00, 0x00, 0x00, 0x00, 0x00, 0x00, 0x00, 0x00, 0x00, 0x00, 0x00, 0x00, 0x00, 0x00, 0x00, 0x00
	.byte 0x00, 0x00, 0x00, 0x00, 0x00, 0x00, 0x00, 0x00, 0x00, 0x00, 0x00, 0x00, 0x00, 0x00, 0x00, 0x00
	.byte 0x00, 0x00, 0x00, 0x00, 0x00, 0x00, 0x00, 0x00

ov112_021FB918: ; 0x021FB918
	.byte 0x00, 0x00, 0x00, 0x00, 0xE0, 0xE0, 0x10, 0xF0
	.byte 0x10, 0x30, 0xE0, 0xF0, 0x00, 0xE0, 0x10, 0x30, 0xF0, 0xF0, 0x00, 0xF0, 0x80, 0x80, 0x00, 0x80
	.byte 0x80, 0x80, 0x00, 0x80, 0x00, 0x00, 0x00, 0x00, 0x80, 0x80, 0x80, 0x80, 0x00, 0x80, 0x00, 0x00
	.byte 0x00, 0x00, 0x80, 0x80, 0x80, 0x80, 0x80, 0x80, 0x00, 0x80, 0x80, 0x80, 0xC0, 0xC0, 0x80, 0xC0
	.byte 0x00, 0x80, 0x00, 0x00, 0x00, 0x00, 0x00, 0x00, 0xF0, 0xF0, 0x80, 0xF0, 0x80, 0x80, 0x00, 0x80
	.byte 0x00, 0x00, 0x00, 0x00, 0x80, 0x80, 0x80, 0x80, 0x00, 0x80, 0x00, 0x00, 0x00, 0x00, 0x80, 0x80
	.byte 0x80, 0x80, 0xF0, 0xF0, 0x00, 0xF0, 0x00, 0x00, 0x00, 0x00, 0x00, 0x00, 0xA0, 0xE0, 0x00, 0xE0
	.byte 0x80, 0x80, 0xC0, 0xC0, 0x80, 0xC0, 0x00, 0x80, 0x00, 0x00, 0xF8, 0xF8, 0x00, 0xF8, 0x00, 0x00
	.byte 0x00, 0x00, 0x00, 0x00, 0x00, 0x00, 0x00, 0x00, 0x00, 0x00, 0x00, 0x00, 0x00, 0x00, 0x00, 0x00
	.byte 0x00, 0x00, 0x00, 0x00, 0x00, 0x00, 0x00, 0x00, 0x00, 0x00, 0x00, 0x00, 0x00, 0x00, 0x00, 0x00
	.byte 0x00, 0x00, 0x00, 0x00, 0x00, 0x00, 0x00, 0x00, 0x00, 0x00, 0x00, 0x00, 0x00, 0x00, 0x00, 0x00
	.byte 0x00, 0x00, 0x00, 0x00, 0x00, 0x00, 0x00, 0x00, 0x00, 0x00, 0x00, 0x00, 0x00, 0x00, 0x00, 0x00
	.byte 0x00, 0x00, 0x00, 0x00, 0x00, 0x00, 0x00, 0x00, 0x00, 0x00, 0x00, 0x00, 0x0F, 0x1F, 0x01, 0x1F
	.byte 0x01, 0x03, 0x0F, 0x1F, 0x00, 0x1F, 0x00, 0x00, 0x0F, 0x1F, 0x00, 0x1F, 0x0F, 0x1F, 0x0F, 0x1F
	.byte 0x00, 0x1F, 0x0F, 0x1F, 0x00, 0x1F, 0x07, 0x0F, 0x08, 0x1F, 0x08, 0x19, 0x07, 0x1F, 0x00, 0x0F
	.byte 0x09, 0x1B, 0x0A, 0x1F, 0x0A, 0x1F, 0x04, 0x1F, 0x00, 0x0D, 0x00, 0x01, 0x07, 0x0F, 0x08, 0x1F
	.byte 0x00, 0x19, 0x00, 0x00, 0x00, 0x00, 0x00, 0x00, 0x0F, 0x1F, 0x00, 0x1F, 0x00, 0x01, 0x0F, 0x1F
	.byte 0x00, 0x1F, 0x04, 0x0C, 0x0A, 0x1F, 0x0A, 0x1F, 0x0F, 0x1F, 0x00, 0x1F, 0x07, 0x0F, 0x08, 0x1F
	.byte 0x08, 0x19, 0x0F, 0x1F, 0x00, 0x1F, 0x00, 0x00, 0x00, 0x00, 0x00, 0x00, 0x0F, 0x1F, 0x00, 0x1F
	.byte 0x00, 0x01, 0x07, 0x0F, 0x08, 0x1F, 0x00, 0x19, 0x00, 0x00, 0x0C, 0x1D, 0x00, 0x1D, 0x00, 0x00
	.byte 0x00, 0x00, 0x00, 0x00, 0x00, 0x00, 0x00, 0x00, 0x00, 0x00, 0x00, 0x00, 0x00, 0x00, 0x00, 0x00
	.byte 0x00, 0x00, 0x00, 0x00, 0x00, 0x00, 0x00, 0x00, 0x00, 0x00, 0x00, 0x00, 0x00, 0x00, 0x00, 0x00
	.byte 0x00, 0x00, 0x00, 0x00, 0x00, 0x00, 0x00, 0x00, 0x00, 0x00, 0x00, 0x00, 0x00, 0x00, 0x00, 0x00
	.byte 0x00, 0x00, 0x00, 0x00, 0x00, 0x00, 0x00, 0x00, 0x00, 0x00, 0x00, 0x00, 0x00, 0x00, 0x00, 0x00
	.byte 0x00, 0x00, 0x00, 0x00, 0x00, 0x00, 0x00, 0x00

ov112_021FBA98: ; 0x021FBA98
	.byte 0x00, 0x00, 0x00, 0x00, 0x60, 0xE0, 0x90, 0xF0
	.byte 0x10, 0xB0, 0x20, 0x70, 0x00, 0x60, 0x80, 0x80, 0xC0, 0xC0, 0x80, 0xC0, 0x00, 0x80, 0x00, 0x00
	.byte 0x80, 0x80, 0x80, 0x80, 0x00, 0x80, 0x00, 0x00, 0x80, 0x80, 0x00, 0x80, 0x80, 0x80, 0x00, 0x80
	.byte 0x00, 0x00, 0x00, 0x00, 0x80, 0x80, 0x80, 0x80, 0x00, 0x80, 0x00, 0x00, 0x00, 0x00, 0x00, 0x00
	.byte 0x00, 0x00, 0x00, 0x00, 0x80, 0x80, 0x80, 0x80, 0xF0, 0xF0, 0x00, 0xF0, 0x00, 0x00, 0x80, 0x80
	.byte 0x80, 0x80, 0x00, 0x80, 0x00, 0x00, 0x80, 0x80, 0x00, 0x80, 0x00, 0x00, 0x80, 0x80, 0x00, 0x80
	.byte 0x80, 0x80, 0x00, 0x80, 0x80, 0x80, 0x00, 0x80, 0x00, 0x00, 0x00, 0x00, 0xF8, 0xF8, 0x00, 0xF8
	.byte 0x00, 0x00, 0x00, 0x00, 0x00, 0x00, 0x00, 0x00, 0x00, 0x00, 0x00, 0x00, 0x00, 0x00, 0x00, 0x00
	.byte 0x00, 0x00, 0x00, 0x00, 0x00, 0x00, 0x00, 0x00, 0x00, 0x00, 0x00, 0x00, 0x00, 0x00, 0x00, 0x00
	.byte 0x00, 0x00, 0x00, 0x00, 0x00, 0x00, 0x00, 0x00, 0x00, 0x00, 0x00, 0x00, 0x00, 0x00, 0x00, 0x00
	.byte 0x00, 0x00, 0x00, 0x00, 0x00, 0x00, 0x00, 0x00, 0x00, 0x00, 0x00, 0x00, 0x00, 0x00, 0x00, 0x00
	.byte 0x00, 0x00, 0x00, 0x00, 0x00, 0x00, 0x00, 0x00, 0x00, 0x00, 0x00, 0x00, 0x00, 0x00, 0x00, 0x00
	.byte 0x00, 0x00, 0x00, 0x00, 0x00, 0x00, 0x00, 0x00, 0x00, 0x00, 0x00, 0x00, 0x04, 0x0C, 0x08, 0x1D
	.byte 0x09, 0x1B, 0x06, 0x1F, 0x00, 0x0E, 0x00, 0x01, 0x07, 0x0F, 0x08, 0x1F, 0x00, 0x19, 0x04, 0x0C
	.byte 0x0A, 0x1F, 0x0A, 0x1F, 0x0F, 0x1F, 0x00, 0x1F, 0x0F, 0x1F, 0x01, 0x1F, 0x00, 0x01, 0x01, 0x03
	.byte 0x00, 0x03, 0x07, 0x0F, 0x0A, 0x1F, 0x0A, 0x1F, 0x0B, 0x1F, 0x00, 0x1F, 0x00, 0x00, 0x00, 0x00
	.byte 0x00, 0x00, 0x07, 0x0F, 0x08, 0x1F, 0x08, 0x19, 0x0F, 0x1F, 0x00, 0x1F, 0x07, 0x0F, 0x08, 0x1F
	.byte 0x08, 0x19, 0x07, 0x1F, 0x00, 0x0F, 0x0F, 0x1F, 0x06, 0x1F, 0x08, 0x1E, 0x07, 0x1F, 0x00, 0x0F
	.byte 0x0F, 0x1F, 0x01, 0x1F, 0x00, 0x03, 0x0F, 0x1F, 0x00, 0x1F, 0x00, 0x00, 0x0C, 0x1D, 0x00, 0x1D
	.byte 0x00, 0x00, 0x00, 0x00, 0x00, 0x00, 0x00, 0x00, 0x00, 0x00, 0x00, 0x00, 0x00, 0x00, 0x00, 0x00
	.byte 0x00, 0x00, 0x00, 0x00, 0x00, 0x00, 0x00, 0x00, 0x00, 0x00, 0x00, 0x00, 0x00, 0x00, 0x00, 0x00
	.byte 0x00, 0x00, 0x00, 0x00, 0x00, 0x00, 0x00, 0x00, 0x00, 0x00, 0x00, 0x00, 0x00, 0x00, 0x00, 0x00
	.byte 0x00, 0x00, 0x00, 0x00, 0x00, 0x00, 0x00, 0x00, 0x00, 0x00, 0x00, 0x00, 0x00, 0x00, 0x00, 0x00
	.byte 0x00, 0x00, 0x00, 0x00, 0x00, 0x00, 0x00, 0x00, 0x00, 0x00, 0x00, 0x00, 0x00, 0x00, 0x00, 0x00
	.byte 0x00, 0x00, 0x00, 0x00, 0x00, 0x00, 0x00, 0x00

ov112_021FBC18: ; 0x021FBC18
	.byte 0x00, 0x00, 0x00, 0x00, 0x10, 0x30, 0xF0, 0xF0
	.byte 0x00, 0xF0, 0x00, 0x00, 0x80, 0x80, 0x80, 0x80, 0x00, 0x80, 0x00, 0x00, 0x00, 0x00, 0x80, 0x80
	.byte 0x80, 0x80, 0x80, 0x80, 0x00, 0x80, 0x80, 0x80, 0xC0, 0xC0, 0x80, 0xC0, 0x00, 0x80, 0x00, 0x00
	.byte 0xF8, 0xF8, 0x00, 0xF8, 0x00, 0x00, 0x00, 0x00, 0x00, 0x00, 0x00, 0x00, 0x00, 0x00, 0x00, 0x00
	.byte 0x00, 0x00, 0x00, 0x00, 0x00, 0x00, 0x00, 0x00, 0x00, 0x00, 0x00, 0x00, 0x00, 0x00, 0x00, 0x00
	.byte 0x00, 0x00, 0x00, 0x00, 0x00, 0x00, 0x00, 0x00, 0x00, 0x00, 0x00, 0x00, 0x00, 0x00, 0x00, 0x00
	.byte 0x00, 0x00, 0x00, 0x00, 0x00, 0x00, 0x00, 0x00, 0x00, 0x00, 0x00, 0x00, 0x00, 0x00, 0x00, 0x00
	.byte 0x00, 0x00, 0x00, 0x00, 0x00, 0x00, 0x00, 0x00, 0x00, 0x00, 0x00, 0x00, 0x00, 0x00, 0x00, 0x00
	.byte 0x00, 0x00, 0x00, 0x00, 0x00, 0x00, 0x00, 0x00, 0x00, 0x00, 0x00, 0x00, 0x00, 0x00, 0x00, 0x00
	.byte 0x00, 0x00, 0x00, 0x00, 0x00, 0x00, 0x00, 0x00, 0x00, 0x00, 0x00, 0x00, 0x00, 0x00, 0x00, 0x00
	.byte 0x00, 0x00, 0x00, 0x00, 0x00, 0x00, 0x00, 0x00, 0x00, 0x00, 0x00, 0x00, 0x00, 0x00, 0x00, 0x00
	.byte 0x00, 0x00, 0x00, 0x00, 0x00, 0x00, 0x00, 0x00, 0x00, 0x00, 0x00, 0x00, 0x00, 0x00, 0x00, 0x00
	.byte 0x00, 0x00, 0x00, 0x00, 0x00, 0x00, 0x00, 0x00, 0x00, 0x00, 0x00, 0x00, 0x00, 0x00, 0x0F, 0x1F
	.byte 0x00, 0x1F, 0x07, 0x0F, 0x08, 0x1F, 0x08, 0x19, 0x07, 0x1F, 0x00, 0x0F, 0x09, 0x1B, 0x0A, 0x1F
	.byte 0x0A, 0x1F, 0x04, 0x1F, 0x00, 0x0D, 0x00, 0x01, 0x07, 0x0F, 0x08, 0x1F, 0x00, 0x19, 0x00, 0x00
	.byte 0x0C, 0x1D, 0x00, 0x1D, 0x00, 0x00, 0x00, 0x00, 0x00, 0x00, 0x00, 0x00, 0x00, 0x00, 0x00, 0x00
	.byte 0x00, 0x00, 0x00, 0x00, 0x00, 0x00, 0x00, 0x00, 0x00, 0x00, 0x00, 0x00, 0x00, 0x00, 0x00, 0x00
	.byte 0x00, 0x00, 0x00, 0x00, 0x00, 0x00, 0x00, 0x00, 0x00, 0x00, 0x00, 0x00, 0x00, 0x00, 0x00, 0x00
	.byte 0x00, 0x00, 0x00, 0x00, 0x00, 0x00, 0x00, 0x00, 0x00, 0x00, 0x00, 0x00, 0x00, 0x00, 0x00, 0x00
	.byte 0x00, 0x00, 0x00, 0x00, 0x00, 0x00, 0x00, 0x00, 0x00, 0x00, 0x00, 0x00, 0x00, 0x00, 0x00, 0x00
	.byte 0x00, 0x00, 0x00, 0x00, 0x00, 0x00, 0x00, 0x00, 0x00, 0x00, 0x00, 0x00, 0x00, 0x00, 0x00, 0x00
	.byte 0x00, 0x00, 0x00, 0x00, 0x00, 0x00, 0x00, 0x00, 0x00, 0x00, 0x00, 0x00, 0x00, 0x00, 0x00, 0x00
	.byte 0x00, 0x00, 0x00, 0x00, 0x00, 0x00, 0x00, 0x00, 0x00, 0x00, 0x00, 0x00, 0x00, 0x00, 0x00, 0x00
	.byte 0x00, 0x00, 0x00, 0x00, 0x00, 0x00, 0x00, 0x00, 0x00, 0x00, 0x00, 0x00, 0x00, 0x00, 0x00, 0x00
	.byte 0x00, 0x00, 0x00, 0x00, 0x00, 0x00, 0x00, 0x00

ov112_021FBD98: ; 0x021FBD98
	.byte 0x00, 0x00, 0x00, 0x00, 0xF0, 0xF0, 0x80, 0xF0
	.byte 0x80, 0x80, 0x00, 0x80, 0x00, 0x00, 0x00, 0x00, 0x80, 0x80, 0x80, 0x80, 0x00, 0x80, 0x00, 0x00
	.byte 0x00, 0x00, 0x80, 0x80, 0x80, 0x80, 0x80, 0x80, 0x00, 0x80, 0x00, 0x00, 0x00, 0x00, 0x00, 0x00
	.byte 0x00, 0x00, 0x80, 0x80, 0x80, 0x80, 0x00, 0x80, 0x00, 0x00, 0x80, 0x80, 0x00, 0x80, 0x80, 0x80
	.byte 0x00, 0x80, 0x00, 0x00, 0x80, 0x80, 0x00, 0x80, 0x80, 0x80, 0x00, 0x80, 0x00, 0x00, 0xA0, 0xE0
	.byte 0x00, 0xE0, 0x80, 0x80, 0x00, 0x80, 0x00, 0x00, 0x80, 0x80, 0x00, 0x80, 0x00, 0x00, 0x80, 0x80
	.byte 0x80, 0x80, 0x00, 0x80, 0x00, 0x00, 0x00, 0x00, 0x80, 0x80, 0x80, 0x80, 0xF0, 0xF0, 0x00, 0xF0
	.byte 0x00, 0x00, 0xF8, 0xF8, 0x00, 0xF8, 0x00, 0x00, 0x00, 0x00, 0x00, 0x00, 0x00, 0x00, 0x00, 0x00
	.byte 0x00, 0x00, 0x00, 0x00, 0x00, 0x00, 0x00, 0x00, 0x00, 0x00, 0x00, 0x00, 0x00, 0x00, 0x00, 0x00
	.byte 0x00, 0x00, 0x00, 0x00, 0x00, 0x00, 0x00, 0x00, 0x00, 0x00, 0x00, 0x00, 0x00, 0x00, 0x00, 0x00
	.byte 0x00, 0x00, 0x00, 0x00, 0x00, 0x00, 0x00, 0x00, 0x00, 0x00, 0x00, 0x00, 0x00, 0x00, 0x00, 0x00
	.byte 0x00, 0x00, 0x00, 0x00, 0x00, 0x00, 0x00, 0x00, 0x00, 0x00, 0x00, 0x00, 0x00, 0x00, 0x00, 0x00
	.byte 0x00, 0x00, 0x00, 0x00, 0x00, 0x00, 0x00, 0x00, 0x00, 0x00, 0x00, 0x00, 0x0F, 0x1F, 0x00, 0x1F
	.byte 0x00, 0x01, 0x0F, 0x1F, 0x00, 0x1F, 0x04, 0x0C, 0x0A, 0x1F, 0x0A, 0x1F, 0x0F, 0x1F, 0x00, 0x1F
	.byte 0x09, 0x1B, 0x0A, 0x1F, 0x0A, 0x1F, 0x04, 0x1F, 0x00, 0x0D, 0x00, 0x00, 0x00, 0x00, 0x00, 0x00
	.byte 0x04, 0x0C, 0x0A, 0x1F, 0x0A, 0x1F, 0x0F, 0x1F, 0x00, 0x1F, 0x0F, 0x1F, 0x01, 0x1F, 0x00, 0x01
	.byte 0x01, 0x03, 0x00, 0x03, 0x0F, 0x1F, 0x01, 0x1F, 0x00, 0x01, 0x01, 0x03, 0x00, 0x03, 0x0F, 0x1F
	.byte 0x00, 0x1F, 0x07, 0x0F, 0x08, 0x1F, 0x06, 0x1E, 0x01, 0x0F, 0x00, 0x03, 0x07, 0x0F, 0x0A, 0x1F
	.byte 0x0A, 0x1F, 0x0B, 0x1F, 0x00, 0x1F, 0x07, 0x0F, 0x08, 0x1F, 0x08, 0x19, 0x0F, 0x1F, 0x00, 0x1F
	.byte 0x00, 0x00, 0x0C, 0x1D, 0x00, 0x1D, 0x00, 0x00, 0x00, 0x00, 0x00, 0x00, 0x00, 0x00, 0x00, 0x00
	.byte 0x00, 0x00, 0x00, 0x00, 0x00, 0x00, 0x00, 0x00, 0x00, 0x00, 0x00, 0x00, 0x00, 0x00, 0x00, 0x00
	.byte 0x00, 0x00, 0x00, 0x00, 0x00, 0x00, 0x00, 0x00, 0x00, 0x00, 0x00, 0x00, 0x00, 0x00, 0x00, 0x00
	.byte 0x00, 0x00, 0x00, 0x00, 0x00, 0x00, 0x00, 0x00, 0x00, 0x00, 0x00, 0x00, 0x00, 0x00, 0x00, 0x00
	.byte 0x00, 0x00, 0x00, 0x00, 0x00, 0x00, 0x00, 0x00, 0x00, 0x00, 0x00, 0x00, 0x00, 0x00, 0x00, 0x00
	.byte 0x00, 0x00, 0x00, 0x00, 0x00, 0x00, 0x00, 0x00

ov112_021FBF18: ; 0x021FBF18
	.byte 0x00, 0x00, 0x00, 0x00, 0xF0, 0xF0, 0x80, 0xF0
	.byte 0x80, 0x80, 0xF0, 0xF0, 0x00, 0xF0, 0x00, 0x00, 0x80, 0x80, 0x80, 0x80, 0x00, 0x80, 0x00, 0x00
	.byte 0x00, 0x00, 0x80, 0x80, 0x80, 0x80, 0xF0, 0xF0, 0x00, 0xF0, 0x00, 0x00, 0x00, 0x00, 0x00, 0x00
	.byte 0x00, 0x00, 0x80, 0x80, 0x80, 0x80, 0x00, 0x80, 0x00, 0x00, 0x00, 0x00, 0x80, 0x80, 0x80, 0x80
	.byte 0xF0, 0xF0, 0x00, 0xF0, 0x80, 0x80, 0x00, 0x80, 0x00, 0x00, 0x80, 0x80, 0x00, 0x80, 0x00, 0x00
	.byte 0x80, 0x80, 0x80, 0x80, 0x00, 0x80, 0x00, 0x00, 0x80, 0x80, 0x00, 0x80, 0x80, 0x80, 0x00, 0x80
	.byte 0x00, 0x00, 0x80, 0x80, 0xC0, 0xC0, 0x80, 0xC0, 0x00, 0x80, 0x80, 0x80, 0x00, 0x80, 0x00, 0x00
	.byte 0x80, 0x80, 0x00, 0x80, 0x80, 0x80, 0x00, 0x80, 0x80, 0x80, 0x00, 0x80, 0x00, 0x00, 0x00, 0x00
	.byte 0x80, 0x80, 0x80, 0x80, 0x00, 0x80, 0x00, 0x00, 0x00, 0x00, 0x80, 0x80, 0x80, 0x80, 0x80, 0x80
	.byte 0x00, 0x80, 0x00, 0x00, 0xF8, 0xF8, 0x00, 0xF8, 0x00, 0x00, 0x00, 0x00, 0x00, 0x00, 0x00, 0x00
	.byte 0x00, 0x00, 0x00, 0x00, 0x00, 0x00, 0x00, 0x00, 0x00, 0x00, 0x00, 0x00, 0x00, 0x00, 0x00, 0x00
	.byte 0x00, 0x00, 0x00, 0x00, 0x00, 0x00, 0x00, 0x00, 0x00, 0x00, 0x00, 0x00, 0x00, 0x00, 0x00, 0x00
	.byte 0x00, 0x00, 0x00, 0x00, 0x00, 0x00, 0x00, 0x00, 0x00, 0x00, 0x00, 0x00, 0x0F, 0x1F, 0x00, 0x1F
	.byte 0x00, 0x01, 0x0F, 0x1F, 0x00, 0x1F, 0x04, 0x0C, 0x0A, 0x1F, 0x0A, 0x1F, 0x0F, 0x1F, 0x00, 0x1F
	.byte 0x07, 0x0F, 0x08, 0x1F, 0x08, 0x19, 0x0F, 0x1F, 0x00, 0x1F, 0x00, 0x00, 0x00, 0x00, 0x00, 0x00
	.byte 0x04, 0x0C, 0x0A, 0x1F, 0x0A, 0x1F, 0x0F, 0x1F, 0x00, 0x1F, 0x07, 0x0F, 0x08, 0x1F, 0x08, 0x19
	.byte 0x0F, 0x1F, 0x00, 0x1F, 0x07, 0x0F, 0x08, 0x1F, 0x06, 0x1E, 0x01, 0x0F, 0x00, 0x03, 0x07, 0x0F
	.byte 0x0A, 0x1F, 0x0A, 0x1F, 0x0B, 0x1F, 0x00, 0x1F, 0x0F, 0x1F, 0x01, 0x1F, 0x00, 0x03, 0x0F, 0x1F
	.byte 0x00, 0x1F, 0x00, 0x01, 0x07, 0x0F, 0x08, 0x1F, 0x00, 0x19, 0x07, 0x0F, 0x08, 0x1F, 0x08, 0x18
	.byte 0x0F, 0x1F, 0x00, 0x1F, 0x0F, 0x1F, 0x01, 0x1F, 0x00, 0x01, 0x01, 0x03, 0x00, 0x03, 0x07, 0x0F
	.byte 0x0A, 0x1F, 0x0A, 0x1F, 0x0B, 0x1F, 0x00, 0x1F, 0x09, 0x1B, 0x0A, 0x1F, 0x0A, 0x1F, 0x04, 0x1F
	.byte 0x00, 0x0D, 0x00, 0x00, 0x0C, 0x1D, 0x00, 0x1D, 0x00, 0x00, 0x00, 0x00, 0x00, 0x00, 0x00, 0x00
	.byte 0x00, 0x00, 0x00, 0x00, 0x00, 0x00, 0x00, 0x00, 0x00, 0x00, 0x00, 0x00, 0x00, 0x00, 0x00, 0x00
	.byte 0x00, 0x00, 0x00, 0x00, 0x00, 0x00, 0x00, 0x00, 0x00, 0x00, 0x00, 0x00, 0x00, 0x00, 0x00, 0x00
	.byte 0x00, 0x00, 0x00, 0x00, 0x00, 0x00, 0x00, 0x00

ov112_021FC098: ; 0x021FC098
	.byte 0x00, 0x00, 0x00, 0x00, 0xF0, 0xF0, 0x10, 0xF0
	.byte 0x10, 0x30, 0xE0, 0xF0, 0x00, 0xE0, 0x10, 0x30, 0xF0, 0xF0, 0x00, 0xF0, 0x00, 0x00, 0x80, 0x80
	.byte 0x80, 0x80, 0x00, 0x80, 0x00, 0x00, 0x80, 0x80, 0x00, 0x80, 0x00, 0x00, 0x80, 0x80, 0x00, 0x80
	.byte 0x00, 0x00, 0x00, 0x00, 0x00, 0x00, 0x00, 0x00, 0xF0, 0xF0, 0x80, 0xF0, 0x80, 0x80, 0x00, 0x80
	.byte 0x00, 0x00, 0x00, 0x00, 0x80, 0x80, 0x80, 0x80, 0x00, 0x80, 0x00, 0x00, 0x80, 0x80, 0xC0, 0xC0
	.byte 0x80, 0xC0, 0x00, 0x80, 0x80, 0x80, 0xC0, 0xC0, 0x80, 0xC0, 0x00, 0x80, 0x10, 0x30, 0xF0, 0xF0
	.byte 0x00, 0xF0, 0x00, 0x00, 0x80, 0x80, 0x80, 0x80, 0x00, 0x80, 0x00, 0x00, 0x00, 0x00, 0x80, 0x80
	.byte 0x80, 0x80, 0xF0, 0xF0, 0x00, 0xF0, 0x00, 0x00, 0x00, 0x00, 0x00, 0x00, 0x00, 0x00, 0x00, 0x00
	.byte 0x00, 0x00, 0x00, 0x00, 0x00, 0x00, 0x00, 0x00, 0x00, 0x00, 0x00, 0x00, 0x00, 0x00, 0x00, 0x00
	.byte 0x00, 0x00, 0x00, 0x00, 0x00, 0x00, 0x00, 0x00, 0x00, 0x00, 0x00, 0x00, 0x00, 0x00, 0x00, 0x00
	.byte 0x00, 0x00, 0x00, 0x00, 0x00, 0x00, 0x00, 0x00, 0x00, 0x00, 0x00, 0x00, 0x00, 0x00, 0x00, 0x00
	.byte 0x00, 0x00, 0x00, 0x00, 0x00, 0x00, 0x00, 0x00, 0x00, 0x00, 0x00, 0x00, 0x00, 0x00, 0x00, 0x00
	.byte 0x00, 0x00, 0x00, 0x00, 0x00, 0x00, 0x00, 0x00, 0x00, 0x00, 0x00, 0x00, 0x0F, 0x1F, 0x01, 0x1F
	.byte 0x01, 0x03, 0x00, 0x03, 0x00, 0x01, 0x00, 0x00, 0x0F, 0x1F, 0x00, 0x1F, 0x04, 0x0C, 0x0A, 0x1F
	.byte 0x0A, 0x1F, 0x0F, 0x1F, 0x00, 0x1F, 0x03, 0x07, 0x24, 0x6F, 0x24, 0x6C, 0x1F, 0x7F, 0x00, 0x3F
	.byte 0x01, 0x03, 0x01, 0x03, 0x01, 0x03, 0x00, 0x03, 0x0F, 0x1F, 0x08, 0x1F, 0x08, 0x19, 0x07, 0x1F
	.byte 0x00, 0x0F, 0x04, 0x0C, 0x0A, 0x1F, 0x0A, 0x1F, 0x0F, 0x1F, 0x00, 0x1F, 0x00, 0x01, 0x07, 0x0F
	.byte 0x08, 0x1F, 0x00, 0x19, 0x00, 0x01, 0x07, 0x0F, 0x08, 0x1F, 0x00, 0x19, 0x00, 0x00, 0x0F, 0x1F
	.byte 0x00, 0x1F, 0x07, 0x0F, 0x0A, 0x1F, 0x0A, 0x1F, 0x0B, 0x1F, 0x00, 0x1F, 0x07, 0x0F, 0x08, 0x1F
	.byte 0x08, 0x19, 0x0F, 0x1F, 0x00, 0x1F, 0x0C, 0x0C, 0x0C, 0x1C, 0x00, 0x18, 0x00, 0x00, 0x00, 0x00
	.byte 0x00, 0x00, 0x00, 0x00, 0x00, 0x00, 0x00, 0x00, 0x00, 0x00, 0x00, 0x00, 0x00, 0x00, 0x00, 0x00
	.byte 0x00, 0x00, 0x00, 0x00, 0x00, 0x00, 0x00, 0x00, 0x00, 0x00, 0x00, 0x00, 0x00, 0x00, 0x00, 0x00
	.byte 0x00, 0x00, 0x00, 0x00, 0x00, 0x00, 0x00, 0x00, 0x00, 0x00, 0x00, 0x00, 0x00, 0x00, 0x00, 0x00
	.byte 0x00, 0x00, 0x00, 0x00, 0x00, 0x00, 0x00, 0x00, 0x00, 0x00, 0x00, 0x00, 0x00, 0x00, 0x00, 0x00
	.byte 0x00, 0x00, 0x00, 0x00, 0x00, 0x00, 0x00, 0x00

ov112_021FC218: ; 0x021FC218
	.byte 0x00, 0x00, 0x00, 0x00, 0xF0, 0xF0, 0x00, 0xF0
	.byte 0x00, 0x00, 0xF0, 0xF0, 0x00, 0xF0, 0x00, 0x00, 0x80, 0x80, 0x80, 0x80, 0x00, 0x80, 0x00, 0x00
	.byte 0x80, 0x80, 0x00, 0x80, 0x80, 0x80, 0x00, 0x80, 0x00, 0x00, 0x80, 0x80, 0xC0, 0xC0, 0x80, 0xC0
	.byte 0x00, 0x80, 0x00, 0x00, 0x00, 0x00, 0x00, 0x00, 0x80, 0x80, 0xE0, 0xE0, 0x90, 0xF0, 0x00, 0xB0
	.byte 0x00, 0x00, 0x80, 0x80, 0x80, 0x80, 0x00, 0x80, 0x00, 0x00, 0x80, 0x80, 0x00, 0x80, 0x80, 0x80
	.byte 0x00, 0x80, 0x00, 0x00, 0x00, 0x00, 0x00, 0x00, 0x00, 0x00, 0x00, 0x00, 0x80, 0x80, 0x80, 0x80
	.byte 0x00, 0x80, 0x00, 0x00, 0x00, 0x00, 0x00, 0x00, 0x00, 0x00, 0x80, 0x80, 0x00, 0x80, 0x80, 0x80
	.byte 0x00, 0x80, 0x00, 0x00, 0x80, 0x80, 0x00, 0x80, 0x00, 0x00, 0x80, 0x80, 0x00, 0x80, 0x80, 0x80
	.byte 0x00, 0x80, 0x80, 0x80, 0x00, 0x80, 0x00, 0x00, 0x00, 0x00, 0x00, 0x00, 0x00, 0x00, 0x00, 0x00
	.byte 0x00, 0x00, 0x00, 0x00, 0x00, 0x00, 0x00, 0x00, 0x00, 0x00, 0x00, 0x00, 0x00, 0x00, 0x00, 0x00
	.byte 0x00, 0x00, 0x00, 0x00, 0x00, 0x00, 0x00, 0x00, 0x00, 0x00, 0x00, 0x00, 0x00, 0x00, 0x00, 0x00
	.byte 0x00, 0x00, 0x00, 0x00, 0x00, 0x00, 0x00, 0x00, 0x00, 0x00, 0x00, 0x00, 0x00, 0x00, 0x00, 0x00
	.byte 0x00, 0x00, 0x00, 0x00, 0x00, 0x00, 0x00, 0x00, 0x00, 0x00, 0x00, 0x00, 0x0F, 0x1F, 0x07, 0x1F
	.byte 0x0E, 0x0F, 0x07, 0x1F, 0x00, 0x0F, 0x07, 0x0F, 0x0A, 0x1F, 0x0A, 0x1F, 0x0B, 0x1F, 0x00, 0x1F
	.byte 0x0F, 0x1F, 0x01, 0x1F, 0x00, 0x03, 0x0F, 0x1F, 0x00, 0x1F, 0x00, 0x01, 0x07, 0x0F, 0x08, 0x1F
	.byte 0x00, 0x19, 0x00, 0x00, 0x00, 0x00, 0x00, 0x00, 0x00, 0x01, 0x0F, 0x1F, 0x00, 0x1F, 0x00, 0x01
	.byte 0x07, 0x0F, 0x08, 0x1F, 0x08, 0x19, 0x07, 0x1F, 0x00, 0x0F, 0x0F, 0x1F, 0x01, 0x1F, 0x00, 0x01
	.byte 0x01, 0x03, 0x00, 0x03, 0x00, 0x00, 0x00, 0x00, 0x00, 0x00, 0x04, 0x0C, 0x0A, 0x1F, 0x0A, 0x1F
	.byte 0x0F, 0x1F, 0x00, 0x1F, 0x00, 0x00, 0x00, 0x00, 0x00, 0x00, 0x0F, 0x1F, 0x01, 0x1F, 0x00, 0x01
	.byte 0x01, 0x03, 0x00, 0x03, 0x07, 0x0F, 0x08, 0x1F, 0x08, 0x18, 0x0F, 0x1F, 0x00, 0x1F, 0x0F, 0x1F
	.byte 0x01, 0x1F, 0x00, 0x03, 0x0F, 0x1F, 0x00, 0x1F, 0x0C, 0x0C, 0x0C, 0x1C, 0x00, 0x18, 0x00, 0x00
	.byte 0x00, 0x00, 0x00, 0x00, 0x00, 0x00, 0x00, 0x00, 0x00, 0x00, 0x00, 0x00, 0x00, 0x00, 0x00, 0x00
	.byte 0x00, 0x00, 0x00, 0x00, 0x00, 0x00, 0x00, 0x00, 0x00, 0x00, 0x00, 0x00, 0x00, 0x00, 0x00, 0x00
	.byte 0x00, 0x00, 0x00, 0x00, 0x00, 0x00, 0x00, 0x00, 0x00, 0x00, 0x00, 0x00, 0x00, 0x00, 0x00, 0x00
	.byte 0x00, 0x00, 0x00, 0x00, 0x00, 0x00, 0x00, 0x00

ov112_021FC398: ; 0x021FC398
	.byte 0x00, 0x00, 0x00, 0x00, 0x80, 0x80, 0xC0, 0xC0
	.byte 0x80, 0xC0, 0x00, 0x80, 0xF0, 0xF0, 0x80, 0xF0, 0x80, 0x80, 0x00, 0x80, 0x00, 0x00, 0xA0, 0xE0
	.byte 0x00, 0xE0, 0x00, 0x00, 0x80, 0x80, 0x80, 0x80, 0x80, 0x80, 0x00, 0x80, 0x00, 0x00, 0x00, 0x00
	.byte 0x00, 0x00, 0x00, 0x00, 0x80, 0x80, 0x80, 0x80, 0x00, 0x80, 0x00, 0x00, 0x80, 0x80, 0x00, 0x80
	.byte 0x00, 0x00, 0x80, 0x80, 0x00, 0x80, 0x00, 0x00, 0x80, 0x80, 0x80, 0x80, 0x00, 0x80, 0x00, 0x00
	.byte 0x80, 0x80, 0x00, 0x80, 0x80, 0x80, 0x00, 0x80, 0x00, 0x00, 0x80, 0x80, 0xC0, 0xC0, 0x80, 0xC0
	.byte 0x00, 0x80, 0x00, 0x00, 0x00, 0x00, 0x00, 0x00, 0x00, 0x00, 0x00, 0x00, 0x00, 0x00, 0x00, 0x00
	.byte 0x00, 0x00, 0x00, 0x00, 0x00, 0x00, 0x00, 0x00, 0x00, 0x00, 0x00, 0x00, 0x00, 0x00, 0x00, 0x00
	.byte 0x00, 0x00, 0x00, 0x00, 0x00, 0x00, 0x00, 0x00, 0x00, 0x00, 0x00, 0x00, 0x00, 0x00, 0x00, 0x00
	.byte 0x00, 0x00, 0x00, 0x00, 0x00, 0x00, 0x00, 0x00, 0x00, 0x00, 0x00, 0x00, 0x00, 0x00, 0x00, 0x00
	.byte 0x00, 0x00, 0x00, 0x00, 0x00, 0x00, 0x00, 0x00, 0x00, 0x00, 0x00, 0x00, 0x00, 0x00, 0x00, 0x00
	.byte 0x00, 0x00, 0x00, 0x00, 0x00, 0x00, 0x00, 0x00, 0x00, 0x00, 0x00, 0x00, 0x00, 0x00, 0x00, 0x00
	.byte 0x00, 0x00, 0x00, 0x00, 0x00, 0x00, 0x00, 0x00, 0x00, 0x00, 0x00, 0x00, 0x00, 0x01, 0x07, 0x0F
	.byte 0x08, 0x1F, 0x00, 0x19, 0x0F, 0x1F, 0x00, 0x1F, 0x00, 0x01, 0x0F, 0x1F, 0x00, 0x1F, 0x0F, 0x1F
	.byte 0x00, 0x1F, 0x09, 0x1B, 0x0A, 0x1F, 0x0A, 0x1F, 0x04, 0x1F, 0x00, 0x0D, 0x00, 0x00, 0x00, 0x00
	.byte 0x00, 0x00, 0x07, 0x0F, 0x0A, 0x1F, 0x0A, 0x1F, 0x0B, 0x1F, 0x00, 0x1F, 0x07, 0x0F, 0x08, 0x1F
	.byte 0x06, 0x1E, 0x01, 0x0F, 0x00, 0x03, 0x07, 0x0F, 0x0A, 0x1F, 0x0A, 0x1F, 0x0B, 0x1F, 0x00, 0x1F
	.byte 0x0F, 0x1F, 0x01, 0x1F, 0x00, 0x03, 0x0F, 0x1F, 0x00, 0x1F, 0x00, 0x01, 0x07, 0x0F, 0x08, 0x1F
	.byte 0x00, 0x19, 0x0C, 0x0C, 0x0C, 0x1C, 0x00, 0x18, 0x00, 0x00, 0x00, 0x00, 0x00, 0x00, 0x00, 0x00
	.byte 0x00, 0x00, 0x00, 0x00, 0x00, 0x00, 0x00, 0x00, 0x00, 0x00, 0x00, 0x00, 0x00, 0x00, 0x00, 0x00
	.byte 0x00, 0x00, 0x00, 0x00, 0x00, 0x00, 0x00, 0x00, 0x00, 0x00, 0x00, 0x00, 0x00, 0x00, 0x00, 0x00
	.byte 0x00, 0x00, 0x00, 0x00, 0x00, 0x00, 0x00, 0x00, 0x00, 0x00, 0x00, 0x00, 0x00, 0x00, 0x00, 0x00
	.byte 0x00, 0x00, 0x00, 0x00, 0x00, 0x00, 0x00, 0x00, 0x00, 0x00, 0x00, 0x00, 0x00, 0x00, 0x00, 0x00
	.byte 0x00, 0x00, 0x00, 0x00, 0x00, 0x00, 0x00, 0x00, 0x00, 0x00, 0x00, 0x00, 0x00, 0x00, 0x00, 0x00
	.byte 0x00, 0x00, 0x00, 0x00, 0x00, 0x00, 0x00, 0x00

ov112_021FC518: ; 0x021FC518
	.byte 0x00, 0x00, 0x00, 0x00, 0xF0, 0xF0, 0x00, 0xF0
	.byte 0x00, 0x00, 0xF0, 0xF0, 0x00, 0xF0, 0x00, 0x00, 0x80, 0x80, 0x80, 0x80, 0x00, 0x80, 0x00, 0x00
	.byte 0x80, 0x80, 0x00, 0x80, 0x80, 0x80, 0x00, 0x80, 0x00, 0x00, 0x80, 0x80, 0xC0, 0xC0, 0x80, 0xC0
	.byte 0x00, 0x80, 0x00, 0x00, 0x00, 0x00, 0x00, 0x00, 0x80, 0x80, 0xE0, 0xE0, 0x90, 0xF0, 0x00, 0xB0
	.byte 0x00, 0x00, 0x80, 0x80, 0x80, 0x80, 0x00, 0x80, 0x00, 0x00, 0x80, 0x80, 0x00, 0x80, 0x80, 0x80
	.byte 0x00, 0x80, 0x00, 0x00, 0x00, 0x00, 0x00, 0x00, 0x00, 0x00, 0x00, 0x00, 0x80, 0x80, 0x80, 0x80
	.byte 0x00, 0x80, 0x00, 0x00, 0x00, 0x00, 0x00, 0x00, 0x00, 0x00, 0x80, 0x80, 0x00, 0x80, 0x00, 0x00
	.byte 0x80, 0x80, 0x00, 0x80, 0x00, 0x00, 0x80, 0x80, 0x80, 0x80, 0x00, 0x80, 0x00, 0x00, 0x10, 0x30
	.byte 0xF0, 0xF0, 0x00, 0xF0, 0xF0, 0xF0, 0x00, 0xF0, 0x00, 0x00, 0x80, 0x80, 0x00, 0x80, 0x00, 0x00
	.byte 0x00, 0x00, 0x00, 0x00, 0x00, 0x00, 0x00, 0x00, 0x00, 0x00, 0x00, 0x00, 0x00, 0x00, 0x00, 0x00
	.byte 0x00, 0x00, 0x00, 0x00, 0x00, 0x00, 0x00, 0x00, 0x00, 0x00, 0x00, 0x00, 0x00, 0x00, 0x00, 0x00
	.byte 0x00, 0x00, 0x00, 0x00, 0x00, 0x00, 0x00, 0x00, 0x00, 0x00, 0x00, 0x00, 0x00, 0x00, 0x00, 0x00
	.byte 0x00, 0x00, 0x00, 0x00, 0x00, 0x00, 0x00, 0x00, 0x00, 0x00, 0x00, 0x00, 0x0F, 0x1F, 0x07, 0x1F
	.byte 0x0E, 0x0F, 0x07, 0x1F, 0x00, 0x0F, 0x07, 0x0F, 0x0A, 0x1F, 0x0A, 0x1F, 0x0B, 0x1F, 0x00, 0x1F
	.byte 0x0F, 0x1F, 0x01, 0x1F, 0x00, 0x03, 0x0F, 0x1F, 0x00, 0x1F, 0x00, 0x01, 0x07, 0x0F, 0x08, 0x1F
	.byte 0x00, 0x19, 0x00, 0x00, 0x00, 0x00, 0x00, 0x00, 0x00, 0x01, 0x0F, 0x1F, 0x00, 0x1F, 0x00, 0x01
	.byte 0x07, 0x0F, 0x08, 0x1F, 0x08, 0x19, 0x07, 0x1F, 0x00, 0x0F, 0x0F, 0x1F, 0x01, 0x1F, 0x00, 0x01
	.byte 0x01, 0x03, 0x00, 0x03, 0x00, 0x00, 0x00, 0x00, 0x00, 0x00, 0x04, 0x0C, 0x0A, 0x1F, 0x0A, 0x1F
	.byte 0x0F, 0x1F, 0x00, 0x1F, 0x00, 0x00, 0x00, 0x00, 0x00, 0x00, 0x0F, 0x1F, 0x06, 0x1F, 0x08, 0x1E
	.byte 0x07, 0x1F, 0x00, 0x0F, 0x04, 0x0C, 0x0A, 0x1F, 0x0A, 0x1F, 0x0F, 0x1F, 0x00, 0x1F, 0x00, 0x00
	.byte 0x0F, 0x1F, 0x00, 0x1F, 0x0F, 0x1F, 0x02, 0x1F, 0x05, 0x0F, 0x08, 0x1F, 0x00, 0x19, 0x0C, 0x0C
	.byte 0x0C, 0x1C, 0x00, 0x18, 0x00, 0x00, 0x00, 0x00, 0x00, 0x00, 0x00, 0x00, 0x00, 0x00, 0x00, 0x00
	.byte 0x00, 0x00, 0x00, 0x00, 0x00, 0x00, 0x00, 0x00, 0x00, 0x00, 0x00, 0x00, 0x00, 0x00, 0x00, 0x00
	.byte 0x00, 0x00, 0x00, 0x00, 0x00, 0x00, 0x00, 0x00, 0x00, 0x00, 0x00, 0x00, 0x00, 0x00, 0x00, 0x00
	.byte 0x00, 0x00, 0x00, 0x00, 0x00, 0x00, 0x00, 0x00

ov112_021FC698: ; 0x021FC698
	.byte 0x00, 0x00, 0x00, 0x00, 0xF0, 0xF0, 0x10, 0xF0
	.byte 0x10, 0x30, 0xE0, 0xF0, 0x00, 0xE0, 0x10, 0x30, 0xF0, 0xF0, 0x00, 0xF0, 0x00, 0x00, 0x80, 0x80
	.byte 0x80, 0x80, 0x00, 0x80, 0x00, 0x00, 0x80, 0x80, 0x00, 0x80, 0x00, 0x00, 0x80, 0x80, 0x00, 0x80
	.byte 0x00, 0x00, 0x80, 0x80, 0x80, 0x80, 0x00, 0x80, 0x00, 0x00, 0x00, 0x00, 0x80, 0x80, 0x80, 0x80
	.byte 0xF0, 0xF0, 0x00, 0xF0, 0x00, 0x00, 0x00, 0x00, 0x00, 0x00, 0x00, 0x00, 0x80, 0x80, 0x80, 0x80
	.byte 0x00, 0x80, 0x00, 0x00, 0x00, 0x00, 0x00, 0x00, 0x00, 0x00, 0xF0, 0xF0, 0x80, 0xF0, 0x80, 0x80
	.byte 0x00, 0x80, 0x00, 0x00, 0xA0, 0xE0, 0x00, 0xE0, 0x80, 0x80, 0xC0, 0xC0, 0x80, 0xC0, 0x00, 0x80
	.byte 0x00, 0x00, 0x00, 0x00, 0x00, 0x00, 0x00, 0x00, 0x00, 0x00, 0x00, 0x00, 0x00, 0x00, 0x00, 0x00
	.byte 0x00, 0x00, 0x00, 0x00, 0x00, 0x00, 0x00, 0x00, 0x00, 0x00, 0x00, 0x00, 0x00, 0x00, 0x00, 0x00
	.byte 0x00, 0x00, 0x00, 0x00, 0x00, 0x00, 0x00, 0x00, 0x00, 0x00, 0x00, 0x00, 0x00, 0x00, 0x00, 0x00
	.byte 0x00, 0x00, 0x00, 0x00, 0x00, 0x00, 0x00, 0x00, 0x00, 0x00, 0x00, 0x00, 0x00, 0x00, 0x00, 0x00
	.byte 0x00, 0x00, 0x00, 0x00, 0x00, 0x00, 0x00, 0x00, 0x00, 0x00, 0x00, 0x00, 0x00, 0x00, 0x00, 0x00
	.byte 0x00, 0x00, 0x00, 0x00, 0x00, 0x00, 0x00, 0x00, 0x00, 0x00, 0x00, 0x00, 0x0F, 0x1F, 0x01, 0x1F
	.byte 0x01, 0x03, 0x00, 0x03, 0x00, 0x01, 0x00, 0x00, 0x0F, 0x1F, 0x00, 0x1F, 0x04, 0x0C, 0x0A, 0x1F
	.byte 0x0A, 0x1F, 0x0F, 0x1F, 0x00, 0x1F, 0x03, 0x07, 0x24, 0x6F, 0x24, 0x6C, 0x1F, 0x7F, 0x00, 0x3F
	.byte 0x07, 0x0F, 0x0A, 0x1F, 0x0A, 0x1F, 0x0B, 0x1F, 0x00, 0x1F, 0x07, 0x0F, 0x08, 0x1F, 0x08, 0x19
	.byte 0x0F, 0x1F, 0x00, 0x1F, 0x00, 0x00, 0x00, 0x00, 0x00, 0x00, 0x04, 0x0C, 0x0A, 0x1F, 0x0A, 0x1F
	.byte 0x0F, 0x1F, 0x00, 0x1F, 0x00, 0x00, 0x00, 0x00, 0x00, 0x00, 0x0F, 0x1F, 0x08, 0x1F, 0x08, 0x19
	.byte 0x07, 0x1F, 0x00, 0x0F, 0x0F, 0x1F, 0x00, 0x1F, 0x00, 0x01, 0x07, 0x0F, 0x08, 0x1F, 0x00, 0x19
	.byte 0x0C, 0x0C, 0x0C, 0x1C, 0x00, 0x18, 0x00, 0x00, 0x00, 0x00, 0x00, 0x00, 0x00, 0x00, 0x00, 0x00
	.byte 0x00, 0x00, 0x00, 0x00, 0x00, 0x00, 0x00, 0x00, 0x00, 0x00, 0x00, 0x00, 0x00, 0x00, 0x00, 0x00
	.byte 0x00, 0x00, 0x00, 0x00, 0x00, 0x00, 0x00, 0x00, 0x00, 0x00, 0x00, 0x00, 0x00, 0x00, 0x00, 0x00
	.byte 0x00, 0x00, 0x00, 0x00, 0x00, 0x00, 0x00, 0x00, 0x00, 0x00, 0x00, 0x00, 0x00, 0x00, 0x00, 0x00
	.byte 0x00, 0x00, 0x00, 0x00, 0x00, 0x00, 0x00, 0x00, 0x00, 0x00, 0x00, 0x00, 0x00, 0x00, 0x00, 0x00
	.byte 0x00, 0x00, 0x00, 0x00, 0x00, 0x00, 0x00, 0x00

ov112_021FC818: ; 0x021FC818
	.byte 0x00, 0x00, 0x00, 0x00, 0xF0, 0xF0, 0x80, 0xF0
	.byte 0x80, 0x80, 0xF0, 0xF0, 0x00, 0xF0, 0x00, 0x00, 0x80, 0x80, 0x80, 0x80, 0x00, 0x80, 0x00, 0x00
	.byte 0x80, 0x80, 0x00, 0x80, 0x80, 0x80, 0x00, 0x80, 0x00, 0x00, 0x00, 0x00, 0x80, 0x80, 0x80, 0x80
	.byte 0x00, 0x80, 0x00, 0x00, 0x58, 0x78, 0x38, 0x78, 0x00, 0x78, 0x00, 0x00, 0x00, 0x00, 0x80, 0x80
	.byte 0x80, 0x80, 0x80, 0x80, 0x00, 0x80, 0x00, 0x00, 0x00, 0x00, 0x00, 0x00, 0x00, 0x00, 0x80, 0x80
	.byte 0x80, 0x80, 0x00, 0x80, 0x00, 0x00, 0x00, 0x00, 0x00, 0x00, 0x00, 0x00, 0x00, 0x00, 0x80, 0x80
	.byte 0x80, 0x80, 0x80, 0x80, 0x00, 0x80, 0xA0, 0xE0, 0x00, 0xE0, 0x80, 0x80, 0xE0, 0xE0, 0x90, 0xF0
	.byte 0x00, 0xB0, 0x80, 0x80, 0xC0, 0xC0, 0x80, 0xC0, 0x00, 0x80, 0x00, 0x00, 0x00, 0x00, 0x00, 0x00
	.byte 0x00, 0x00, 0x00, 0x00, 0x00, 0x00, 0x00, 0x00, 0x00, 0x00, 0x00, 0x00, 0x00, 0x00, 0x00, 0x00
	.byte 0x00, 0x00, 0x00, 0x00, 0x00, 0x00, 0x00, 0x00, 0x00, 0x00, 0x00, 0x00, 0x00, 0x00, 0x00, 0x00
	.byte 0x00, 0x00, 0x00, 0x00, 0x00, 0x00, 0x00, 0x00, 0x00, 0x00, 0x00, 0x00, 0x00, 0x00, 0x00, 0x00
	.byte 0x00, 0x00, 0x00, 0x00, 0x00, 0x00, 0x00, 0x00, 0x00, 0x00, 0x00, 0x00, 0x00, 0x00, 0x00, 0x00
	.byte 0x00, 0x00, 0x00, 0x00, 0x00, 0x00, 0x00, 0x00, 0x00, 0x00, 0x00, 0x00, 0x0F, 0x1F, 0x00, 0x1F
	.byte 0x00, 0x01, 0x0F, 0x1F, 0x00, 0x1F, 0x07, 0x0F, 0x0A, 0x1F, 0x0A, 0x1F, 0x0B, 0x1F, 0x00, 0x1F
	.byte 0x0F, 0x1F, 0x01, 0x1F, 0x00, 0x01, 0x01, 0x03, 0x00, 0x03, 0x07, 0x0F, 0x0A, 0x1F, 0x0A, 0x1F
	.byte 0x0B, 0x1F, 0x00, 0x1F, 0x00, 0x00, 0x00, 0x00, 0x00, 0x00, 0x00, 0x00, 0x09, 0x1B, 0x0A, 0x1F
	.byte 0x0A, 0x1F, 0x04, 0x1F, 0x00, 0x0D, 0x00, 0x00, 0x00, 0x00, 0x00, 0x00, 0x04, 0x0C, 0x0A, 0x1F
	.byte 0x0A, 0x1F, 0x0F, 0x1F, 0x00, 0x1F, 0x00, 0x00, 0x00, 0x00, 0x00, 0x00, 0x03, 0x07, 0x24, 0x6F
	.byte 0x24, 0x6D, 0x1F, 0x7F, 0x00, 0x3F, 0x0F, 0x1F, 0x00, 0x1F, 0x00, 0x01, 0x0F, 0x1F, 0x00, 0x1F
	.byte 0x00, 0x01, 0x00, 0x01, 0x07, 0x0F, 0x08, 0x1F, 0x00, 0x19, 0x0C, 0x0C, 0x0C, 0x1C, 0x00, 0x18
	.byte 0x00, 0x00, 0x0C, 0x0C, 0x0C, 0x1C, 0x00, 0x18, 0x00, 0x00, 0x0C, 0x0C, 0x0C, 0x1C, 0x00, 0x18
	.byte 0x00, 0x00, 0x00, 0x00, 0x00, 0x00, 0x00, 0x00, 0x00, 0x00, 0x00, 0x00, 0x00, 0x00, 0x00, 0x00
	.byte 0x00, 0x00, 0x00, 0x00, 0x00, 0x00, 0x00, 0x00, 0x00, 0x00, 0x00, 0x00, 0x00, 0x00, 0x00, 0x00
	.byte 0x00, 0x00, 0x00, 0x00, 0x00, 0x00, 0x00, 0x00, 0x00, 0x00, 0x00, 0x00, 0x00, 0x00, 0x00, 0x00
	.byte 0x00, 0x00, 0x00, 0x00, 0x00, 0x00, 0x00, 0x00

ov112_021FC998: ; 0x021FC998
	.byte 0x00, 0x00, 0x00, 0x00, 0xE0, 0xE0, 0x10, 0xF0
	.byte 0x10, 0x30, 0x60, 0xF0, 0x00, 0xE0, 0x00, 0x00, 0x80, 0x80, 0x80, 0x80, 0x00, 0x80, 0x00, 0x00
	.byte 0x80, 0x80, 0x00, 0x80, 0x80, 0x80, 0x00, 0x80, 0x00, 0x00, 0x80, 0x80, 0x00, 0x80, 0x80, 0x80
	.byte 0x00, 0x80, 0x00, 0x00, 0x00, 0x00, 0x80, 0x80, 0x80, 0x80, 0x00, 0x80, 0x00, 0x00, 0x80, 0x80
	.byte 0xC0, 0xC0, 0x80, 0xC0, 0x00, 0x80, 0x00, 0x00, 0x00, 0x00, 0x00, 0x00, 0x00, 0x00, 0x80, 0x80
	.byte 0x80, 0x80, 0x00, 0x80, 0x00, 0x00, 0x00, 0x00, 0x80, 0x80, 0x80, 0x80, 0x00, 0x80, 0x00, 0x00
	.byte 0x80, 0x80, 0x00, 0x80, 0x80, 0x80, 0x00, 0x80, 0x00, 0x00, 0x80, 0x80, 0x00, 0x80, 0x80, 0x80
	.byte 0x00, 0x80, 0x00, 0x00, 0x00, 0x00, 0x80, 0x80, 0x80, 0x80, 0x00, 0x80, 0x00, 0x00, 0x00, 0x00
	.byte 0x80, 0x80, 0x80, 0x80, 0x00, 0x80, 0x00, 0x00, 0x80, 0x80, 0xC0, 0xC0, 0x80, 0xC0, 0x00, 0x80
	.byte 0x00, 0x00, 0x00, 0x00, 0x00, 0x00, 0x00, 0x00, 0x00, 0x00, 0x00, 0x00, 0x00, 0x00, 0x00, 0x00
	.byte 0x00, 0x00, 0x00, 0x00, 0x00, 0x00, 0x00, 0x00, 0x00, 0x00, 0x00, 0x00, 0x00, 0x00, 0x00, 0x00
	.byte 0x00, 0x00, 0x00, 0x00, 0x00, 0x00, 0x00, 0x00, 0x00, 0x00, 0x00, 0x00, 0x00, 0x00, 0x00, 0x00
	.byte 0x00, 0x00, 0x00, 0x00, 0x00, 0x00, 0x00, 0x00, 0x00, 0x00, 0x00, 0x00, 0x07, 0x0F, 0x08, 0x1F
	.byte 0x08, 0x18, 0x06, 0x1E, 0x00, 0x0E, 0x04, 0x0C, 0x0A, 0x1F, 0x0A, 0x1F, 0x0F, 0x1F, 0x00, 0x1F
	.byte 0x0F, 0x1F, 0x01, 0x1F, 0x00, 0x03, 0x0F, 0x1F, 0x00, 0x1F, 0x0F, 0x1F, 0x01, 0x1F, 0x00, 0x03
	.byte 0x0F, 0x1F, 0x00, 0x1F, 0x07, 0x0F, 0x08, 0x1F, 0x08, 0x19, 0x07, 0x1F, 0x00, 0x0F, 0x00, 0x01
	.byte 0x07, 0x0F, 0x08, 0x1F, 0x00, 0x19, 0x00, 0x00, 0x00, 0x00, 0x00, 0x00, 0x07, 0x0F, 0x08, 0x1F
	.byte 0x08, 0x19, 0x05, 0x1F, 0x00, 0x0F, 0x07, 0x0F, 0x08, 0x1F, 0x08, 0x19, 0x07, 0x1F, 0x00, 0x0F
	.byte 0x0F, 0x1F, 0x01, 0x1F, 0x00, 0x03, 0x0F, 0x1F, 0x00, 0x1F, 0x0F, 0x1F, 0x01, 0x1F, 0x00, 0x03
	.byte 0x0F, 0x1F, 0x00, 0x1F, 0x07, 0x0F, 0x0A, 0x1F, 0x0A, 0x1F, 0x0B, 0x1F, 0x00, 0x1F, 0x07, 0x0F
	.byte 0x08, 0x1F, 0x08, 0x19, 0x05, 0x1F, 0x00, 0x0F, 0x00, 0x01, 0x07, 0x0F, 0x08, 0x1F, 0x00, 0x19
	.byte 0x0C, 0x0C, 0x0C, 0x1C, 0x00, 0x18, 0x00, 0x00, 0x00, 0x00, 0x00, 0x00, 0x00, 0x00, 0x00, 0x00
	.byte 0x00, 0x00, 0x00, 0x00, 0x00, 0x00, 0x00, 0x00, 0x00, 0x00, 0x00, 0x00, 0x00, 0x00, 0x00, 0x00
	.byte 0x00, 0x00, 0x00, 0x00, 0x00, 0x00, 0x00, 0x00, 0x00, 0x00, 0x00, 0x00, 0x00, 0x00, 0x00, 0x00
	.byte 0x00, 0x00, 0x00, 0x00, 0x00, 0x00, 0x00, 0x00

ov112_021FCB18: ; 0x021FCB18
	.byte 0x00, 0x00, 0x00, 0x00, 0x00, 0x00, 0x80, 0x80
	.byte 0x80, 0x80, 0x00, 0x80, 0x00, 0x00, 0xF0, 0xF0, 0x80, 0xF0, 0x80, 0x80, 0x00, 0x80, 0x00, 0x00
	.byte 0x00, 0x00, 0x80, 0x80, 0x80, 0x80, 0x00, 0x80, 0x00, 0x00, 0x00, 0x00, 0x80, 0x80, 0x80, 0x80
	.byte 0x00, 0x80, 0x00, 0x00, 0x80, 0x80, 0x00, 0x80, 0x80, 0x80, 0x00, 0x80, 0x00, 0x00, 0x00, 0x00
	.byte 0x80, 0x80, 0x80, 0x80, 0x00, 0x80, 0x00, 0x00, 0x00, 0x00, 0x80, 0x80, 0x80, 0x80, 0xF0, 0xF0
	.byte 0x00, 0xF0, 0x00, 0x00, 0xF8, 0xF8, 0x00, 0xF8, 0x00, 0x00, 0x00, 0x00, 0x00, 0x00, 0x00, 0x00
	.byte 0x00, 0x00, 0x00, 0x00, 0x00, 0x00, 0x00, 0x00, 0x00, 0x00, 0x00, 0x00, 0x00, 0x00, 0x00, 0x00
	.byte 0x00, 0x00, 0x00, 0x00, 0x00, 0x00, 0x00, 0x00, 0x00, 0x00, 0x00, 0x00, 0x00, 0x00, 0x00, 0x00
	.byte 0x00, 0x00, 0x00, 0x00, 0x00, 0x00, 0x00, 0x00, 0x00, 0x00, 0x00, 0x00, 0x00, 0x00, 0x00, 0x00
	.byte 0x00, 0x00, 0x00, 0x00, 0x00, 0x00, 0x00, 0x00, 0x00, 0x00, 0x00, 0x00, 0x00, 0x00, 0x00, 0x00
	.byte 0x00, 0x00, 0x00, 0x00, 0x00, 0x00, 0x00, 0x00, 0x00, 0x00, 0x00, 0x00, 0x00, 0x00, 0x00, 0x00
	.byte 0x00, 0x00, 0x00, 0x00, 0x00, 0x00, 0x00, 0x00, 0x00, 0x00, 0x00, 0x00, 0x00, 0x00, 0x00, 0x00
	.byte 0x00, 0x00, 0x00, 0x00, 0x00, 0x00, 0x00, 0x00, 0x00, 0x00, 0x00, 0x00, 0x07, 0x0F, 0x08, 0x1F
	.byte 0x08, 0x19, 0x05, 0x1F, 0x00, 0x0F, 0x0F, 0x1F, 0x00, 0x1F, 0x00, 0x01, 0x0F, 0x1F, 0x00, 0x1F
	.byte 0x07, 0x0F, 0x0A, 0x1F, 0x0A, 0x1F, 0x0B, 0x1F, 0x00, 0x1F, 0x07, 0x0F, 0x0A, 0x1F, 0x0A, 0x1F
	.byte 0x0B, 0x1F, 0x00, 0x1F, 0x0F, 0x1F, 0x01, 0x1F, 0x00, 0x01, 0x01, 0x03, 0x00, 0x03, 0x07, 0x0F
	.byte 0x0A, 0x1F, 0x0A, 0x1F, 0x0B, 0x1F, 0x00, 0x1F, 0x07, 0x0F, 0x08, 0x1F, 0x08, 0x19, 0x0F, 0x1F
	.byte 0x00, 0x1F, 0x00, 0x00, 0x0C, 0x1D, 0x00, 0x1D, 0x00, 0x00, 0x00, 0x00, 0x00, 0x00, 0x00, 0x00
	.byte 0x00, 0x00, 0x00, 0x00, 0x00, 0x00, 0x00, 0x00, 0x00, 0x00, 0x00, 0x00, 0x00, 0x00, 0x00, 0x00
	.byte 0x00, 0x00, 0x00, 0x00, 0x00, 0x00, 0x00, 0x00, 0x00, 0x00, 0x00, 0x00, 0x00, 0x00, 0x00, 0x00
	.byte 0x00, 0x00, 0x00, 0x00, 0x00, 0x00, 0x00, 0x00, 0x00, 0x00, 0x00, 0x00, 0x00, 0x00, 0x00, 0x00
	.byte 0x00, 0x00, 0x00, 0x00, 0x00, 0x00, 0x00, 0x00, 0x00, 0x00, 0x00, 0x00, 0x00, 0x00, 0x00, 0x00
	.byte 0x00, 0x00, 0x00, 0x00, 0x00, 0x00, 0x00, 0x00, 0x00, 0x00, 0x00, 0x00, 0x00, 0x00, 0x00, 0x00
	.byte 0x00, 0x00, 0x00, 0x00, 0x00, 0x00, 0x00, 0x00, 0x00, 0x00, 0x00, 0x00, 0x00, 0x00, 0x00, 0x00
	.byte 0x00, 0x00, 0x00, 0x00, 0x00, 0x00, 0x00, 0x00

ov112_021FCC98: ; 0x021FCC98
	.byte 0x00, 0x00, 0x00, 0x00, 0xA0, 0xE0, 0x00, 0xE0
	.byte 0x00, 0x00, 0x80, 0x80, 0x80, 0x80, 0x80, 0x80, 0x00, 0x80, 0x00, 0x00, 0x00, 0x00, 0x00, 0x00
	.byte 0x80, 0x80, 0x00, 0x80, 0x00, 0x00, 0x80, 0x80, 0x00, 0x80, 0x00, 0x00, 0x80, 0x80, 0x80, 0x80
	.byte 0x00, 0x80, 0x00, 0x00, 0x80, 0x80, 0x00, 0x80, 0x80, 0x80, 0x00, 0x80, 0x00, 0x00, 0x80, 0x80
	.byte 0x00, 0x80, 0x00, 0x00, 0x80, 0x80, 0x00, 0x80, 0x00, 0x00, 0x00, 0x00, 0x00, 0x00, 0xF0, 0xF0
	.byte 0x80, 0xF0, 0x80, 0x80, 0x00, 0x80, 0x00, 0x00, 0x00, 0x00, 0x80, 0x80, 0x80, 0x80, 0x00, 0x80
	.byte 0x00, 0x00, 0x80, 0x80, 0x80, 0x80, 0x80, 0x80, 0x00, 0x80, 0x00, 0x00, 0x80, 0x80, 0x80, 0x80
	.byte 0x80, 0x80, 0x00, 0x80, 0x00, 0x00, 0x80, 0x80, 0x00, 0x80, 0x00, 0x00, 0x80, 0x80, 0x00, 0x80
	.byte 0x00, 0x00, 0xF8, 0xF8, 0x00, 0xF8, 0x00, 0x00, 0x00, 0x00, 0x00, 0x00, 0x00, 0x00, 0x00, 0x00
	.byte 0x00, 0x00, 0x00, 0x00, 0x00, 0x00, 0x00, 0x00, 0x00, 0x00, 0x00, 0x00, 0x00, 0x00, 0x00, 0x00
	.byte 0x00, 0x00, 0x00, 0x00, 0x00, 0x00, 0x00, 0x00, 0x00, 0x00, 0x00, 0x00, 0x00, 0x00, 0x00, 0x00
	.byte 0x00, 0x00, 0x00, 0x00, 0x00, 0x00, 0x00, 0x00, 0x00, 0x00, 0x00, 0x00, 0x00, 0x00, 0x00, 0x00
	.byte 0x00, 0x00, 0x00, 0x00, 0x00, 0x00, 0x00, 0x00, 0x00, 0x00, 0x00, 0x00, 0x0F, 0x1F, 0x00, 0x1F
	.byte 0x09, 0x1B, 0x0A, 0x1F, 0x0A, 0x1F, 0x04, 0x1F, 0x00, 0x0D, 0x00, 0x00, 0x00, 0x00, 0x00, 0x00
	.byte 0x07, 0x0F, 0x08, 0x1F, 0x06, 0x1E, 0x01, 0x0F, 0x00, 0x03, 0x07, 0x0F, 0x0A, 0x1F, 0x0A, 0x1F
	.byte 0x0B, 0x1F, 0x00, 0x1F, 0x0F, 0x1F, 0x01, 0x1F, 0x00, 0x01, 0x01, 0x03, 0x00, 0x03, 0x03, 0x07
	.byte 0x24, 0x6F, 0x24, 0x6C, 0x1F, 0x7F, 0x00, 0x3F, 0x00, 0x00, 0x00, 0x00, 0x00, 0x00, 0x0F, 0x1F
	.byte 0x00, 0x1F, 0x00, 0x01, 0x0F, 0x1F, 0x00, 0x1F, 0x04, 0x0C, 0x0A, 0x1F, 0x0A, 0x1F, 0x0F, 0x1F
	.byte 0x00, 0x1F, 0x3F, 0x7F, 0x04, 0x7F, 0x04, 0x0D, 0x03, 0x0F, 0x00, 0x07, 0x3F, 0x7F, 0x04, 0x7F
	.byte 0x04, 0x0D, 0x03, 0x0F, 0x00, 0x07, 0x03, 0x07, 0x24, 0x6F, 0x24, 0x6C, 0x1F, 0x7F, 0x00, 0x3F
	.byte 0x00, 0x00, 0x0C, 0x1D, 0x00, 0x1D, 0x00, 0x00, 0x00, 0x00, 0x00, 0x00, 0x00, 0x00, 0x00, 0x00
	.byte 0x00, 0x00, 0x00, 0x00, 0x00, 0x00, 0x00, 0x00, 0x00, 0x00, 0x00, 0x00, 0x00, 0x00, 0x00, 0x00
	.byte 0x00, 0x00, 0x00, 0x00, 0x00, 0x00, 0x00, 0x00, 0x00, 0x00, 0x00, 0x00, 0x00, 0x00, 0x00, 0x00
	.byte 0x00, 0x00, 0x00, 0x00, 0x00, 0x00, 0x00, 0x00, 0x00, 0x00, 0x00, 0x00, 0x00, 0x00, 0x00, 0x00
	.byte 0x00, 0x00, 0x00, 0x00, 0x00, 0x00, 0x00, 0x00

ov112_021FCE18: ; 0x021FCE18
	.byte 0x00, 0x00, 0x00, 0x00, 0xA0, 0xE0, 0x00, 0xE0
	.byte 0x00, 0x00, 0x80, 0x80, 0x80, 0x80, 0x80, 0x80, 0x00, 0x80, 0x00, 0x00, 0x00, 0x00, 0x00, 0x00
	.byte 0xF0, 0xF0, 0x80, 0xF0, 0x80, 0x80, 0x00, 0x80, 0x00, 0x00, 0x00, 0x00, 0x80, 0x80, 0x80, 0x80
	.byte 0x00, 0x80, 0x00, 0x00, 0x80, 0x80, 0x00, 0x80, 0x00, 0x00, 0x80, 0x80, 0x00, 0x80, 0xA0, 0xE0
	.byte 0x00, 0xE0, 0x80, 0x80, 0x00, 0x80, 0x80, 0x80, 0x00, 0x80, 0x00, 0x00, 0x00, 0x00, 0x80, 0x80
	.byte 0x80, 0x80, 0x80, 0x80, 0x00, 0x80, 0x00, 0x00, 0x00, 0x00, 0x00, 0x00, 0x80, 0x80, 0xE0, 0xE0
	.byte 0x90, 0xF0, 0x00, 0xB0, 0x80, 0x80, 0x00, 0x80, 0x00, 0x00, 0x80, 0x80, 0x00, 0x80, 0x80, 0x80
	.byte 0x00, 0x80, 0x80, 0x80, 0x00, 0x80, 0x00, 0x00, 0x00, 0x00, 0xF8, 0xF8, 0x00, 0xF8, 0x00, 0x00
	.byte 0x00, 0x00, 0x00, 0x00, 0x00, 0x00, 0x00, 0x00, 0x00, 0x00, 0x00, 0x00, 0x00, 0x00, 0x00, 0x00
	.byte 0x00, 0x00, 0x00, 0x00, 0x00, 0x00, 0x00, 0x00, 0x00, 0x00, 0x00, 0x00, 0x00, 0x00, 0x00, 0x00
	.byte 0x00, 0x00, 0x00, 0x00, 0x00, 0x00, 0x00, 0x00, 0x00, 0x00, 0x00, 0x00, 0x00, 0x00, 0x00, 0x00
	.byte 0x00, 0x00, 0x00, 0x00, 0x00, 0x00, 0x00, 0x00, 0x00, 0x00, 0x00, 0x00, 0x00, 0x00, 0x00, 0x00
	.byte 0x00, 0x00, 0x00, 0x00, 0x00, 0x00, 0x00, 0x00, 0x00, 0x00, 0x00, 0x00, 0x0F, 0x1F, 0x00, 0x1F
	.byte 0x09, 0x1B, 0x0A, 0x1F, 0x0A, 0x1F, 0x04, 0x1F, 0x00, 0x0D, 0x00, 0x00, 0x00, 0x00, 0x00, 0x00
	.byte 0x0F, 0x1F, 0x00, 0x1F, 0x00, 0x01, 0x0F, 0x1F, 0x00, 0x1F, 0x04, 0x0C, 0x0A, 0x1F, 0x0A, 0x1F
	.byte 0x0F, 0x1F, 0x00, 0x1F, 0x07, 0x0F, 0x08, 0x1F, 0x06, 0x1E, 0x01, 0x0F, 0x00, 0x03, 0x0F, 0x1F
	.byte 0x00, 0x1F, 0x0F, 0x1F, 0x01, 0x1F, 0x00, 0x03, 0x0F, 0x1F, 0x00, 0x1F, 0x03, 0x07, 0x24, 0x6F
	.byte 0x24, 0x6D, 0x1F, 0x7F, 0x00, 0x3F, 0x00, 0x00, 0x00, 0x00, 0x00, 0x00, 0x00, 0x01, 0x0F, 0x1F
	.byte 0x00, 0x1F, 0x00, 0x01, 0x07, 0x0F, 0x08, 0x1F, 0x08, 0x18, 0x0F, 0x1F, 0x00, 0x1F, 0x0F, 0x1F
	.byte 0x01, 0x1F, 0x00, 0x03, 0x0F, 0x1F, 0x00, 0x1F, 0x00, 0x00, 0x0C, 0x1D, 0x00, 0x1D, 0x00, 0x00
	.byte 0x00, 0x00, 0x00, 0x00, 0x00, 0x00, 0x00, 0x00, 0x00, 0x00, 0x00, 0x00, 0x00, 0x00, 0x00, 0x00
	.byte 0x00, 0x00, 0x00, 0x00, 0x00, 0x00, 0x00, 0x00, 0x00, 0x00, 0x00, 0x00, 0x00, 0x00, 0x00, 0x00
	.byte 0x00, 0x00, 0x00, 0x00, 0x00, 0x00, 0x00, 0x00, 0x00, 0x00, 0x00, 0x00, 0x00, 0x00, 0x00, 0x00
	.byte 0x00, 0x00, 0x00, 0x00, 0x00, 0x00, 0x00, 0x00, 0x00, 0x00, 0x00, 0x00, 0x00, 0x00, 0x00, 0x00
	.byte 0x00, 0x00, 0x00, 0x00, 0x00, 0x00, 0x00, 0x00

ov112_021FCF98: ; 0x021FCF98
	.byte 0x00, 0x00, 0x00, 0x00, 0xE0, 0xE0, 0x10, 0xF0
	.byte 0x10, 0x30, 0x60, 0xF0, 0x00, 0xE0, 0x00, 0x00, 0x80, 0x80, 0x80, 0x80, 0x00, 0x80, 0x00, 0x00
	.byte 0x80, 0x80, 0x00, 0x80, 0x80, 0x80, 0x00, 0x80, 0x00, 0x00, 0x80, 0x80, 0x00, 0x80, 0x80, 0x80
	.byte 0x00, 0x80, 0x00, 0x00, 0x00, 0x00, 0x80, 0x80, 0x80, 0x80, 0x00, 0x80, 0x00, 0x00, 0x00, 0x00
	.byte 0x80, 0x80, 0x80, 0x80, 0x00, 0x80, 0x00, 0x00, 0x80, 0x80, 0xC0, 0xC0, 0x80, 0xC0, 0x00, 0x80
	.byte 0xA0, 0xE0, 0x00, 0xE0, 0x80, 0x80, 0x00, 0x80, 0x80, 0x80, 0x00, 0x80, 0x00, 0x00, 0x00, 0x00
	.byte 0x80, 0x80, 0x80, 0x80, 0x80, 0x80, 0x00, 0x80, 0x00, 0x00, 0x00, 0x00, 0x00, 0x00, 0x00, 0x00
	.byte 0x00, 0x00, 0x00, 0x00, 0x00, 0x00, 0x00, 0x00, 0x00, 0x00, 0x00, 0x00, 0x00, 0x00, 0x00, 0x00
	.byte 0x00, 0x00, 0x00, 0x00, 0x00, 0x00, 0x00, 0x00, 0x00, 0x00, 0x00, 0x00, 0x00, 0x00, 0x00, 0x00
	.byte 0x00, 0x00, 0x00, 0x00, 0x00, 0x00, 0x00, 0x00, 0x00, 0x00, 0x00, 0x00, 0x00, 0x00, 0x00, 0x00
	.byte 0x00, 0x00, 0x00, 0x00, 0x00, 0x00, 0x00, 0x00, 0x00, 0x00, 0x00, 0x00, 0x00, 0x00, 0x00, 0x00
	.byte 0x00, 0x00, 0x00, 0x00, 0x00, 0x00, 0x00, 0x00, 0x00, 0x00, 0x00, 0x00, 0x00, 0x00, 0x00, 0x00
	.byte 0x00, 0x00, 0x00, 0x00, 0x00, 0x00, 0x00, 0x00, 0x00, 0x00, 0x00, 0x00, 0x07, 0x0F, 0x08, 0x1F
	.byte 0x08, 0x18, 0x06, 0x1E, 0x00, 0x0E, 0x07, 0x0F, 0x08, 0x1F, 0x08, 0x19, 0x07, 0x1F, 0x00, 0x0F
	.byte 0x0F, 0x1F, 0x01, 0x1F, 0x00, 0x03, 0x0F, 0x1F, 0x00, 0x1F, 0x0F, 0x1F, 0x01, 0x1F, 0x00, 0x03
	.byte 0x0F, 0x1F, 0x00, 0x1F, 0x07, 0x0F, 0x0A, 0x1F, 0x0A, 0x1F, 0x0B, 0x1F, 0x00, 0x1F, 0x07, 0x0F
	.byte 0x08, 0x1F, 0x08, 0x19, 0x05, 0x1F, 0x00, 0x0F, 0x00, 0x01, 0x07, 0x0F, 0x08, 0x1F, 0x00, 0x19
	.byte 0x0F, 0x1F, 0x00, 0x1F, 0x0F, 0x1F, 0x01, 0x1F, 0x00, 0x03, 0x0F, 0x1F, 0x00, 0x1F, 0x03, 0x07
	.byte 0x24, 0x6F, 0x24, 0x6D, 0x1F, 0x7F, 0x00, 0x3F, 0x0C, 0x0C, 0x0C, 0x1C, 0x00, 0x18, 0x00, 0x00
	.byte 0x0C, 0x0C, 0x0C, 0x1C, 0x00, 0x18, 0x00, 0x00, 0x0C, 0x0C, 0x0C, 0x1C, 0x00, 0x18, 0x00, 0x00
	.byte 0x00, 0x00, 0x00, 0x00, 0x00, 0x00, 0x00, 0x00, 0x00, 0x00, 0x00, 0x00, 0x00, 0x00, 0x00, 0x00
	.byte 0x00, 0x00, 0x00, 0x00, 0x00, 0x00, 0x00, 0x00, 0x00, 0x00, 0x00, 0x00, 0x00, 0x00, 0x00, 0x00
	.byte 0x00, 0x00, 0x00, 0x00, 0x00, 0x00, 0x00, 0x00, 0x00, 0x00, 0x00, 0x00, 0x00, 0x00, 0x00, 0x00
	.byte 0x00, 0x00, 0x00, 0x00, 0x00, 0x00, 0x00, 0x00, 0x00, 0x00, 0x00, 0x00, 0x00, 0x00, 0x00, 0x00
	.byte 0x00, 0x00, 0x00, 0x00, 0x00, 0x00, 0x00, 0x00

ov112_021FD118: ; 0x021FD118
	.byte 0x00, 0x00, 0x00, 0x00, 0xA0, 0xE0, 0x00, 0xE0
	.byte 0x00, 0x00, 0x80, 0x80, 0x80, 0x80, 0x80, 0x80, 0x00, 0x80, 0x00, 0x00, 0x00, 0x00, 0x00, 0x00
	.byte 0x80, 0x80, 0xE0, 0xE0, 0x90, 0xF0, 0x00, 0xB0, 0x00, 0x00, 0x80, 0x80, 0x80, 0x80, 0x00, 0x80
	.byte 0x00, 0x00, 0x00, 0x00, 0x80, 0x80, 0x80, 0x80, 0x00, 0x80, 0x00, 0x00, 0x10, 0x30, 0xF0, 0xF0
	.byte 0x00, 0xF0, 0xA0, 0xE0, 0x00, 0xE0, 0x80, 0x80, 0x00, 0x80, 0x80, 0x80, 0x00, 0x80, 0x00, 0x00
	.byte 0x00, 0x00, 0x80, 0x80, 0x80, 0x80, 0x80, 0x80, 0x00, 0x80, 0x00, 0x00, 0x00, 0x00, 0x00, 0x00
	.byte 0x00, 0x00, 0x80, 0x80, 0x80, 0x80, 0x80, 0x80, 0x00, 0x80, 0x00, 0x00, 0x80, 0x80, 0x80, 0x80
	.byte 0x00, 0x80, 0x00, 0x00, 0x00, 0x00, 0x80, 0x80, 0x80, 0x80, 0x00, 0x80, 0x00, 0x00, 0x00, 0x00
	.byte 0x80, 0x80, 0x80, 0x80, 0xF0, 0xF0, 0x00, 0xF0, 0x00, 0x00, 0xF8, 0xF8, 0x00, 0xF8, 0x00, 0x00
	.byte 0x00, 0x00, 0x00, 0x00, 0x00, 0x00, 0x00, 0x00, 0x00, 0x00, 0x00, 0x00, 0x00, 0x00, 0x00, 0x00
	.byte 0x00, 0x00, 0x00, 0x00, 0x00, 0x00, 0x00, 0x00, 0x00, 0x00, 0x00, 0x00, 0x00, 0x00, 0x00, 0x00
	.byte 0x00, 0x00, 0x00, 0x00, 0x00, 0x00, 0x00, 0x00, 0x00, 0x00, 0x00, 0x00, 0x00, 0x00, 0x00, 0x00
	.byte 0x00, 0x00, 0x00, 0x00, 0x00, 0x00, 0x00, 0x00, 0x00, 0x00, 0x00, 0x00, 0x0F, 0x1F, 0x00, 0x1F
	.byte 0x09, 0x1B, 0x0A, 0x1F, 0x0A, 0x1F, 0x04, 0x1F, 0x00, 0x0D, 0x00, 0x00, 0x00, 0x00, 0x00, 0x00
	.byte 0x00, 0x01, 0x0F, 0x1F, 0x00, 0x1F, 0x00, 0x01, 0x07, 0x0F, 0x0A, 0x1F, 0x0A, 0x1F, 0x0B, 0x1F
	.byte 0x00, 0x1F, 0x07, 0x0F, 0x0A, 0x1F, 0x0A, 0x1F, 0x0B, 0x1F, 0x00, 0x1F, 0x00, 0x00, 0x0F, 0x1F
	.byte 0x00, 0x1F, 0x0F, 0x1F, 0x00, 0x1F, 0x0F, 0x1F, 0x01, 0x1F, 0x00, 0x03, 0x0F, 0x1F, 0x00, 0x1F
	.byte 0x03, 0x07, 0x24, 0x6F, 0x24, 0x6D, 0x1F, 0x7F, 0x00, 0x3F, 0x00, 0x00, 0x00, 0x00, 0x00, 0x00
	.byte 0x03, 0x07, 0x24, 0x6F, 0x24, 0x6D, 0x1F, 0x7F, 0x00, 0x3F, 0x07, 0x0F, 0x08, 0x1F, 0x08, 0x19
	.byte 0x07, 0x1F, 0x00, 0x0F, 0x07, 0x0F, 0x08, 0x1F, 0x08, 0x19, 0x07, 0x1F, 0x00, 0x0F, 0x07, 0x0F
	.byte 0x08, 0x1F, 0x08, 0x19, 0x0F, 0x1F, 0x00, 0x1F, 0x00, 0x00, 0x0C, 0x1D, 0x00, 0x1D, 0x00, 0x00
	.byte 0x00, 0x00, 0x00, 0x00, 0x00, 0x00, 0x00, 0x00, 0x00, 0x00, 0x00, 0x00, 0x00, 0x00, 0x00, 0x00
	.byte 0x00, 0x00, 0x00, 0x00, 0x00, 0x00, 0x00, 0x00, 0x00, 0x00, 0x00, 0x00, 0x00, 0x00, 0x00, 0x00
	.byte 0x00, 0x00, 0x00, 0x00, 0x00, 0x00, 0x00, 0x00, 0x00, 0x00, 0x00, 0x00, 0x00, 0x00, 0x00, 0x00
	.byte 0x00, 0x00, 0x00, 0x00, 0x00, 0x00, 0x00, 0x00

ov112_021FD298: ; 0x021FD298
	.byte 0x00, 0x00, 0x00, 0x00, 0xA0, 0xE0, 0x00, 0xE0
	.byte 0x00, 0x00, 0x80, 0x80, 0x80, 0x80, 0x80, 0x80, 0x00, 0x80, 0x00, 0x00, 0x00, 0x00, 0x00, 0x00
	.byte 0xF0, 0xF0, 0x80, 0xF0, 0x80, 0x80, 0x00, 0x80, 0x00, 0x00, 0x00, 0x00, 0x80, 0x80, 0x80, 0x80
	.byte 0x00, 0x80, 0x00, 0x00, 0x80, 0x80, 0x80, 0x80, 0x80, 0x80, 0x00, 0x80, 0x00, 0x00, 0x80, 0x80
	.byte 0x80, 0x80, 0x80, 0x80, 0x00, 0x80, 0x00, 0x00, 0x80, 0x80, 0x00, 0x80, 0x00, 0x00, 0x80, 0x80
	.byte 0x00, 0x80, 0x00, 0x00, 0x00, 0x00, 0x00, 0x00, 0x00, 0x00, 0x00, 0x00, 0x00, 0x00, 0x00, 0x00
	.byte 0x00, 0x00, 0x00, 0x00, 0x00, 0x00, 0x00, 0x00, 0x00, 0x00, 0x00, 0x00, 0x00, 0x00, 0x00, 0x00
	.byte 0x00, 0x00, 0x00, 0x00, 0x00, 0x00, 0x00, 0x00, 0x00, 0x00, 0x00, 0x00, 0x00, 0x00, 0x00, 0x00
	.byte 0x00, 0x00, 0x00, 0x00, 0x00, 0x00, 0x00, 0x00, 0x00, 0x00, 0x00, 0x00, 0x00, 0x00, 0x00, 0x00
	.byte 0x00, 0x00, 0x00, 0x00, 0x00, 0x00, 0x00, 0x00, 0x00, 0x00, 0x00, 0x00, 0x00, 0x00, 0x00, 0x00
	.byte 0x00, 0x00, 0x00, 0x00, 0x00, 0x00, 0x00, 0x00, 0x00, 0x00, 0x00, 0x00, 0x00, 0x00, 0x00, 0x00
	.byte 0x00, 0x00, 0x00, 0x00, 0x00, 0x00, 0x00, 0x00, 0x00, 0x00, 0x00, 0x00, 0x00, 0x00, 0x00, 0x00
	.byte 0x00, 0x00, 0x00, 0x00, 0x00, 0x00, 0x00, 0x00, 0x00, 0x00, 0x00, 0x00, 0x0F, 0x1F, 0x00, 0x1F
	.byte 0x09, 0x1B, 0x0A, 0x1F, 0x0A, 0x1F, 0x04, 0x1F, 0x00, 0x0D, 0x00, 0x00, 0x00, 0x00, 0x00, 0x00
	.byte 0x0F, 0x1F, 0x00, 0x1F, 0x00, 0x01, 0x0F, 0x1F, 0x00, 0x1F, 0x04, 0x0C, 0x0A, 0x1F, 0x0A, 0x1F
	.byte 0x0F, 0x1F, 0x00, 0x1F, 0x3F, 0x7F, 0x04, 0x7F, 0x04, 0x0D, 0x03, 0x0F, 0x00, 0x07, 0x3F, 0x7F
	.byte 0x04, 0x7F, 0x04, 0x0D, 0x03, 0x0F, 0x00, 0x07, 0x03, 0x07, 0x24, 0x6F, 0x24, 0x6C, 0x1F, 0x7F
	.byte 0x00, 0x3F, 0x0C, 0x0C, 0x0C, 0x1C, 0x00, 0x18, 0x00, 0x00, 0x00, 0x00, 0x00, 0x00, 0x00, 0x00
	.byte 0x00, 0x00, 0x00, 0x00, 0x00, 0x00, 0x00, 0x00, 0x00, 0x00, 0x00, 0x00, 0x00, 0x00, 0x00, 0x00
	.byte 0x00, 0x00, 0x00, 0x00, 0x00, 0x00, 0x00, 0x00, 0x00, 0x00, 0x00, 0x00, 0x00, 0x00, 0x00, 0x00
	.byte 0x00, 0x00, 0x00, 0x00, 0x00, 0x00, 0x00, 0x00, 0x00, 0x00, 0x00, 0x00, 0x00, 0x00, 0x00, 0x00
	.byte 0x00, 0x00, 0x00, 0x00, 0x00, 0x00, 0x00, 0x00, 0x00, 0x00, 0x00, 0x00, 0x00, 0x00, 0x00, 0x00
	.byte 0x00, 0x00, 0x00, 0x00, 0x00, 0x00, 0x00, 0x00, 0x00, 0x00, 0x00, 0x00, 0x00, 0x00, 0x00, 0x00
	.byte 0x00, 0x00, 0x00, 0x00, 0x00, 0x00, 0x00, 0x00, 0x00, 0x00, 0x00, 0x00, 0x00, 0x00, 0x00, 0x00
	.byte 0x00, 0x00, 0x00, 0x00, 0x00, 0x00, 0x00, 0x00

ov112_021FD418: ; 0x021FD418
	.byte 0x00, 0x00, 0x00, 0x00, 0xA0, 0xE0, 0x00, 0xE0
	.byte 0x00, 0x00, 0x80, 0x80, 0x80, 0x80, 0x80, 0x80, 0x00, 0x80, 0x00, 0x00, 0x00, 0x00, 0x00, 0x00
	.byte 0x00, 0x00, 0x80, 0x80, 0x80, 0x80, 0x80, 0x80, 0x00, 0x80, 0x80, 0x80, 0x00, 0x80, 0x80, 0x80
	.byte 0x00, 0x80, 0x00, 0x00, 0xA0, 0xE0, 0x00, 0xE0, 0x10, 0x30, 0xF0, 0xF0, 0x00, 0xF0, 0xA0, 0xE0
	.byte 0x00, 0xE0, 0x80, 0x80, 0x00, 0x80, 0x80, 0x80, 0x00, 0x80, 0x00, 0x00, 0x00, 0x00, 0x80, 0x80
	.byte 0x80, 0x80, 0x80, 0x80, 0x00, 0x80, 0x00, 0x00, 0x00, 0x00, 0x00, 0x00, 0x00, 0x00, 0x00, 0x00
	.byte 0x00, 0x00, 0x00, 0x00, 0x00, 0x00, 0x00, 0x00, 0x00, 0x00, 0x00, 0x00, 0x00, 0x00, 0x00, 0x00
	.byte 0x00, 0x00, 0x00, 0x00, 0x00, 0x00, 0x00, 0x00, 0x00, 0x00, 0x00, 0x00, 0x00, 0x00, 0x00, 0x00
	.byte 0x00, 0x00, 0x00, 0x00, 0x00, 0x00, 0x00, 0x00, 0x00, 0x00, 0x00, 0x00, 0x00, 0x00, 0x00, 0x00
	.byte 0x00, 0x00, 0x00, 0x00, 0x00, 0x00, 0x00, 0x00, 0x00, 0x00, 0x00, 0x00, 0x00, 0x00, 0x00, 0x00
	.byte 0x00, 0x00, 0x00, 0x00, 0x00, 0x00, 0x00, 0x00, 0x00, 0x00, 0x00, 0x00, 0x00, 0x00, 0x00, 0x00
	.byte 0x00, 0x00, 0x00, 0x00, 0x00, 0x00, 0x00, 0x00, 0x00, 0x00, 0x00, 0x00, 0x00, 0x00, 0x00, 0x00
	.byte 0x00, 0x00, 0x00, 0x00, 0x00, 0x00, 0x00, 0x00, 0x00, 0x00, 0x00, 0x00, 0x0F, 0x1F, 0x00, 0x1F
	.byte 0x09, 0x1B, 0x0A, 0x1F, 0x0A, 0x1F, 0x04, 0x1F, 0x00, 0x0D, 0x00, 0x00, 0x00, 0x00, 0x00, 0x00
	.byte 0x09, 0x1B, 0x0A, 0x1F, 0x0A, 0x1F, 0x04, 0x1F, 0x00, 0x0D, 0x0F, 0x1F, 0x0F, 0x1F, 0x00, 0x1F
	.byte 0x0F, 0x1F, 0x00, 0x1F, 0x0F, 0x1F, 0x00, 0x1F, 0x00, 0x00, 0x0F, 0x1F, 0x00, 0x1F, 0x0F, 0x1F
	.byte 0x00, 0x1F, 0x0F, 0x1F, 0x01, 0x1F, 0x00, 0x03, 0x0F, 0x1F, 0x00, 0x1F, 0x03, 0x07, 0x24, 0x6F
	.byte 0x24, 0x6D, 0x1F, 0x7F, 0x00, 0x3F, 0x0C, 0x0C, 0x0C, 0x1C, 0x00, 0x18, 0x00, 0x00, 0x00, 0x00
	.byte 0x00, 0x00, 0x00, 0x00, 0x00, 0x00, 0x00, 0x00, 0x00, 0x00, 0x00, 0x00, 0x00, 0x00, 0x00, 0x00
	.byte 0x00, 0x00, 0x00, 0x00, 0x00, 0x00, 0x00, 0x00, 0x00, 0x00, 0x00, 0x00, 0x00, 0x00, 0x00, 0x00
	.byte 0x00, 0x00, 0x00, 0x00, 0x00, 0x00, 0x00, 0x00, 0x00, 0x00, 0x00, 0x00, 0x00, 0x00, 0x00, 0x00
	.byte 0x00, 0x00, 0x00, 0x00, 0x00, 0x00, 0x00, 0x00, 0x00, 0x00, 0x00, 0x00, 0x00, 0x00, 0x00, 0x00
	.byte 0x00, 0x00, 0x00, 0x00, 0x00, 0x00, 0x00, 0x00, 0x00, 0x00, 0x00, 0x00, 0x00, 0x00, 0x00, 0x00
	.byte 0x00, 0x00, 0x00, 0x00, 0x00, 0x00, 0x00, 0x00, 0x00, 0x00, 0x00, 0x00, 0x00, 0x00, 0x00, 0x00
	.byte 0x00, 0x00, 0x00, 0x00, 0x00, 0x00, 0x00, 0x00

ov112_021FD598: ; 0x021FD598
	.byte 0x00, 0x00, 0x00, 0x00, 0xA0, 0xE0, 0x00, 0xE0
	.byte 0x00, 0x00, 0x80, 0x80, 0x80, 0x80, 0x80, 0x80, 0x00, 0x80, 0x00, 0x00, 0x00, 0x00, 0x00, 0x00
	.byte 0x00, 0x00, 0x80, 0x80, 0x80, 0x80, 0x00, 0x80, 0x00, 0x00, 0xF0, 0xF0, 0x80, 0xF0, 0x80, 0x80
	.byte 0x00, 0x80, 0x00, 0x00, 0x00, 0x00, 0x80, 0x80, 0x80, 0x80, 0x00, 0x80, 0x00, 0x00, 0x00, 0x00
	.byte 0x80, 0x80, 0x80, 0x80, 0x00, 0x80, 0x00, 0x00, 0x80, 0x80, 0x00, 0x80, 0x80, 0x80, 0x00, 0x80
	.byte 0x00, 0x00, 0x80, 0x80, 0xE0, 0xE0, 0x90, 0xF0, 0x00, 0xB0, 0x80, 0x80, 0x00, 0x80, 0x00, 0x00
	.byte 0x80, 0x80, 0x00, 0x80, 0x10, 0x30, 0xF0, 0xF0, 0x00, 0xF0, 0x00, 0x00, 0x00, 0x00, 0x00, 0x00
	.byte 0x00, 0x00, 0x00, 0x00, 0x00, 0x00, 0x00, 0x00, 0x00, 0x00, 0x00, 0x00, 0x00, 0x00, 0x00, 0x00
	.byte 0x00, 0x00, 0x00, 0x00, 0x00, 0x00, 0x00, 0x00, 0x00, 0x00, 0x00, 0x00, 0x00, 0x00, 0x00, 0x00
	.byte 0x00, 0x00, 0x00, 0x00, 0x00, 0x00, 0x00, 0x00, 0x00, 0x00, 0x00, 0x00, 0x00, 0x00, 0x00, 0x00
	.byte 0x00, 0x00, 0x00, 0x00, 0x00, 0x00, 0x00, 0x00, 0x00, 0x00, 0x00, 0x00, 0x00, 0x00, 0x00, 0x00
	.byte 0x00, 0x00, 0x00, 0x00, 0x00, 0x00, 0x00, 0x00, 0x00, 0x00, 0x00, 0x00, 0x00, 0x00, 0x00, 0x00
	.byte 0x00, 0x00, 0x00, 0x00, 0x00, 0x00, 0x00, 0x00, 0x00, 0x00, 0x00, 0x00, 0x0F, 0x1F, 0x00, 0x1F
	.byte 0x09, 0x1B, 0x0A, 0x1F, 0x0A, 0x1F, 0x04, 0x1F, 0x00, 0x0D, 0x00, 0x00, 0x00, 0x00, 0x00, 0x00
	.byte 0x07, 0x0F, 0x08, 0x1F, 0x08, 0x19, 0x05, 0x1F, 0x00, 0x0F, 0x0F, 0x1F, 0x00, 0x1F, 0x00, 0x01
	.byte 0x0F, 0x1F, 0x00, 0x1F, 0x07, 0x0F, 0x0A, 0x1F, 0x0A, 0x1F, 0x0B, 0x1F, 0x00, 0x1F, 0x07, 0x0F
	.byte 0x0A, 0x1F, 0x0A, 0x1F, 0x0B, 0x1F, 0x00, 0x1F, 0x0F, 0x1F, 0x01, 0x1F, 0x00, 0x01, 0x01, 0x03
	.byte 0x00, 0x03, 0x00, 0x01, 0x0F, 0x1F, 0x00, 0x1F, 0x00, 0x01, 0x07, 0x0F, 0x08, 0x1F, 0x08, 0x18
	.byte 0x0F, 0x1F, 0x00, 0x1F, 0x00, 0x00, 0x0F, 0x1F, 0x00, 0x1F, 0x0C, 0x0C, 0x0C, 0x1C, 0x00, 0x18
	.byte 0x00, 0x00, 0x00, 0x00, 0x00, 0x00, 0x00, 0x00, 0x00, 0x00, 0x00, 0x00, 0x00, 0x00, 0x00, 0x00
	.byte 0x00, 0x00, 0x00, 0x00, 0x00, 0x00, 0x00, 0x00, 0x00, 0x00, 0x00, 0x00, 0x00, 0x00, 0x00, 0x00
	.byte 0x00, 0x00, 0x00, 0x00, 0x00, 0x00, 0x00, 0x00, 0x00, 0x00, 0x00, 0x00, 0x00, 0x00, 0x00, 0x00
	.byte 0x00, 0x00, 0x00, 0x00, 0x00, 0x00, 0x00, 0x00, 0x00, 0x00, 0x00, 0x00, 0x00, 0x00, 0x00, 0x00
	.byte 0x00, 0x00, 0x00, 0x00, 0x00, 0x00, 0x00, 0x00, 0x00, 0x00, 0x00, 0x00, 0x00, 0x00, 0x00, 0x00
	.byte 0x00, 0x00, 0x00, 0x00, 0x00, 0x00, 0x00, 0x00

ov112_021FD718: ; 0x021FD718
	.byte 0x00, 0x00, 0x00, 0x00, 0xA0, 0xE0, 0x00, 0xE0
	.byte 0x00, 0x00, 0x80, 0x80, 0x80, 0x80, 0x80, 0x80, 0x00, 0x80, 0x00, 0x00, 0x00, 0x00, 0x00, 0x00
	.byte 0xF0, 0xF0, 0x80, 0xF0, 0x80, 0x80, 0x00, 0x80, 0x00, 0x00, 0x00, 0x00, 0x80, 0x80, 0x80, 0x80
	.byte 0x00, 0x80, 0x00, 0x00, 0xA0, 0xE0, 0x00, 0xE0, 0x80, 0x80, 0x00, 0x80, 0x80, 0x80, 0x00, 0x80
	.byte 0x00, 0x00, 0x00, 0x00, 0x80, 0x80, 0x80, 0x80, 0x80, 0x80, 0x00, 0x80, 0x00, 0x00, 0x00, 0x00
	.byte 0x00, 0x00, 0x80, 0x80, 0x80, 0x80, 0x80, 0x80, 0x00, 0x80, 0x00, 0x00, 0x00, 0x00, 0x80, 0x80
	.byte 0x80, 0x80, 0x00, 0x80, 0x00, 0x00, 0x80, 0x80, 0xC0, 0xC0, 0x80, 0xC0, 0x00, 0x80, 0xA0, 0xE0
	.byte 0x00, 0xE0, 0x00, 0x00, 0x80, 0x80, 0x80, 0x80, 0x00, 0x80, 0x00, 0x00, 0x80, 0x80, 0x00, 0x80
	.byte 0x80, 0x80, 0x00, 0x80, 0x00, 0x00, 0x80, 0x80, 0xC0, 0xC0, 0x80, 0xC0, 0x00, 0x80, 0x00, 0x00
	.byte 0x00, 0x00, 0x00, 0x00, 0x00, 0x00, 0x00, 0x00, 0x00, 0x00, 0x00, 0x00, 0x00, 0x00, 0x00, 0x00
	.byte 0x00, 0x00, 0x00, 0x00, 0x00, 0x00, 0x00, 0x00, 0x00, 0x00, 0x00, 0x00, 0x00, 0x00, 0x00, 0x00
	.byte 0x00, 0x00, 0x00, 0x00, 0x00, 0x00, 0x00, 0x00, 0x00, 0x00, 0x00, 0x00, 0x00, 0x00, 0x00, 0x00
	.byte 0x00, 0x00, 0x00, 0x00, 0x00, 0x00, 0x00, 0x00, 0x00, 0x00, 0x00, 0x00, 0x0F, 0x1F, 0x00, 0x1F
	.byte 0x09, 0x1B, 0x0A, 0x1F, 0x0A, 0x1F, 0x04, 0x1F, 0x00, 0x0D, 0x00, 0x00, 0x00, 0x00, 0x00, 0x00
	.byte 0x0F, 0x1F, 0x08, 0x1F, 0x08, 0x19, 0x07, 0x1F, 0x00, 0x0F, 0x07, 0x0F, 0x0A, 0x1F, 0x0A, 0x1F
	.byte 0x0B, 0x1F, 0x00, 0x1F, 0x0F, 0x1F, 0x00, 0x1F, 0x0F, 0x1F, 0x01, 0x1F, 0x00, 0x03, 0x0F, 0x1F
	.byte 0x00, 0x1F, 0x03, 0x07, 0x24, 0x6F, 0x24, 0x6D, 0x1F, 0x7F, 0x00, 0x3F, 0x00, 0x00, 0x00, 0x00
	.byte 0x00, 0x00, 0x3F, 0x7F, 0x04, 0x7F, 0x04, 0x0D, 0x03, 0x0F, 0x00, 0x07, 0x04, 0x0C, 0x0A, 0x1F
	.byte 0x0A, 0x1F, 0x0F, 0x1F, 0x00, 0x1F, 0x00, 0x01, 0x07, 0x0F, 0x08, 0x1F, 0x00, 0x19, 0x0F, 0x1F
	.byte 0x00, 0x1F, 0x07, 0x0F, 0x0A, 0x1F, 0x0A, 0x1F, 0x0B, 0x1F, 0x00, 0x1F, 0x0F, 0x1F, 0x01, 0x1F
	.byte 0x00, 0x03, 0x0F, 0x1F, 0x00, 0x1F, 0x00, 0x01, 0x07, 0x0F, 0x08, 0x1F, 0x00, 0x19, 0x0C, 0x0C
	.byte 0x0C, 0x1C, 0x00, 0x18, 0x00, 0x00, 0x00, 0x00, 0x00, 0x00, 0x00, 0x00, 0x00, 0x00, 0x00, 0x00
	.byte 0x00, 0x00, 0x00, 0x00, 0x00, 0x00, 0x00, 0x00, 0x00, 0x00, 0x00, 0x00, 0x00, 0x00, 0x00, 0x00
	.byte 0x00, 0x00, 0x00, 0x00, 0x00, 0x00, 0x00, 0x00, 0x00, 0x00, 0x00, 0x00, 0x00, 0x00, 0x00, 0x00
	.byte 0x00, 0x00, 0x00, 0x00, 0x00, 0x00, 0x00, 0x00

ov112_021FD898: ; 0x021FD898
	.byte 0x00, 0x00, 0x00, 0x00, 0x00, 0x00, 0x80, 0x80
	.byte 0x80, 0x80, 0x80, 0x80, 0x00, 0x80, 0xA0, 0xE0, 0x00, 0xE0, 0x80, 0x80, 0xC0, 0xC0, 0x80, 0xC0
	.byte 0x00, 0x80, 0x00, 0x00, 0x80, 0x80, 0x80, 0x80, 0x80, 0x80, 0x00, 0x80, 0x00, 0x00, 0x00, 0x00
	.byte 0x00, 0x00, 0x00, 0x00, 0x80, 0x80, 0x80, 0x80, 0x80, 0x80, 0x00, 0x80, 0x80, 0x80, 0x00, 0x80
	.byte 0x00, 0x00, 0x80, 0x80, 0x00, 0x80, 0xA0, 0xE0, 0x00, 0xE0, 0x00, 0x00, 0x80, 0x80, 0x80, 0x80
	.byte 0x00, 0x80, 0x00, 0x00, 0x80, 0x80, 0xC0, 0xC0, 0x80, 0xC0, 0x00, 0x80, 0x10, 0x30, 0xF0, 0xF0
	.byte 0x00, 0xF0, 0x80, 0x80, 0x00, 0x80, 0x00, 0x00, 0x80, 0x80, 0x00, 0x80, 0x00, 0x00, 0x00, 0x00
	.byte 0x00, 0x00, 0x00, 0x00, 0x00, 0x00, 0x00, 0x00, 0x00, 0x00, 0x00, 0x00, 0x00, 0x00, 0x00, 0x00
	.byte 0x00, 0x00, 0x00, 0x00, 0x00, 0x00, 0x00, 0x00, 0x00, 0x00, 0x00, 0x00, 0x00, 0x00, 0x00, 0x00
	.byte 0x00, 0x00, 0x00, 0x00, 0x00, 0x00, 0x00, 0x00, 0x00, 0x00, 0x00, 0x00, 0x00, 0x00, 0x00, 0x00
	.byte 0x00, 0x00, 0x00, 0x00, 0x00, 0x00, 0x00, 0x00, 0x00, 0x00, 0x00, 0x00, 0x00, 0x00, 0x00, 0x00
	.byte 0x00, 0x00, 0x00, 0x00, 0x00, 0x00, 0x00, 0x00, 0x00, 0x00, 0x00, 0x00, 0x00, 0x00, 0x00, 0x00
	.byte 0x00, 0x00, 0x00, 0x00, 0x00, 0x00, 0x00, 0x00, 0x00, 0x00, 0x00, 0x00, 0x09, 0x1B, 0x0A, 0x1F
	.byte 0x0A, 0x1F, 0x04, 0x1F, 0x00, 0x0D, 0x0F, 0x1F, 0x00, 0x1F, 0x00, 0x01, 0x07, 0x0F, 0x08, 0x1F
	.byte 0x00, 0x19, 0x09, 0x1B, 0x0A, 0x1F, 0x0A, 0x1F, 0x04, 0x1F, 0x00, 0x0D, 0x00, 0x00, 0x00, 0x00
	.byte 0x00, 0x00, 0x03, 0x07, 0x04, 0x0F, 0x04, 0x0D, 0x3F, 0x7F, 0x00, 0x7F, 0x07, 0x0F, 0x08, 0x1F
	.byte 0x08, 0x18, 0x0F, 0x1F, 0x00, 0x1F, 0x0F, 0x1F, 0x00, 0x1F, 0x07, 0x0F, 0x0A, 0x1F, 0x0A, 0x1F
	.byte 0x0B, 0x1F, 0x00, 0x1F, 0x00, 0x01, 0x07, 0x0F, 0x08, 0x1F, 0x00, 0x19, 0x00, 0x00, 0x0F, 0x1F
	.byte 0x00, 0x1F, 0x03, 0x07, 0x24, 0x6F, 0x24, 0x6C, 0x1F, 0x7F, 0x00, 0x3F, 0x0C, 0x0C, 0x0C, 0x1C
	.byte 0x00, 0x18, 0x00, 0x00, 0x00, 0x00, 0x00, 0x00, 0x00, 0x00, 0x00, 0x00, 0x00, 0x00, 0x00, 0x00
	.byte 0x00, 0x00, 0x00, 0x00, 0x00, 0x00, 0x00, 0x00, 0x00, 0x00, 0x00, 0x00, 0x00, 0x00, 0x00, 0x00
	.byte 0x00, 0x00, 0x00, 0x00, 0x00, 0x00, 0x00, 0x00, 0x00, 0x00, 0x00, 0x00, 0x00, 0x00, 0x00, 0x00
	.byte 0x00, 0x00, 0x00, 0x00, 0x00, 0x00, 0x00, 0x00, 0x00, 0x00, 0x00, 0x00, 0x00, 0x00, 0x00, 0x00
	.byte 0x00, 0x00, 0x00, 0x00, 0x00, 0x00, 0x00, 0x00, 0x00, 0x00, 0x00, 0x00, 0x00, 0x00, 0x00, 0x00
	.byte 0x00, 0x00, 0x00, 0x00, 0x00, 0x00, 0x00, 0x00

ov112_021FDA18: ; 0x021FDA18
	.byte 0x00, 0x00, 0x00, 0x00, 0x80, 0x80, 0xC0, 0xC0
	.byte 0x80, 0xC0, 0x00, 0x80, 0x80, 0x80, 0x00, 0x80, 0x00, 0x00, 0x80, 0x80, 0x00, 0x80, 0x80, 0x80
	.byte 0x00, 0x80, 0x80, 0x80, 0x00, 0x80, 0x00, 0x00, 0x80, 0x80, 0x00, 0x80, 0x80, 0x80, 0x00, 0x80
	.byte 0x00, 0x00, 0x00, 0x00, 0x80, 0x80, 0x80, 0x80, 0x00, 0x80, 0x00, 0x00, 0x00, 0x00, 0x80, 0x80
	.byte 0x80, 0x80, 0xF0, 0xF0, 0x00, 0xF0, 0x00, 0x00, 0x00, 0x00, 0x00, 0x00, 0x80, 0x80, 0xC0, 0xC0
	.byte 0x80, 0xC0, 0x00, 0x80, 0x00, 0x00, 0x80, 0x80, 0x80, 0x80, 0x00, 0x80, 0x00, 0x00, 0x00, 0x00
	.byte 0x00, 0x00, 0x00, 0x00, 0x10, 0x30, 0xF0, 0xF0, 0x00, 0xF0, 0x00, 0x00, 0x80, 0x80, 0x80, 0x80
	.byte 0x00, 0x80, 0x00, 0x00, 0x00, 0x00, 0x80, 0x80, 0x80, 0x80, 0x00, 0x80, 0x00, 0x00, 0xF0, 0xF0
	.byte 0x00, 0xF0, 0x00, 0x00, 0x80, 0x80, 0x00, 0x80, 0x00, 0x00, 0x00, 0x00, 0x00, 0x00, 0x00, 0x00
	.byte 0x00, 0x00, 0x00, 0x00, 0x00, 0x00, 0x00, 0x00, 0x00, 0x00, 0x00, 0x00, 0x00, 0x00, 0x00, 0x00
	.byte 0x00, 0x00, 0x00, 0x00, 0x00, 0x00, 0x00, 0x00, 0x00, 0x00, 0x00, 0x00, 0x00, 0x00, 0x00, 0x00
	.byte 0x00, 0x00, 0x00, 0x00, 0x00, 0x00, 0x00, 0x00, 0x00, 0x00, 0x00, 0x00, 0x00, 0x00, 0x00, 0x00
	.byte 0x00, 0x00, 0x00, 0x00, 0x00, 0x00, 0x00, 0x00, 0x00, 0x00, 0x00, 0x00, 0x00, 0x01, 0x07, 0x0F
	.byte 0x08, 0x1F, 0x00, 0x19, 0x07, 0x0F, 0x08, 0x1F, 0x08, 0x18, 0x0F, 0x1F, 0x00, 0x1F, 0x0F, 0x1F
	.byte 0x01, 0x1F, 0x00, 0x01, 0x01, 0x03, 0x00, 0x03, 0x0F, 0x1F, 0x01, 0x1F, 0x00, 0x03, 0x0F, 0x1F
	.byte 0x00, 0x1F, 0x07, 0x0F, 0x0A, 0x1F, 0x0A, 0x1F, 0x0B, 0x1F, 0x00, 0x1F, 0x07, 0x0F, 0x08, 0x1F
	.byte 0x08, 0x19, 0x0F, 0x1F, 0x00, 0x1F, 0x00, 0x00, 0x00, 0x00, 0x00, 0x00, 0x00, 0x01, 0x07, 0x0F
	.byte 0x08, 0x1F, 0x00, 0x19, 0x07, 0x0F, 0x08, 0x1F, 0x08, 0x19, 0x07, 0x1F, 0x00, 0x0F, 0x00, 0x00
	.byte 0x00, 0x00, 0x00, 0x00, 0x00, 0x00, 0x0F, 0x1F, 0x00, 0x1F, 0x07, 0x0F, 0x08, 0x1F, 0x08, 0x19
	.byte 0x07, 0x1F, 0x00, 0x0F, 0x07, 0x0F, 0x08, 0x1F, 0x08, 0x19, 0x07, 0x1F, 0x00, 0x0F, 0x0F, 0x1F
	.byte 0x02, 0x1F, 0x05, 0x0F, 0x08, 0x1F, 0x00, 0x19, 0x0C, 0x0C, 0x0C, 0x1C, 0x00, 0x18, 0x00, 0x00
	.byte 0x00, 0x00, 0x00, 0x00, 0x00, 0x00, 0x00, 0x00, 0x00, 0x00, 0x00, 0x00, 0x00, 0x00, 0x00, 0x00
	.byte 0x00, 0x00, 0x00, 0x00, 0x00, 0x00, 0x00, 0x00, 0x00, 0x00, 0x00, 0x00, 0x00, 0x00, 0x00, 0x00
	.byte 0x00, 0x00, 0x00, 0x00, 0x00, 0x00, 0x00, 0x00, 0x00, 0x00, 0x00, 0x00, 0x00, 0x00, 0x00, 0x00
	.byte 0x00, 0x00, 0x00, 0x00, 0x00, 0x00, 0x00, 0x00

ov112_021FDB98: ; 0x021FDB98
	.byte 0x00, 0x00, 0x00, 0x00, 0xA0, 0xE0, 0x00, 0xE0
	.byte 0x00, 0x00, 0x80, 0x80, 0x80, 0x80, 0x80, 0x80, 0x00, 0x80, 0x00, 0x00, 0x00, 0x00, 0x00, 0x00
	.byte 0x10, 0x30, 0xF0, 0xF0, 0x00, 0xF0, 0x00, 0x00, 0x80, 0x80, 0x80, 0x80, 0x00, 0x80, 0x00, 0x00
	.byte 0x00, 0x00, 0x80, 0x80, 0x80, 0x80, 0x00, 0x80, 0x00, 0x00, 0xF0, 0xF0, 0x00, 0xF0, 0x00, 0x00
	.byte 0x80, 0x80, 0x00, 0x80, 0xA0, 0xE0, 0x00, 0xE0, 0x80, 0x80, 0x00, 0x80, 0x80, 0x80, 0x00, 0x80
	.byte 0x00, 0x00, 0x00, 0x00, 0x80, 0x80, 0x80, 0x80, 0x80, 0x80, 0x00, 0x80, 0x00, 0x00, 0x00, 0x00
	.byte 0x00, 0x00, 0x00, 0x00, 0x80, 0x80, 0x80, 0x80, 0x00, 0x80, 0x00, 0x00, 0x80, 0x80, 0x00, 0x80
	.byte 0x80, 0x80, 0x00, 0x80, 0x00, 0x00, 0x00, 0x00, 0x80, 0x80, 0x80, 0x80, 0x00, 0x80, 0x00, 0x00
	.byte 0x80, 0x80, 0x00, 0x80, 0x00, 0x00, 0x80, 0x80, 0x00, 0x80, 0x80, 0x80, 0x00, 0x80, 0x80, 0x80
	.byte 0x00, 0x80, 0x00, 0x00, 0x00, 0x00, 0x80, 0x80, 0x80, 0x80, 0xF0, 0xF0, 0x00, 0xF0, 0x00, 0x00
	.byte 0x00, 0x00, 0x00, 0x00, 0x00, 0x00, 0x00, 0x00, 0x00, 0x00, 0x00, 0x00, 0x00, 0x00, 0x00, 0x00
	.byte 0x00, 0x00, 0x00, 0x00, 0x00, 0x00, 0x00, 0x00, 0x00, 0x00, 0x00, 0x00, 0x00, 0x00, 0x00, 0x00
	.byte 0x00, 0x00, 0x00, 0x00, 0x00, 0x00, 0x00, 0x00, 0x00, 0x00, 0x00, 0x00, 0x0F, 0x1F, 0x00, 0x1F
	.byte 0x09, 0x1B, 0x0A, 0x1F, 0x0A, 0x1F, 0x04, 0x1F, 0x00, 0x0D, 0x00, 0x00, 0x00, 0x00, 0x00, 0x00
	.byte 0x00, 0x00, 0x0F, 0x1F, 0x00, 0x1F, 0x07, 0x0F, 0x08, 0x1F, 0x08, 0x19, 0x07, 0x1F, 0x00, 0x0F
	.byte 0x07, 0x0F, 0x08, 0x1F, 0x08, 0x19, 0x07, 0x1F, 0x00, 0x0F, 0x0F, 0x1F, 0x02, 0x1F, 0x05, 0x0F
	.byte 0x08, 0x1F, 0x00, 0x19, 0x0F, 0x1F, 0x00, 0x1F, 0x0F, 0x1F, 0x01, 0x1F, 0x00, 0x03, 0x0F, 0x1F
	.byte 0x00, 0x1F, 0x03, 0x07, 0x24, 0x6F, 0x24, 0x6D, 0x1F, 0x7F, 0x00, 0x3F, 0x00, 0x00, 0x00, 0x00
	.byte 0x00, 0x00, 0x04, 0x0C, 0x0A, 0x1F, 0x0A, 0x1F, 0x0F, 0x1F, 0x00, 0x1F, 0x0F, 0x1F, 0x01, 0x1F
	.byte 0x00, 0x01, 0x01, 0x03, 0x00, 0x03, 0x07, 0x0F, 0x08, 0x1F, 0x08, 0x19, 0x07, 0x1F, 0x00, 0x0F
	.byte 0x07, 0x0F, 0x08, 0x1F, 0x08, 0x18, 0x0F, 0x1F, 0x00, 0x1F, 0x0F, 0x1F, 0x01, 0x1F, 0x00, 0x03
	.byte 0x0F, 0x1F, 0x00, 0x1F, 0x07, 0x0F, 0x08, 0x1F, 0x08, 0x19, 0x0F, 0x1F, 0x00, 0x1F, 0x0C, 0x0C
	.byte 0x0C, 0x1C, 0x00, 0x18, 0x00, 0x00, 0x00, 0x00, 0x00, 0x00, 0x00, 0x00, 0x00, 0x00, 0x00, 0x00
	.byte 0x00, 0x00, 0x00, 0x00, 0x00, 0x00, 0x00, 0x00, 0x00, 0x00, 0x00, 0x00, 0x00, 0x00, 0x00, 0x00
	.byte 0x00, 0x00, 0x00, 0x00, 0x00, 0x00, 0x00, 0x00

ov112_021FDD18: ; 0x021FDD18
	.byte 0x00, 0x00, 0x00, 0x00, 0xA0, 0xE0, 0x00, 0xE0
	.byte 0x00, 0x00, 0x80, 0x80, 0x80, 0x80, 0x80, 0x80, 0x00, 0x80, 0x00, 0x00, 0x00, 0x00, 0x00, 0x00
	.byte 0x10, 0x30, 0xF0, 0xF0, 0x00, 0xF0, 0x00, 0x00, 0x80, 0x80, 0x80, 0x80, 0x00, 0x80, 0x00, 0x00
	.byte 0x00, 0x00, 0x80, 0x80, 0x80, 0x80, 0x00, 0x80, 0x00, 0x00, 0xF0, 0xF0, 0x00, 0xF0, 0x00, 0x00
	.byte 0x80, 0x80, 0x00, 0x80, 0xA0, 0xE0, 0x00, 0xE0, 0x80, 0x80, 0x00, 0x80, 0x80, 0x80, 0x00, 0x80
	.byte 0x00, 0x00, 0x00, 0x00, 0x80, 0x80, 0x80, 0x80, 0x80, 0x80, 0x00, 0x80, 0x00, 0x00, 0x00, 0x00
	.byte 0x00, 0x00, 0x80, 0x80, 0xC0, 0xC0, 0x80, 0xC0, 0x00, 0x80, 0xF0, 0xF0, 0x80, 0xF0, 0x80, 0x80
	.byte 0x00, 0x80, 0x00, 0x00, 0xA0, 0xE0, 0x00, 0xE0, 0x00, 0x00, 0x80, 0x80, 0x80, 0x80, 0x80, 0x80
	.byte 0x00, 0x80, 0x00, 0x00, 0x00, 0x00, 0x00, 0x00, 0x80, 0x80, 0x00, 0x80, 0x00, 0x00, 0x80, 0x80
	.byte 0x00, 0x80, 0x00, 0x00, 0x80, 0x80, 0x80, 0x80, 0x00, 0x80, 0x00, 0x00, 0x80, 0x80, 0x00, 0x80
	.byte 0x00, 0x00, 0x80, 0x80, 0x00, 0x80, 0x00, 0x00, 0x00, 0x00, 0x00, 0x00, 0x00, 0x00, 0x00, 0x00
	.byte 0x00, 0x00, 0x00, 0x00, 0x00, 0x00, 0x00, 0x00, 0x00, 0x00, 0x00, 0x00, 0x00, 0x00, 0x00, 0x00
	.byte 0x00, 0x00, 0x00, 0x00, 0x00, 0x00, 0x00, 0x00, 0x00, 0x00, 0x00, 0x00, 0x0F, 0x1F, 0x00, 0x1F
	.byte 0x09, 0x1B, 0x0A, 0x1F, 0x0A, 0x1F, 0x04, 0x1F, 0x00, 0x0D, 0x00, 0x00, 0x00, 0x00, 0x00, 0x00
	.byte 0x00, 0x00, 0x0F, 0x1F, 0x00, 0x1F, 0x07, 0x0F, 0x08, 0x1F, 0x08, 0x19, 0x07, 0x1F, 0x00, 0x0F
	.byte 0x07, 0x0F, 0x08, 0x1F, 0x08, 0x19, 0x07, 0x1F, 0x00, 0x0F, 0x0F, 0x1F, 0x02, 0x1F, 0x05, 0x0F
	.byte 0x08, 0x1F, 0x00, 0x19, 0x0F, 0x1F, 0x00, 0x1F, 0x0F, 0x1F, 0x01, 0x1F, 0x00, 0x03, 0x0F, 0x1F
	.byte 0x00, 0x1F, 0x03, 0x07, 0x24, 0x6F, 0x24, 0x6D, 0x1F, 0x7F, 0x00, 0x3F, 0x00, 0x00, 0x00, 0x00
	.byte 0x00, 0x00, 0x00, 0x01, 0x07, 0x0F, 0x08, 0x1F, 0x00, 0x19, 0x0F, 0x1F, 0x00, 0x1F, 0x00, 0x01
	.byte 0x0F, 0x1F, 0x00, 0x1F, 0x0F, 0x1F, 0x00, 0x1F, 0x09, 0x1B, 0x0A, 0x1F, 0x0A, 0x1F, 0x04, 0x1F
	.byte 0x00, 0x0D, 0x00, 0x00, 0x00, 0x00, 0x00, 0x00, 0x0F, 0x1F, 0x06, 0x1F, 0x08, 0x1E, 0x07, 0x1F
	.byte 0x00, 0x0F, 0x04, 0x0C, 0x0A, 0x1F, 0x0A, 0x1F, 0x0F, 0x1F, 0x00, 0x1F, 0x03, 0x07, 0x24, 0x6F
	.byte 0x24, 0x6C, 0x1F, 0x7F, 0x00, 0x3F, 0x0C, 0x0C, 0x0C, 0x1C, 0x00, 0x18, 0x00, 0x00, 0x00, 0x00
	.byte 0x00, 0x00, 0x00, 0x00, 0x00, 0x00, 0x00, 0x00, 0x00, 0x00, 0x00, 0x00, 0x00, 0x00, 0x00, 0x00
	.byte 0x00, 0x00, 0x00, 0x00, 0x00, 0x00, 0x00, 0x00

ov112_021FDE98: ; 0x021FDE98
	.byte 0x00, 0x00, 0x00, 0x00, 0xA0, 0xE0, 0x00, 0xE0
	.byte 0x00, 0x00, 0x80, 0x80, 0x80, 0x80, 0x80, 0x80, 0x00, 0x80, 0x00, 0x00, 0x00, 0x00, 0x00, 0x00
	.byte 0x00, 0x00, 0x80, 0x80, 0x80, 0x80, 0xF0, 0xF0, 0x00, 0xF0, 0x00, 0x00, 0x80, 0x80, 0x80, 0x80
	.byte 0x00, 0x80, 0x00, 0x00, 0x80, 0x80, 0x00, 0x80, 0x00, 0x00, 0x80, 0x80, 0x00, 0x80, 0x00, 0x00
	.byte 0x80, 0x80, 0x80, 0x80, 0xF0, 0xF0, 0x00, 0xF0, 0x80, 0x80, 0x00, 0x80, 0x80, 0x80, 0x00, 0x80
	.byte 0x00, 0x00, 0x00, 0x00, 0x80, 0x80, 0x80, 0x80, 0x00, 0x80, 0x00, 0x00, 0x00, 0x00, 0x80, 0x80
	.byte 0x80, 0x80, 0x00, 0x80, 0x00, 0x00, 0x80, 0x80, 0x00, 0x80, 0x80, 0x80, 0x00, 0x80, 0x00, 0x00
	.byte 0xA0, 0xE0, 0x00, 0xE0, 0x80, 0x80, 0x00, 0x80, 0x80, 0x80, 0x00, 0x80, 0x00, 0x00, 0x00, 0x00
	.byte 0x80, 0x80, 0x80, 0x80, 0x80, 0x80, 0x00, 0x80, 0x00, 0x00, 0x00, 0x00, 0x00, 0x00, 0x00, 0x00
	.byte 0x00, 0x00, 0x00, 0x00, 0x00, 0x00, 0x00, 0x00, 0x00, 0x00, 0x00, 0x00, 0x00, 0x00, 0x00, 0x00
	.byte 0x00, 0x00, 0x00, 0x00, 0x00, 0x00, 0x00, 0x00, 0x00, 0x00, 0x00, 0x00, 0x00, 0x00, 0x00, 0x00
	.byte 0x00, 0x00, 0x00, 0x00, 0x00, 0x00, 0x00, 0x00, 0x00, 0x00, 0x00, 0x00, 0x00, 0x00, 0x00, 0x00
	.byte 0x00, 0x00, 0x00, 0x00, 0x00, 0x00, 0x00, 0x00, 0x00, 0x00, 0x00, 0x00, 0x0F, 0x1F, 0x00, 0x1F
	.byte 0x09, 0x1B, 0x0A, 0x1F, 0x0A, 0x1F, 0x04, 0x1F, 0x00, 0x0D, 0x00, 0x00, 0x00, 0x00, 0x00, 0x00
	.byte 0x07, 0x0F, 0x08, 0x1F, 0x08, 0x19, 0x0F, 0x1F, 0x00, 0x1F, 0x04, 0x0C, 0x0A, 0x1F, 0x0A, 0x1F
	.byte 0x0F, 0x1F, 0x00, 0x1F, 0x03, 0x07, 0x24, 0x6F, 0x24, 0x6C, 0x1F, 0x7F, 0x00, 0x3F, 0x07, 0x0F
	.byte 0x08, 0x1F, 0x08, 0x19, 0x0F, 0x1F, 0x00, 0x1F, 0x0F, 0x1F, 0x01, 0x1F, 0x00, 0x01, 0x01, 0x03
	.byte 0x00, 0x03, 0x07, 0x0F, 0x0A, 0x1F, 0x0A, 0x1F, 0x0B, 0x1F, 0x00, 0x1F, 0x04, 0x0C, 0x0A, 0x1F
	.byte 0x0A, 0x1F, 0x0F, 0x1F, 0x00, 0x1F, 0x0F, 0x1F, 0x0F, 0x1F, 0x00, 0x1F, 0x0F, 0x1F, 0x00, 0x1F
	.byte 0x0F, 0x1F, 0x00, 0x1F, 0x0F, 0x1F, 0x01, 0x1F, 0x00, 0x03, 0x0F, 0x1F, 0x00, 0x1F, 0x03, 0x07
	.byte 0x24, 0x6F, 0x24, 0x6D, 0x1F, 0x7F, 0x00, 0x3F, 0x0C, 0x0C, 0x0C, 0x1C, 0x00, 0x18, 0x00, 0x00
	.byte 0x00, 0x00, 0x00, 0x00, 0x00, 0x00, 0x00, 0x00, 0x00, 0x00, 0x00, 0x00, 0x00, 0x00, 0x00, 0x00
	.byte 0x00, 0x00, 0x00, 0x00, 0x00, 0x00, 0x00, 0x00, 0x00, 0x00, 0x00, 0x00, 0x00, 0x00, 0x00, 0x00
	.byte 0x00, 0x00, 0x00, 0x00, 0x00, 0x00, 0x00, 0x00, 0x00, 0x00, 0x00, 0x00, 0x00, 0x00, 0x00, 0x00
	.byte 0x00, 0x00, 0x00, 0x00, 0x00, 0x00, 0x00, 0x00

ov112_021FE018: ; 0x021FE018
	.byte 0x00, 0x00, 0x00, 0x00, 0xF0, 0xF0, 0x90, 0xF0
	.byte 0x90, 0xB0, 0x10, 0xB0, 0x00, 0x30, 0x00, 0x00, 0x80, 0x80, 0x80, 0x80, 0x00, 0x80, 0x00, 0x00
	.byte 0x80, 0x80, 0x00, 0x80, 0x00, 0x00, 0x80, 0x80, 0x00, 0x80, 0x80, 0x80, 0x00, 0x80, 0x80, 0x80
	.byte 0x00, 0x80, 0x00, 0x00, 0x00, 0x00, 0x80, 0x80, 0x80, 0x80, 0xF0, 0xF0, 0x00, 0xF0, 0x00, 0x00
	.byte 0x00, 0x00, 0x00, 0x00, 0x00, 0x00, 0x80, 0x80, 0x80, 0x80, 0x80, 0x80, 0x00, 0x80, 0x00, 0x00
	.byte 0x80, 0x80, 0x80, 0x80, 0x00, 0x80, 0x00, 0x00, 0x80, 0x80, 0x00, 0x80, 0x80, 0x80, 0x00, 0x80
	.byte 0x00, 0x00, 0x00, 0x00, 0x80, 0x80, 0x80, 0x80, 0x00, 0x80, 0x00, 0x00, 0x80, 0x80, 0xC0, 0xC0
	.byte 0x80, 0xC0, 0x00, 0x80, 0xF0, 0xF0, 0x80, 0xF0, 0x80, 0x80, 0x00, 0x80, 0x00, 0x00, 0xA0, 0xE0
	.byte 0x00, 0xE0, 0x80, 0x80, 0x00, 0x80, 0x80, 0x80, 0x00, 0x80, 0x00, 0x00, 0x00, 0x00, 0x80, 0x80
	.byte 0x80, 0x80, 0x80, 0x80, 0x00, 0x80, 0x00, 0x00, 0x00, 0x00, 0x00, 0x00, 0x00, 0x00, 0x00, 0x00
	.byte 0x00, 0x00, 0x00, 0x00, 0x00, 0x00, 0x00, 0x00, 0x00, 0x00, 0x00, 0x00, 0x00, 0x00, 0x00, 0x00
	.byte 0x00, 0x00, 0x00, 0x00, 0x00, 0x00, 0x00, 0x00, 0x00, 0x00, 0x00, 0x00, 0x00, 0x00, 0x00, 0x00
	.byte 0x00, 0x00, 0x00, 0x00, 0x00, 0x00, 0x00, 0x00, 0x00, 0x00, 0x00, 0x00, 0x0F, 0x1F, 0x00, 0x1F
	.byte 0x00, 0x01, 0x00, 0x01, 0x00, 0x00, 0x07, 0x0F, 0x08, 0x1F, 0x08, 0x19, 0x07, 0x1F, 0x00, 0x0F
	.byte 0x07, 0x0F, 0x08, 0x1F, 0x08, 0x18, 0x0F, 0x1F, 0x00, 0x1F, 0x0F, 0x1F, 0x01, 0x1F, 0x00, 0x03
	.byte 0x0F, 0x1F, 0x00, 0x1F, 0x07, 0x0F, 0x08, 0x1F, 0x08, 0x19, 0x0F, 0x1F, 0x00, 0x1F, 0x00, 0x00
	.byte 0x00, 0x00, 0x00, 0x00, 0x09, 0x1B, 0x0A, 0x1F, 0x0A, 0x1F, 0x04, 0x1F, 0x00, 0x0D, 0x07, 0x0F
	.byte 0x08, 0x1F, 0x08, 0x19, 0x07, 0x1F, 0x00, 0x0F, 0x0F, 0x1F, 0x0F, 0x1F, 0x00, 0x1F, 0x0F, 0x1F
	.byte 0x00, 0x1F, 0x07, 0x0F, 0x0A, 0x1F, 0x0A, 0x1F, 0x0B, 0x1F, 0x00, 0x1F, 0x00, 0x01, 0x07, 0x0F
	.byte 0x08, 0x1F, 0x00, 0x19, 0x0F, 0x1F, 0x00, 0x1F, 0x00, 0x01, 0x0F, 0x1F, 0x00, 0x1F, 0x0F, 0x1F
	.byte 0x00, 0x1F, 0x0F, 0x1F, 0x01, 0x1F, 0x00, 0x03, 0x0F, 0x1F, 0x00, 0x1F, 0x03, 0x07, 0x24, 0x6F
	.byte 0x24, 0x6D, 0x1F, 0x7F, 0x00, 0x3F, 0x0C, 0x0C, 0x0C, 0x1C, 0x00, 0x18, 0x00, 0x00, 0x00, 0x00
	.byte 0x00, 0x00, 0x00, 0x00, 0x00, 0x00, 0x00, 0x00, 0x00, 0x00, 0x00, 0x00, 0x00, 0x00, 0x00, 0x00
	.byte 0x00, 0x00, 0x00, 0x00, 0x00, 0x00, 0x00, 0x00, 0x00, 0x00, 0x00, 0x00, 0x00, 0x00, 0x00, 0x00
	.byte 0x00, 0x00, 0x00, 0x00, 0x00, 0x00, 0x00, 0x00

ov112_021FE198: ; 0x021FE198
	.byte 0xFE, 0xFE, 0xFF, 0x01, 0x03, 0x05, 0x03, 0x01
	.byte 0x03, 0x01, 0x83, 0x81, 0xC3, 0xC1, 0xE3, 0xE1, 0xE3, 0xE1, 0x03, 0x01, 0xE3, 0xE1, 0x13, 0xF1
	.byte 0x13, 0x31, 0xE3, 0xF1, 0x03, 0xE1, 0x13, 0x31, 0xF3, 0xF1, 0x13, 0xF1, 0x03, 0x31, 0x13, 0x31
	.byte 0xF3, 0xF1, 0x13, 0xF1, 0x03, 0x31, 0xE3, 0xE1, 0x13, 0xF1, 0x13, 0x31, 0xE3, 0xF1, 0x03, 0xE1
	.byte 0xE3, 0xE1, 0x13, 0xF1, 0x13, 0x31, 0x63, 0xF1, 0x03, 0xE1, 0xF3, 0xF1, 0x83, 0xF1, 0x63, 0xE1
	.byte 0x13, 0xF1, 0x03, 0x31, 0x03, 0x01, 0x03, 0x01, 0x03, 0x01, 0x03, 0x01, 0x03, 0x01, 0x03, 0x01
	.byte 0x03, 0x01, 0x03, 0x01, 0x03, 0x01, 0x03, 0x01, 0x03, 0x01, 0x03, 0x01, 0x03, 0x01, 0x03, 0x01
	.byte 0x03, 0x01, 0x03, 0x01, 0x03, 0x01, 0x03, 0x01, 0x03, 0x01, 0x03, 0x01, 0x03, 0x01, 0x03, 0x01
	.byte 0xF3, 0xF1, 0x93, 0xF1, 0x93, 0xB1, 0x93, 0xB1, 0x03, 0xB1, 0xF3, 0xF1, 0x03, 0xF1, 0x03, 0x01
	.byte 0xF3, 0xF1, 0x03, 0xF1, 0xE3, 0xE1, 0x13, 0xF1, 0x13, 0x31, 0xE3, 0xF1, 0x03, 0xE1, 0xF3, 0xF1
	.byte 0x13, 0xF1, 0x13, 0x31, 0xE3, 0xF1, 0x03, 0xE1, 0xF3, 0xF1, 0x93, 0xF1, 0x93, 0xB1, 0x93, 0xB1
	.byte 0x03, 0xB1, 0x03, 0x01, 0x03, 0x01, 0xE3, 0xE1, 0xE3, 0xE1, 0xC3, 0xC1, 0x83, 0x81, 0x03, 0x01
	.byte 0x03, 0x01, 0x03, 0x05, 0xFF, 0x01, 0xFE, 0xFE, 0xFF, 0xFF, 0xFF, 0x00, 0x00, 0x00, 0x00, 0x00
	.byte 0x03, 0x03, 0x07, 0x07, 0x0F, 0x0F, 0x1F, 0x1F, 0x1F, 0x1F, 0x00, 0x00, 0x0F, 0x1F, 0x01, 0x1F
	.byte 0x01, 0x03, 0x0F, 0x1F, 0x00, 0x1F, 0x00, 0x00, 0x0F, 0x1F, 0x00, 0x1F, 0x00, 0x00, 0x00, 0x00
	.byte 0x0F, 0x1F, 0x00, 0x1F, 0x00, 0x00, 0x0F, 0x1F, 0x01, 0x1F, 0x01, 0x03, 0x0F, 0x1F, 0x00, 0x1F
	.byte 0x07, 0x0F, 0x08, 0x1F, 0x08, 0x18, 0x06, 0x1E, 0x00, 0x0E, 0x0F, 0x1F, 0x01, 0x1F, 0x02, 0x07
	.byte 0x0C, 0x1E, 0x00, 0x1C, 0x00, 0x00, 0x00, 0x00, 0x00, 0x00, 0x00, 0x00, 0x00, 0x00, 0x00, 0x00
	.byte 0x00, 0x00, 0x00, 0x00, 0x00, 0x00, 0x00, 0x00, 0x00, 0x00, 0x00, 0x00, 0x00, 0x00, 0x00, 0x00
	.byte 0x00, 0x00, 0x00, 0x00, 0x00, 0x00, 0x00, 0x00, 0x00, 0x00, 0x00, 0x00, 0x00, 0x00, 0x00, 0x00
	.byte 0x0F, 0x1F, 0x08, 0x1F, 0x08, 0x19, 0x08, 0x19, 0x00, 0x19, 0x03, 0x07, 0x0C, 0x1F, 0x03, 0x1F
	.byte 0x00, 0x07, 0x00, 0x01, 0x0F, 0x1F, 0x01, 0x1F, 0x01, 0x03, 0x0F, 0x1F, 0x00, 0x1F, 0x0F, 0x1F
	.byte 0x08, 0x1F, 0x08, 0x18, 0x07, 0x1F, 0x00, 0x0F, 0x0F, 0x1F, 0x08, 0x1F, 0x08, 0x19, 0x08, 0x19
	.byte 0x00, 0x19, 0x00, 0x00, 0x00, 0x00, 0x1F, 0x1F, 0x1F, 0x1F, 0x0F, 0x0F, 0x07, 0x07, 0x03, 0x03
	.byte 0x00, 0x00, 0x00, 0x00, 0xFF, 0x00, 0xFF, 0xFF, 0xFF, 0xFF, 0xFF, 0x00, 0x00, 0x00, 0x00, 0x00
	.byte 0x00, 0x00, 0x00, 0x00, 0x00, 0x00, 0x00, 0x00, 0x00, 0x00, 0x00, 0x00, 0x00, 0x00, 0x00, 0x00
	.byte 0x00, 0x00, 0x00, 0x00, 0x00, 0x00, 0x00, 0x00, 0x00, 0x00, 0x00, 0x00, 0x00, 0x00, 0x00, 0x00
	.byte 0x00, 0x00, 0x00, 0x00, 0x00, 0x00, 0x00, 0x00, 0x00, 0x00, 0xE0, 0xE0, 0xF0, 0xF0, 0xF0, 0xF0
	.byte 0xF0, 0xF0, 0xF0, 0xF0, 0xE0, 0xE0, 0x00, 0x00, 0x00, 0x00, 0xE0, 0xE0, 0x10, 0xF0, 0x10, 0x30
	.byte 0x60, 0xF0, 0x00, 0xE0, 0xE0, 0xE0, 0x10, 0xF0, 0x10, 0x30, 0xE0, 0xF0, 0x00, 0xE0, 0x10, 0x30
	.byte 0xF0, 0xF0, 0x10, 0xF0, 0x00, 0x30, 0xE0, 0xE0, 0x10, 0xF0, 0x10, 0x30, 0x60, 0xF0, 0x00, 0xE0
	.byte 0xF0, 0xF0, 0x80, 0xF0, 0x80, 0x80, 0xF0, 0xF0, 0x00, 0xF0, 0x00, 0x00, 0x00, 0x00, 0x00, 0x00
	.byte 0x00, 0x00, 0x00, 0x00, 0x00, 0x00, 0x00, 0x00, 0x00, 0x00, 0x00, 0x00, 0x00, 0x00, 0x00, 0x00
	.byte 0x00, 0x00, 0x00, 0x00, 0x00, 0x00, 0x00, 0x00, 0x00, 0x00, 0x00, 0x00, 0x00, 0x00, 0x00, 0x00
	.byte 0x00, 0x00, 0x00, 0x00, 0x00, 0x00, 0x00, 0x00, 0x00, 0x00, 0x00, 0x00, 0x00, 0x00, 0x00, 0x00
	.byte 0x00, 0x00, 0x00, 0x00, 0x00, 0x00, 0x00, 0x00, 0x00, 0x00, 0x00, 0x00, 0x00, 0x00, 0x00, 0x00
	.byte 0x00, 0x00, 0x00, 0x00, 0xFF, 0x00, 0xFF, 0xFF, 0x7F, 0x7F, 0xFF, 0x80, 0xC0, 0xA0, 0xC0, 0x80
	.byte 0xC0, 0x80, 0xC0, 0x80, 0xC0, 0x80, 0xC0, 0x80, 0xC0, 0x80, 0xC0, 0x80, 0xC0, 0x80, 0xC0, 0x80
	.byte 0xC0, 0x80, 0xC0, 0x80, 0xC0, 0x80, 0xC0, 0x80, 0xC0, 0x80, 0xC0, 0x80, 0xC0, 0x80, 0xC0, 0x80
	.byte 0xC0, 0x80, 0xC0, 0x80, 0xC0, 0x80, 0xC0, 0x80, 0xC0, 0x80, 0xC1, 0x81, 0xC3, 0x83, 0xC3, 0x83
	.byte 0xC3, 0x83, 0xC3, 0x83, 0xC1, 0x81, 0xC0, 0x80, 0xC0, 0x80, 0xC7, 0x8F, 0xC8, 0x9F, 0xC8, 0x98
	.byte 0xC6, 0x9E, 0xC0, 0x8E, 0xCF, 0x9F, 0xC1, 0x9F, 0xC1, 0x83, 0xCF, 0x9F, 0xC0, 0x9F, 0xC0, 0x80
	.byte 0xCF, 0x9F, 0xC0, 0x9F, 0xC0, 0x80, 0xC7, 0x8F, 0xC8, 0x9F, 0xC8, 0x98, 0xC6, 0x9E, 0xC0, 0x8E
	.byte 0xCF, 0x9F, 0xC0, 0x9F, 0xC0, 0x81, 0xCF, 0x9F, 0xC0, 0x9F, 0xC0, 0x80, 0xC0, 0x80, 0xC0, 0x80
	.byte 0xC0, 0x80, 0xC0, 0x80, 0xC0, 0x80, 0xC0, 0x80, 0xC0, 0x80, 0xC0, 0x80, 0xC0, 0x80, 0xC0, 0x80
	.byte 0xC0, 0x80, 0xC0, 0x80, 0xC0, 0x80, 0xC0, 0x80, 0xC0, 0x80, 0xC0, 0x80, 0xC0, 0x80, 0xC0, 0x80
	.byte 0xC0, 0x80, 0xC0, 0x80, 0xC0, 0x80, 0xC0, 0x80, 0xC0, 0x80, 0xC0, 0x80, 0xC0, 0x80, 0xC0, 0x80
	.byte 0xC0, 0x80, 0xC0, 0x80, 0xC0, 0x80, 0xC0, 0x80, 0xC0, 0x80, 0xC0, 0x80, 0xC0, 0x80, 0xC0, 0x80
	.byte 0xC0, 0x80, 0xC0, 0xA0, 0xFF, 0x80, 0x7F, 0x7F

ov112_021FE498: ; 0x021FE498
	.byte 0x00, 0x00, 0x00, 0x00, 0x00, 0x00, 0x00, 0x00
	.byte 0x00, 0x00, 0x00, 0x00, 0x00, 0x00, 0x00, 0x00, 0x00, 0x00, 0x00, 0x00, 0x00, 0x00, 0x00, 0x00
	.byte 0x00, 0x00, 0x00, 0x00, 0x00, 0x00, 0x00, 0x00, 0xF8, 0xF8, 0x04, 0xFC, 0x02, 0xFE, 0xE1, 0xFF
	.byte 0x31, 0xFF, 0x11, 0xFF, 0x12, 0xFE, 0x62, 0xFE, 0xC4, 0xFC, 0x18, 0xF8, 0xE0, 0xE0, 0x00, 0x00
	.byte 0x00, 0x00, 0x00, 0x00, 0x00, 0x00, 0x00, 0x00, 0x00, 0x00, 0x00, 0x00, 0x00, 0x00, 0x00, 0x00
	.byte 0x00, 0x00, 0x00, 0x00, 0x80, 0x80, 0x60, 0xE0, 0x10, 0xF0, 0x88, 0xF8, 0x48, 0xF8, 0x24, 0xFC
	.byte 0x24, 0xFC, 0x64, 0xFC, 0xC4, 0xFC, 0x08, 0xF8, 0x30, 0xF0, 0xC0, 0xC0, 0x00, 0x00, 0x00, 0x00
	.byte 0x00, 0x00, 0x00, 0x00, 0x00, 0x00, 0x00, 0x00, 0x00, 0x00, 0x00, 0x00, 0x00, 0x00, 0x00, 0x00
	.byte 0x00, 0x00, 0x00, 0x00, 0x00, 0x00, 0x00, 0x00, 0x00, 0x00, 0x00, 0x00, 0x00, 0x00, 0x00, 0x00
	.byte 0x00, 0x00, 0x00, 0x00, 0x00, 0x00, 0x00, 0x00, 0x00, 0x00, 0x00, 0x00, 0x00, 0x00, 0x00, 0x00
	.byte 0x00, 0x00, 0x00, 0x00, 0x00, 0x00, 0x00, 0x00, 0x00, 0x00, 0x03, 0x03, 0x0C, 0x0F, 0x11, 0x1F
	.byte 0x23, 0x3F, 0xA4, 0xBF, 0x49, 0xFF, 0x52, 0xFF, 0x13, 0xFF, 0x00, 0xFF, 0x00, 0xFF, 0x1F, 0xFF
	.byte 0x10, 0xF0, 0x08, 0xF8, 0x08, 0xF8, 0x08, 0xF8, 0x08, 0xF8, 0x08, 0xF8, 0x08, 0xF8, 0x10, 0xF0
	.byte 0x10, 0xF0, 0x3C, 0xFC, 0x03, 0xFF, 0x00, 0xFF, 0x20, 0xFF, 0xA3, 0xFF, 0x52, 0x7F, 0x51, 0x7F
	.byte 0x28, 0x3F, 0x26, 0x3F, 0x11, 0x1F, 0x08, 0x0F, 0x06, 0x07, 0x01, 0x01, 0x00, 0x00, 0x00, 0x00
	.byte 0x00, 0x00, 0x00, 0x00, 0x00, 0x00, 0x00, 0x00, 0x00, 0x00, 0x00, 0x00, 0x00, 0x00, 0x00, 0x00
	.byte 0x00, 0x00, 0x00, 0x00, 0x00, 0x00, 0x00, 0x00, 0x00, 0x00, 0x00, 0x00, 0x00, 0x00, 0x00, 0x00
	.byte 0x00, 0x00, 0x00, 0x00, 0x00, 0x00, 0x00, 0x00, 0x00, 0x00, 0x00, 0x00, 0x00, 0x00, 0x00, 0x00
	.byte 0x00, 0x00, 0x00, 0x00, 0x00, 0x00, 0x00, 0x00, 0x00, 0x00, 0x00, 0x00, 0xF0, 0xF0, 0x0C, 0xFC
	.byte 0xE3, 0xFF, 0x10, 0xFF, 0xC8, 0xFF, 0x28, 0xFF, 0x68, 0xFF, 0x10, 0xFF, 0xE0, 0xFF, 0x00, 0xFF
	.byte 0x00, 0xFF, 0x00, 0xFF, 0x00, 0xFF, 0x00, 0xFF, 0xC0, 0xFF, 0x60, 0xFF, 0xB0, 0xFF, 0x50, 0xFF
	.byte 0x50, 0xFF, 0x90, 0xFF, 0x20, 0xFF, 0xC0, 0xFF, 0x00, 0xFF, 0x01, 0xFF, 0x02, 0xFE, 0x0C, 0xFC
	.byte 0xF0, 0xF0, 0x00, 0x00, 0x00, 0x00, 0x00, 0x00, 0x00, 0x00, 0x00, 0x00, 0x00, 0x00, 0x00, 0x00
	.byte 0x00, 0x00, 0x00, 0x00, 0x00, 0x00, 0x00, 0x00, 0x00, 0x00, 0x00, 0x00, 0x00, 0x00, 0x00, 0x00
	.byte 0x00, 0x00, 0x00, 0x00, 0x00, 0x00, 0x00, 0x00, 0x00, 0x00, 0x00, 0x00, 0x00, 0x00, 0x00, 0x00
	.byte 0x00, 0x00, 0x00, 0x00, 0x00, 0x00, 0x00, 0x00, 0x00, 0x00, 0x00, 0x00, 0x00, 0x00, 0x00, 0x00
	.byte 0x00, 0x00, 0x00, 0x00, 0x00, 0x00, 0xC0, 0xC0, 0xE0, 0x20, 0xE0, 0x60, 0xC3, 0x43, 0xCC, 0x4F
	.byte 0xD3, 0x5F, 0xA6, 0xBF, 0xC9, 0xFF, 0x83, 0xFF, 0x82, 0xFF, 0x13, 0xFF, 0x31, 0xFF, 0x70, 0xFF
	.byte 0x74, 0xFF, 0x74, 0xFF, 0x70, 0xFF, 0x30, 0xFF, 0x11, 0xFF, 0x02, 0xFF, 0x05, 0xFF, 0x04, 0xFF
	.byte 0x06, 0xFF, 0x13, 0xFF, 0x8C, 0xFF, 0x87, 0xFF, 0x40, 0x7F, 0x20, 0x3F, 0x10, 0x1F, 0x0C, 0x0F
	.byte 0x03, 0x03, 0x00, 0x00, 0x00, 0x00, 0x00, 0x00, 0x00, 0x00, 0x00, 0x00, 0x00, 0x00, 0x00, 0x00
	.byte 0x00, 0x00, 0x00, 0x00, 0x00, 0x00, 0x00, 0x00, 0x00, 0x00, 0x00, 0x00, 0x00, 0x00, 0x00, 0x00
	.byte 0x00, 0x00, 0x00, 0x00, 0x00, 0x00, 0x00, 0x00, 0x00, 0x00, 0x00, 0x00, 0x00, 0x00, 0x00, 0x00
	.byte 0x00, 0x00, 0x00, 0x00, 0x00, 0x00, 0x00, 0x00, 0x00, 0x00, 0x00, 0x00, 0x00, 0x00, 0x00, 0x00
	.byte 0x00, 0x00, 0x00, 0x00, 0x00, 0x00, 0x01, 0x01, 0x03, 0x02, 0x87, 0x84, 0xE7, 0x64, 0x1F, 0x18
	.byte 0x0F, 0x08, 0x07, 0x04, 0x03, 0x02, 0x03, 0x02, 0x01, 0x01, 0x01, 0x01, 0x01, 0x03, 0x00, 0x07
	.byte 0x00, 0x07, 0x00, 0x0F, 0x00, 0x0F, 0x00, 0x0F, 0x02, 0x8F, 0xE2, 0x1F, 0xFE, 0x07, 0xFD, 0x05
	.byte 0xF9, 0x09, 0xF9, 0x09, 0xF8, 0x08, 0xF0, 0x10, 0xF0, 0x90, 0x70, 0x70, 0x00, 0x00, 0x00, 0x00
	.byte 0x00, 0x00, 0x00, 0x00, 0x00, 0x00, 0x00, 0x00, 0x00, 0x00, 0x00, 0x00, 0x00, 0x00, 0x00, 0x00
	.byte 0x00, 0x00, 0x00, 0x00, 0x00, 0x00, 0x00, 0x00, 0x00, 0x00, 0x00, 0x00, 0x00, 0x00, 0x00, 0x00
	.byte 0x00, 0x00, 0x00, 0x00, 0x00, 0x00, 0x00, 0x00, 0x00, 0x00, 0x00, 0x00, 0x00, 0x00, 0x00, 0x00
	.byte 0x00, 0x00, 0x00, 0x00, 0x00, 0x00, 0x00, 0x00, 0x00, 0x00, 0x00, 0x00, 0x00, 0x00, 0x00, 0x00
	.byte 0x00, 0x00, 0x00, 0x00, 0x00, 0x00, 0x00, 0x00, 0x38, 0x38, 0x47, 0x67, 0xB3, 0xC2, 0xA3, 0xD2
	.byte 0x82, 0xE2, 0x44, 0x64, 0x2C, 0x30, 0x38, 0x20, 0x38, 0x20, 0x38, 0x20, 0x78, 0x40, 0xB8, 0xC0
	.byte 0x38, 0xC4, 0x1C, 0xE0, 0x1C, 0xE2, 0x1E, 0xE0, 0x1F, 0xE0, 0x3F, 0xC0, 0xFF, 0xC0, 0x3F, 0x3F
	.byte 0x01, 0x01, 0x01, 0x01, 0x01, 0x01, 0x01, 0x01, 0x00, 0x00, 0x00, 0x00, 0x00, 0x00, 0x00, 0x00
	.byte 0x00, 0x00, 0x00, 0x00, 0x00, 0x00, 0x00, 0x00, 0x00, 0x00, 0x00, 0x00, 0x00, 0x00, 0x00, 0x00
	.byte 0x00, 0x00, 0x00, 0x00, 0x00, 0x00, 0x00, 0x00, 0x00, 0x00, 0x00, 0x00, 0x00, 0x00, 0x00, 0x00
	.byte 0x00, 0x00, 0x00, 0x00, 0x00, 0x00, 0x00, 0x00, 0x00, 0x00, 0x00, 0x00, 0xF8, 0xF8, 0x04, 0xFC
	.byte 0x02, 0xFE, 0xE1, 0xFF, 0x31, 0xFF, 0x11, 0xFF, 0x12, 0xFE, 0x62, 0xFE, 0xC4, 0xFC, 0x18, 0xF8
	.byte 0xE0, 0xE0, 0x00, 0x00, 0x00, 0x00, 0x00, 0x00, 0x00, 0x00, 0x00, 0x00, 0x00, 0x00, 0x00, 0x00
	.byte 0x00, 0x00, 0x00, 0x00, 0x00, 0x00, 0x00, 0x00, 0x80, 0x80, 0x60, 0xE0, 0x10, 0xF0, 0x88, 0xF8
	.byte 0x48, 0xF8, 0x24, 0xFC, 0x24, 0xFC, 0x64, 0xFC, 0xC4, 0xFC, 0x08, 0xF8, 0x30, 0xF0, 0xC0, 0xC0
	.byte 0x00, 0x00, 0x00, 0x00, 0x00, 0x00, 0x00, 0x00, 0x00, 0x00, 0x00, 0x00, 0x00, 0x00, 0x00, 0x00
	.byte 0x00, 0x00, 0x00, 0x00, 0x00, 0x00, 0x00, 0x00, 0x00, 0x00, 0x00, 0x00, 0x00, 0x00, 0x00, 0x00
	.byte 0x00, 0x00, 0x00, 0x00, 0x00, 0x00, 0x00, 0x00, 0x00, 0x00, 0x00, 0x00, 0x00, 0x00, 0x00, 0x00
	.byte 0x00, 0x00, 0x00, 0x00, 0x00, 0x00, 0x00, 0x00, 0x00, 0x00, 0x00, 0x00, 0x00, 0x00, 0x03, 0x03
	.byte 0x0C, 0x0F, 0x11, 0x1F, 0x23, 0x3F, 0xA4, 0xBF, 0x49, 0xFF, 0x52, 0xFF, 0x13, 0xFF, 0x00, 0xFF
	.byte 0x00, 0xFF, 0x1F, 0xFF, 0x10, 0xF0, 0x08, 0xF8, 0x08, 0xF8, 0x08, 0xF8, 0x08, 0xF8, 0x08, 0xF8
	.byte 0x08, 0xF8, 0x10, 0xF0, 0x10, 0xF0, 0x3C, 0xFC, 0x03, 0xFF, 0x00, 0xFF, 0x20, 0xFF, 0xA3, 0xFF
	.byte 0x52, 0x7F, 0x51, 0x7F, 0x28, 0x3F, 0x26, 0x3F, 0x11, 0x1F, 0x08, 0x0F, 0x06, 0x07, 0x01, 0x01
	.byte 0x00, 0x00, 0x00, 0x00, 0x00, 0x00, 0x00, 0x00, 0x00, 0x00, 0x00, 0x00, 0x00, 0x00, 0x00, 0x00
	.byte 0x00, 0x00, 0x00, 0x00, 0x00, 0x00, 0x00, 0x00, 0x00, 0x00, 0x00, 0x00, 0x00, 0x00, 0x00, 0x00
	.byte 0x00, 0x00, 0x00, 0x00, 0x00, 0x00, 0x00, 0x00, 0x00, 0x00, 0x00, 0x00, 0x00, 0x00, 0x00, 0x00
	.byte 0x00, 0x00, 0x00, 0x00, 0x00, 0x00, 0x00, 0x00, 0x00, 0x00, 0x00, 0x00, 0x00, 0x00, 0x00, 0x00
	.byte 0xF0, 0xF0, 0x0C, 0xFC, 0xE3, 0xFF, 0x10, 0xFF, 0xC8, 0xFF, 0x28, 0xFF, 0x68, 0xFF, 0x10, 0xFF
	.byte 0xE0, 0xFF, 0x00, 0xFF, 0x00, 0xFF, 0x00, 0xFF, 0x00, 0xFF, 0x00, 0xFF, 0xC0, 0xFF, 0x60, 0xFF
	.byte 0xB0, 0xFF, 0x50, 0xFF, 0x50, 0xFF, 0x90, 0xFF, 0x20, 0xFF, 0xC0, 0xFF, 0x00, 0xFF, 0x01, 0xFF
	.byte 0x02, 0xFE, 0x0C, 0xFC, 0xF0, 0xF0, 0x00, 0x00, 0x00, 0x00, 0x00, 0x00, 0x00, 0x00, 0x00, 0x00
	.byte 0x00, 0x00, 0x00, 0x00, 0x00, 0x00, 0x00, 0x00, 0x00, 0x00, 0x00, 0x00, 0x00, 0x00, 0x00, 0x00
	.byte 0x00, 0x00, 0x00, 0x00, 0x00, 0x00, 0x00, 0x00, 0x00, 0x00, 0x00, 0x00, 0x00, 0x00, 0x00, 0x00
	.byte 0x00, 0x00, 0x00, 0x00, 0x00, 0x00, 0x00, 0x00, 0x00, 0x00, 0x00, 0x00, 0x00, 0x00, 0x00, 0x00
	.byte 0x00, 0x00, 0x00, 0x00, 0x00, 0x00, 0x00, 0x00, 0x00, 0x00, 0x00, 0x00, 0x00, 0x00, 0x00, 0x00
	.byte 0x03, 0x03, 0x0C, 0x0F, 0x13, 0x1F, 0x26, 0x3F, 0x49, 0x7F, 0x83, 0xFF, 0x82, 0xFF, 0x13, 0xFF
	.byte 0x31, 0xFF, 0x70, 0xFF, 0x74, 0xFF, 0x74, 0xFF, 0x70, 0xFF, 0x30, 0xFF, 0x11, 0xFF, 0x02, 0xFF
	.byte 0x05, 0xFF, 0x04, 0xFF, 0x06, 0xFF, 0x13, 0xFF, 0x8C, 0xFF, 0x87, 0xFF, 0xC0, 0xFF, 0xE0, 0x7F
	.byte 0xD0, 0x5F, 0xCC, 0x4F, 0xE3, 0x63, 0xE0, 0x20, 0xC0, 0xC0, 0x00, 0x00, 0x00, 0x00, 0x00, 0x00
	.byte 0x00, 0x00, 0x00, 0x00, 0x00, 0x00, 0x00, 0x00, 0x00, 0x00, 0x00, 0x00, 0x00, 0x00, 0x00, 0x00
	.byte 0x00, 0x00, 0x00, 0x00, 0x00, 0x00, 0x00, 0x00, 0x00, 0x00, 0x00, 0x00, 0x00, 0x00, 0x00, 0x00
	.byte 0x00, 0x00, 0x00, 0x00, 0x00, 0x00, 0x00, 0x00, 0x00, 0x00, 0x00, 0x00, 0x00, 0x00, 0x00, 0x00
	.byte 0x00, 0x00, 0x00, 0x00, 0x00, 0x00, 0x00, 0x00, 0x00, 0x00, 0x00, 0x00, 0x00, 0x00, 0x00, 0x00
	.byte 0x00, 0x00, 0x00, 0x00, 0x70, 0x70, 0xF0, 0x90, 0xF0, 0x10, 0xF8, 0x08, 0xF8, 0x08, 0xF9, 0x09
	.byte 0xFD, 0x05, 0xFE, 0x87, 0x06, 0x0B, 0x02, 0x07, 0x02, 0x07, 0x00, 0x0F, 0x00, 0x0F, 0x00, 0x0F
	.byte 0x00, 0x0F, 0x01, 0x0F, 0x01, 0x0F, 0x01, 0x07, 0x01, 0x06, 0x03, 0x04, 0x0F, 0x10, 0xFF, 0x00
	.byte 0xFF, 0x08, 0xF7, 0x14, 0xE7, 0x64, 0x83, 0x82, 0x01, 0x01, 0x00, 0x00, 0x00, 0x00, 0x00, 0x00
	.byte 0x00, 0x00, 0x00, 0x00, 0x00, 0x00, 0x00, 0x00, 0x00, 0x00, 0x00, 0x00, 0x00, 0x00, 0x00, 0x00
	.byte 0x00, 0x00, 0x00, 0x00, 0x00, 0x00, 0x00, 0x00, 0x00, 0x00, 0x00, 0x00, 0x00, 0x00, 0x00, 0x00
	.byte 0x00, 0x00, 0x00, 0x00, 0x00, 0x00, 0x00, 0x00, 0x00, 0x00, 0x00, 0x00, 0x00, 0x00, 0x00, 0x00
	.byte 0x00, 0x00, 0x00, 0x00, 0x00, 0x00, 0x00, 0x00, 0x00, 0x00, 0x00, 0x00, 0x00, 0x00, 0x00, 0x00
	.byte 0x00, 0x00, 0x00, 0x00, 0x00, 0x00, 0x00, 0x00, 0x01, 0x01, 0x01, 0x01, 0x01, 0x01, 0x01, 0x01
	.byte 0x01, 0x01, 0x3F, 0x3F, 0xFE, 0xC1, 0x38, 0x84, 0x18, 0x00, 0x10, 0x08, 0x10, 0x00, 0x10, 0x00
	.byte 0x30, 0x80, 0xB0, 0xC0, 0x70, 0x48, 0x38, 0x20, 0x38, 0x20, 0x3C, 0x20, 0x2E, 0x30, 0x47, 0x64
	.byte 0x83, 0xE2, 0xA3, 0xD2, 0xB3, 0xC2, 0x47, 0x67, 0x38, 0x38, 0x00, 0x00, 0x00, 0x00, 0x00, 0x00
	.byte 0x00, 0x00, 0x00, 0x00, 0x00, 0x00, 0x00, 0x00, 0x00, 0x00, 0x00, 0x00, 0x00, 0x00, 0x00, 0x00
	.byte 0x00, 0x00, 0x00, 0x00, 0x00, 0x00, 0x00, 0x00, 0x00, 0x00, 0x00, 0x00, 0x00, 0x00, 0x00, 0x00
	.byte 0x00, 0x00, 0x00, 0x00, 0x00, 0x00, 0x00, 0x00, 0x00, 0x00, 0x00, 0x00, 0x00, 0x00, 0x00, 0x00
	.byte 0x00, 0x00, 0x00, 0x00, 0x00, 0x00, 0x00, 0x00

ov112_021FEA98:
	.byte 0x04, 0x14, 0x0B, 0x09, 0x02, 0x01, 0xCE, 0x00

ov112_021FEAA0:
	.byte 0x04, 0x03, 0x0C, 0x0C, 0x04, 0x01, 0xE0, 0x00

ov112_021FEAA8:
	.byte 0x04, 0x11, 0x03, 0x0C, 0x02, 0x01, 0x8C, 0x00

ov112_021FEAB0:
	.byte 0x04, 0x01, 0x13, 0x1E, 0x04, 0x01, 0x14, 0x00

ov112_021FEAB8:
	.byte 0x01, 0x03, 0x08, 0x1A, 0x02, 0x00, 0x40, 0x01

ov112_021FEAC0:
	.byte 0x04, 0x11, 0x09, 0x0C, 0x02, 0x01, 0xB6, 0x00

ov112_021FEAC8:
	.byte 0x01, 0x03, 0x0D, 0x1A, 0x02, 0x00, 0x0C, 0x01

ov112_021FEAD0:
	.byte 0x01, 0x10, 0x10, 0x0C, 0x02, 0x01, 0xF4, 0x01

ov112_021FEAD8:
	.byte 0x01, 0x03, 0x03, 0x1A, 0x02, 0x00, 0xD8, 0x00

ov112_021FEAE0:
	.byte 0x01, 0x10, 0x0E, 0x0C, 0x02, 0x01, 0xC4, 0x01

ov112_021FEAE8:
	.byte 0x01, 0x02, 0x13, 0x1B, 0x04, 0x0E, 0x6C, 0x00

ov112_021FEAF0:
	.byte 0x04, 0x14, 0x05, 0x09, 0x02, 0x01, 0xA4, 0x00

ov112_021FEAF8:
	.byte 0x01, 0x19, 0x15, 0x06, 0x02, 0x0E, 0x60, 0x00

ov112_021FEB00:
	.byte 0x01, 0x10, 0x0A, 0x0C, 0x02, 0x01, 0x64, 0x01

ov112_021FEB08:
	.byte 0x01, 0x02, 0x13, 0x13, 0x04, 0x0E, 0x14, 0x00

ov112_021FEB10:
	.byte 0x01, 0x10, 0x08, 0x0C, 0x02, 0x01, 0x34, 0x01

ov112_021FEB18:
	.byte 0x01, 0x02, 0x08, 0x0C, 0x02, 0x01, 0x1C, 0x01

ov112_021FEB20:
	.byte 0x01, 0x10, 0x06, 0x0C, 0x02, 0x01, 0x04, 0x01

ov112_021FEB28:
	.byte 0x01, 0x02, 0x06, 0x0C, 0x02, 0x01, 0xEC, 0x00

ov112_021FEB30:
	.byte 0x01, 0x02, 0x10, 0x0C, 0x02, 0x01, 0xDC, 0x01

ov112_021FEB38:
	.byte 0x01, 0x02, 0x04, 0x0C, 0x02, 0x01, 0xBC, 0x00

ov112_021FEB40:
	.byte 0x01, 0x02, 0x01, 0x1E, 0x02, 0x0E, 0x80, 0x00

ov112_021FEB48:
	.byte 0x01, 0x02, 0x13, 0x1B, 0x04, 0x0E, 0x14, 0x00

ov112_021FEB50:
	.byte 0x01, 0x02, 0x0E, 0x0C, 0x02, 0x01, 0xAC, 0x01

ov112_021FEB58:
	.byte 0x01, 0x15, 0x0C, 0x08, 0x02, 0x01, 0x0A, 0x01

ov112_021FEB60:
	.byte 0x01, 0x10, 0x0C, 0x0C, 0x02, 0x01, 0x94, 0x01

ov112_021FEB68:
	.byte 0x01, 0x15, 0x08, 0x08, 0x02, 0x01, 0xEA, 0x00

ov112_021FEB70:
	.byte 0x01, 0x08, 0x08, 0x08, 0x02, 0x01, 0xDA, 0x00

ov112_021FEB78:
	.byte 0x01, 0x02, 0x0C, 0x0C, 0x02, 0x01, 0x7C, 0x01

ov112_021FEB80:
	.byte 0x01, 0x02, 0x01, 0x1E, 0x02, 0x01, 0x80, 0x00

ov112_021FEB88:
	.byte 0x01, 0x02, 0x13, 0x1B, 0x04, 0x0E, 0x14, 0x00

ov112_021FEB90:
	.byte 0x01, 0x02, 0x0A, 0x0C, 0x02, 0x01, 0x4C, 0x01

ov112_021FEB98:
	.byte 0x01, 0x15, 0x10, 0x0A, 0x02, 0x01, 0x90, 0x01

ov112_021FEBA0:
	.byte 0x01, 0x02, 0x0E, 0x16, 0x02, 0x01, 0x64, 0x01

ov112_021FEBA8:
	.byte 0x01, 0x15, 0x0C, 0x0A, 0x02, 0x01, 0x50, 0x01

ov112_021FEBB0:
	.byte 0x01, 0x02, 0x0A, 0x16, 0x02, 0x01, 0x24, 0x01

ov112_021FEBB8:
	.byte 0x01, 0x03, 0x08, 0x11, 0x02, 0x01, 0x02, 0x01

ov112_021FEBC0:
	.byte 0x01, 0x03, 0x06, 0x11, 0x02, 0x01, 0xE0, 0x00

ov112_021FEBC8:
	.byte 0x01, 0x02, 0x04, 0x12, 0x02, 0x01, 0xBC, 0x00

ov112_021FEBD0:
	.byte 0x01, 0x02, 0x01, 0x1E, 0x02, 0x01, 0x80, 0x00

ov112_021FEBD8:
	.byte 0x01, 0x02, 0x13, 0x1B, 0x04, 0x0E, 0x14, 0x00

ov112_021FEBE0:
	.byte 0x01, 0x10, 0x04, 0x0C, 0x02, 0x01, 0xD4, 0x00

ov112_021FEBE8:
	.byte 0x01, 0x09, 0x15, 0x06, 0x02, 0x0E, 0x1E, 0x01

ov112_021FEBF0:
	.byte 0x01, 0x19, 0x15, 0x06, 0x02, 0x0E, 0x12, 0x01

ov112_021FEBF8:
	.byte 0x01, 0x10, 0x15, 0x07, 0x02, 0x0E, 0x04, 0x01

ov112_021FEC00:
	.byte 0x01, 0x04, 0x11, 0x18, 0x02, 0x0E, 0xD4, 0x00

ov112_021FEC08:
	.byte 0x01, 0x04, 0x0D, 0x18, 0x02, 0x0E, 0xA4, 0x00

ov112_021FEC10:
	.byte 0x01, 0x04, 0x09, 0x18, 0x02, 0x0E, 0x74, 0x00

ov112_021FEC18:
	.byte 0x01, 0x04, 0x05, 0x18, 0x02, 0x0E, 0x44, 0x00

ov112_021FEC20:
	.byte 0x01, 0x04, 0x01, 0x18, 0x02, 0x0E, 0x14, 0x00

ov112_021FEC28:
	.byte 0x04, 0x05, 0x0C, 0x16, 0x06, 0x01, 0x62, 0x00

ov112_021FEC30:
	.byte 0x04, 0x03, 0x03, 0x1A, 0x03, 0x01, 0x14, 0x00

ov112_021FEC38:
	.byte 0x01, 0x08, 0x0C, 0x08, 0x02, 0x01, 0xFA, 0x00

ov112_021FEC40:
	.byte 0x01, 0x03, 0x09, 0x1A, 0x03, 0x0E, 0x74, 0x01

ov112_021FEC48:
	.byte 0x01, 0x03, 0x0B, 0x1A, 0x03, 0x0E, 0x26, 0x01

ov112_021FEC50:
	.byte 0x01, 0x03, 0x06, 0x1A, 0x03, 0x0E, 0xD8, 0x00

ov112_021FEC58:
	.byte 0x01, 0x02, 0x13, 0x1B, 0x04, 0x0E, 0x6C, 0x00

ov112_021FEC60:
	.byte 0x01, 0x19, 0x15, 0x06, 0x02, 0x0E, 0x60, 0x00

ov112_021FEC68:
	.byte 0x01, 0x02, 0x13, 0x13, 0x04, 0x0E, 0x14, 0x00

ov112_021FEC70:
	.byte 0x01, 0x01, 0x04, 0x0F, 0x02, 0x01, 0xBC, 0x00

ov112_021FEC78:
	.byte 0x04, 0x01, 0x10, 0x0C, 0x02, 0x01, 0x10, 0x01

ov112_021FEC80: ; 0x021FEC80
	.byte 0x01, 0x00, 0x01, 0x00, 0x00, 0x00, 0x00, 0x00

ov112_021FEC88: ; 0x021FEC88
	.byte 0x01, 0x00, 0x00, 0x00, 0x00, 0x02, 0x03, 0x01
	.byte 0x04, 0x05, 0x05, 0x05, 0x05, 0x00, 0x00, 0x00

ov112_021FEC98: ; 0x021FEC98
	.byte 0x11, 0x00, 0x00, 0x00, 0x00, 0x00, 0x01, 0x00
	.byte 0x00, 0x40, 0x00, 0x00, 0x10, 0x00, 0x00, 0x00, 0x10, 0x00, 0x00, 0x00

ov112_021FECAC: ; 0x021FECAC
	.byte 0x0A, 0x00, 0x00, 0x00
	.byte 0x02, 0x00, 0x00, 0x00, 0x02, 0x00, 0x00, 0x00, 0x02, 0x00, 0x00, 0x00, 0x00, 0x00, 0x00, 0x00
	.byte 0x00, 0x00, 0x00, 0x00

ov112_021FECC4: ; 0x021FECC4
	.byte 0x00, 0x00, 0x00, 0x00, 0x80, 0x00, 0x00, 0x00, 0x00, 0x00, 0x00, 0x00
	.byte 0x20, 0x00, 0x00, 0x00, 0x00, 0x00, 0x00, 0x00, 0x80, 0x00, 0x00, 0x00, 0x00, 0x00, 0x00, 0x00
	.byte 0x20, 0x00, 0x00, 0x00

ov112_021FECE4: ; 0x021FECE4
	.byte 0x80

ov112_021FECE5: ; 0x021FECE5
	.byte 0x38

ov112_021FECE6: ; 0x021FECE6
	.byte 0x08

ov112_021FECE7: ; 0x021FECE7
	.byte 0x01, 0x80, 0x5F, 0x08, 0x01, 0x80, 0x50, 0x08, 0x01
	.byte 0xE0, 0xB0, 0x0A, 0x01, 0x98, 0xB0, 0x09, 0x01, 0x50, 0x10, 0x08, 0x09, 0x80, 0x10, 0x08, 0x01
	.byte 0x80, 0x30, 0x08, 0x01, 0x80, 0x50, 0x08, 0x01, 0x80, 0x70, 0x08, 0x01, 0x80, 0x90, 0x08, 0x01
	.byte 0x80, 0x20, 0x08, 0x01, 0x80, 0x48, 0x08, 0x01, 0x80, 0x70, 0x08, 0x01

ov112_021FED1C: ; 0x021FED1C
	.byte 0x16, 0x00, 0x3B, 0x00
	.byte 0x00, 0x00, 0x08, 0x00, 0x00, 0x00, 0x00, 0x00, 0x00, 0x00, 0x01, 0x00, 0x01, 0x00, 0x00, 0x00
	.byte 0x27, 0xC2, 0x00, 0x00, 0x27, 0xC2, 0x00, 0x00, 0x27, 0xC2, 0x00, 0x00, 0x27, 0xC2, 0x00, 0x00
	.byte 0x00, 0x00, 0x00, 0x00, 0x00, 0x00, 0x00, 0x00, 0x01, 0x00, 0x00, 0x00, 0x00, 0x00, 0x00, 0x00
	.byte 0x80, 0x00, 0x3B, 0x00, 0x00, 0x00, 0x00, 0x00, 0x00, 0x00, 0x00, 0x00, 0x00, 0x00, 0x00, 0x00
	.byte 0x02, 0x00, 0x00, 0x00, 0x26, 0xC2, 0x00, 0x00, 0x26, 0xC2, 0x00, 0x00, 0x26, 0xC2, 0x00, 0x00
	.byte 0x26, 0xC2, 0x00, 0x00, 0x00, 0x00, 0x00, 0x00, 0x00, 0x00, 0x00, 0x00, 0x01, 0x00, 0x00, 0x00
	.byte 0x00, 0x00, 0x00, 0x00, 0x80, 0x00, 0x3B, 0x00, 0x00, 0x00, 0x02, 0x00, 0x00, 0x00, 0x00, 0x00
	.byte 0x00, 0x00, 0x00, 0x00, 0x02, 0x00, 0x00, 0x00, 0x26, 0xC2, 0x00, 0x00, 0x26, 0xC2, 0x00, 0x00
	.byte 0x26, 0xC2, 0x00, 0x00, 0x26, 0xC2, 0x00, 0x00, 0x00, 0x00, 0x00, 0x00, 0x00, 0x00, 0x00, 0x00
	.byte 0x01, 0x00, 0x00, 0x00, 0x00, 0x00, 0x00, 0x00, 0x11, 0x00, 0xAD, 0x00, 0x00, 0x00, 0x00, 0x00
	.byte 0x00, 0x00, 0x00, 0x00, 0x00, 0x00, 0x00, 0x00, 0x01, 0x00, 0x00, 0x00, 0x27, 0xC2, 0x00, 0x00
	.byte 0x27, 0xC2, 0x00, 0x00, 0x27, 0xC2, 0x00, 0x00, 0x27, 0xC2, 0x00, 0x00, 0x00, 0x00, 0x00, 0x00
	.byte 0x00, 0x00, 0x00, 0x00, 0x01, 0x00, 0x00, 0x00, 0x00, 0x00, 0x00, 0x00, 0x37, 0x00, 0xAD, 0x00
	.byte 0x00, 0x00, 0x01, 0x00, 0x00, 0x00, 0x00, 0x00, 0x00, 0x00, 0x00, 0x00, 0x01, 0x00, 0x00, 0x00
	.byte 0x27, 0xC2, 0x00, 0x00, 0x27, 0xC2, 0x00, 0x00, 0x27, 0xC2, 0x00, 0x00, 0x27, 0xC2, 0x00, 0x00
	.byte 0x00, 0x00, 0x00, 0x00, 0x00, 0x00, 0x00, 0x00, 0x01, 0x00, 0x00, 0x00, 0x00, 0x00, 0x00, 0x00
	.byte 0x32, 0x00, 0x80, 0x00, 0x00, 0x00, 0x06, 0x00, 0x00, 0x00, 0x00, 0x00, 0x01, 0x00, 0x01, 0x00
	.byte 0x01, 0x00, 0x00, 0x00, 0x27, 0xC2, 0x00, 0x00, 0x27, 0xC2, 0x00, 0x00, 0x27, 0xC2, 0x00, 0x00
	.byte 0x27, 0xC2, 0x00, 0x00, 0x00, 0x00, 0x00, 0x00, 0x00, 0x00, 0x00, 0x00, 0x01, 0x00, 0x00, 0x00
	.byte 0x00, 0x00, 0x00, 0x00, 0x80, 0x00, 0x64, 0x00, 0x00, 0x00, 0x07, 0x00, 0x00, 0x00, 0x00, 0x00
	.byte 0x02, 0x00, 0x01, 0x00, 0x01, 0x00, 0x00, 0x00, 0x27, 0xC2, 0x00, 0x00, 0x27, 0xC2, 0x00, 0x00
	.byte 0x27, 0xC2, 0x00, 0x00, 0x27, 0xC2, 0x00, 0x00, 0x00, 0x00, 0x00, 0x00, 0x00, 0x00, 0x00, 0x00
	.byte 0x01, 0x00, 0x00, 0x00, 0x00, 0x00, 0x00, 0x00, 0x40, 0x00, 0x36, 0x00, 0x00, 0x00, 0x03, 0x00
	.byte 0x00, 0x00, 0x00, 0x00, 0x00, 0x00, 0x01, 0x00, 0x02, 0x00, 0x00, 0x00, 0x26, 0xC2, 0x00, 0x00
	.byte 0x26, 0xC2, 0x00, 0x00, 0x26, 0xC2, 0x00, 0x00, 0x26, 0xC2, 0x00, 0x00, 0x00, 0x00, 0x00, 0x00
	.byte 0x00, 0x00, 0x00, 0x00, 0x00, 0x00, 0x00, 0x00, 0x00, 0x00, 0x00, 0x00, 0x80, 0x00, 0x64, 0x00
	.byte 0x00, 0x00, 0x0E, 0x00, 0x00, 0x00, 0x00, 0x00, 0x03, 0x00, 0x01, 0x00, 0x01, 0x00, 0x00, 0x00
	.byte 0x27, 0xC2, 0x00, 0x00, 0x27, 0xC2, 0x00, 0x00, 0x27, 0xC2, 0x00, 0x00, 0x27, 0xC2, 0x00, 0x00
	.byte 0x00, 0x00, 0x00, 0x00, 0x00, 0x00, 0x00, 0x00, 0x00, 0x00, 0x00, 0x00, 0x00, 0x00, 0x00, 0x00
	.byte 0x88, 0x00, 0x70, 0x00, 0x00, 0x00, 0x0F, 0x00, 0x00, 0x00, 0x00, 0x00, 0x04, 0x00, 0x01, 0x00
	.byte 0x01, 0x00, 0x00, 0x00, 0x27, 0xC2, 0x00, 0x00, 0x27, 0xC2, 0x00, 0x00, 0x27, 0xC2, 0x00, 0x00
	.byte 0x27, 0xC2, 0x00, 0x00, 0x00, 0x00, 0x00, 0x00, 0x00, 0x00, 0x00, 0x00, 0x00, 0x00, 0x00, 0x00
	.byte 0x00, 0x00, 0x00, 0x00, 0x88, 0x00, 0x70, 0x00, 0x00, 0x00, 0x10, 0x00, 0x00, 0x00, 0x00, 0x00
	.byte 0x04, 0x00, 0x01, 0x00, 0x01, 0x00, 0x00, 0x00, 0x27, 0xC2, 0x00, 0x00, 0x27, 0xC2, 0x00, 0x00
	.byte 0x27, 0xC2, 0x00, 0x00, 0x27, 0xC2, 0x00, 0x00, 0x00, 0x00, 0x00, 0x00, 0x00, 0x00, 0x00, 0x00
	.byte 0x00, 0x00, 0x00, 0x00, 0x00, 0x00, 0x00, 0x00, 0x88, 0x00, 0x70, 0x00, 0x00, 0x00, 0x11, 0x00
	.byte 0x00, 0x00, 0x00, 0x00, 0x04, 0x00, 0x01, 0x00, 0x01, 0x00, 0x00, 0x00, 0x27, 0xC2, 0x00, 0x00
	.byte 0x27, 0xC2, 0x00, 0x00, 0x27, 0xC2, 0x00, 0x00, 0x27, 0xC2, 0x00, 0x00, 0x00, 0x00, 0x00, 0x00
	.byte 0x00, 0x00, 0x00, 0x00, 0x00, 0x00, 0x00, 0x00, 0x00, 0x00, 0x00, 0x00, 0x88, 0x00, 0x70, 0x00
	.byte 0x00, 0x00, 0x12, 0x00, 0x00, 0x00, 0x00, 0x00, 0x04, 0x00, 0x01, 0x00, 0x01, 0x00, 0x00, 0x00
	.byte 0x27, 0xC2, 0x00, 0x00, 0x27, 0xC2, 0x00, 0x00, 0x27, 0xC2, 0x00, 0x00, 0x27, 0xC2, 0x00, 0x00
	.byte 0x00, 0x00, 0x00, 0x00, 0x00, 0x00, 0x00, 0x00, 0x00, 0x00, 0x00, 0x00, 0x00, 0x00, 0x00, 0x00
	.byte 0x80, 0x00, 0x70, 0x00, 0x00, 0x00, 0x18, 0x00, 0x00, 0x00, 0x00, 0x00, 0x00, 0x00, 0x00, 0x00
	.byte 0x01, 0x00, 0x00, 0x00, 0x27, 0xC2, 0x00, 0x00, 0x27, 0xC2, 0x00, 0x00, 0x27, 0xC2, 0x00, 0x00
	.byte 0x27, 0xC2, 0x00, 0x00, 0x00, 0x00, 0x00, 0x00, 0x00, 0x00, 0x00, 0x00, 0x00, 0x00, 0x00, 0x00
	.byte 0x00, 0x00, 0x00, 0x00, 0x80, 0x00, 0x70, 0x00, 0x00, 0x00, 0x0A, 0x00, 0x00, 0x00, 0x00, 0x00
	.byte 0x00, 0x00, 0x00, 0x00, 0x02, 0x00, 0x00, 0x00, 0x26, 0xC2, 0x00, 0x00, 0x26, 0xC2, 0x00, 0x00
	.byte 0x26, 0xC2, 0x00, 0x00, 0x26, 0xC2, 0x00, 0x00, 0x00, 0x00, 0x00, 0x00, 0x00, 0x00, 0x00, 0x00
	.byte 0x00, 0x00, 0x00, 0x00, 0x00, 0x00, 0x00, 0x00

ov112_021FF028: ; 0x021FF028
	.byte 0x80, 0x00, 0x70, 0x00, 0x00, 0x00, 0x13, 0x00
	.byte 0x00, 0x00, 0x00, 0x00, 0x00, 0x00, 0x00, 0x00, 0x01, 0x00, 0x00, 0x00, 0x27, 0xC2, 0x00, 0x00
	.byte 0x27, 0xC2, 0x00, 0x00, 0x27, 0xC2, 0x00, 0x00, 0x27, 0xC2, 0x00, 0x00, 0x00, 0x00, 0x00, 0x00
	.byte 0x00, 0x00, 0x00, 0x00, 0x00, 0x00, 0x00, 0x00, 0x00, 0x00, 0x00, 0x00

ov112_021FF05C: ; 0x021FF05C
	.byte 0x80, 0x00, 0x70, 0x00
	.byte 0x00, 0x00, 0x04, 0x00, 0x00, 0x00, 0x00, 0x00, 0x00, 0x00, 0x00, 0x00, 0x02, 0x00, 0x00, 0x00
	.byte 0x26, 0xC2, 0x00, 0x00, 0x26, 0xC2, 0x00, 0x00, 0x26, 0xC2, 0x00, 0x00, 0x26, 0xC2, 0x00, 0x00
	.byte 0x00, 0x00, 0x00, 0x00, 0x00, 0x00, 0x00, 0x00, 0x00, 0x00, 0x00, 0x00, 0x00, 0x00, 0x00, 0x00

ov112_021FF090: ; 0x021FF090
	.byte 0x00, 0x00, 0x00, 0x00, 0x01, 0x00, 0x00, 0x00, 0x03, 0x00, 0x00, 0x00

ov112_021FF09C: ; 0x021FF09C
	.byte 0x0B, 0x00, 0x00, 0x00
	.byte 0x0C, 0x00, 0x00, 0x00, 0x0D, 0x00, 0x00, 0x00, 0x03, 0x00, 0x00, 0x00

ov112_021FF0AC: ; 0x021FF0AC
	.byte 0x06, 0x00, 0x00, 0x00
	.byte 0x07, 0x00, 0x00, 0x00, 0x08, 0x00, 0x00, 0x00, 0x09, 0x00, 0x00, 0x00, 0x0A, 0x00, 0x00, 0x00
	.byte 0x03, 0x00, 0x00, 0x00

ov112_021FF0C4: ; 0x021FF0C4
	.byte 0x06, 0x00, 0x00, 0x00, 0x07, 0x00, 0x00, 0x00, 0x08, 0x00, 0x00, 0x00
	.byte 0x09, 0x00, 0x00, 0x00, 0x0A, 0x00, 0x00, 0x00, 0x03, 0x00, 0x00, 0x00

ov112_021FF0DC: ; 0x021FF0DC
	.byte 0x01, 0x00, 0x00, 0x00
	.byte 0x00, 0x00, 0x00, 0x00, 0x00, 0x00, 0x00, 0x00, 0x00, 0x00, 0x00, 0x00

ov112_021FF0EC: ; 0x021FF0EC
	.byte 0x28, 0x00, 0x00, 0x00
	.byte 0x00, 0x00, 0x01, 0x00, 0x00, 0x40, 0x00, 0x00, 0x9A, 0x00, 0x00, 0x00

ov112_021FF0FC: ; 0x021FF0FC
	.byte 0x01, 0x00, 0x00, 0x00
	.byte 0x00, 0x00, 0x00, 0x00, 0x04, 0x00, 0x00, 0x00, 0x00, 0x00, 0x00, 0x00, 0x10, 0x00, 0x00, 0x00
	.byte 0x00, 0x00, 0x00, 0x00, 0x00, 0x01, 0x00, 0x00, 0x00, 0x00, 0x00, 0x00, 0x02, 0x00, 0x00, 0x00
	.byte 0x60, 0x00, 0x00, 0x00

ov112_021FF124: ; 0x021FF124
	.word ov112_021F2EF4, ov112_021F3018, ov112_021F2FAC, 0xFFFFFFFF

ov112_021FF134: ; 0x021FF134
	.byte 0x00, 0x00, 0x00, 0x00, 0x00, 0x00, 0x00, 0x00, 0x00, 0x08, 0x00, 0x00
	.byte 0x00, 0x00, 0x00, 0x00, 0x01, 0x00, 0x1D, 0x00, 0x00, 0x01, 0x00, 0x00, 0x00, 0x00, 0x00, 0x00

ov112_021FF150: ; 0x021FF150
	.byte 0x00, 0x00, 0x00, 0x00, 0x00, 0x00, 0x00, 0x00, 0x00, 0x08, 0x00, 0x00, 0x00, 0x00, 0x00, 0x00
	.byte 0x01, 0x00, 0x1F, 0x02, 0x01, 0x03, 0x00, 0x00, 0x00, 0x00, 0x00, 0x00

ov112_021FF16C:
	.byte 0xF0, 0x7B, 0x06, 0x1D
	.byte 0x60, 0x7F

ov112_021FF172:
	.byte 0x96, 0x7B, 0x18, 0x1F, 0x18, 0x1B, 0x60, 0x7F

ov112_021FF17A:
	.byte 0x64, 0x7B, 0x03, 0x28, 0x06, 0x26
	.byte 0x60, 0x7F

ov112_021FF182:
	.byte 0xF0, 0x7B, 0x06, 0x0C, 0x12, 0x0C, 0x60, 0x7F

ov112_021FF18A:
	.byte 0x96, 0x7B, 0x03, 0x24, 0x09, 0x1F
	.byte 0x60, 0x7F

ov112_021FF192:
	.byte 0x96, 0x7B, 0x06, 0x18, 0x06, 0x1F, 0x60, 0x7F

ov112_021FF19A:
	.byte 0x78, 0x7B, 0x03, 0x15, 0x03, 0x7D
	.byte 0x0C, 0x15, 0x60, 0x7F

ov112_021FF1A4:
	.byte 0xB4, 0x7B, 0x03, 0x1F, 0x03, 0x13, 0x06, 0x1A, 0x60, 0x7F

ov112_021FF1AE:
	.byte 0x78, 0x7B
	.byte 0x03, 0x18, 0x09, 0x0C, 0x06, 0x0C, 0x60, 0x7F

ov112_021FF1B8:
	.byte 0xB4, 0x7B, 0x18, 0x24, 0x18, 0x24, 0x18, 0x24
	.byte 0x18, 0x24, 0x18, 0x24, 0x60, 0x7F

ov112_021FF1C6:
	.byte 0xDC, 0x7B, 0x0C, 0x1F, 0x0C, 0x1F, 0x0C, 0x1C, 0x0C, 0x21
	.byte 0x0C, 0x1F, 0x0C, 0x23, 0x18, 0x24, 0x60, 0x7F

ov112_021FF1D8:
	.byte 0xBE, 0x7B, 0x18, 0x24, 0x08, 0x24, 0x08, 0x24
	.byte 0x08, 0x24, 0x10, 0x25, 0x10, 0x25, 0x10, 0x25, 0x30, 0x24, 0x60, 0x7F

ov112_021FF1EC:
	.byte 0x78, 0x7B, 0x03, 0x1F
	.byte 0x03, 0x18, 0x03, 0x15, 0x03, 0x13, 0x03, 0x11, 0x03, 0x10, 0x03, 0x0E, 0x03, 0x0C, 0x60, 0x7F

ov112_021FF200:
	.byte 0xAA, 0x7B, 0x0C, 0x1F, 0x06, 0x1F, 0x06, 0x1F, 0x18, 0x1B, 0x0C, 0x20, 0x06, 0x20, 0x06, 0x20
	.byte 0x0C, 0x22, 0x06, 0x22, 0x06, 0x22, 0x18, 0xA7, 0x12, 0x27, 0x60, 0x7F

ov112_021FF21C:
	.byte 0x88, 0x7B, 0x06, 0x20
	.byte 0x06, 0x20, 0x06, 0x20, 0x06, 0x20, 0x06, 0x1C, 0x06, 0x1C, 0x06, 0x1C, 0x06, 0x1C, 0x06, 0x23
	.byte 0x06, 0x23, 0x06, 0x23, 0x06, 0x23, 0x06, 0x21, 0x06, 0x21, 0x06, 0x21, 0x06, 0x21, 0x30, 0x20
	.byte 0x18, 0x20, 0x60, 0x7F

ov112_021FF244: ; 0x021FF244
	.word ov112_021FF17A
	.word ov112_021FF1A4
	.word ov112_021FF16C
	.word ov112_021FF172
	.word ov112_021FF19A
	.word ov112_021FF1D8
	.word ov112_021FF200
	.word ov112_021FF21C
	.word ov112_021FF1B8
	.word ov112_021FF1C6
	.word ov112_021FF284
	.word ov112_021FF192
	.word ov112_021FF182
	.word ov112_021FF18A
	.word ov112_021FF1AE
	.word ov112_021FF1EC

ov112_021FF284:
	.byte 0xA0, 0x7B, 0x06, 0x1C, 0x06, 0x1D, 0x06, 0x1E, 0x06, 0x1F, 0x06, 0x1C
	.byte 0x06, 0x1D, 0x06, 0x1E, 0x06, 0x1F, 0x06, 0x1C, 0x06, 0x1D, 0x06, 0x1E, 0x06, 0x1F, 0x06, 0x1C
	.byte 0x06, 0x1D, 0x06, 0x1E, 0x06, 0x1F, 0x06, 0x1C, 0x06, 0x1D, 0x06, 0x1E, 0x06, 0x1F, 0x06, 0x1C
	.byte 0x06, 0x1D, 0x06, 0x1E, 0x06, 0x1F, 0x06, 0x1C, 0x06, 0x1D, 0x06, 0x1E, 0x06, 0x1F, 0x06, 0x1C
	.byte 0x06, 0x1D, 0x06, 0x1E, 0x06, 0x1F, 0x18, 0x1F, 0x60, 0x7F, 0x00, 0x00

ov112_021FF2CC: ; 0x021FF2CC
	.byte 0x08, 0x0A, 0x06, 0x08
	.byte 0x0A, 0x14, 0x1C, 0x28, 0x0E, 0x12, 0x46, 0x08, 0x08, 0x08, 0x0A, 0x14

ov112_021FF2DC: ; 0x021FF2DC
	.byte 0x07, 0x08, 0x6F, 0xA0
	.byte 0xC0, 0x10, 0x30, 0xA0, 0xC0, 0x40, 0x60, 0xA0, 0xC0, 0xB8, 0xF8, 0x00

ov112_021FF2EC: ; 0x021FF2EC
	.byte 0x0C, 0x00, 0x4B, 0x00
	.byte 0xFF, 0xFF, 0x00, 0x00

ov112_021FF2F4: ; 0x021FF2F4
	.byte 0x01, 0x00, 0x00, 0x00, 0x00, 0x00, 0x00, 0x00, 0x00, 0x00, 0x00, 0x00
	.byte 0x00, 0x00, 0x00, 0x00

ov112_021FF304: ; 0x021FF304
	.byte 0x00, 0x00, 0x00, 0x00, 0x00, 0x00, 0x04, 0x00, 0x00, 0x40, 0x00, 0x00
	.byte 0x10, 0x00, 0x30, 0x00, 0x10, 0x00, 0x00, 0x00

ov112_021FF318: ; 0x021FF318
	.byte 0x06, 0x00, 0x00, 0x00, 0x04, 0x00, 0x00, 0x00
	.byte 0x04, 0x00, 0x00, 0x00, 0x04, 0x00, 0x00, 0x00, 0x00, 0x00, 0x00, 0x00, 0x00, 0x00, 0x00, 0x00

ov112_021FF330: ; 0x021FF330
	.byte 0x00, 0x00, 0x00, 0x00, 0x80, 0x00, 0x00, 0x00, 0x00, 0x00, 0x00, 0x00, 0x20, 0x00, 0x00, 0x00
	.byte 0x00, 0x00, 0x00, 0x00, 0x80, 0x00, 0x00, 0x00, 0x00, 0x00, 0x00, 0x00, 0x20, 0x00, 0x00, 0x00

ov112_021FF350: ; 0x021FF350
	.byte 0x02, 0x02, 0x01, 0x0D, 0x02, 0x0E, 0x01, 0x00, 0x02, 0x16, 0x01, 0x08, 0x02, 0x0E, 0x1B, 0x00
	.byte 0x02, 0x03, 0x0C, 0x1B, 0x08, 0x0E, 0x2B, 0x00, 0x02, 0x19, 0x15, 0x06, 0x02, 0x06, 0x03, 0x01

ov112_021FF370: ; 0x021FF370
	.byte 0x10, 0x00, 0x00, 0x00, 0x00, 0x00, 0x00, 0x00, 0x04, 0x00, 0x00, 0x00, 0x00, 0x00, 0x00, 0x00
	.byte 0x03, 0x00, 0x00, 0x00, 0x00, 0x00, 0x00, 0x00, 0x00, 0x01, 0x00, 0x00, 0x00, 0x00, 0x00, 0x00
	.byte 0x00, 0x00, 0x00, 0x00, 0x00, 0x00, 0x00, 0x00

ov112_021FF398: ; 0x021FF398
	.byte 0x00, 0x00, 0x00, 0x00, 0x00, 0x00, 0x00, 0x00
	.byte 0x00, 0x00, 0x00, 0x00, 0xFF, 0xFF, 0x00, 0x00, 0x01, 0x00, 0x00, 0x00, 0x00, 0x00, 0x00, 0x00
	.byte 0x00, 0x00, 0x00, 0x00, 0x00, 0x00, 0x00, 0x00, 0x00, 0x00, 0x00, 0x00, 0x00, 0x00, 0x00, 0x00
	.byte 0x00, 0x00, 0x00, 0x00, 0x02, 0x00, 0x00, 0x00, 0x00, 0x00, 0x00, 0x00

ov112_021FF3CC: ; 0x021FF3CC
	.byte 0x00, 0x00, 0x00, 0x00
	.byte 0x00, 0x00, 0x00, 0x00, 0x00, 0x00, 0x00, 0x00, 0xFF, 0xFF, 0x00, 0x00, 0x01, 0x00, 0x00, 0x00
	.byte 0x01, 0x00, 0x00, 0x00, 0x01, 0x00, 0x00, 0x00, 0x01, 0x00, 0x00, 0x00, 0x01, 0x00, 0x00, 0x00
	.byte 0x00, 0x00, 0x00, 0x00, 0x00, 0x00, 0x00, 0x00, 0x02, 0x00, 0x00, 0x00, 0x00, 0x00, 0x00, 0x00

ov112_021FF400: ; 0x021FF400
	.byte 0x00, 0x00, 0x00, 0x00, 0x00, 0x00, 0x00, 0x00, 0x00, 0x00, 0x00, 0x00, 0xFF, 0xFF, 0x00, 0x00
	.byte 0x01, 0x00, 0x00, 0x00, 0x00, 0x00, 0x00, 0x00, 0x00, 0x00, 0x00, 0x00, 0x00, 0x00, 0x00, 0x00
	.byte 0x00, 0x00, 0x00, 0x00, 0x00, 0x00, 0x00, 0x00, 0x00, 0x00, 0x00, 0x00, 0x02, 0x00, 0x00, 0x00
	.byte 0x00, 0x00, 0x00, 0x00

ov112_021FF434: ; 0x021FF434
	.byte 0x00, 0x00, 0x00, 0x00, 0x00, 0x00, 0x00, 0x00, 0x00, 0x08, 0x00, 0x00
	.byte 0x00, 0x00, 0x00, 0x00, 0x01, 0x00, 0x00, 0x01, 0x00, 0x03, 0x00, 0x00, 0x00, 0x00, 0x00, 0x00
	.byte 0x00, 0x00, 0x00, 0x00, 0x00, 0x00, 0x00, 0x00, 0x00, 0x08, 0x00, 0x00, 0x00, 0x00, 0x00, 0x00
	.byte 0x01, 0x00, 0x01, 0x02, 0x00, 0x02, 0x00, 0x00, 0x00, 0x00, 0x00, 0x00, 0x00, 0x00, 0x00, 0x00
	.byte 0x00, 0x00, 0x00, 0x00, 0x00, 0x08, 0x00, 0x00, 0x00, 0x00, 0x00, 0x00, 0x01, 0x00, 0x02, 0x03
	.byte 0x00, 0x01, 0x00, 0x00, 0x00, 0x00, 0x00, 0x00, 0x00, 0x00, 0x00, 0x00, 0x00, 0x00, 0x00, 0x00
	.byte 0x00, 0x08, 0x00, 0x00, 0x00, 0x00, 0x00, 0x00, 0x01, 0x00, 0x00, 0x01, 0x00, 0x03, 0x00, 0x00
	.byte 0x00, 0x00, 0x00, 0x00, 0x00, 0x00, 0x00, 0x00, 0x00, 0x00, 0x00, 0x00, 0x00, 0x08, 0x00, 0x00
	.byte 0x00, 0x00, 0x00, 0x00, 0x01, 0x00, 0x01, 0x02, 0x00, 0x00, 0x00, 0x00, 0x00, 0x00, 0x00, 0x00

ov112_021FF4C0: ; 0x021FF4C0
	.byte 0x00, 0x01, 0x02, 0x04, 0x05, 0x00, 0x00, 0x00

ov112_021FF4C8: ; 0x021FF4C8
	.byte 0x00, 0x08, 0x0E, 0x12, 0x14, 0x12, 0x0E, 0x08
	.byte 0x00, 0x6F, 0x00, 0x00

ov112_021FF4D4: ; 0x021FF4D4
	.byte 0xAA, 0x0A, 0xAB, 0x0A, 0xAC, 0x0A, 0xAD, 0x0A, 0xAE, 0x0A, 0xAF, 0x0A
	.byte 0xB0, 0x0A, 0xB1, 0x0A, 0xB2, 0x0A, 0xB3, 0x0A

	.data

_021FF500:
	.byte 0xFF, 0xFF, 0x00, 0x00

ov112_021FF504: ; 0x021FF504
	.word ov112_021F3814
	.word ov112_021F387E
	.word ov112_021F37AC
	.word ov112_021F38E8

ov112_021FF514: ; 0x021FF514
	.word ov112_021F366C
	.word ov112_021F3678
	.word ov112_021F3694
	.word ov112_021F36A4
	.word ov112_021F36B8

ov112_021FF528: ; 0x021FF528
	.word ov112_021F3664
	.word ov112_021F6F58
	.word ov112_021F6958
	.word ov112_021F6D18
	.word ov112_021F6E98
	.word ov112_021F6C58
	.word ov112_021F6A18
	.word ov112_021F6B98
	.word ov112_021F6AD8

ov112_021FF54C: ; 0x021FF54C
	.word ov112_021EAC18

ov112_021FF550: ; 0x021FF550
	.word ov112_021EAC34

ov112_021FF554: ; 0x021FF554
	.word ov112_021EAC58
	.word ov112_021EBA08
	.word ov112_021EBA28
	.word ov112_021EBA50
	.word ov112_021EBAB4
	.word ov112_021EBB58
	.word ov112_021EBB84
	.word ov112_021EC478
	.word ov112_021EC520
	.word ov112_021EC54C
	.word ov112_021EE604
	.word ov112_021EE608
	.word ov112_021EE624
	.word ov112_021EE628
	.word ov112_021EE688
	.word ov112_021EE6AC
	.word ov112_021EED08
	.word ov112_021EEDFC
	.word ov112_021EEE20
	.word ov112_021EEF68
	.word ov112_021EF03C
	.word ov112_021EF100
	.word ov112_021EF568
	.word ov112_021EF5AC
	.word ov112_021EF62C
	.word ov112_021EF640
	.word ov112_021EF644
	.word ov112_021EF660
	.word ov112_021EF664
	.word ov112_021EF67C
	.word ov112_021EF6A0

ov112_021FF5D0: ; 0x021FF5D0
	.word ov112_021FEC30
	.word ov112_021FEC28

ov112_021FF5D8: ; 0x021FF5D8
	.word ov112_021FEC68
	.word ov112_021FEC60
	.word ov112_021FEC58
	.word ov112_021FEC50
	.word ov112_021FEC48
	.word ov112_021FEC40

ov112_021FF5F0: ; 0x021FF5F0
	.word ov112_021FEB08
	.word ov112_021FEAF8
	.word ov112_021FEAE8
	.word ov112_021FEAD8
	.word ov112_021FEAC8
	.word ov112_021FEAB8

ov112_021FF608: ; 0x021FF608
	.word ov112_021FEAB0
	.word ov112_021FEAA8
	.word ov112_021FEAF0
	.word ov112_021FEAC0
	.word ov112_021FEA98
	.word ov112_021FEAA0
	.word ov112_021FEC78

ov112_021FF624: ; 0x021FF624
	.word ov112_021FEB88
	.word ov112_021FEB80
	.word ov112_021FEC70
	.word ov112_021FEB70
	.word ov112_021FEB68
	.word ov112_021FEC38
	.word ov112_021FEB58

ov112_021FF640: ; 0x021FF640
	.word ov112_021FEC20
	.word ov112_021FEC18
	.word ov112_021FEC10
	.word ov112_021FEC08
	.word ov112_021FEC00
	.word ov112_021FEBF8
	.word ov112_021FEBF0
	.word ov112_021FEBE8

ov112_021FF660: ; 0x021FF660
	.word ov112_021FEBD8
	.word ov112_021FEBD0
	.word ov112_021FEBC8
	.word ov112_021FEBC0
	.word ov112_021FEBB8
	.word ov112_021FEBB0
	.word ov112_021FEBA8
	.word ov112_021FEBA0
	.word ov112_021FEB98

ov112_021FF684: ; 0x021FF684
	.word ov112_021FEB48
	.word ov112_021FEB40
	.word ov112_021FEB38
	.word ov112_021FEBE0
	.word ov112_021FEB28
	.word ov112_021FEB20
	.word ov112_021FEB18
	.word ov112_021FEB10
	.word ov112_021FEB90
	.word ov112_021FEB00
	.word ov112_021FEB78
	.word ov112_021FEB60
	.word ov112_021FEB50
	.word ov112_021FEAE0
	.word ov112_021FEB30
	.word ov112_021FEAD0

ov112_021FF6C4: ; 0x021FF6C4
	.word ov112_021EAC5C
	.word ov112_021EAF48
	.word ov112_021EAF5C
	.word ov112_021EAFFC
	.word ov112_021EB1D8
	.word ov112_021EB1E8
	.word ov112_021EB208
	.word ov112_021EB244
	.word ov112_021EB28C
	.word ov112_021EB388
	.word ov112_021EB3A8
	.word ov112_021EB3B8
	.word ov112_021EB3D8
	.word ov112_021EB44C
	.word ov112_021EB568
	.word ov112_021EB5AC
	.word ov112_021EB5BC
	.word ov112_021EB5DC
	.word ov112_021EB664
	.word ov112_021EB780
	.word ov112_021EB7D8
	.word ov112_021EB838
	.word ov112_021EB85C
	.word ov112_021EB864
	.word ov112_021EB8C4
	.word ov112_021EB8E8
	.word ov112_021EB908

ov112_021FF730: ; 0x021FF730
	.word ov112_021EBA54
	.word ov112_021EBA6C
	.word ov112_021EBA8C
	.word ov112_021EBAB0

ov112_021FF740: ; 0x021FF740
	.word ov112_021EBB98
	.word ov112_021EBBB0
	.word ov112_021EBBD8
	.word ov112_021EBC3C
	.word ov112_021EBC7C
	.word ov112_021EBCD8
	.word ov112_021EBD9C
	.word ov112_021EBDE8
	.word ov112_021EBE4C
	.word ov112_021EBE6C
	.word ov112_021EBE78
	.word ov112_021EBF18
	.word ov112_021EBF4C
	.word ov112_021EBF70
	.word ov112_021EBFC8
	.word ov112_021EC000
	.word ov112_021EC038
	.word ov112_021EC044
	.word ov112_021EC1A8
	.word ov112_021EC1E4
	.word ov112_021EC208
	.word ov112_021EC284
	.word ov112_021EC2A8
	.word ov112_021EC2E4
	.word ov112_021EC304
	.word ov112_021EC338
	.word ov112_021EC374
	.word ov112_021EC378
	.word ov112_021EC390
	.word ov112_021EC3B0
	.word ov112_021EC3C8
	.word ov112_021EC3F0
	.word ov112_021EC404
	.word ov112_021EC414
	.word ov112_021EC434

ov112_021FF7CC: ; 0x021FF7CC
	.word ov112_021EC55C
	.word ov112_021EC640
	.word ov112_021EC67C
	.word ov112_021EC69C
	.word ov112_021EC6C0
	.word ov112_021EC6D8
	.word ov112_021EC6F8
	.word ov112_021EC70C
	.word ov112_021EC778
	.word ov112_021EC99C
	.word ov112_021ECAA8
	.word ov112_021ECCC4
	.word ov112_021ECE28
	.word ov112_021ECECC
	.word ov112_021ECEEC
	.word ov112_021ECEF8
	.word ov112_021ECF38
	.word ov112_021ECF88
	.word ov112_021ECFD4
	.word ov112_021ED020
	.word ov112_021ED054
	.word ov112_021ED090
	.word ov112_021ED1A0
	.word ov112_021ED224
	.word ov112_021ED264
	.word ov112_021ED35C
	.word ov112_021ED4D4
	.word ov112_021ED66C
	.word ov112_021ED8DC
	.word ov112_021ED918
	.word ov112_021EDA4C
	.word ov112_021EDB24
	.word ov112_021EDD08
	.word ov112_021EDD30
	.word ov112_021EDE1C
	.word ov112_021EDE68
	.word ov112_021EDF08
	.word ov112_021EDF4C
	.word ov112_021EE044
	.word ov112_021EE0F4
	.word ov112_021EE10C
	.word ov112_021EE12C
	.word ov112_021EE178
	.word ov112_021EE1A4
	.word ov112_021EE1BC
	.word ov112_021EE1DC
	.word ov112_021EE1E8
	.word ov112_021EE29C
	.word ov112_021EE2B4
	.word ov112_021EE2D4
	.word ov112_021EE31C
	.word ov112_021EE3E0
	.word ov112_021EE464
	.word ov112_021EE4B8
	.word ov112_021EE4D0
	.word ov112_021EE510
	.word ov112_021EE514
	.word ov112_021EE524
	.word ov112_021EDD5C
	.word ov112_021EDD80
	.word ov112_021EDDB4
	.word ov112_021EDDE8
	.word ov112_021EE52C
	.word ov112_021EE550
	.word ov112_021EE570
	.word ov112_021EE594
	.word ov112_021EE5B8

ov112_021FF8D8: ; 0x021FF8D8
	.word ov112_021EE6B0
	.word ov112_021EE6D0
	.word ov112_021EE6F8
	.word ov112_021EE70C
	.word ov112_021EE718
	.word ov112_021EE73C
	.word ov112_021EE754
	.word ov112_021EE778

ov112_021FF8F8: ; 0x021FF8F8
	.word ov112_021EEE2C
	.word ov112_021EEE4C
	.word ov112_021EEE8C
	.word ov112_021EEEA0
	.word ov112_021EEEAC
	.word ov112_021EEEC0
	.word ov112_021EEEE0
	.word ov112_021EEF08
	.word ov112_021EEF1C
	.word ov112_021EEF28
	.word ov112_021EEF30

ov112_021FF924: ; 0x021FF924
	.word ov112_021EF700
	.word ov112_021EF758
	.word ov112_021EF8C0
	.word ov112_021EF8D4
	.word ov112_021EF958
	.word ov112_021EF994
	.word ov112_021EF9D4
	.word ov112_021EFA1C
	.word ov112_021EFA44
	.word ov112_021EFA74
	.word ov112_021EFA9C
	.word ov112_021EFAC0
	.word ov112_021EFB14
	.word ov112_021EFC9C
	.word ov112_021EFCB0
	.word ov112_021EFCD8
	.word ov112_021EFCFC
	.word ov112_021EFDA8
	.word ov112_021EFED8
	.word ov112_021EFEEC
	.word ov112_021EFF14
	.word ov112_021EFF38
	.word ov112_021EFF4C
	.word ov112_021EFF70
	.word ov112_021EFF84
	.word ov112_021F00CC
	.word ov112_021F00E0
	.word ov112_021F0114
	.word ov112_021F015C
	.word ov112_021F0180
	.word ov112_021F0194
	.word ov112_021F01B8
	.word ov112_021F01CC
	.word ov112_021F0314
	.word ov112_021F0328
	.word ov112_021F0368
	.word ov112_021F0394

ov112_021FF9B8: ; 0x021FF9B8
	.byte 0x99, 0x04, 0x00, 0x00, 0x99, 0x04, 0x00, 0x00
	.byte 0x9A, 0x04, 0x00, 0x00, 0x9A, 0x04, 0x00, 0x00, 0x9B, 0x04, 0x00, 0x00, 0x9D, 0x04, 0x00, 0x00
	.byte 0x99, 0x04, 0x00, 0x00, 0x9C, 0x04, 0x00, 0x00, 0x00, 0x00, 0x00, 0x00, 0x00, 0x00, 0x00, 0x00

	.bss

_021FF9E0:
	.space 0x38

ov112_021FFA18: ; 0x021FFA18
	.space 0x8

ov112_021FFA20: ; 0x021FFA20
	.space 0x84

ov112_021FFAA4: ; 0x021FFAA4
	.space 0x1C

ov112_021FFAC0: ; 0x021FFAC0
	.space 0x30

ov112_021FFAF0: ; 0x021FFAF0
	.space 0x8

ov112_021FFAF8: ; 0x021FFAF8
	.space 0x10

ov112_021FFB08: ; 0x021FFB08
	.space 0x18

ov112_021FFB20: ; 0x021FFB20
	.space 0x4

ov112_021FFB24: ; 0x021FFB24
	.space 0x40

ov112_021FFB64: ; 0x021FFB64
	.space 0x74

ov112_021FFBD8: ; 0x021FFBD8
	.space 0xc8
