	.include "asm/macros.inc"
	.include "overlay_10.inc"
	.include "global.inc"

	.text

	thumb_func_start ov10_022205BC
ov10_022205BC: ; 0x022205BC
	push {r4, r5, r6, r7, lr}
	sub sp, #0x14
	add r7, r1, #0
	add r1, r0, #0
	str r0, [sp]
	ldr r5, [r1, #0x30]
	bl BattleSystem_GetBattleType
	add r6, r0, #0
	mov r0, #1
	tst r0, r6
	bne _022205E0
	ldr r0, [sp]
	add r1, r7, #0
	bl BattleSystem_GetFieldSide
	cmp r0, #0
	bne _022206A0
_022205E0:
	ldr r0, [sp]
	add r1, r5, #0
	add r2, r7, #0
	bl ov10_022203A4
	cmp r0, #0
	beq _0222068E
	ldr r0, _022206A8 ; =0x000021A4
	add r0, r5, r0
	str r0, [sp, #0x10]
	ldrb r0, [r0, r7]
	cmp r0, #6
	bne _02220688
	ldr r0, [sp]
	add r1, r7, #0
	bl ov12_02258800
	add r4, r0, #0
	cmp r4, #6
	bne _02220684
	lsl r0, r7, #0x18
	lsr r0, r0, #0x18
	str r0, [sp, #0xc]
	mov r0, #0x10
	tst r0, r6
	bne _0222061A
	mov r0, #8
	tst r0, r6
	beq _02220620
_0222061A:
	ldr r0, [sp, #0xc]
	str r0, [sp, #8]
	b _0222062E
_02220620:
	ldr r0, [sp]
	add r1, r7, #0
	bl BattleSystem_GetBattlerIdPartner
	lsl r0, r0, #0x18
	lsr r0, r0, #0x18
	str r0, [sp, #8]
_0222062E:
	ldr r0, [sp]
	add r1, r7, #0
	bl BattleSystem_GetPartySize
	mov r4, #0
	str r0, [sp, #4]
	cmp r0, #0
	ble _02220684
	ldr r0, [sp, #0xc]
	add r6, r5, r0
	ldr r0, [sp, #8]
	add r5, r5, r0
_02220646:
	ldr r0, [sp]
	add r1, r7, #0
	add r2, r4, #0
	bl BattleSystem_GetPartyMon
	mov r1, #0xa3
	mov r2, #0
	bl GetMonData
	cmp r0, #0
	beq _0222067C
	ldr r0, _022206AC ; =0x0000219C
	ldrb r0, [r6, r0]
	cmp r4, r0
	beq _0222067C
	ldr r0, _022206AC ; =0x0000219C
	ldrb r0, [r5, r0]
	cmp r4, r0
	beq _0222067C
	ldr r0, _022206A8 ; =0x000021A4
	ldrb r0, [r6, r0]
	cmp r4, r0
	beq _0222067C
	ldr r0, _022206A8 ; =0x000021A4
	ldrb r0, [r5, r0]
	cmp r4, r0
	bne _02220684
_0222067C:
	ldr r0, [sp, #4]
	add r4, r4, #1
	cmp r4, r0
	blt _02220646
_02220684:
	ldr r0, [sp, #0x10]
	strb r4, [r0, r7]
_02220688:
	add sp, #0x14
	mov r0, #3
	pop {r4, r5, r6, r7, pc}
_0222068E:
	ldr r0, [sp]
	add r1, r7, #0
	bl ov10_022206B0
	cmp r0, #0
	beq _022206A0
	add sp, #0x14
	mov r0, #2
	pop {r4, r5, r6, r7, pc}
_022206A0:
	mov r0, #1
	add sp, #0x14
	pop {r4, r5, r6, r7, pc}
	nop
_022206A8: .word 0x000021A4
_022206AC: .word 0x0000219C
	thumb_func_end ov10_022205BC

	thumb_func_start ov10_022206B0
ov10_022206B0: ; 0x022206B0
	push {r3, r4, r5, r6, r7, lr}
	sub sp, #0x20
	add r5, r0, #0
	mov r2, #0
	str r2, [sp, #0x14]
	add r2, r1, #0
	asr r2, r2, #1
	ldr r4, [r5, #0x30]
	str r2, [sp, #0xc]
	add r6, r4, r2
	ldr r2, [sp, #0x14]
	ldr r3, _022209C4 ; =0x000003D3
	str r2, [sp, #0x1c]
	strb r2, [r6, r3]
	ldr r3, [r5, #0x2c]
	mov r2, #0x4b
	and r2, r3
	str r1, [sp]
	cmp r2, #0x4b
	bne _022206E6
	bl ov12_0223AB0C
	cmp r0, #4
	bne _022206E6
	add sp, #0x20
	mov r0, #0
	pop {r3, r4, r5, r6, r7, pc}
_022206E6:
	ldr r0, [sp]
	mov r1, #0xc0
	mul r1, r0
	mov r0, #0xb7
	str r1, [sp, #8]
	add r1, r4, r1
	lsl r0, r0, #6
	ldr r1, [r1, r0]
	mov r0, #1
	lsl r0, r0, #0x1a
	tst r0, r1
	beq _02220704
	add sp, #0x20
	mov r0, #0
	pop {r3, r4, r5, r6, r7, pc}
_02220704:
	ldr r1, [sp]
	add r0, r5, #0
	bl BattleSystem_GetParty
	add r7, r0, #0
	mov r5, #0
	bl Party_GetCount
	cmp r0, #0
	ble _02220762
_02220718:
	add r0, r7, #0
	add r1, r5, #0
	bl Party_GetMonByIndex
	mov r1, #0xa3
	mov r2, #0
	add r6, r0, #0
	bl GetMonData
	cmp r0, #0
	beq _02220756
	add r0, r6, #0
	mov r1, #0xae
	mov r2, #0
	bl GetMonData
	cmp r0, #0
	beq _02220756
	add r0, r6, #0
	mov r1, #0xae
	mov r2, #0
	bl GetMonData
	ldr r1, _022209C8 ; =0x000001EE
	cmp r0, r1
	beq _02220756
	ldr r0, [sp, #0x14]
	add r0, r0, #1
	lsl r0, r0, #0x18
	lsr r0, r0, #0x18
	str r0, [sp, #0x14]
_02220756:
	add r0, r7, #0
	add r5, r5, #1
	bl Party_GetCount
	cmp r5, r0
	blt _02220718
_02220762:
	mov r0, #0
	str r0, [sp, #4]
	ldr r0, [sp, #0xc]
	lsl r0, r0, #3
	str r0, [sp, #0x10]
	add r0, r4, r0
	str r0, [sp, #0x18]
	ldr r0, [sp, #0xc]
	add r5, r4, r0
	ldr r0, [sp, #8]
	add r7, r4, r0
_02220778:
	ldr r0, [sp, #4]
	cmp r0, #0
	beq _0222078C
	ldr r0, _022209CC ; =0x000003CD
	ldrb r1, [r5, r0]
	ldr r0, [sp, #4]
	sub r1, r1, r0
	ldr r0, [sp, #0x14]
	cmp r0, r1
	bgt _02220798
_0222078C:
	mov r0, #0xe7
	ldr r1, [sp, #0x18]
	lsl r0, r0, #2
	ldrh r6, [r1, r0]
	cmp r6, #0
	bne _0222079A
_02220798:
	b _02220A88
_0222079A:
	cmp r6, #0x17
	bne _022207BC
	ldr r1, _022209D0 ; =0x00002D90
	ldr r0, _022209D4 ; =0x00002D8C
	ldr r1, [r7, r1]
	ldr r0, [r7, r0]
	lsr r1, r1, #2
	cmp r0, r1
	bhs _02220816
	cmp r0, #0
	beq _02220816
	ldr r0, _022209D8 ; =0x000003D1
	mov r1, #0
	strb r1, [r5, r0]
	mov r0, #1
	str r0, [sp, #0x1c]
	b _02220A62
_022207BC:
	add r0, r4, #0
	add r1, r6, #0
	mov r2, #0x26
	bl GetItemVar
	cmp r0, #0
	beq _022207FE
	add r0, r4, #0
	add r1, r6, #0
	mov r2, #0x36
	bl GetItemVar
	lsl r0, r0, #0x18
	lsr r2, r0, #0x18
	beq _02220816
	ldr r0, _022209D4 ; =0x00002D8C
	ldr r1, [r7, r0]
	cmp r1, #0
	beq _02220816
	add r0, r0, #4
	ldr r3, [r7, r0]
	lsr r0, r3, #2
	cmp r1, r0
	blo _022207F2
	sub r0, r3, r1
	cmp r0, r2
	bls _02220816
_022207F2:
	ldr r0, _022209D8 ; =0x000003D1
	mov r1, #1
	strb r1, [r5, r0]
	add r0, r1, #0
	str r0, [sp, #0x1c]
	b _02220A62
_022207FE:
	add r0, r4, #0
	add r1, r6, #0
	mov r2, #0xf
	bl GetItemVar
	cmp r0, #0
	beq _02220834
	ldr r0, _022209DC ; =0x00002DAC
	ldr r1, [r7, r0]
	mov r0, #7
	tst r0, r1
	bne _02220818
_02220816:
	b _02220A62
_02220818:
	mov r0, #5
	bl MaskOfFlagNo
	ldr r1, _022209C4 ; =0x000003D3
	ldrb r1, [r5, r1]
	orr r1, r0
	ldr r0, _022209C4 ; =0x000003D3
	strb r1, [r5, r0]
	mov r1, #2
	sub r0, r0, #2
	strb r1, [r5, r0]
	mov r0, #1
	str r0, [sp, #0x1c]
	b _02220A62
_02220834:
	add r0, r4, #0
	add r1, r6, #0
	mov r2, #0x10
	bl GetItemVar
	cmp r0, #0
	beq _0222086E
	ldr r0, _022209DC ; =0x00002DAC
	mov r1, #8
	ldr r0, [r7, r0]
	tst r1, r0
	bne _02220852
	mov r1, #0x80
	tst r0, r1
	beq _02220922
_02220852:
	mov r0, #4
	bl MaskOfFlagNo
	ldr r1, _022209C4 ; =0x000003D3
	ldrb r1, [r5, r1]
	orr r1, r0
	ldr r0, _022209C4 ; =0x000003D3
	strb r1, [r5, r0]
	mov r1, #2
	sub r0, r0, #2
	strb r1, [r5, r0]
	mov r0, #1
	str r0, [sp, #0x1c]
	b _02220A62
_0222086E:
	add r0, r4, #0
	add r1, r6, #0
	mov r2, #0x11
	bl GetItemVar
	cmp r0, #0
	beq _022208A2
	ldr r0, _022209DC ; =0x00002DAC
	ldr r1, [r7, r0]
	mov r0, #0x10
	tst r0, r1
	beq _02220922
	mov r0, #3
	bl MaskOfFlagNo
	ldr r1, _022209C4 ; =0x000003D3
	ldrb r1, [r5, r1]
	orr r1, r0
	ldr r0, _022209C4 ; =0x000003D3
	strb r1, [r5, r0]
	mov r1, #2
	sub r0, r0, #2
	strb r1, [r5, r0]
	mov r0, #1
	str r0, [sp, #0x1c]
	b _02220A62
_022208A2:
	add r0, r4, #0
	add r1, r6, #0
	mov r2, #0x12
	bl GetItemVar
	cmp r0, #0
	beq _022208D6
	ldr r0, _022209DC ; =0x00002DAC
	ldr r1, [r7, r0]
	mov r0, #0x20
	tst r0, r1
	beq _02220922
	mov r0, #2
	bl MaskOfFlagNo
	ldr r1, _022209C4 ; =0x000003D3
	ldrb r1, [r5, r1]
	orr r1, r0
	ldr r0, _022209C4 ; =0x000003D3
	strb r1, [r5, r0]
	mov r1, #2
	sub r0, r0, #2
	strb r1, [r5, r0]
	mov r0, #1
	str r0, [sp, #0x1c]
	b _02220A62
_022208D6:
	add r0, r4, #0
	add r1, r6, #0
	mov r2, #0x13
	bl GetItemVar
	cmp r0, #0
	beq _0222090A
	ldr r0, _022209DC ; =0x00002DAC
	ldr r1, [r7, r0]
	mov r0, #0x40
	tst r0, r1
	beq _02220922
	mov r0, #1
	bl MaskOfFlagNo
	ldr r1, _022209C4 ; =0x000003D3
	ldrb r1, [r5, r1]
	orr r1, r0
	ldr r0, _022209C4 ; =0x000003D3
	strb r1, [r5, r0]
	mov r1, #2
	sub r0, r0, #2
	strb r1, [r5, r0]
	mov r0, #1
	str r0, [sp, #0x1c]
	b _02220A62
_0222090A:
	add r0, r4, #0
	add r1, r6, #0
	mov r2, #0x14
	bl GetItemVar
	cmp r0, #0
	beq _02220940
	ldr r0, _022209E0 ; =0x00002DB0
	ldr r1, [r7, r0]
	mov r0, #7
	tst r0, r1
	bne _02220924
_02220922:
	b _02220A62
_02220924:
	mov r0, #0
	bl MaskOfFlagNo
	ldr r1, _022209C4 ; =0x000003D3
	ldrb r1, [r5, r1]
	orr r1, r0
	ldr r0, _022209C4 ; =0x000003D3
	strb r1, [r5, r0]
	mov r1, #2
	sub r0, r0, #2
	strb r1, [r5, r0]
	mov r0, #1
	str r0, [sp, #0x1c]
	b _02220A62
_02220940:
	ldr r0, _022209E4 ; =0x00002DD4
	ldr r1, [r7, r0]
	mov r0, #0x15
	lsl r0, r0, #4
	ldr r0, [r4, r0]
	sub r0, r1, r0
	bpl _02220950
	b _02220A5C
_02220950:
	add r0, r4, #0
	add r1, r6, #0
	mov r2, #0x1b
	bl GetItemVar
	cmp r0, #0
	beq _02220970
	ldr r0, _022209C4 ; =0x000003D3
	mov r1, #1
	strb r1, [r5, r0]
	mov r1, #3
	sub r0, r0, #2
	strb r1, [r5, r0]
	mov r0, #1
	str r0, [sp, #0x1c]
	b _02220A62
_02220970:
	add r0, r4, #0
	add r1, r6, #0
	mov r2, #0x1c
	bl GetItemVar
	cmp r0, #0
	beq _02220990
	ldr r0, _022209C4 ; =0x000003D3
	mov r1, #2
	strb r1, [r5, r0]
	mov r1, #3
	sub r0, r0, #2
	strb r1, [r5, r0]
	mov r0, #1
	str r0, [sp, #0x1c]
	b _02220A62
_02220990:
	add r0, r4, #0
	add r1, r6, #0
	mov r2, #0x1d
	bl GetItemVar
	cmp r0, #0
	beq _022209B0
	ldr r0, _022209C4 ; =0x000003D3
	mov r1, #4
	strb r1, [r5, r0]
	mov r1, #3
	sub r0, r0, #2
	strb r1, [r5, r0]
	mov r0, #1
	str r0, [sp, #0x1c]
	b _02220A62
_022209B0:
	add r0, r4, #0
	add r1, r6, #0
	mov r2, #0x1e
	bl GetItemVar
	cmp r0, #0
	beq _022209F8
	ldr r0, _022209C4 ; =0x000003D3
	b _022209E8
	nop
_022209C4: .word 0x000003D3
_022209C8: .word 0x000001EE
_022209CC: .word 0x000003CD
_022209D0: .word 0x00002D90
_022209D4: .word 0x00002D8C
_022209D8: .word 0x000003D1
_022209DC: .word 0x00002DAC
_022209E0: .word 0x00002DB0
_022209E4: .word 0x00002DD4
_022209E8:
	mov r1, #5
	strb r1, [r5, r0]
	mov r1, #3
	sub r0, r0, #2
	strb r1, [r5, r0]
	mov r0, #1
	str r0, [sp, #0x1c]
	b _02220A62
_022209F8:
	add r0, r4, #0
	add r1, r6, #0
	mov r2, #0x1f
	bl GetItemVar
	cmp r0, #0
	beq _02220A16
	ldr r0, _02220AA0 ; =0x000003D3
	mov r1, #3
	strb r1, [r5, r0]
	sub r0, r0, #2
	strb r1, [r5, r0]
	mov r0, #1
	str r0, [sp, #0x1c]
	b _02220A62
_02220A16:
	add r0, r4, #0
	add r1, r6, #0
	mov r2, #0x20
	bl GetItemVar
	cmp r0, #0
	beq _02220A36
	ldr r0, _02220AA0 ; =0x000003D3
	mov r1, #6
	strb r1, [r5, r0]
	mov r1, #3
	sub r0, r0, #2
	strb r1, [r5, r0]
	mov r0, #1
	str r0, [sp, #0x1c]
	b _02220A62
_02220A36:
	add r0, r4, #0
	add r1, r6, #0
	mov r2, #0x16
	bl GetItemVar
	cmp r0, #0
	beq _02220A62
	mov r0, #7
	lsl r0, r0, #6
	ldr r1, [r4, r0]
	mov r0, #0x40
	tst r0, r1
	bne _02220A62
	ldr r0, _02220AA4 ; =0x000003D1
	mov r1, #4
	strb r1, [r5, r0]
	mov r0, #1
	str r0, [sp, #0x1c]
	b _02220A62
_02220A5C:
	ldr r0, _02220AA4 ; =0x000003D1
	mov r1, #5
	strb r1, [r5, r0]
_02220A62:
	ldr r0, [sp, #0x1c]
	cmp r0, #1
	bne _02220A88
	ldr r0, [sp]
	mov r1, #1
	bic r0, r1
	ldr r1, [sp, #0x10]
	str r0, [sp]
	add r3, r4, r1
	ldr r1, [sp, #4]
	ldr r2, _02220AA8 ; =0x000003D6
	add r0, r4, r0
	strh r6, [r0, r2]
	lsl r1, r1, #1
	mov r0, #0
	add r1, r3, r1
	sub r2, #0x3a
	strh r0, [r1, r2]
	b _02220A9A
_02220A88:
	ldr r0, [sp, #0x18]
	add r0, r0, #2
	str r0, [sp, #0x18]
	ldr r0, [sp, #4]
	add r0, r0, #1
	str r0, [sp, #4]
	cmp r0, #4
	bge _02220A9A
	b _02220778
_02220A9A:
	ldr r0, [sp, #0x1c]
	add sp, #0x20
	pop {r3, r4, r5, r6, r7, pc}
	.balign 4, 0
_02220AA0: .word 0x000003D3
_02220AA4: .word 0x000003D1
_02220AA8: .word 0x000003D6
	thumb_func_end ov10_022206B0

	.rodata

ov10_02220AAC:
	.byte 0x20, 0x00, 0x00, 0x00
	.byte 0xA3, 0x20, 0x00, 0x00, 0xF2, 0x09, 0x00, 0x00, 0xE2, 0x20, 0x00, 0x00, 0x3D, 0x21, 0x00, 0x00
	.byte 0x30, 0x21, 0x00, 0x00, 0x63, 0x21, 0x00, 0x00, 0xC6, 0x21, 0x00, 0x00, 0xCA, 0x27, 0x00, 0x00
	.byte 0xE6, 0x28, 0x00, 0x00, 0x18, 0x29, 0x00, 0x00, 0x6E, 0x29, 0x00, 0x00, 0x6E, 0x29, 0x00, 0x00
	.byte 0x6E, 0x29, 0x00, 0x00, 0x6E, 0x29, 0x00, 0x00, 0x6E, 0x29, 0x00, 0x00, 0x6E, 0x29, 0x00, 0x00
	.byte 0x6E, 0x29, 0x00, 0x00, 0x6E, 0x29, 0x00, 0x00, 0x6E, 0x29, 0x00, 0x00, 0x6E, 0x29, 0x00, 0x00
	.byte 0x6E, 0x29, 0x00, 0x00, 0x6E, 0x29, 0x00, 0x00, 0x6E, 0x29, 0x00, 0x00, 0x6E, 0x29, 0x00, 0x00
	.byte 0x6E, 0x29, 0x00, 0x00, 0x6E, 0x29, 0x00, 0x00, 0x6E, 0x29, 0x00, 0x00, 0x6E, 0x29, 0x00, 0x00
	.byte 0x47, 0x29, 0x00, 0x00, 0x60, 0x29, 0x00, 0x00, 0x64, 0x29, 0x00, 0x00, 0x51, 0x00, 0x00, 0x00
	.byte 0x4C, 0x29, 0x00, 0x00, 0x17, 0x00, 0x00, 0x00, 0x5A, 0x00, 0x00, 0x00, 0x08, 0x00, 0x00, 0x00
	.byte 0x17, 0x00, 0x00, 0x00, 0x20, 0x00, 0x00, 0x00, 0x05, 0x00, 0x00, 0x00, 0x20, 0x00, 0x00, 0x00
	.byte 0x00, 0x00, 0x00, 0x00, 0x13, 0x00, 0x00, 0x00, 0x00, 0x00, 0x00, 0x00, 0x51, 0x00, 0x00, 0x00
	.byte 0x2B, 0x00, 0x00, 0x00, 0x00, 0x00, 0x00, 0x00, 0xAA, 0x09, 0x00, 0x00, 0x29, 0x00, 0x00, 0x00
	.byte 0x01, 0x00, 0x00, 0x00, 0x13, 0x00, 0x00, 0x00, 0x68, 0x00, 0x00, 0x00, 0x44, 0x00, 0x00, 0x00
	.byte 0x29, 0x00, 0x00, 0x00, 0x00, 0x00, 0x00, 0x00, 0x13, 0x00, 0x00, 0x00, 0x0A, 0x00, 0x00, 0x00
	.byte 0x14, 0x00, 0x00, 0x00, 0x13, 0x00, 0x00, 0x00, 0x4E, 0x00, 0x00, 0x00, 0x11, 0x00, 0x00, 0x00
	.byte 0x13, 0x00, 0x00, 0x00, 0x0B, 0x00, 0x00, 0x00, 0x15, 0x00, 0x00, 0x00, 0x13, 0x00, 0x00, 0x00
	.byte 0x12, 0x00, 0x00, 0x00, 0x19, 0x00, 0x00, 0x00, 0x13, 0x00, 0x00, 0x00, 0x19, 0x00, 0x00, 0x00
	.byte 0x1D, 0x00, 0x00, 0x00, 0x13, 0x00, 0x00, 0x00, 0x1A, 0x00, 0x00, 0x00, 0x22, 0x00, 0x00, 0x00
	.byte 0x13, 0x00, 0x00, 0x00, 0x1A, 0x00, 0x00, 0x00, 0x26, 0x00, 0x00, 0x00, 0x4C, 0x00, 0x00, 0x00
	.byte 0x2B, 0x00, 0x00, 0x00, 0x1E, 0x00, 0x00, 0x00, 0x04, 0x00, 0x00, 0x00, 0x22, 0x00, 0x00, 0x00
	.byte 0x0D, 0x00, 0x00, 0x00, 0x8A, 0x09, 0x00, 0x00, 0x4C, 0x00, 0x00, 0x00, 0x24, 0x00, 0x00, 0x00
	.byte 0x1E, 0x00, 0x00, 0x00, 0x04, 0x00, 0x00, 0x00, 0x22, 0x00, 0x00, 0x00, 0x0B, 0x00, 0x00, 0x00
	.byte 0x83, 0x09, 0x00, 0x00, 0x4C, 0x00, 0x00, 0x00, 0x1D, 0x00, 0x00, 0x00, 0x1E, 0x00, 0x00, 0x00
	.byte 0x04, 0x00, 0x00, 0x00, 0x22, 0x00, 0x00, 0x00, 0x0A, 0x00, 0x00, 0x00, 0x7C, 0x09, 0x00, 0x00
	.byte 0x4C, 0x00, 0x00, 0x00, 0x16, 0x00, 0x00, 0x00, 0x2B, 0x00, 0x00, 0x00, 0x50, 0x00, 0x00, 0x00
	.byte 0x13, 0x00, 0x00, 0x00, 0x2B, 0x00, 0x00, 0x00, 0xA0, 0x00, 0x00, 0x00, 0x10, 0x00, 0x00, 0x00
	.byte 0x4C, 0x00, 0x00, 0x00, 0x72, 0x09, 0x00, 0x00, 0x1E, 0x00, 0x00, 0x00, 0x04, 0x00, 0x00, 0x00
	.byte 0x22, 0x00, 0x00, 0x00, 0x04, 0x00, 0x00, 0x00, 0x6D, 0x09, 0x00, 0x00, 0x4C, 0x00, 0x00, 0x00
	.byte 0x07, 0x00, 0x00, 0x00, 0x1E, 0x00, 0x00, 0x00, 0x04, 0x00, 0x00, 0x00, 0x22, 0x00, 0x00, 0x00
	.byte 0x0B, 0x00, 0x00, 0x00, 0x66, 0x09, 0x00, 0x00, 0x4C, 0x00, 0x00, 0x00, 0x00, 0x00, 0x00, 0x00
	.byte 0x20, 0x00, 0x00, 0x00, 0x00, 0x00, 0x00, 0x00, 0x13, 0x00, 0x00, 0x00, 0x00, 0x00, 0x00, 0x00
	.byte 0x00, 0x00, 0x00, 0x00, 0x29, 0x00, 0x00, 0x00, 0x00, 0x00, 0x00, 0x00, 0x14, 0x00, 0x00, 0x00
	.byte 0x2B, 0x00, 0x00, 0x00, 0x26, 0x00, 0x00, 0x00, 0x29, 0x00, 0x00, 0x00, 0x01, 0x00, 0x00, 0x00
	.byte 0x13, 0x00, 0x00, 0x00, 0x68, 0x00, 0x00, 0x00, 0x21, 0x00, 0x00, 0x00, 0x17, 0x00, 0x00, 0x00
	.byte 0x2D, 0x00, 0x00, 0x00, 0x4F, 0x09, 0x00, 0x00, 0x17, 0x00, 0x00, 0x00, 0x2E, 0x00, 0x00, 0x00
	.byte 0x4C, 0x09, 0x00, 0x00, 0x17, 0x00, 0x00, 0x00, 0x2F, 0x00, 0x00, 0x00, 0x49, 0x09, 0x00, 0x00
	.byte 0x17, 0x00, 0x00, 0x00, 0x30, 0x00, 0x00, 0x00, 0x46, 0x09, 0x00, 0x00, 0x17, 0x00, 0x00, 0x00
	.byte 0x67, 0x00, 0x00, 0x00, 0x43, 0x09, 0x00, 0x00, 0x17, 0x00, 0x00, 0x00, 0xAD, 0x00, 0x00, 0x00
	.byte 0x40, 0x09, 0x00, 0x00, 0x17, 0x00, 0x00, 0x00, 0xFD, 0x00, 0x00, 0x00, 0x3D, 0x09, 0x00, 0x00
	.byte 0x17, 0x00, 0x00, 0x00, 0x3F, 0x01, 0x00, 0x00, 0x3A, 0x09, 0x00, 0x00, 0x17, 0x00, 0x00, 0x00
	.byte 0x40, 0x01, 0x00, 0x00, 0x37, 0x09, 0x00, 0x00, 0x17, 0x00, 0x00, 0x00, 0x95, 0x01, 0x00, 0x00
	.byte 0x34, 0x09, 0x00, 0x00, 0x17, 0x00, 0x00, 0x00, 0xC0, 0x01, 0x00, 0x00, 0x31, 0x09, 0x00, 0x00
	.byte 0x2F, 0x00, 0x00, 0x00, 0x01, 0x00, 0x00, 0x00, 0xC6, 0x01, 0x00, 0x00, 0x2F, 0x00, 0x00, 0x00
	.byte 0x07, 0x00, 0x00, 0x00, 0xD4, 0x01, 0x00, 0x00, 0x2F, 0x00, 0x00, 0x00, 0x08, 0x00, 0x00, 0x00
	.byte 0xF9, 0x01, 0x00, 0x00, 0x2F, 0x00, 0x00, 0x00, 0x0A, 0x00, 0x00, 0x00, 0x02, 0x02, 0x00, 0x00
	.byte 0x2F, 0x00, 0x00, 0x00, 0x0B, 0x00, 0x00, 0x00, 0x10, 0x02, 0x00, 0x00, 0x2F, 0x00, 0x00, 0x00
	.byte 0x0C, 0x00, 0x00, 0x00, 0x1E, 0x02, 0x00, 0x00, 0x2F, 0x00, 0x00, 0x00, 0x0D, 0x00, 0x00, 0x00
	.byte 0x2F, 0x02, 0x00, 0x00, 0x2F, 0x00, 0x00, 0x00, 0x0E, 0x00, 0x00, 0x00, 0x3D, 0x02, 0x00, 0x00
	.byte 0x2F, 0x00, 0x00, 0x00, 0x0F, 0x00, 0x00, 0x00, 0x4B, 0x02, 0x00, 0x00, 0x2F, 0x00, 0x00, 0x00
	.byte 0x10, 0x00, 0x00, 0x00, 0x61, 0x02, 0x00, 0x00, 0x2F, 0x00, 0x00, 0x00, 0x12, 0x00, 0x00, 0x00
	.byte 0x77, 0x02, 0x00, 0x00, 0x2F, 0x00, 0x00, 0x00, 0x13, 0x00, 0x00, 0x00, 0x80, 0x02, 0x00, 0x00
	.byte 0x2F, 0x00, 0x00, 0x00, 0x14, 0x00, 0x00, 0x00, 0x84, 0x02, 0x00, 0x00, 0x2F, 0x00, 0x00, 0x00
	.byte 0x15, 0x00, 0x00, 0x00, 0x91, 0x02, 0x00, 0x00, 0x2F, 0x00, 0x00, 0x00, 0x16, 0x00, 0x00, 0x00
	.byte 0x95, 0x02, 0x00, 0x00, 0x2F, 0x00, 0x00, 0x00, 0x17, 0x00, 0x00, 0x00, 0x99, 0x02, 0x00, 0x00
	.byte 0x2F, 0x00, 0x00, 0x00, 0x18, 0x00, 0x00, 0x00, 0xAA, 0x02, 0x00, 0x00, 0x2F, 0x00, 0x00, 0x00
	.byte 0x19, 0x00, 0x00, 0x00, 0xBF, 0x02, 0x00, 0x00, 0x2F, 0x00, 0x00, 0x00, 0x1A, 0x00, 0x00, 0x00
	.byte 0x6E, 0x03, 0x00, 0x00, 0x2F, 0x00, 0x00, 0x00, 0x1C, 0x00, 0x00, 0x00, 0x02, 0x03, 0x00, 0x00
	.byte 0x2F, 0x00, 0x00, 0x00, 0x20, 0x00, 0x00, 0x00, 0x0F, 0x03, 0x00, 0x00, 0x2F, 0x00, 0x00, 0x00
	.byte 0x21, 0x00, 0x00, 0x00, 0x13, 0x03, 0x00, 0x00, 0x2F, 0x00, 0x00, 0x00, 0x23, 0x00, 0x00, 0x00
	.byte 0x44, 0x03, 0x00, 0x00, 0x2F, 0x00, 0x00, 0x00, 0x26, 0x00, 0x00, 0x00, 0x46, 0x03, 0x00, 0x00
	.byte 0x2F, 0x00, 0x00, 0x00, 0x27, 0x00, 0x00, 0x00, 0x5C, 0x03, 0x00, 0x00, 0x2F, 0x00, 0x00, 0x00
	.byte 0x28, 0x00, 0x00, 0x00, 0x59, 0x03, 0x00, 0x00, 0x2F, 0x00, 0x00, 0x00, 0x29, 0x00, 0x00, 0x00
	.byte 0x56, 0x03, 0x00, 0x00, 0x2F, 0x00, 0x00, 0x00, 0x2E, 0x00, 0x00, 0x00, 0x69, 0x03, 0x00, 0x00
	.byte 0x2F, 0x00, 0x00, 0x00, 0x2F, 0x00, 0x00, 0x00, 0x6B, 0x03, 0x00, 0x00, 0x2F, 0x00, 0x00, 0x00
	.byte 0x31, 0x00, 0x00, 0x00, 0x6D, 0x03, 0x00, 0x00, 0x2F, 0x00, 0x00, 0x00, 0x32, 0x00, 0x00, 0x00
	.byte 0xB1, 0x01, 0x00, 0x00, 0x2F, 0x00, 0x00, 0x00, 0x33, 0x00, 0x00, 0x00, 0xBF, 0x01, 0x00, 0x00
	.byte 0x2F, 0x00, 0x00, 0x00, 0x34, 0x00, 0x00, 0x00, 0xCD, 0x01, 0x00, 0x00, 0x2F, 0x00, 0x00, 0x00
	.byte 0x35, 0x00, 0x00, 0x00, 0xDE, 0x01, 0x00, 0x00, 0x2F, 0x00, 0x00, 0x00, 0x36, 0x00, 0x00, 0x00
	.byte 0xEC, 0x01, 0x00, 0x00, 0x2F, 0x00, 0x00, 0x00, 0x37, 0x00, 0x00, 0x00, 0xFA, 0x01, 0x00, 0x00
	.byte 0x2F, 0x00, 0x00, 0x00, 0x38, 0x00, 0x00, 0x00, 0x10, 0x02, 0x00, 0x00, 0x2F, 0x00, 0x00, 0x00
	.byte 0x3A, 0x00, 0x00, 0x00, 0x26, 0x02, 0x00, 0x00, 0x2F, 0x00, 0x00, 0x00, 0x3B, 0x00, 0x00, 0x00
	.byte 0x2F, 0x02, 0x00, 0x00, 0x2F, 0x00, 0x00, 0x00, 0x3C, 0x00, 0x00, 0x00, 0x33, 0x02, 0x00, 0x00
	.byte 0x2F, 0x00, 0x00, 0x00, 0x3D, 0x00, 0x00, 0x00, 0x40, 0x02, 0x00, 0x00, 0x2F, 0x00, 0x00, 0x00
	.byte 0x3E, 0x00, 0x00, 0x00, 0x44, 0x02, 0x00, 0x00, 0x2F, 0x00, 0x00, 0x00, 0x3F, 0x00, 0x00, 0x00
	.byte 0x48, 0x02, 0x00, 0x00, 0x2F, 0x00, 0x00, 0x00, 0x40, 0x00, 0x00, 0x00, 0x59, 0x02, 0x00, 0x00
	.byte 0x2F, 0x00, 0x00, 0x00, 0x41, 0x00, 0x00, 0x00, 0x4E, 0x03, 0x00, 0x00, 0x2F, 0x00, 0x00, 0x00
	.byte 0x42, 0x00, 0x00, 0x00, 0xCB, 0x02, 0x00, 0x00, 0x2F, 0x00, 0x00, 0x00, 0x43, 0x00, 0x00, 0x00
	.byte 0x4D, 0x03, 0x00, 0x00, 0x2F, 0x00, 0x00, 0x00, 0x4F, 0x00, 0x00, 0x00, 0x70, 0x03, 0x00, 0x00
	.byte 0x2F, 0x00, 0x00, 0x00, 0x50, 0x00, 0x00, 0x00, 0x14, 0x03, 0x00, 0x00, 0x2F, 0x00, 0x00, 0x00
	.byte 0x54, 0x00, 0x00, 0x00, 0x73, 0x03, 0x00, 0x00, 0x2F, 0x00, 0x00, 0x00, 0x56, 0x00, 0x00, 0x00
	.byte 0x84, 0x03, 0x00, 0x00, 0x2F, 0x00, 0x00, 0x00, 0x57, 0x00, 0x00, 0x00, 0x0B, 0x03, 0x00, 0x00
	.byte 0x2F, 0x00, 0x00, 0x00, 0x58, 0x00, 0x00, 0x00, 0x08, 0x03, 0x00, 0x00, 0x2F, 0x00, 0x00, 0x00
	.byte 0x59, 0x00, 0x00, 0x00, 0x05, 0x03, 0x00, 0x00, 0x2F, 0x00, 0x00, 0x00, 0x5A, 0x00, 0x00, 0x00
	.byte 0x7D, 0x03, 0x00, 0x00, 0x2F, 0x00, 0x00, 0x00, 0x5C, 0x00, 0x00, 0x00, 0x7F, 0x03, 0x00, 0x00
	.byte 0x2F, 0x00, 0x00, 0x00, 0x5E, 0x00, 0x00, 0x00, 0x81, 0x03, 0x00, 0x00, 0x2F, 0x00, 0x00, 0x00
	.byte 0x61, 0x00, 0x00, 0x00, 0x79, 0x03, 0x00, 0x00, 0x2F, 0x00, 0x00, 0x00, 0x63, 0x00, 0x00, 0x00
	.byte 0xF6, 0x02, 0x00, 0x00, 0x2F, 0x00, 0x00, 0x00, 0x6A, 0x00, 0x00, 0x00, 0x87, 0x03, 0x00, 0x00
	.byte 0x2F, 0x00, 0x00, 0x00, 0x6B, 0x00, 0x00, 0x00, 0x3D, 0x01, 0x00, 0x00, 0x2F, 0x00, 0x00, 0x00
	.byte 0x6C, 0x00, 0x00, 0x00, 0xC5, 0x01, 0x00, 0x00, 0x2F, 0x00, 0x00, 0x00, 0x6D, 0x00, 0x00, 0x00
	.byte 0x83, 0x03, 0x00, 0x00, 0x2F, 0x00, 0x00, 0x00, 0x70, 0x00, 0x00, 0x00, 0xAF, 0x03, 0x00, 0x00
	.byte 0x2F, 0x00, 0x00, 0x00, 0x71, 0x00, 0x00, 0x00, 0xB8, 0x03, 0x00, 0x00, 0x2F, 0x00, 0x00, 0x00
	.byte 0x72, 0x00, 0x00, 0x00, 0xBA, 0x03, 0x00, 0x00, 0x2F, 0x00, 0x00, 0x00, 0x73, 0x00, 0x00, 0x00
	.byte 0xBC, 0x03, 0x00, 0x00, 0x2F, 0x00, 0x00, 0x00, 0x76, 0x00, 0x00, 0x00, 0xFB, 0x02, 0x00, 0x00
	.byte 0x2F, 0x00, 0x00, 0x00, 0x78, 0x00, 0x00, 0x00, 0xBB, 0x03, 0x00, 0x00, 0x2F, 0x00, 0x00, 0x00
	.byte 0x79, 0x00, 0x00, 0x00, 0xD5, 0x02, 0x00, 0x00, 0x2F, 0x00, 0x00, 0x00, 0x7A, 0x00, 0x00, 0x00
	.byte 0xD2, 0x02, 0x00, 0x00, 0x2F, 0x00, 0x00, 0x00, 0x7B, 0x00, 0x00, 0x00, 0xCF, 0x02, 0x00, 0x00
	.byte 0x2F, 0x00, 0x00, 0x00, 0x7C, 0x00, 0x00, 0x00, 0xD1, 0x03, 0x00, 0x00, 0x2F, 0x00, 0x00, 0x00
	.byte 0x7E, 0x00, 0x00, 0x00, 0xC1, 0x02, 0x00, 0x00, 0x2F, 0x00, 0x00, 0x00, 0x7F, 0x00, 0x00, 0x00
	.byte 0xED, 0x03, 0x00, 0x00, 0x2F, 0x00, 0x00, 0x00, 0x82, 0x00, 0x00, 0x00, 0xC3, 0x02, 0x00, 0x00
	.byte 0x2F, 0x00, 0x00, 0x00, 0x84, 0x00, 0x00, 0x00, 0x67, 0x02, 0x00, 0x00, 0x2F, 0x00, 0x00, 0x00
	.byte 0x85, 0x00, 0x00, 0x00, 0x64, 0x02, 0x00, 0x00, 0x2F, 0x00, 0x00, 0x00, 0x86, 0x00, 0x00, 0x00
	.byte 0x61, 0x02, 0x00, 0x00, 0x2F, 0x00, 0x00, 0x00, 0x87, 0x00, 0x00, 0x00, 0xB7, 0x02, 0x00, 0x00
	.byte 0x2F, 0x00, 0x00, 0x00, 0x88, 0x00, 0x00, 0x00, 0xE1, 0x03, 0x00, 0x00, 0x2F, 0x00, 0x00, 0x00
	.byte 0x89, 0x00, 0x00, 0x00, 0xF4, 0x03, 0x00, 0x00, 0x2F, 0x00, 0x00, 0x00, 0x8E, 0x00, 0x00, 0x00
	.byte 0x11, 0x01, 0x00, 0x00, 0x2F, 0x00, 0x00, 0x00, 0x8F, 0x00, 0x00, 0x00, 0xF9, 0x01, 0x00, 0x00
	.byte 0x2F, 0x00, 0x00, 0x00, 0x90, 0x00, 0x00, 0x00, 0xA8, 0x02, 0x00, 0x00, 0x2F, 0x00, 0x00, 0x00
	.byte 0x91, 0x00, 0x00, 0x00, 0xA5, 0x02, 0x00, 0x00, 0x2F, 0x00, 0x00, 0x00, 0x94, 0x00, 0x00, 0x00
	.byte 0xFE, 0x03, 0x00, 0x00, 0x2F, 0x00, 0x00, 0x00, 0x99, 0x00, 0x00, 0x00, 0x29, 0x08, 0x00, 0x00
	.byte 0x2F, 0x00, 0x00, 0x00, 0x9C, 0x00, 0x00, 0x00, 0x14, 0x01, 0x00, 0x00, 0x2F, 0x00, 0x00, 0x00
	.byte 0x9D, 0x00, 0x00, 0x00, 0x40, 0x02, 0x00, 0x00, 0x2F, 0x00, 0x00, 0x00, 0x9E, 0x00, 0x00, 0x00
	.byte 0xFB, 0x03, 0x00, 0x00, 0x2F, 0x00, 0x00, 0x00, 0xA0, 0x00, 0x00, 0x00, 0xFE, 0x03, 0x00, 0x00
	.byte 0x2F, 0x00, 0x00, 0x00, 0xA1, 0x00, 0x00, 0x00, 0x01, 0x04, 0x00, 0x00, 0x2F, 0x00, 0x00, 0x00
	.byte 0xA2, 0x00, 0x00, 0x00, 0xFE, 0x03, 0x00, 0x00, 0x2F, 0x00, 0x00, 0x00, 0xA4, 0x00, 0x00, 0x00
	.byte 0x07, 0x04, 0x00, 0x00, 0x2F, 0x00, 0x00, 0x00, 0xA5, 0x00, 0x00, 0x00, 0x17, 0x04, 0x00, 0x00
	.byte 0x2F, 0x00, 0x00, 0x00, 0xA6, 0x00, 0x00, 0x00, 0xA4, 0x02, 0x00, 0x00, 0x2F, 0x00, 0x00, 0x00
	.byte 0xA7, 0x00, 0x00, 0x00, 0x16, 0x04, 0x00, 0x00, 0x2F, 0x00, 0x00, 0x00, 0xA8, 0x00, 0x00, 0x00
	.byte 0x88, 0x03, 0x00, 0x00, 0x2F, 0x00, 0x00, 0x00, 0xAA, 0x00, 0x00, 0x00, 0x7B, 0x02, 0x00, 0x00
	.byte 0x2F, 0x00, 0x00, 0x00, 0xB0, 0x00, 0x00, 0x00, 0x28, 0x04, 0x00, 0x00, 0x2F, 0x00, 0x00, 0x00
	.byte 0xB1, 0x00, 0x00, 0x00, 0x2A, 0x04, 0x00, 0x00, 0x2F, 0x00, 0x00, 0x00, 0xB5, 0x00, 0x00, 0x00
	.byte 0x32, 0x04, 0x00, 0x00, 0x2F, 0x00, 0x00, 0x00, 0xB6, 0x00, 0x00, 0x00, 0x6F, 0x02, 0x00, 0x00
	.byte 0x2F, 0x00, 0x00, 0x00, 0xB8, 0x00, 0x00, 0x00, 0x31, 0x04, 0x00, 0x00, 0x2F, 0x00, 0x00, 0x00
	.byte 0xBB, 0x00, 0x00, 0x00, 0x8B, 0x00, 0x00, 0x00, 0x2F, 0x00, 0x00, 0x00, 0xBC, 0x00, 0x00, 0x00
	.byte 0x1B, 0x04, 0x00, 0x00, 0x2F, 0x00, 0x00, 0x00, 0xBD, 0x00, 0x00, 0x00, 0x63, 0x02, 0x00, 0x00
	.byte 0x2F, 0x00, 0x00, 0x00, 0xC0, 0x00, 0x00, 0x00, 0x2B, 0x04, 0x00, 0x00, 0x2F, 0x00, 0x00, 0x00
	.byte 0xC1, 0x00, 0x00, 0x00, 0x31, 0x04, 0x00, 0x00, 0x2F, 0x00, 0x00, 0x00, 0xC4, 0x00, 0x00, 0x00
	.byte 0x5A, 0x02, 0x00, 0x00, 0x2F, 0x00, 0x00, 0x00, 0xC9, 0x00, 0x00, 0x00, 0x30, 0x04, 0x00, 0x00
	.byte 0x2F, 0x00, 0x00, 0x00, 0xCD, 0x00, 0x00, 0x00, 0x32, 0x04, 0x00, 0x00, 0x2F, 0x00, 0x00, 0x00
	.byte 0xCE, 0x00, 0x00, 0x00, 0x47, 0x04, 0x00, 0x00, 0x2F, 0x00, 0x00, 0x00, 0xD0, 0x00, 0x00, 0x00
	.byte 0x5F, 0x04, 0x00, 0x00, 0x2F, 0x00, 0x00, 0x00, 0xD2, 0x00, 0x00, 0x00, 0x77, 0x04, 0x00, 0x00
	.byte 0x2F, 0x00, 0x00, 0x00, 0xD3, 0x00, 0x00, 0x00, 0x79, 0x04, 0x00, 0x00, 0x2F, 0x00, 0x00, 0x00
	.byte 0xD4, 0x00, 0x00, 0x00, 0x91, 0x04, 0x00, 0x00, 0x2F, 0x00, 0x00, 0x00, 0xD5, 0x00, 0x00, 0x00
	.byte 0xAC, 0x04, 0x00, 0x00, 0x2F, 0x00, 0x00, 0x00, 0xD6, 0x00, 0x00, 0x00, 0xE6, 0x01, 0x00, 0x00
	.byte 0x2F, 0x00, 0x00, 0x00, 0xD7, 0x00, 0x00, 0x00, 0xAB, 0x04, 0x00, 0x00, 0x2F, 0x00, 0x00, 0x00
	.byte 0xD8, 0x00, 0x00, 0x00, 0xAC, 0x04, 0x00, 0x00, 0x2F, 0x00, 0x00, 0x00, 0xDB, 0x00, 0x00, 0x00
	.byte 0x36, 0x02, 0x00, 0x00, 0x2F, 0x00, 0x00, 0x00, 0xDC, 0x00, 0x00, 0x00, 0xAB, 0x04, 0x00, 0x00
	.byte 0x2F, 0x00, 0x00, 0x00, 0xDE, 0x00, 0x00, 0x00, 0xB9, 0x04, 0x00, 0x00, 0x2F, 0x00, 0x00, 0x00
	.byte 0xE1, 0x00, 0x00, 0x00, 0x00, 0x05, 0x00, 0x00, 0x2F, 0x00, 0x00, 0x00, 0xE2, 0x00, 0x00, 0x00
	.byte 0x05, 0x05, 0x00, 0x00, 0x2F, 0x00, 0x00, 0x00, 0xE3, 0x00, 0x00, 0x00, 0x4F, 0x05, 0x00, 0x00
	.byte 0x2F, 0x00, 0x00, 0x00, 0xE8, 0x00, 0x00, 0x00, 0x65, 0x05, 0x00, 0x00, 0x2F, 0x00, 0x00, 0x00
	.byte 0xE9, 0x00, 0x00, 0x00, 0x70, 0x05, 0x00, 0x00, 0x2F, 0x00, 0x00, 0x00, 0xEA, 0x00, 0x00, 0x00
	.byte 0x2E, 0x06, 0x00, 0x00, 0x2F, 0x00, 0x00, 0x00, 0xEB, 0x00, 0x00, 0x00, 0x1B, 0x02, 0x00, 0x00
	.byte 0x2F, 0x00, 0x00, 0x00, 0xEC, 0x00, 0x00, 0x00, 0x7E, 0x06, 0x00, 0x00, 0x2F, 0x00, 0x00, 0x00
	.byte 0xED, 0x00, 0x00, 0x00, 0x15, 0x02, 0x00, 0x00, 0x2F, 0x00, 0x00, 0x00, 0xEE, 0x00, 0x00, 0x00
	.byte 0x7D, 0x06, 0x00, 0x00, 0x2F, 0x00, 0x00, 0x00, 0xEF, 0x00, 0x00, 0x00, 0x7F, 0x06, 0x00, 0x00
	.byte 0x2F, 0x00, 0x00, 0x00, 0xF0, 0x00, 0x00, 0x00, 0x98, 0x06, 0x00, 0x00, 0x2F, 0x00, 0x00, 0x00
	.byte 0xF2, 0x00, 0x00, 0x00, 0x9A, 0x06, 0x00, 0x00, 0x2F, 0x00, 0x00, 0x00, 0xF3, 0x00, 0x00, 0x00
	.byte 0x9F, 0x06, 0x00, 0x00, 0x2F, 0x00, 0x00, 0x00, 0xF4, 0x00, 0x00, 0x00, 0xAB, 0x06, 0x00, 0x00
	.byte 0x2F, 0x00, 0x00, 0x00, 0xF5, 0x00, 0x00, 0x00, 0x00, 0x02, 0x00, 0x00, 0x2F, 0x00, 0x00, 0x00
	.byte 0xF6, 0x00, 0x00, 0x00, 0xB4, 0x06, 0x00, 0x00, 0x2F, 0x00, 0x00, 0x00, 0xF7, 0x00, 0x00, 0x00
	.byte 0xB7, 0x06, 0x00, 0x00, 0x2F, 0x00, 0x00, 0x00, 0xF9, 0x00, 0x00, 0x00, 0xD1, 0x06, 0x00, 0x00
	.byte 0x2F, 0x00, 0x00, 0x00, 0xFA, 0x00, 0x00, 0x00, 0x42, 0x01, 0x00, 0x00, 0x2F, 0x00, 0x00, 0x00
	.byte 0xFB, 0x00, 0x00, 0x00, 0xD8, 0x06, 0x00, 0x00, 0x2F, 0x00, 0x00, 0x00, 0xFC, 0x00, 0x00, 0x00
	.byte 0xDA, 0x06, 0x00, 0x00, 0x2F, 0x00, 0x00, 0x00, 0x02, 0x01, 0x00, 0x00, 0xEB, 0x06, 0x00, 0x00
	.byte 0x2F, 0x00, 0x00, 0x00, 0x03, 0x01, 0x00, 0x00, 0x0D, 0x07, 0x00, 0x00, 0x2F, 0x00, 0x00, 0x00
	.byte 0x09, 0x01, 0x00, 0x00, 0x11, 0x07, 0x00, 0x00, 0x2F, 0x00, 0x00, 0x00, 0x0A, 0x01, 0x00, 0x00
	.byte 0x3C, 0x07, 0x00, 0x00, 0x2F, 0x00, 0x00, 0x00, 0x0E, 0x01, 0x00, 0x00, 0x43, 0x07, 0x00, 0x00
	.byte 0x4D, 0x00, 0x00, 0x00, 0x09, 0x00, 0x00, 0x00, 0x00, 0x00, 0x00, 0x00, 0xFF, 0x00, 0x00, 0x00
	.byte 0x64, 0x07, 0x00, 0x00, 0x0F, 0x00, 0x00, 0x00, 0x00, 0x00, 0x00, 0x00, 0x08, 0x00, 0x00, 0x00
	.byte 0x60, 0x07, 0x00, 0x00, 0x29, 0x00, 0x00, 0x00, 0x00, 0x00, 0x00, 0x00, 0x13, 0x00, 0x00, 0x00
	.byte 0x0F, 0x00, 0x00, 0x00, 0x5B, 0x07, 0x00, 0x00, 0x13, 0x00, 0x00, 0x00, 0x48, 0x00, 0x00, 0x00
	.byte 0x58, 0x07, 0x00, 0x00, 0x4D, 0x00, 0x00, 0x00, 0x2B, 0x00, 0x00, 0x00, 0x00, 0x00, 0x00, 0x00
	.byte 0x54, 0x07, 0x00, 0x00, 0x29, 0x00, 0x00, 0x00, 0x01, 0x00, 0x00, 0x00, 0x13, 0x00, 0x00, 0x00
	.byte 0x68, 0x00, 0x00, 0x00, 0x05, 0x00, 0x00, 0x00, 0x29, 0x00, 0x00, 0x00, 0x00, 0x00, 0x00, 0x00
	.byte 0x13, 0x00, 0x00, 0x00, 0x06, 0x00, 0x00, 0x00, 0x4A, 0x07, 0x00, 0x00, 0x26, 0x00, 0x00, 0x00
	.byte 0x01, 0x00, 0x00, 0x00, 0x14, 0x00, 0x00, 0x00, 0x00, 0x00, 0x00, 0x00, 0x07, 0x00, 0x00, 0x00
	.byte 0x26, 0x00, 0x00, 0x00, 0x00, 0x00, 0x00, 0x00, 0x14, 0x00, 0x00, 0x00, 0x00, 0x00, 0x00, 0x00
	.byte 0x40, 0x07, 0x00, 0x00, 0x4C, 0x00, 0x00, 0x00, 0x2C, 0x07, 0x00, 0x00, 0x4D, 0x00, 0x00, 0x00
	.byte 0x0B, 0x00, 0x00, 0x00, 0x00, 0x00, 0x00, 0x00, 0x00, 0x00, 0x00, 0x08, 0x39, 0x07, 0x00, 0x00
	.byte 0x0A, 0x00, 0x00, 0x00, 0x00, 0x00, 0x00, 0x00, 0x07, 0x00, 0x00, 0x00, 0x32, 0x07, 0x00, 0x00
	.byte 0x29, 0x00, 0x00, 0x00, 0x00, 0x00, 0x00, 0x00, 0x13, 0x00, 0x00, 0x00, 0x62, 0x00, 0x00, 0x00
	.byte 0x30, 0x07, 0x00, 0x00, 0x4D, 0x00, 0x00, 0x00, 0x0A, 0x00, 0x00, 0x00, 0x00, 0x00, 0x00, 0x00
	.byte 0x07, 0x00, 0x00, 0x00, 0x28, 0x07, 0x00, 0x00, 0x2B, 0x00, 0x00, 0x00, 0x00, 0x00, 0x00, 0x00
	.byte 0x28, 0x07, 0x00, 0x00, 0x4D, 0x00, 0x00, 0x00, 0x05, 0x00, 0x00, 0x00, 0x01, 0x00, 0x00, 0x00
	.byte 0x33, 0x00, 0x00, 0x00, 0x23, 0x07, 0x00, 0x00, 0x29, 0x00, 0x00, 0x00, 0x01, 0x00, 0x00, 0x00
	.byte 0x14, 0x00, 0x00, 0x00, 0x56, 0x00, 0x00, 0x00, 0x06, 0x00, 0x00, 0x00, 0x32, 0x00, 0x00, 0x00
	.byte 0x01, 0x00, 0x00, 0x00, 0x01, 0x00, 0x00, 0x00, 0x08, 0x00, 0x00, 0x00, 0x19, 0x07, 0x00, 0x00
	.byte 0x4D, 0x00, 0x00, 0x00, 0x33, 0x00, 0x00, 0x00, 0x01, 0x00, 0x00, 0x00, 0x01, 0x00, 0x00, 0x00
	.byte 0x0C, 0x00, 0x00, 0x00, 0x13, 0x07, 0x00, 0x00, 0x4D, 0x00, 0x00, 0x00, 0x29, 0x00, 0x00, 0x00
	.byte 0x01, 0x00, 0x00, 0x00, 0x14, 0x00, 0x00, 0x00, 0x56, 0x00, 0x00, 0x00, 0x06, 0x00, 0x00, 0x00
	.byte 0x32, 0x00, 0x00, 0x00, 0x01, 0x00, 0x00, 0x00, 0x02, 0x00, 0x00, 0x00, 0x08, 0x00, 0x00, 0x00
	.byte 0x08, 0x07, 0x00, 0x00, 0x4D, 0x00, 0x00, 0x00, 0x33, 0x00, 0x00, 0x00, 0x01, 0x00, 0x00, 0x00
	.byte 0x02, 0x00, 0x00, 0x00, 0x0C, 0x00, 0x00, 0x00, 0x02, 0x07, 0x00, 0x00, 0x4D, 0x00, 0x00, 0x00
	.byte 0x56, 0x00, 0x00, 0x00, 0x00, 0x00, 0x07, 0x00, 0xFE, 0x06, 0x00, 0x00, 0x29, 0x00, 0x00, 0x00
	.byte 0x01, 0x00, 0x00, 0x00, 0x14, 0x00, 0x00, 0x00, 0x56, 0x00, 0x00, 0x00, 0x06, 0x00, 0x00, 0x00
	.byte 0x32, 0x00, 0x00, 0x00, 0x01, 0x00, 0x00, 0x00, 0x03, 0x00, 0x00, 0x00, 0x08, 0x00, 0x00, 0x00
	.byte 0xF4, 0x06, 0x00, 0x00, 0x4D, 0x00, 0x00, 0x00, 0x33, 0x00, 0x00, 0x00, 0x01, 0x00, 0x00, 0x00
	.byte 0x03, 0x00, 0x00, 0x00, 0x0C, 0x00, 0x00, 0x00, 0xEE, 0x06, 0x00, 0x00, 0x4D, 0x00, 0x00, 0x00
	.byte 0x29, 0x00, 0x00, 0x00, 0x01, 0x00, 0x00, 0x00, 0x14, 0x00, 0x00, 0x00, 0x56, 0x00, 0x00, 0x00
	.byte 0x06, 0x00, 0x00, 0x00, 0x32, 0x00, 0x00, 0x00, 0x01, 0x00, 0x00, 0x00, 0x04, 0x00, 0x00, 0x00
	.byte 0x08, 0x00, 0x00, 0x00, 0xE3, 0x06, 0x00, 0x00, 0x4D, 0x00, 0x00, 0x00, 0x33, 0x00, 0x00, 0x00
	.byte 0x01, 0x00, 0x00, 0x00, 0x04, 0x00, 0x00, 0x00, 0x0C, 0x00, 0x00, 0x00, 0xDD, 0x06, 0x00, 0x00
	.byte 0x4D, 0x00, 0x00, 0x00, 0x29, 0x00, 0x00, 0x00, 0x01, 0x00, 0x00, 0x00, 0x14, 0x00, 0x00, 0x00
	.byte 0x56, 0x00, 0x00, 0x00, 0x06, 0x00, 0x00, 0x00, 0x32, 0x00, 0x00, 0x00, 0x01, 0x00, 0x00, 0x00
	.byte 0x05, 0x00, 0x00, 0x00, 0x08, 0x00, 0x00, 0x00, 0xD2, 0x06, 0x00, 0x00, 0x4D, 0x00, 0x00, 0x00
	.byte 0x33, 0x00, 0x00, 0x00, 0x01, 0x00, 0x00, 0x00, 0x05, 0x00, 0x00, 0x00, 0x0C, 0x00, 0x00, 0x00
	.byte 0xCC, 0x06, 0x00, 0x00, 0x4D, 0x00, 0x00, 0x00, 0x29, 0x00, 0x00, 0x00, 0x00, 0x00, 0x00, 0x00
	.byte 0x13, 0x00, 0x00, 0x00, 0x63, 0x00, 0x00, 0x00, 0xC6, 0x06, 0x00, 0x00, 0x29, 0x00, 0x00, 0x00
	.byte 0x01, 0x00, 0x00, 0x00, 0x13, 0x00, 0x00, 0x00, 0x63, 0x00, 0x00, 0x00, 0xC1, 0x06, 0x00, 0x00
	.byte 0x14, 0x00, 0x00, 0x00, 0x56, 0x00, 0x00, 0x00, 0x06, 0x00, 0x00, 0x00, 0x32, 0x00, 0x00, 0x00
	.byte 0x01, 0x00, 0x00, 0x00, 0x06, 0x00, 0x00, 0x00, 0x08, 0x00, 0x00, 0x00, 0xB9, 0x06, 0x00, 0x00
	.byte 0x4D, 0x00, 0x00, 0x00, 0x33, 0x00, 0x00, 0x00, 0x01, 0x00, 0x00, 0x00, 0x06, 0x00, 0x00, 0x00
	.byte 0x0C, 0x00, 0x00, 0x00, 0xB3, 0x06, 0x00, 0x00, 0x4D, 0x00, 0x00, 0x00, 0x29, 0x00, 0x00, 0x00
	.byte 0x00, 0x00, 0x00, 0x00, 0x13, 0x00, 0x00, 0x00, 0x63, 0x00, 0x00, 0x00, 0xAD, 0x06, 0x00, 0x00
	.byte 0x29, 0x00, 0x00, 0x00, 0x01, 0x00, 0x00, 0x00, 0x13, 0x00, 0x00, 0x00, 0x63, 0x00, 0x00, 0x00
	.byte 0xA8, 0x06, 0x00, 0x00, 0x14, 0x00, 0x00, 0x00, 0x56, 0x00, 0x00, 0x00, 0x06, 0x00, 0x00, 0x00
	.byte 0x32, 0x00, 0x00, 0x00, 0x01, 0x00, 0x00, 0x00, 0x07, 0x00, 0x00, 0x00, 0x08, 0x00, 0x00, 0x00
	.byte 0xA0, 0x06, 0x00, 0x00, 0x4D, 0x00, 0x00, 0x00, 0x33, 0x00, 0x00, 0x00, 0x01, 0x00, 0x00, 0x00
	.byte 0x07, 0x00, 0x00, 0x00, 0x0C, 0x00, 0x00, 0x00, 0x9A, 0x06, 0x00, 0x00, 0x4D, 0x00, 0x00, 0x00
	.byte 0x33, 0x00, 0x00, 0x00, 0x00, 0x00, 0x00, 0x00, 0x01, 0x00, 0x00, 0x00, 0x00, 0x00, 0x00, 0x00
	.byte 0x94, 0x06, 0x00, 0x00, 0x29, 0x00, 0x00, 0x00, 0x00, 0x00, 0x00, 0x00, 0x13, 0x00, 0x00, 0x00
	.byte 0x34, 0x00, 0x00, 0x00, 0x8F, 0x06, 0x00, 0x00, 0x4C, 0x00, 0x00, 0x00, 0x48, 0x00, 0x00, 0x00
	.byte 0x33, 0x00, 0x00, 0x00, 0x00, 0x00, 0x00, 0x00, 0x02, 0x00, 0x00, 0x00, 0x00, 0x00, 0x00, 0x00
	.byte 0x88, 0x06, 0x00, 0x00, 0x4C, 0x00, 0x00, 0x00, 0x41, 0x00, 0x00, 0x00, 0x56, 0x00, 0x00, 0x00
	.byte 0x00, 0x00, 0x07, 0x00, 0x83, 0x06, 0x00, 0x00, 0x33, 0x00, 0x00, 0x00, 0x00, 0x00, 0x00, 0x00
	.byte 0x03, 0x00, 0x00, 0x00, 0x00, 0x00, 0x00, 0x00, 0x7E, 0x06, 0x00, 0x00, 0x53, 0x00, 0x00, 0x00
	.byte 0x00, 0x00, 0x00, 0x00, 0x03, 0x00, 0x00, 0x00, 0x13, 0x00, 0x00, 0x00, 0x01, 0x00, 0x00, 0x00
	.byte 0x78, 0x06, 0x00, 0x00, 0x4C, 0x00, 0x00, 0x00, 0x31, 0x00, 0x00, 0x00, 0x33, 0x00, 0x00, 0x00
	.byte 0x00, 0x00, 0x00, 0x00, 0x04, 0x00, 0x00, 0x00, 0x00, 0x00, 0x00, 0x00, 0x71, 0x06, 0x00, 0x00
	.byte 0x4C, 0x00, 0x00, 0x00, 0x2A, 0x00, 0x00, 0x00, 0x33, 0x00, 0x00, 0x00, 0x00, 0x00, 0x00, 0x00
	.byte 0x05, 0x00, 0x00, 0x00, 0x00, 0x00, 0x00, 0x00, 0x6A, 0x06, 0x00, 0x00, 0x4C, 0x00, 0x00, 0x00
	.byte 0x23, 0x00, 0x00, 0x00, 0x33, 0x00, 0x00, 0x00, 0x00, 0x00, 0x00, 0x00, 0x06, 0x00, 0x00, 0x00
	.byte 0x00, 0x00, 0x00, 0x00, 0x63, 0x06, 0x00, 0x00, 0x29, 0x00, 0x00, 0x00, 0x01, 0x00, 0x00, 0x00
	.byte 0x13, 0x00, 0x00, 0x00, 0x63, 0x00, 0x00, 0x00, 0x5E, 0x06, 0x00, 0x00, 0x29, 0x00, 0x00, 0x00
	.byte 0x00, 0x00, 0x00, 0x00, 0x13, 0x00, 0x00, 0x00, 0x33, 0x00, 0x00, 0x00, 0x59, 0x06, 0x00, 0x00
	.byte 0x13, 0x00, 0x00, 0x00, 0x63, 0x00, 0x00, 0x00, 0x56, 0x06, 0x00, 0x00, 0x4C, 0x00, 0x00, 0x00
	.byte 0x0F, 0x00, 0x00, 0x00, 0x33, 0x00, 0x00, 0x00, 0x00, 0x00, 0x00, 0x00, 0x07, 0x00, 0x00, 0x00
	.byte 0x00, 0x00, 0x00, 0x00, 0x4F, 0x06, 0x00, 0x00, 0x29, 0x00, 0x00, 0x00, 0x01, 0x00, 0x00, 0x00
	.byte 0x13, 0x00, 0x00, 0x00, 0x63, 0x00, 0x00, 0x00, 0x4A, 0x06, 0x00, 0x00, 0x29, 0x00, 0x00, 0x00
	.byte 0x00, 0x00, 0x00, 0x00, 0x13, 0x00, 0x00, 0x00, 0x63, 0x00, 0x00, 0x00, 0x45, 0x06, 0x00, 0x00
	.byte 0x29, 0x00, 0x00, 0x00, 0x00, 0x00, 0x00, 0x00, 0x13, 0x00, 0x00, 0x00, 0x1D, 0x00, 0x00, 0x00
	.byte 0x40, 0x06, 0x00, 0x00, 0x13, 0x00, 0x00, 0x00, 0x49, 0x00, 0x00, 0x00, 0x3D, 0x06, 0x00, 0x00
	.byte 0x4D, 0x00, 0x00, 0x00, 0x31, 0x00, 0x00, 0x00, 0x01, 0x00, 0x00, 0x00, 0x01, 0x00, 0x00, 0x00
	.byte 0x06, 0x00, 0x00, 0x00, 0x43, 0x00, 0x00, 0x00, 0x31, 0x00, 0x00, 0x00, 0x01, 0x00, 0x00, 0x00
	.byte 0x02, 0x00, 0x00, 0x00, 0x06, 0x00, 0x00, 0x00, 0x3E, 0x00, 0x00, 0x00, 0x31, 0x00, 0x00, 0x00
	.byte 0x01, 0x00, 0x00, 0x00, 0x03, 0x00, 0x00, 0x00, 0x06, 0x00, 0x00, 0x00, 0x39, 0x00, 0x00, 0x00
	.byte 0x31, 0x00, 0x00, 0x00, 0x01, 0x00, 0x00, 0x00, 0x04, 0x00, 0x00, 0x00, 0x06, 0x00, 0x00, 0x00
	.byte 0x34, 0x00, 0x00, 0x00, 0x31, 0x00, 0x00, 0x00, 0x01, 0x00, 0x00, 0x00, 0x05, 0x00, 0x00, 0x00
	.byte 0x06, 0x00, 0x00, 0x00, 0x2F, 0x00, 0x00, 0x00, 0x31, 0x00, 0x00, 0x00, 0x01, 0x00, 0x00, 0x00
	.byte 0x06, 0x00, 0x00, 0x00, 0x06, 0x00, 0x00, 0x00, 0x2A, 0x00, 0x00, 0x00, 0x31, 0x00, 0x00, 0x00
	.byte 0x01, 0x00, 0x00, 0x00, 0x07, 0x00, 0x00, 0x00, 0x06, 0x00, 0x00, 0x00, 0x25, 0x00, 0x00, 0x00
	.byte 0x32, 0x00, 0x00, 0x00, 0x00, 0x00, 0x00, 0x00, 0x01, 0x00, 0x00, 0x00, 0x06, 0x00, 0x00, 0x00
	.byte 0x20, 0x00, 0x00, 0x00, 0x32, 0x00, 0x00, 0x00, 0x00, 0x00, 0x00, 0x00, 0x02, 0x00, 0x00, 0x00
	.byte 0x06, 0x00, 0x00, 0x00, 0x1B, 0x00, 0x00, 0x00, 0x32, 0x00, 0x00, 0x00, 0x00, 0x00, 0x00, 0x00
	.byte 0x03, 0x00, 0x00, 0x00, 0x06, 0x00, 0x00, 0x00, 0x16, 0x00, 0x00, 0x00, 0x32, 0x00, 0x00, 0x00
	.byte 0x00, 0x00, 0x00, 0x00, 0x04, 0x00, 0x00, 0x00, 0x06, 0x00, 0x00, 0x00, 0x11, 0x00, 0x00, 0x00
	.byte 0x32, 0x00, 0x00, 0x00, 0x00, 0x00, 0x00, 0x00, 0x05, 0x00, 0x00, 0x00, 0x06, 0x00, 0x00, 0x00
	.byte 0x0C, 0x00, 0x00, 0x00, 0x32, 0x00, 0x00, 0x00, 0x00, 0x00, 0x00, 0x00, 0x06, 0x00, 0x00, 0x00
	.byte 0x06, 0x00, 0x00, 0x00, 0x07, 0x00, 0x00, 0x00, 0x32, 0x00, 0x00, 0x00, 0x00, 0x00, 0x00, 0x00
	.byte 0x07, 0x00, 0x00, 0x00, 0x06, 0x00, 0x00, 0x00, 0x02, 0x00, 0x00, 0x00, 0x4C, 0x00, 0x00, 0x00
	.byte 0xF4, 0x05, 0x00, 0x00, 0x4D, 0x00, 0x00, 0x00, 0x26, 0x00, 0x00, 0x00, 0x00, 0x00, 0x00, 0x00
	.byte 0x13, 0x00, 0x00, 0x00, 0x00, 0x00, 0x00, 0x00, 0xEE, 0x05, 0x00, 0x00, 0x29, 0x00, 0x00, 0x00
	.byte 0x01, 0x00, 0x00, 0x00, 0x13, 0x00, 0x00, 0x00, 0x68, 0x00, 0x00, 0x00, 0x05, 0x00, 0x00, 0x00
	.byte 0x29, 0x00, 0x00, 0x00, 0x00, 0x00, 0x00, 0x00, 0x13, 0x00, 0x00, 0x00, 0x15, 0x00, 0x00, 0x00
	.byte 0xE4, 0x05, 0x00, 0x00, 0x4D, 0x00, 0x00, 0x00, 0x08, 0x00, 0x00, 0x00, 0x01, 0x00, 0x00, 0x00
	.byte 0x64, 0x00, 0x00, 0x00, 0x02, 0x00, 0x00, 0x00, 0x04, 0x00, 0x00, 0x00, 0xF8, 0xFF, 0xFF, 0xFF
	.byte 0x4D, 0x00, 0x00, 0x00, 0x1E, 0x00, 0x00, 0x00, 0x00, 0x00, 0x00, 0x00, 0x13, 0x00, 0x00, 0x00
	.byte 0x08, 0x00, 0x00, 0x00, 0xD7, 0x05, 0x00, 0x00, 0x13, 0x00, 0x00, 0x00, 0x03, 0x00, 0x00, 0x00
	.byte 0xD4, 0x05, 0x00, 0x00, 0x1E, 0x00, 0x00, 0x00, 0x02, 0x00, 0x00, 0x00, 0x13, 0x00, 0x00, 0x00
	.byte 0x08, 0x00, 0x00, 0x00, 0xCF, 0x05, 0x00, 0x00, 0x13, 0x00, 0x00, 0x00, 0x03, 0x00, 0x00, 0x00
	.byte 0xCC, 0x05, 0x00, 0x00, 0x29, 0x00, 0x00, 0x00, 0x00, 0x00, 0x00, 0x00, 0x13, 0x00, 0x00, 0x00
	.byte 0x11, 0x00, 0x00, 0x00, 0xC7, 0x05, 0x00, 0x00, 0x13, 0x00, 0x00, 0x00, 0x62, 0x00, 0x00, 0x00
	.byte 0xC4, 0x05, 0x00, 0x00, 0x13, 0x00, 0x00, 0x00, 0x5A, 0x00, 0x00, 0x00, 0xC1, 0x05, 0x00, 0x00
	.byte 0x14, 0x00, 0x00, 0x00, 0x66, 0x00, 0x00, 0x00, 0x04, 0x00, 0x00, 0x00, 0x2E, 0x00, 0x00, 0x00
	.byte 0x13, 0x00, 0x00, 0x00, 0x01, 0x00, 0x00, 0x00, 0xBA, 0x05, 0x00, 0x00, 0x29, 0x00, 0x00, 0x00
	.byte 0x00, 0x00, 0x00, 0x00, 0x14, 0x00, 0x00, 0x00, 0x5D, 0x00, 0x00, 0x00, 0x04, 0x00, 0x00, 0x00
	.byte 0x2E, 0x00, 0x00, 0x00, 0x13, 0x00, 0x00, 0x00, 0x02, 0x00, 0x00, 0x00, 0xB1, 0x05, 0x00, 0x00
	.byte 0x09, 0x00, 0x00, 0x00, 0x00, 0x00, 0x00, 0x00, 0xFF, 0x00, 0x00, 0x00, 0xAD, 0x05, 0x00, 0x00
	.byte 0x0F, 0x00, 0x00, 0x00, 0x00, 0x00, 0x00, 0x00, 0x08, 0x00, 0x00, 0x00, 0xA9, 0x05, 0x00, 0x00
	.byte 0x4D, 0x00, 0x00, 0x00, 0x0F, 0x00, 0x00, 0x00, 0x01, 0x00, 0x00, 0x00, 0x02, 0x00, 0x00, 0x00
	.byte 0xA1, 0x05, 0x00, 0x00, 0x4D, 0x00, 0x00, 0x00, 0x2B, 0x00, 0x00, 0x00, 0x00, 0x00, 0x00, 0x00
	.byte 0xA0, 0x05, 0x00, 0x00, 0x29, 0x00, 0x00, 0x00, 0x01, 0x00, 0x00, 0x00, 0x13, 0x00, 0x00, 0x00
	.byte 0x68, 0x00, 0x00, 0x00, 0x05, 0x00, 0x00, 0x00, 0x29, 0x00, 0x00, 0x00, 0x00, 0x00, 0x00, 0x00
	.byte 0x13, 0x00, 0x00, 0x00, 0x05, 0x00, 0x00, 0x00, 0x96, 0x05, 0x00, 0x00, 0x4E, 0x00, 0x00, 0x00
	.byte 0x01, 0x00, 0x00, 0x00, 0x93, 0x05, 0x00, 0x00, 0x4D, 0x00, 0x00, 0x00, 0x13, 0x00, 0x00, 0x00
	.byte 0x68, 0x00, 0x00, 0x00, 0x05, 0x00, 0x00, 0x00, 0x29, 0x00, 0x00, 0x00, 0x00, 0x00, 0x00, 0x00
	.byte 0x13, 0x00, 0x00, 0x00, 0x1A, 0x00, 0x00, 0x00, 0x8A, 0x05, 0x00, 0x00, 0x2B, 0x00, 0x00, 0x00
	.byte 0x00, 0x00, 0x00, 0x00, 0x87, 0x05, 0x00, 0x00, 0x29, 0x00, 0x00, 0x00, 0x00, 0x00, 0x00, 0x00
	.byte 0x14, 0x00, 0x00, 0x00, 0x19, 0x00, 0x00, 0x00, 0x0D, 0x00, 0x00, 0x00, 0x29, 0x00, 0x00, 0x00
	.byte 0x01, 0x00, 0x00, 0x00, 0x13, 0x00, 0x00, 0x00, 0x68, 0x00, 0x00, 0x00, 0x08, 0x00, 0x00, 0x00
	.byte 0x2B, 0x00, 0x00, 0x00, 0x50, 0x00, 0x00, 0x00, 0x05, 0x00, 0x00, 0x00, 0x2B, 0x00, 0x00, 0x00
	.byte 0xA0, 0x00, 0x00, 0x00, 0x02, 0x00, 0x00, 0x00, 0x4C, 0x00, 0x00, 0x00, 0x75, 0x05, 0x00, 0x00
	.byte 0x4D, 0x00, 0x00, 0x00, 0x0F, 0x00, 0x00, 0x00, 0x01, 0x00, 0x00, 0x00, 0x40, 0x00, 0x00, 0x00
	.byte 0x6D, 0x05, 0x00, 0x00, 0x4D, 0x00, 0x00, 0x00, 0x0B, 0x00, 0x00, 0x00, 0x01, 0x00, 0x00, 0x00
	.byte 0x00, 0x00, 0x10, 0x00, 0x6B, 0x05, 0x00, 0x00, 0x4D, 0x00, 0x00, 0x00, 0x0B, 0x00, 0x00, 0x00
	.byte 0x00, 0x00, 0x00, 0x00, 0x07, 0x00, 0x00, 0x00, 0x5D, 0x05, 0x00, 0x00, 0x29, 0x00, 0x00, 0x00
	.byte 0x00, 0x00, 0x00, 0x00, 0x13, 0x00, 0x00, 0x00, 0x14, 0x00, 0x00, 0x00, 0x61, 0x05, 0x00, 0x00
	.byte 0x0F, 0x00, 0x00, 0x00, 0x00, 0x00, 0x00, 0x00, 0x08, 0x00, 0x00, 0x00, 0x5D, 0x05, 0x00, 0x00
	.byte 0x4D, 0x00, 0x00, 0x00, 0x0F, 0x00, 0x00, 0x00, 0x01, 0x00, 0x00, 0x00, 0x01, 0x00, 0x00, 0x00
	.byte 0x55, 0x05, 0x00, 0x00, 0x4D, 0x00, 0x00, 0x00, 0x2B, 0x00, 0x00, 0x00, 0x00, 0x00, 0x00, 0x00
	.byte 0x54, 0x05, 0x00, 0x00, 0x29, 0x00, 0x00, 0x00, 0x00, 0x00, 0x00, 0x00, 0x13, 0x00, 0x00, 0x00
	.byte 0x07, 0x00, 0x00, 0x00, 0x4F, 0x05, 0x00, 0x00, 0x13, 0x00, 0x00, 0x00, 0x62, 0x00, 0x00, 0x00
	.byte 0x4C, 0x05, 0x00, 0x00, 0x29, 0x00, 0x00, 0x00, 0x01, 0x00, 0x00, 0x00, 0x13, 0x00, 0x00, 0x00
	.byte 0x68, 0x00, 0x00, 0x00, 0x0D, 0x00, 0x00, 0x00, 0x17, 0x00, 0x00, 0x00, 0x56, 0x00, 0x00, 0x00
	.byte 0x02, 0x00, 0x00, 0x00, 0x4C, 0x00, 0x00, 0x00, 0x08, 0x00, 0x00, 0x00, 0x29, 0x00, 0x00, 0x00
	.byte 0x00, 0x00, 0x00, 0x00, 0x13, 0x00, 0x00, 0x00, 0x4E, 0x00, 0x00, 0x00, 0x3D, 0x05, 0x00, 0x00
	.byte 0x13, 0x00, 0x00, 0x00, 0x0A, 0x00, 0x00, 0x00, 0x3A, 0x05, 0x00, 0x00, 0x09, 0x00, 0x00, 0x00
	.byte 0x00, 0x00, 0x00, 0x00, 0xFF, 0x00, 0x00, 0x00, 0x36, 0x05, 0x00, 0x00, 0x0F, 0x00, 0x00, 0x00
	.byte 0x00, 0x00, 0x00, 0x00, 0x08, 0x00, 0x00, 0x00, 0x32, 0x05, 0x00, 0x00, 0x4D, 0x00, 0x00, 0x00
	.byte 0x0B, 0x00, 0x00, 0x00, 0x01, 0x00, 0x00, 0x00, 0x00, 0x00, 0x00, 0x01, 0x2A, 0x05, 0x00, 0x00
	.byte 0x05, 0x00, 0x00, 0x00, 0x01, 0x00, 0x00, 0x00, 0x1A, 0x00, 0x00, 0x00, 0x29, 0x05, 0x00, 0x00
	.byte 0x4D, 0x00, 0x00, 0x00, 0x0D, 0x00, 0x00, 0x00, 0x00, 0x00, 0x00, 0x00, 0x04, 0x00, 0x00, 0x00
	.byte 0x24, 0x05, 0x00, 0x00, 0x1E, 0x00, 0x00, 0x00, 0x00, 0x00, 0x00, 0x00, 0x13, 0x00, 0x00, 0x00
	.byte 0x0C, 0x00, 0x00, 0x00, 0x1F, 0x05, 0x00, 0x00, 0x1E, 0x00, 0x00, 0x00, 0x02, 0x00, 0x00, 0x00
	.byte 0x13, 0x00, 0x00, 0x00, 0x0C, 0x00, 0x00, 0x00, 0x1A, 0x05, 0x00, 0x00, 0x29, 0x00, 0x00, 0x00
	.byte 0x00, 0x00, 0x00, 0x00, 0x13, 0x00, 0x00, 0x00, 0x62, 0x00, 0x00, 0x00, 0x15, 0x05, 0x00, 0x00
	.byte 0x4D, 0x00, 0x00, 0x00, 0x3B, 0x00, 0x00, 0x00, 0x00, 0x00, 0x00, 0x00, 0x00, 0x00, 0x00, 0x00
	.byte 0x0D, 0x05, 0x00, 0x00, 0x4D, 0x00, 0x00, 0x00, 0x3B, 0x00, 0x00, 0x00, 0x00, 0x00, 0x00, 0x00
	.byte 0x01, 0x00, 0x00, 0x00, 0x08, 0x05, 0x00, 0x00, 0x4D, 0x00, 0x00, 0x00, 0x0A, 0x00, 0x00, 0x00
	.byte 0x01, 0x00, 0x00, 0x00, 0x07, 0x00, 0x00, 0x00, 0x03, 0x05, 0x00, 0x00, 0x4D, 0x00, 0x00, 0x00
	.byte 0x0D, 0x00, 0x00, 0x00, 0x00, 0x00, 0x00, 0x00, 0x18, 0x00, 0x00, 0x00, 0x01, 0x05, 0x00, 0x00
	.byte 0x29, 0x00, 0x00, 0x00, 0x01, 0x00, 0x00, 0x00, 0x13, 0x00, 0x00, 0x00, 0x63, 0x00, 0x00, 0x00
	.byte 0xFC, 0x04, 0x00, 0x00, 0x29, 0x00, 0x00, 0x00, 0x00, 0x00, 0x00, 0x00, 0x13, 0x00, 0x00, 0x00
	.byte 0x63, 0x00, 0x00, 0x00, 0xF7, 0x04, 0x00, 0x00, 0x4D, 0x00, 0x00, 0x00, 0x0B, 0x00, 0x00, 0x00
	.byte 0x00, 0x00, 0x00, 0x00, 0x00, 0x00, 0x00, 0x04, 0xF2, 0x04, 0x00, 0x00, 0x4D, 0x00, 0x00, 0x00
	.byte 0x1E, 0x00, 0x00, 0x00, 0x01, 0x00, 0x00, 0x00, 0x13, 0x00, 0x00, 0x00, 0x07, 0x00, 0x00, 0x00
	.byte 0x20, 0x00, 0x00, 0x00, 0x1E, 0x00, 0x00, 0x00, 0x03, 0x00, 0x00, 0x00, 0x13, 0x00, 0x00, 0x00
	.byte 0x07, 0x00, 0x00, 0x00, 0x1B, 0x00, 0x00, 0x00, 0x29, 0x00, 0x00, 0x00, 0x01, 0x00, 0x00, 0x00
	.byte 0x14, 0x00, 0x00, 0x00, 0x56, 0x00, 0x00, 0x00, 0x0B, 0x00, 0x00, 0x00, 0x32, 0x00, 0x00, 0x00
	.byte 0x01, 0x00, 0x00, 0x00, 0x01, 0x00, 0x00, 0x00, 0x08, 0x00, 0x00, 0x00, 0xDD, 0x04, 0x00, 0x00
	.byte 0x32, 0x00, 0x00, 0x00, 0x01, 0x00, 0x00, 0x00, 0x02, 0x00, 0x00, 0x00, 0x08, 0x00, 0x00, 0x00
	.byte 0xD8, 0x04, 0x00, 0x00, 0x4D, 0x00, 0x00, 0x00, 0x33, 0x00, 0x00, 0x00, 0x01, 0x00, 0x00, 0x00
	.byte 0x01, 0x00, 0x00, 0x00, 0x0C, 0x00, 0x00, 0x00, 0xD2, 0x04, 0x00, 0x00, 0x33, 0x00, 0x00, 0x00
	.byte 0x01, 0x00, 0x00, 0x00, 0x02, 0x00, 0x00, 0x00, 0x0C, 0x00, 0x00, 0x00, 0xCA, 0x04, 0x00, 0x00
	.byte 0x4D, 0x00, 0x00, 0x00, 0x0B, 0x00, 0x00, 0x00, 0x00, 0x00, 0x00, 0x00, 0x00, 0x00, 0x00, 0x10
	.byte 0xC8, 0x04, 0x00, 0x00, 0x29, 0x00, 0x00, 0x00, 0x00, 0x00, 0x00, 0x00, 0x13, 0x00, 0x00, 0x00
	.byte 0x62, 0x00, 0x00, 0x00, 0xC3, 0x04, 0x00, 0x00, 0x4D, 0x00, 0x00, 0x00, 0x57, 0x00, 0x00, 0x00
	.byte 0x00, 0x00, 0x00, 0x00, 0x04, 0x00, 0x00, 0x00, 0x13, 0x00, 0x00, 0x00, 0x03, 0x00, 0x00, 0x00
	.byte 0xBC, 0x04, 0x00, 0x00, 0x26, 0x00, 0x00, 0x00, 0x00, 0x00, 0x00, 0x00, 0x13, 0x00, 0x00, 0x00
	.byte 0x00, 0x00, 0x00, 0x00, 0xB7, 0x04, 0x00, 0x00, 0x4D, 0x00, 0x00, 0x00, 0x0B, 0x00, 0x00, 0x00
	.byte 0x00, 0x00, 0x00, 0x00, 0x00, 0x00, 0x00, 0x20, 0xB2, 0x04, 0x00, 0x00, 0x4D, 0x00, 0x00, 0x00
	.byte 0x0D, 0x00, 0x00, 0x00, 0x00, 0x00, 0x00, 0x00, 0x20, 0x00, 0x00, 0x00, 0xAD, 0x04, 0x00, 0x00
	.byte 0x4D, 0x00, 0x00, 0x00, 0x2E, 0x00, 0x00, 0x00, 0x13, 0x00, 0x00, 0x00, 0x03, 0x00, 0x00, 0x00
	.byte 0xA5, 0x04, 0x00, 0x00, 0x4D, 0x00, 0x00, 0x00, 0x0B, 0x00, 0x00, 0x00, 0x00, 0x00, 0x00, 0x00
	.byte 0x00, 0x00, 0x0F, 0x00, 0xA3, 0x04, 0x00, 0x00, 0x29, 0x00, 0x00, 0x00, 0x00, 0x00, 0x00, 0x00
	.byte 0x13, 0x00, 0x00, 0x00, 0x0C, 0x00, 0x00, 0x00, 0x9E, 0x04, 0x00, 0x00, 0x42, 0x00, 0x00, 0x00
	.byte 0x01, 0x00, 0x00, 0x00, 0x13, 0x00, 0x00, 0x00, 0x00, 0x00, 0x00, 0x00, 0x05, 0x00, 0x00, 0x00
	.byte 0x13, 0x00, 0x00, 0x00, 0x01, 0x00, 0x00, 0x00, 0x09, 0x00, 0x00, 0x00, 0x4C, 0x00, 0x00, 0x00
	.byte 0x94, 0x04, 0x00, 0x00, 0x42, 0x00, 0x00, 0x00, 0x00, 0x00, 0x00, 0x00, 0x13, 0x00, 0x00, 0x00
	.byte 0x01, 0x00, 0x00, 0x00, 0x09, 0x00, 0x00, 0x00, 0x4C, 0x00, 0x00, 0x00, 0x8D, 0x04, 0x00, 0x00
	.byte 0x42, 0x00, 0x00, 0x00, 0x00, 0x00, 0x00, 0x00, 0x13, 0x00, 0x00, 0x00, 0x00, 0x00, 0x00, 0x00
	.byte 0x02, 0x00, 0x00, 0x00, 0x4C, 0x00, 0x00, 0x00, 0x86, 0x04, 0x00, 0x00, 0x4D, 0x00, 0x00, 0x00
	.byte 0x0F, 0x00, 0x00, 0x00, 0x01, 0x00, 0x00, 0x00, 0x08, 0x00, 0x00, 0x00, 0x7E, 0x04, 0x00, 0x00
	.byte 0x4D, 0x00, 0x00, 0x00, 0x29, 0x00, 0x00, 0x00, 0x01, 0x00, 0x00, 0x00, 0x13, 0x00, 0x00, 0x00
	.byte 0x68, 0x00, 0x00, 0x00, 0x08, 0x00, 0x00, 0x00, 0x29, 0x00, 0x00, 0x00, 0x00, 0x00, 0x00, 0x00
	.byte 0x13, 0x00, 0x00, 0x00, 0x1D, 0x00, 0x00, 0x00, 0x76, 0x04, 0x00, 0x00, 0x13, 0x00, 0x00, 0x00
	.byte 0x49, 0x00, 0x00, 0x00, 0x73, 0x04, 0x00, 0x00, 0x33, 0x00, 0x00, 0x00, 0x00, 0x00, 0x00, 0x00
	.byte 0x01, 0x00, 0x00, 0x00, 0x00, 0x00, 0x00, 0x00, 0x6E, 0x04, 0x00, 0x00, 0x33, 0x00, 0x00, 0x00
	.byte 0x00, 0x00, 0x00, 0x00, 0x04, 0x00, 0x00, 0x00, 0x00, 0x00, 0x00, 0x00, 0x66, 0x04, 0x00, 0x00
	.byte 0x26, 0x00, 0x00, 0x00, 0x01, 0x00, 0x00, 0x00, 0x13, 0x00, 0x00, 0x00, 0x00, 0x00, 0x00, 0x00
	.byte 0x64, 0x04, 0x00, 0x00, 0x4D, 0x00, 0x00, 0x00, 0x26, 0x00, 0x00, 0x00, 0x01, 0x00, 0x00, 0x00
	.byte 0x13, 0x00, 0x00, 0x00, 0x00, 0x00, 0x00, 0x00, 0x5E, 0x04, 0x00, 0x00, 0x4D, 0x00, 0x00, 0x00
	.byte 0x29, 0x00, 0x00, 0x00, 0x01, 0x00, 0x00, 0x00, 0x13, 0x00, 0x00, 0x00, 0x21, 0x00, 0x00, 0x00
	.byte 0x0C, 0x00, 0x00, 0x00, 0x13, 0x00, 0x00, 0x00, 0x5D, 0x00, 0x00, 0x00, 0x09, 0x00, 0x00, 0x00
	.byte 0x29, 0x00, 0x00, 0x00, 0x00, 0x00, 0x00, 0x00, 0x14, 0x00, 0x00, 0x00, 0x5D, 0x00, 0x00, 0x00
	.byte 0x04, 0x00, 0x00, 0x00, 0x09, 0x00, 0x00, 0x00, 0x00, 0x00, 0x00, 0x00, 0xFF, 0x00, 0x00, 0x00
	.byte 0x49, 0x04, 0x00, 0x00, 0x2E, 0x00, 0x00, 0x00, 0x13, 0x00, 0x00, 0x00, 0x02, 0x00, 0x00, 0x00
	.byte 0x45, 0x04, 0x00, 0x00, 0x4D, 0x00, 0x00, 0x00, 0x29, 0x00, 0x00, 0x00, 0x01, 0x00, 0x00, 0x00
	.byte 0x13, 0x00, 0x00, 0x00, 0x7A, 0x00, 0x00, 0x00, 0x0F, 0x00, 0x00, 0x00, 0x13, 0x00, 0x00, 0x00
	.byte 0x66, 0x00, 0x00, 0x00, 0x0C, 0x00, 0x00, 0x00, 0x13, 0x00, 0x00, 0x00, 0x5E, 0x00, 0x00, 0x00
	.byte 0x09, 0x00, 0x00, 0x00, 0x29, 0x00, 0x00, 0x00, 0x00, 0x00, 0x00, 0x00, 0x14, 0x00, 0x00, 0x00
	.byte 0x5D, 0x00, 0x00, 0x00, 0x04, 0x00, 0x00, 0x00, 0x09, 0x00, 0x00, 0x00, 0x00, 0x00, 0x00, 0x00
	.byte 0xFF, 0x00, 0x00, 0x00, 0x33, 0x04, 0x00, 0x00, 0x2E, 0x00, 0x00, 0x00, 0x13, 0x00, 0x00, 0x00
	.byte 0x01, 0x00, 0x00, 0x00, 0x2C, 0x04, 0x00, 0x00, 0x4D, 0x00, 0x00, 0x00, 0x0F, 0x00, 0x00, 0x00
	.byte 0x00, 0x00, 0x00, 0x00, 0x10, 0x00, 0x00, 0x00, 0x2D, 0x04, 0x00, 0x00, 0x0F, 0x00, 0x00, 0x00
	.byte 0x01, 0x00, 0x00, 0x00, 0x10, 0x00, 0x00, 0x00, 0x29, 0x04, 0x00, 0x00, 0x4D, 0x00, 0x00, 0x00
	.byte 0x43, 0x00, 0x00, 0x00, 0x01, 0x00, 0x00, 0x00, 0x13, 0x00, 0x00, 0x00, 0x00, 0x00, 0x00, 0x00
	.byte 0x20, 0x04, 0x00, 0x00, 0x4D, 0x00, 0x00, 0x00, 0x44, 0x00, 0x00, 0x00, 0x01, 0x00, 0x00, 0x00
	.byte 0x13, 0x00, 0x00, 0x00, 0x03, 0x00, 0x00, 0x00, 0x1A, 0x04, 0x00, 0x00, 0x4D, 0x00, 0x00, 0x00
	.byte 0x2B, 0x00, 0x00, 0x00, 0x00, 0x00, 0x00, 0x00, 0x16, 0x04, 0x00, 0x00, 0x44, 0x00, 0x00, 0x00
	.byte 0x01, 0x00, 0x00, 0x00, 0x13, 0x00, 0x00, 0x00, 0x00, 0x00, 0x00, 0x00, 0x11, 0x04, 0x00, 0x00
	.byte 0x2F, 0x00, 0x00, 0x00, 0xA2, 0x00, 0x00, 0x00, 0x2B, 0xFE, 0xFF, 0xFF, 0x4D, 0x00, 0x00, 0x00
	.byte 0x2E, 0x00, 0x00, 0x00, 0x13, 0x00, 0x00, 0x00, 0x04, 0x00, 0x00, 0x00, 0x06, 0x04, 0x00, 0x00
	.byte 0x29, 0x00, 0x00, 0x00, 0x00, 0x00, 0x00, 0x00, 0x14, 0x00, 0x00, 0x00, 0x73, 0x00, 0x00, 0x00
	.byte 0x09, 0x00, 0x00, 0x00, 0x04, 0x00, 0x00, 0x00, 0xF8, 0xFF, 0xFF, 0xFF, 0x29, 0x00, 0x00, 0x00
	.byte 0x01, 0x00, 0x00, 0x00, 0x14, 0x00, 0x00, 0x00, 0x73, 0x00, 0x00, 0x00, 0x02, 0x00, 0x00, 0x00
	.byte 0x04, 0x00, 0x00, 0x00, 0x08, 0x00, 0x00, 0x00, 0x4D, 0x00, 0x00, 0x00, 0x0B, 0x00, 0x00, 0x00
	.byte 0x00, 0x00, 0x00, 0x00, 0x00, 0x00, 0x00, 0x80, 0xF6, 0x03, 0x00, 0x00, 0x4D, 0x00, 0x00, 0x00
	.byte 0x29, 0x00, 0x00, 0x00, 0x00, 0x00, 0x00, 0x00, 0x13, 0x00, 0x00, 0x00, 0x29, 0x00, 0x00, 0x00
	.byte 0xF0, 0x03, 0x00, 0x00, 0x13, 0x00, 0x00, 0x00, 0x62, 0x00, 0x00, 0x00, 0xED, 0x03, 0x00, 0x00
	.byte 0x09, 0x00, 0x00, 0x00, 0x00, 0x00, 0x00, 0x00, 0xFF, 0x00, 0x00, 0x00, 0xE9, 0x03, 0x00, 0x00
	.byte 0x1E, 0x00, 0x00, 0x00, 0x00, 0x00, 0x00, 0x00, 0x13, 0x00, 0x00, 0x00, 0x0A, 0x00, 0x00, 0x00
	.byte 0xE4, 0x03, 0x00, 0x00, 0x1E, 0x00, 0x00, 0x00, 0x02, 0x00, 0x00, 0x00, 0x13, 0x00, 0x00, 0x00
	.byte 0x0A, 0x00, 0x00, 0x00, 0xDF, 0x03, 0x00, 0x00, 0x0F, 0x00, 0x00, 0x00, 0x00, 0x00, 0x00, 0x00
	.byte 0x08, 0x00, 0x00, 0x00, 0xDB, 0x03, 0x00, 0x00, 0x4D, 0x00, 0x00, 0x00, 0x45, 0x00, 0x00, 0x00
	.byte 0x16, 0x00, 0x00, 0x00, 0x02, 0x00, 0x00, 0x00, 0xD6, 0x03, 0x00, 0x00, 0x4D, 0x00, 0x00, 0x00
	.byte 0x29, 0x00, 0x00, 0x00, 0x00, 0x00, 0x00, 0x00, 0x13, 0x00, 0x00, 0x00, 0x3C, 0x00, 0x00, 0x00
	.byte 0xD0, 0x03, 0x00, 0x00, 0x40, 0x00, 0x00, 0x00, 0x00, 0x00, 0x00, 0x00, 0x13, 0x00, 0x00, 0x00
	.byte 0x00, 0x00, 0x00, 0x00, 0xCB, 0x03, 0x00, 0x00, 0x4D, 0x00, 0x00, 0x00, 0x0D, 0x00, 0x00, 0x00
	.byte 0x01, 0x00, 0x00, 0x00, 0x00, 0x04, 0x00, 0x00, 0xC6, 0x03, 0x00, 0x00, 0x4D, 0x00, 0x00, 0x00
	.byte 0x46, 0x00, 0x00, 0x00, 0x01, 0x00, 0x00, 0x00, 0x13, 0x00, 0x00, 0x00, 0x00, 0x00, 0x00, 0x00
	.byte 0xC0, 0x03, 0x00, 0x00, 0x4D, 0x00, 0x00, 0x00, 0x0D, 0x00, 0x00, 0x00, 0x01, 0x00, 0x00, 0x00
	.byte 0x00, 0x20, 0x00, 0x00, 0xBB, 0x03, 0x00, 0x00, 0x0D, 0x00, 0x00, 0x00, 0x00, 0x00, 0x00, 0x00
	.byte 0x00, 0x00, 0x00, 0x40, 0xB7, 0x03, 0x00, 0x00, 0x4D, 0x00, 0x00, 0x00, 0x0A, 0x00, 0x00, 0x00
	.byte 0x01, 0x00, 0x00, 0x00, 0xD8, 0x00, 0x00, 0x00, 0xB2, 0x03, 0x00, 0x00, 0x4D, 0x00, 0x00, 0x00
	.byte 0x0D, 0x00, 0x00, 0x00, 0x01, 0x00, 0x00, 0x00, 0x00, 0x00, 0x01, 0x00, 0xAD, 0x03, 0x00, 0x00
	.byte 0x4D, 0x00, 0x00, 0x00, 0x29, 0x00, 0x00, 0x00, 0x01, 0x00, 0x00, 0x00, 0x13, 0x00, 0x00, 0x00
	.byte 0x68, 0x00, 0x00, 0x00, 0x08, 0x00, 0x00, 0x00, 0x29, 0x00, 0x00, 0x00, 0x00, 0x00, 0x00, 0x00
	.byte 0x13, 0x00, 0x00, 0x00, 0x1D, 0x00, 0x00, 0x00, 0xA2, 0x03, 0x00, 0x00, 0x13, 0x00, 0x00, 0x00
	.byte 0x49, 0x00, 0x00, 0x00, 0x9F, 0x03, 0x00, 0x00, 0x33, 0x00, 0x00, 0x00, 0x00, 0x00, 0x00, 0x00
	.byte 0x01, 0x00, 0x00, 0x00, 0x00, 0x00, 0x00, 0x00, 0x9A, 0x03, 0x00, 0x00, 0x33, 0x00, 0x00, 0x00
	.byte 0x00, 0x00, 0x00, 0x00, 0x02, 0x00, 0x00, 0x00, 0x00, 0x00, 0x00, 0x00, 0x92, 0x03, 0x00, 0x00
	.byte 0x4D, 0x00, 0x00, 0x00, 0x29, 0x00, 0x00, 0x00, 0x01, 0x00, 0x00, 0x00, 0x14, 0x00, 0x00, 0x00
	.byte 0x56, 0x00, 0x00, 0x00, 0x0B, 0x00, 0x00, 0x00, 0x32, 0x00, 0x00, 0x00, 0x01, 0x00, 0x00, 0x00
	.byte 0x02, 0x00, 0x00, 0x00, 0x08, 0x00, 0x00, 0x00, 0x8A, 0x03, 0x00, 0x00, 0x32, 0x00, 0x00, 0x00
	.byte 0x01, 0x00, 0x00, 0x00, 0x05, 0x00, 0x00, 0x00, 0x08, 0x00, 0x00, 0x00, 0x85, 0x03, 0x00, 0x00
	.byte 0x4D, 0x00, 0x00, 0x00, 0x33, 0x00, 0x00, 0x00, 0x01, 0x00, 0x00, 0x00, 0x02, 0x00, 0x00, 0x00
	.byte 0x0C, 0x00, 0x00, 0x00, 0x7F, 0x03, 0x00, 0x00, 0x33, 0x00, 0x00, 0x00, 0x01, 0x00, 0x00, 0x00
	.byte 0x05, 0x00, 0x00, 0x00, 0x0C, 0x00, 0x00, 0x00, 0x77, 0x03, 0x00, 0x00, 0x4D, 0x00, 0x00, 0x00
	.byte 0x29, 0x00, 0x00, 0x00, 0x01, 0x00, 0x00, 0x00, 0x14, 0x00, 0x00, 0x00, 0x56, 0x00, 0x00, 0x00
	.byte 0x0B, 0x00, 0x00, 0x00, 0x32, 0x00, 0x00, 0x00, 0x01, 0x00, 0x00, 0x00, 0x01, 0x00, 0x00, 0x00
	.byte 0x08, 0x00, 0x00, 0x00, 0x6F, 0x03, 0x00, 0x00, 0x32, 0x00, 0x00, 0x00, 0x01, 0x00, 0x00, 0x00
	.byte 0x02, 0x00, 0x00, 0x00, 0x08, 0x00, 0x00, 0x00, 0x6A, 0x03, 0x00, 0x00, 0x4D, 0x00, 0x00, 0x00
	.byte 0x33, 0x00, 0x00, 0x00, 0x01, 0x00, 0x00, 0x00, 0x01, 0x00, 0x00, 0x00, 0x0C, 0x00, 0x00, 0x00
	.byte 0x64, 0x03, 0x00, 0x00, 0x33, 0x00, 0x00, 0x00, 0x01, 0x00, 0x00, 0x00, 0x02, 0x00, 0x00, 0x00
	.byte 0x0C, 0x00, 0x00, 0x00, 0x5C, 0x03, 0x00, 0x00, 0x4D, 0x00, 0x00, 0x00, 0x0D, 0x00, 0x00, 0x00
	.byte 0x01, 0x00, 0x00, 0x00, 0x00, 0x00, 0x02, 0x00, 0x5A, 0x03, 0x00, 0x00, 0x4D, 0x00, 0x00, 0x00
	.byte 0x29, 0x00, 0x00, 0x00, 0x01, 0x00, 0x00, 0x00, 0x14, 0x00, 0x00, 0x00, 0x56, 0x00, 0x00, 0x00
	.byte 0x0B, 0x00, 0x00, 0x00, 0x32, 0x00, 0x00, 0x00, 0x01, 0x00, 0x00, 0x00, 0x04, 0x00, 0x00, 0x00
	.byte 0x08, 0x00, 0x00, 0x00, 0x4F, 0x03, 0x00, 0x00, 0x32, 0x00, 0x00, 0x00, 0x01, 0x00, 0x00, 0x00
	.byte 0x05, 0x00, 0x00, 0x00, 0x08, 0x00, 0x00, 0x00, 0x4A, 0x03, 0x00, 0x00, 0x4D, 0x00, 0x00, 0x00
	.byte 0x33, 0x00, 0x00, 0x00, 0x01, 0x00, 0x00, 0x00, 0x04, 0x00, 0x00, 0x00, 0x0C, 0x00, 0x00, 0x00
	.byte 0x44, 0x03, 0x00, 0x00, 0x33, 0x00, 0x00, 0x00, 0x01, 0x00, 0x00, 0x00, 0x05, 0x00, 0x00, 0x00
	.byte 0x0C, 0x00, 0x00, 0x00, 0x3C, 0x03, 0x00, 0x00, 0x4D, 0x00, 0x00, 0x00, 0x56, 0x00, 0x00, 0x00
	.byte 0x00, 0x00, 0x07, 0x00, 0x3B, 0x03, 0x00, 0x00, 0x29, 0x00, 0x00, 0x00, 0x01, 0x00, 0x00, 0x00
	.byte 0x14, 0x00, 0x00, 0x00, 0x56, 0x00, 0x00, 0x00, 0x0B, 0x00, 0x00, 0x00, 0x32, 0x00, 0x00, 0x00
	.byte 0x01, 0x00, 0x00, 0x00, 0x01, 0x00, 0x00, 0x00, 0x08, 0x00, 0x00, 0x00, 0x31, 0x03, 0x00, 0x00
	.byte 0x32, 0x00, 0x00, 0x00, 0x01, 0x00, 0x00, 0x00, 0x03, 0x00, 0x00, 0x00, 0x08, 0x00, 0x00, 0x00
	.byte 0x2C, 0x03, 0x00, 0x00, 0x4D, 0x00, 0x00, 0x00, 0x33, 0x00, 0x00, 0x00, 0x01, 0x00, 0x00, 0x00
	.byte 0x01, 0x00, 0x00, 0x00, 0x0C, 0x00, 0x00, 0x00, 0x26, 0x03, 0x00, 0x00, 0x33, 0x00, 0x00, 0x00
	.byte 0x01, 0x00, 0x00, 0x00, 0x03, 0x00, 0x00, 0x00, 0x0C, 0x00, 0x00, 0x00, 0x1E, 0x03, 0x00, 0x00
	.byte 0x4D, 0x00, 0x00, 0x00, 0x0D, 0x00, 0x00, 0x00, 0x01, 0x00, 0x00, 0x00, 0x00, 0x00, 0x00, 0x10
	.byte 0x1C, 0x03, 0x00, 0x00, 0x4D, 0x00, 0x00, 0x00, 0x56, 0x00, 0x00, 0x00, 0x00, 0x70, 0x00, 0x00
	.byte 0x18, 0x03, 0x00, 0x00, 0x4D, 0x00, 0x00, 0x00, 0x0D, 0x00, 0x00, 0x00, 0x00, 0x00, 0x00, 0x00
	.byte 0x00, 0x00, 0x40, 0x00, 0x13, 0x03, 0x00, 0x00, 0x4D, 0x00, 0x00, 0x00, 0x04, 0x00, 0x00, 0x00
	.byte 0xEC, 0xFF, 0xFF, 0xFF, 0x26, 0x00, 0x00, 0x00, 0x01, 0x00, 0x00, 0x00, 0x13, 0x00, 0x00, 0x00
	.byte 0x00, 0x00, 0x00, 0x00, 0x0B, 0x03, 0x00, 0x00, 0x2C, 0x00, 0x00, 0x00, 0x01, 0x00, 0x00, 0x00
	.byte 0xFF, 0x00, 0x00, 0x00, 0x05, 0x00, 0x00, 0x00, 0x58, 0x00, 0x00, 0x00, 0x01, 0x00, 0x00, 0x00
	.byte 0x02, 0x00, 0x00, 0x00, 0x4C, 0x00, 0x00, 0x00, 0x02, 0x03, 0x00, 0x00, 0x4D, 0x00, 0x00, 0x00
	.byte 0x40, 0x00, 0x00, 0x00, 0x01, 0x00, 0x00, 0x00, 0x1A, 0x00, 0x00, 0x00, 0x04, 0x00, 0x00, 0x00
	.byte 0xFC, 0x02, 0x00, 0x00, 0x2B, 0x00, 0x00, 0x00, 0x00, 0x00, 0x00, 0x00, 0xF9, 0x02, 0x00, 0x00
	.byte 0x4D, 0x00, 0x00, 0x00, 0x95, 0x00, 0x00, 0x00, 0x96, 0x00, 0x00, 0x00, 0x97, 0x00, 0x00, 0x00
	.byte 0x98, 0x00, 0x00, 0x00, 0x99, 0x00, 0x00, 0x00, 0x9A, 0x00, 0x00, 0x00, 0x9B, 0x00, 0x00, 0x00
	.byte 0x9C, 0x00, 0x00, 0x00, 0x9D, 0x00, 0x00, 0x00, 0x9E, 0x00, 0x00, 0x00, 0x9F, 0x00, 0x00, 0x00
	.byte 0xA0, 0x00, 0x00, 0x00, 0xA1, 0x00, 0x00, 0x00, 0xA2, 0x00, 0x00, 0x00, 0xA3, 0x00, 0x00, 0x00
	.byte 0xA4, 0x00, 0x00, 0x00, 0xA5, 0x00, 0x00, 0x00, 0xA6, 0x00, 0x00, 0x00, 0xA7, 0x00, 0x00, 0x00
	.byte 0xA8, 0x00, 0x00, 0x00, 0xA9, 0x00, 0x00, 0x00, 0xAA, 0x00, 0x00, 0x00, 0xAB, 0x00, 0x00, 0x00
	.byte 0xAC, 0x00, 0x00, 0x00, 0xAD, 0x00, 0x00, 0x00, 0xAE, 0x00, 0x00, 0x00, 0xAF, 0x00, 0x00, 0x00
	.byte 0xB0, 0x00, 0x00, 0x00, 0xB1, 0x00, 0x00, 0x00, 0xB2, 0x00, 0x00, 0x00, 0xB3, 0x00, 0x00, 0x00
	.byte 0xB4, 0x00, 0x00, 0x00, 0xB5, 0x00, 0x00, 0x00, 0xB6, 0x00, 0x00, 0x00, 0xB7, 0x00, 0x00, 0x00
	.byte 0xB8, 0x00, 0x00, 0x00, 0xB9, 0x00, 0x00, 0x00, 0xBA, 0x00, 0x00, 0x00, 0xBB, 0x00, 0x00, 0x00
	.byte 0xBC, 0x00, 0x00, 0x00, 0xBD, 0x00, 0x00, 0x00, 0xBE, 0x00, 0x00, 0x00, 0xBF, 0x00, 0x00, 0x00
	.byte 0xC0, 0x00, 0x00, 0x00, 0xC1, 0x00, 0x00, 0x00, 0xC2, 0x00, 0x00, 0x00, 0xC3, 0x00, 0x00, 0x00
	.byte 0xC4, 0x00, 0x00, 0x00, 0xC5, 0x00, 0x00, 0x00, 0xC6, 0x00, 0x00, 0x00, 0xC7, 0x00, 0x00, 0x00
	.byte 0xC8, 0x00, 0x00, 0x00, 0xC9, 0x00, 0x00, 0x00, 0xCA, 0x00, 0x00, 0x00, 0xCB, 0x00, 0x00, 0x00
	.byte 0xCC, 0x00, 0x00, 0x00, 0xCD, 0x00, 0x00, 0x00, 0xCE, 0x00, 0x00, 0x00, 0xCF, 0x00, 0x00, 0x00
	.byte 0xD0, 0x00, 0x00, 0x00, 0xD1, 0x00, 0x00, 0x00, 0xD2, 0x00, 0x00, 0x00, 0xD3, 0x00, 0x00, 0x00
	.byte 0xD4, 0x00, 0x00, 0x00, 0xFF, 0xFF, 0xFF, 0xFF, 0x56, 0x00, 0x00, 0x00, 0x00, 0x00, 0x07, 0x00
	.byte 0xB4, 0x02, 0x00, 0x00, 0x0F, 0x00, 0x00, 0x00, 0x01, 0x00, 0x00, 0x00, 0x00, 0x03, 0x00, 0x00
	.byte 0xB0, 0x02, 0x00, 0x00, 0x4D, 0x00, 0x00, 0x00, 0x29, 0x00, 0x00, 0x00, 0x01, 0x00, 0x00, 0x00
	.byte 0x13, 0x00, 0x00, 0x00, 0x56, 0x00, 0x00, 0x00, 0x24, 0x00, 0x00, 0x00, 0x33, 0x00, 0x00, 0x00
	.byte 0x01, 0x00, 0x00, 0x00, 0x01, 0x00, 0x00, 0x00, 0x0C, 0x00, 0x00, 0x00, 0xA5, 0x02, 0x00, 0x00
	.byte 0x33, 0x00, 0x00, 0x00, 0x01, 0x00, 0x00, 0x00, 0x02, 0x00, 0x00, 0x00, 0x0C, 0x00, 0x00, 0x00
	.byte 0xA0, 0x02, 0x00, 0x00, 0x33, 0x00, 0x00, 0x00, 0x01, 0x00, 0x00, 0x00, 0x03, 0x00, 0x00, 0x00
	.byte 0x0C, 0x00, 0x00, 0x00, 0x9B, 0x02, 0x00, 0x00, 0x33, 0x00, 0x00, 0x00, 0x01, 0x00, 0x00, 0x00
	.byte 0x04, 0x00, 0x00, 0x00, 0x0C, 0x00, 0x00, 0x00, 0x96, 0x02, 0x00, 0x00, 0x33, 0x00, 0x00, 0x00
	.byte 0x01, 0x00, 0x00, 0x00, 0x05, 0x00, 0x00, 0x00, 0x0C, 0x00, 0x00, 0x00, 0x91, 0x02, 0x00, 0x00
	.byte 0x33, 0x00, 0x00, 0x00, 0x01, 0x00, 0x00, 0x00, 0x07, 0x00, 0x00, 0x00, 0x0C, 0x00, 0x00, 0x00
	.byte 0x8C, 0x02, 0x00, 0x00, 0x33, 0x00, 0x00, 0x00, 0x01, 0x00, 0x00, 0x00, 0x06, 0x00, 0x00, 0x00
	.byte 0x0C, 0x00, 0x00, 0x00, 0x87, 0x02, 0x00, 0x00, 0x4D, 0x00, 0x00, 0x00, 0x32, 0x00, 0x00, 0x00
	.byte 0x01, 0x00, 0x00, 0x00, 0x01, 0x00, 0x00, 0x00, 0x08, 0x00, 0x00, 0x00, 0x81, 0x02, 0x00, 0x00
	.byte 0x32, 0x00, 0x00, 0x00, 0x01, 0x00, 0x00, 0x00, 0x02, 0x00, 0x00, 0x00, 0x08, 0x00, 0x00, 0x00
	.byte 0x7C, 0x02, 0x00, 0x00, 0x32, 0x00, 0x00, 0x00, 0x01, 0x00, 0x00, 0x00, 0x03, 0x00, 0x00, 0x00
	.byte 0x08, 0x00, 0x00, 0x00, 0x77, 0x02, 0x00, 0x00, 0x32, 0x00, 0x00, 0x00, 0x01, 0x00, 0x00, 0x00
	.byte 0x04, 0x00, 0x00, 0x00, 0x08, 0x00, 0x00, 0x00, 0x72, 0x02, 0x00, 0x00, 0x32, 0x00, 0x00, 0x00
	.byte 0x01, 0x00, 0x00, 0x00, 0x05, 0x00, 0x00, 0x00, 0x08, 0x00, 0x00, 0x00, 0x6D, 0x02, 0x00, 0x00
	.byte 0x32, 0x00, 0x00, 0x00, 0x01, 0x00, 0x00, 0x00, 0x07, 0x00, 0x00, 0x00, 0x08, 0x00, 0x00, 0x00
	.byte 0x68, 0x02, 0x00, 0x00, 0x32, 0x00, 0x00, 0x00, 0x01, 0x00, 0x00, 0x00, 0x06, 0x00, 0x00, 0x00
	.byte 0x08, 0x00, 0x00, 0x00, 0x63, 0x02, 0x00, 0x00, 0x4D, 0x00, 0x00, 0x00, 0x2B, 0x00, 0x00, 0x00
	.byte 0x00, 0x00, 0x00, 0x00, 0x5F, 0x02, 0x00, 0x00, 0x29, 0x00, 0x00, 0x00, 0x00, 0x00, 0x00, 0x00
	.byte 0x13, 0x00, 0x00, 0x00, 0x64, 0x00, 0x00, 0x00, 0x5A, 0x02, 0x00, 0x00, 0x55, 0x00, 0x00, 0x00
	.byte 0x00, 0x00, 0x00, 0x00, 0x6B, 0x00, 0x00, 0x00, 0x56, 0x02, 0x00, 0x00, 0x29, 0x00, 0x00, 0x00
	.byte 0x01, 0x00, 0x00, 0x00, 0x13, 0x00, 0x00, 0x00, 0x64, 0x00, 0x00, 0x00, 0x07, 0x00, 0x00, 0x00
	.byte 0x55, 0x00, 0x00, 0x00, 0x01, 0x00, 0x00, 0x00, 0x6B, 0x00, 0x00, 0x00, 0x03, 0x00, 0x00, 0x00
	.byte 0x24, 0x00, 0x00, 0x00, 0x00, 0x00, 0x00, 0x00, 0x4A, 0x02, 0x00, 0x00, 0x4D, 0x00, 0x00, 0x00
	.byte 0x0D, 0x00, 0x00, 0x00, 0x00, 0x00, 0x00, 0x00, 0x00, 0x00, 0x00, 0x04, 0x45, 0x02, 0x00, 0x00
	.byte 0x46, 0x00, 0x00, 0x00, 0x00, 0x00, 0x00, 0x00, 0x13, 0x00, 0x00, 0x00, 0x00, 0x00, 0x00, 0x00
	.byte 0x04, 0x00, 0x00, 0x00, 0x45, 0x00, 0x00, 0x00, 0x15, 0x00, 0x00, 0x00, 0x80, 0x00, 0x00, 0x00
	.byte 0x3C, 0x02, 0x00, 0x00, 0x4D, 0x00, 0x00, 0x00, 0x2B, 0x00, 0x00, 0x00, 0x00, 0x00, 0x00, 0x00
	.byte 0x38, 0x02, 0x00, 0x00, 0x5A, 0x00, 0x00, 0x00, 0x01, 0x00, 0x00, 0x00, 0x11, 0x00, 0x00, 0x00
	.byte 0x0A, 0x00, 0x00, 0x00, 0x33, 0x02, 0x00, 0x00, 0x29, 0x00, 0x00, 0x00, 0x01, 0x00, 0x00, 0x00
	.byte 0x13, 0x00, 0x00, 0x00, 0x79, 0x00, 0x00, 0x00, 0x2E, 0x02, 0x00, 0x00, 0x41, 0x00, 0x00, 0x00
	.byte 0x01, 0x00, 0x00, 0x00, 0x19, 0x00, 0x00, 0x00, 0xA8, 0x00, 0x00, 0x00, 0x07, 0x00, 0x00, 0x00
	.byte 0x19, 0x00, 0x00, 0x00, 0xA8, 0x00, 0x00, 0x00, 0x59, 0x00, 0x00, 0x00, 0x19, 0x00, 0x00, 0x00
	.byte 0xA7, 0x00, 0x00, 0x00, 0x94, 0x00, 0x00, 0x00, 0x4D, 0x00, 0x00, 0x00, 0x0F, 0x00, 0x00, 0x00
	.byte 0x00, 0x00, 0x00, 0x00, 0x08, 0x00, 0x00, 0x00, 0x25, 0x00, 0x00, 0x00, 0x09, 0x00, 0x00, 0x00
	.byte 0x00, 0x00, 0x00, 0x00, 0xFF, 0x00, 0x00, 0x00, 0x21, 0x00, 0x00, 0x00, 0x29, 0x00, 0x00, 0x00
	.byte 0x01, 0x00, 0x00, 0x00, 0x13, 0x00, 0x00, 0x00, 0x5A, 0x00, 0x00, 0x00, 0x1C, 0x00, 0x00, 0x00
	.byte 0x1E, 0x00, 0x00, 0x00, 0x00, 0x00, 0x00, 0x00, 0x13, 0x00, 0x00, 0x00, 0x03, 0x00, 0x00, 0x00
	.byte 0x17, 0x00, 0x00, 0x00, 0x13, 0x00, 0x00, 0x00, 0x08, 0x00, 0x00, 0x00, 0x14, 0x00, 0x00, 0x00
	.byte 0x1E, 0x00, 0x00, 0x00, 0x02, 0x00, 0x00, 0x00, 0x13, 0x00, 0x00, 0x00, 0x03, 0x00, 0x00, 0x00
	.byte 0x0F, 0x00, 0x00, 0x00, 0x13, 0x00, 0x00, 0x00, 0x08, 0x00, 0x00, 0x00, 0x0C, 0x00, 0x00, 0x00
	.byte 0x29, 0x00, 0x00, 0x00, 0x00, 0x00, 0x00, 0x00, 0x13, 0x00, 0x00, 0x00, 0x11, 0x00, 0x00, 0x00
	.byte 0x07, 0x00, 0x00, 0x00, 0x13, 0x00, 0x00, 0x00, 0x5A, 0x00, 0x00, 0x00, 0x04, 0x00, 0x00, 0x00
	.byte 0x13, 0x00, 0x00, 0x00, 0x62, 0x00, 0x00, 0x00, 0x01, 0x00, 0x00, 0x00, 0x4D, 0x00, 0x00, 0x00
	.byte 0x0F, 0x00, 0x00, 0x00, 0x01, 0x00, 0x00, 0x00, 0x08, 0x00, 0x00, 0x00, 0xEC, 0x01, 0x00, 0x00
	.byte 0x09, 0x00, 0x00, 0x00, 0x01, 0x00, 0x00, 0x00, 0xFF, 0x00, 0x00, 0x00, 0xE8, 0x01, 0x00, 0x00
	.byte 0x1E, 0x00, 0x00, 0x00, 0x01, 0x00, 0x00, 0x00, 0x13, 0x00, 0x00, 0x00, 0x03, 0x00, 0x00, 0x00
	.byte 0xE3, 0x01, 0x00, 0x00, 0x13, 0x00, 0x00, 0x00, 0x08, 0x00, 0x00, 0x00, 0xE0, 0x01, 0x00, 0x00
	.byte 0x1E, 0x00, 0x00, 0x00, 0x03, 0x00, 0x00, 0x00, 0x13, 0x00, 0x00, 0x00, 0x03, 0x00, 0x00, 0x00
	.byte 0xDB, 0x01, 0x00, 0x00, 0x13, 0x00, 0x00, 0x00, 0x08, 0x00, 0x00, 0x00, 0xD8, 0x01, 0x00, 0x00
	.byte 0x29, 0x00, 0x00, 0x00, 0x01, 0x00, 0x00, 0x00, 0x13, 0x00, 0x00, 0x00, 0x67, 0x00, 0x00, 0x00
	.byte 0xD3, 0x01, 0x00, 0x00, 0x13, 0x00, 0x00, 0x00, 0x11, 0x00, 0x00, 0x00, 0xD0, 0x01, 0x00, 0x00
	.byte 0x13, 0x00, 0x00, 0x00, 0x5A, 0x00, 0x00, 0x00, 0xCD, 0x01, 0x00, 0x00, 0x13, 0x00, 0x00, 0x00
	.byte 0x62, 0x00, 0x00, 0x00, 0xCA, 0x01, 0x00, 0x00, 0x13, 0x00, 0x00, 0x00, 0x3E, 0x00, 0x00, 0x00
	.byte 0xC7, 0x01, 0x00, 0x00, 0x04, 0x00, 0x00, 0x00, 0x03, 0x00, 0x00, 0x00, 0x4D, 0x00, 0x00, 0x00
	.byte 0x0F, 0x00, 0x00, 0x00, 0x00, 0x00, 0x00, 0x00, 0x08, 0x00, 0x00, 0x00, 0x17, 0x00, 0x00, 0x00
	.byte 0x09, 0x00, 0x00, 0x00, 0x00, 0x00, 0x00, 0x00, 0xFF, 0x00, 0x00, 0x00, 0x13, 0x00, 0x00, 0x00
	.byte 0x1E, 0x00, 0x00, 0x00, 0x00, 0x00, 0x00, 0x00, 0x13, 0x00, 0x00, 0x00, 0x0A, 0x00, 0x00, 0x00
	.byte 0x0E, 0x00, 0x00, 0x00, 0x1E, 0x00, 0x00, 0x00, 0x02, 0x00, 0x00, 0x00, 0x13, 0x00, 0x00, 0x00
	.byte 0x0A, 0x00, 0x00, 0x00, 0x09, 0x00, 0x00, 0x00, 0x29, 0x00, 0x00, 0x00, 0x00, 0x00, 0x00, 0x00
	.byte 0x13, 0x00, 0x00, 0x00, 0x62, 0x00, 0x00, 0x00, 0x04, 0x00, 0x00, 0x00, 0x13, 0x00, 0x00, 0x00
	.byte 0x29, 0x00, 0x00, 0x00, 0x01, 0x00, 0x00, 0x00, 0x4D, 0x00, 0x00, 0x00, 0x0F, 0x00, 0x00, 0x00
	.byte 0x01, 0x00, 0x00, 0x00, 0x08, 0x00, 0x00, 0x00, 0xA5, 0x01, 0x00, 0x00, 0x09, 0x00, 0x00, 0x00
	.byte 0x01, 0x00, 0x00, 0x00, 0xFF, 0x00, 0x00, 0x00, 0xA1, 0x01, 0x00, 0x00, 0x1E, 0x00, 0x00, 0x00
	.byte 0x01, 0x00, 0x00, 0x00, 0x13, 0x00, 0x00, 0x00, 0x0A, 0x00, 0x00, 0x00, 0x9C, 0x01, 0x00, 0x00
	.byte 0x1E, 0x00, 0x00, 0x00, 0x03, 0x00, 0x00, 0x00, 0x13, 0x00, 0x00, 0x00, 0x0A, 0x00, 0x00, 0x00
	.byte 0x97, 0x01, 0x00, 0x00, 0x29, 0x00, 0x00, 0x00, 0x01, 0x00, 0x00, 0x00, 0x13, 0x00, 0x00, 0x00
	.byte 0x67, 0x00, 0x00, 0x00, 0x92, 0x01, 0x00, 0x00, 0x13, 0x00, 0x00, 0x00, 0x62, 0x00, 0x00, 0x00
	.byte 0x8F, 0x01, 0x00, 0x00, 0x13, 0x00, 0x00, 0x00, 0x29, 0x00, 0x00, 0x00, 0x8C, 0x01, 0x00, 0x00
	.byte 0x13, 0x00, 0x00, 0x00, 0x3E, 0x00, 0x00, 0x00, 0x89, 0x01, 0x00, 0x00, 0x04, 0x00, 0x00, 0x00
	.byte 0x03, 0x00, 0x00, 0x00, 0x4D, 0x00, 0x00, 0x00, 0x0F, 0x00, 0x00, 0x00, 0x00, 0x00, 0x00, 0x00
	.byte 0x08, 0x00, 0x00, 0x00, 0x82, 0x01, 0x00, 0x00, 0x09, 0x00, 0x00, 0x00, 0x00, 0x00, 0x00, 0x00
	.byte 0xFF, 0x00, 0x00, 0x00, 0x7E, 0x01, 0x00, 0x00, 0x29, 0x00, 0x00, 0x00, 0x00, 0x00, 0x00, 0x00
	.byte 0x13, 0x00, 0x00, 0x00, 0x07, 0x00, 0x00, 0x00, 0x79, 0x01, 0x00, 0x00, 0x4D, 0x00, 0x00, 0x00
	.byte 0x64, 0x00, 0x00, 0x00, 0x50, 0x00, 0x00, 0x00, 0xFF, 0xFF, 0xFF, 0xFF, 0x65, 0x00, 0x00, 0x00
	.byte 0xFF, 0xFF, 0xFF, 0xFF, 0x47, 0x00, 0x00, 0x00, 0xFF, 0xFF, 0xFF, 0xFF, 0x0A, 0x00, 0x00, 0x00
	.byte 0x01, 0x00, 0x00, 0x00, 0xFF, 0x00, 0x00, 0x00, 0x76, 0x01, 0x00, 0x00, 0x09, 0x00, 0x00, 0x00
	.byte 0x00, 0x00, 0x00, 0x00, 0xFF, 0x00, 0x00, 0x00, 0x72, 0x01, 0x00, 0x00, 0x0F, 0x00, 0x00, 0x00
	.byte 0x00, 0x00, 0x00, 0x00, 0x08, 0x00, 0x00, 0x00, 0x6E, 0x01, 0x00, 0x00, 0x09, 0x00, 0x00, 0x00
	.byte 0x01, 0x00, 0x00, 0x00, 0x88, 0x0F, 0x00, 0x00, 0x0A, 0x00, 0x00, 0x00, 0x09, 0x00, 0x00, 0x00
	.byte 0x01, 0x00, 0x00, 0x00, 0x10, 0x00, 0x00, 0x00, 0x28, 0x00, 0x00, 0x00, 0x09, 0x00, 0x00, 0x00
	.byte 0x01, 0x00, 0x00, 0x00, 0x40, 0x00, 0x00, 0x00, 0x38, 0x00, 0x00, 0x00, 0x4C, 0x00, 0x00, 0x00
	.byte 0x3B, 0x00, 0x00, 0x00, 0x29, 0x00, 0x00, 0x00, 0x01, 0x00, 0x00, 0x00, 0x13, 0x00, 0x00, 0x00
	.byte 0x5A, 0x00, 0x00, 0x00, 0x5B, 0x01, 0x00, 0x00, 0x1E, 0x00, 0x00, 0x00, 0x00, 0x00, 0x00, 0x00
	.byte 0x13, 0x00, 0x00, 0x00, 0x03, 0x00, 0x00, 0x00, 0x56, 0x01, 0x00, 0x00, 0x13, 0x00, 0x00, 0x00
	.byte 0x08, 0x00, 0x00, 0x00, 0x53, 0x01, 0x00, 0x00, 0x1E, 0x00, 0x00, 0x00, 0x02, 0x00, 0x00, 0x00
	.byte 0x13, 0x00, 0x00, 0x00, 0x03, 0x00, 0x00, 0x00, 0x4E, 0x01, 0x00, 0x00, 0x13, 0x00, 0x00, 0x00
	.byte 0x08, 0x00, 0x00, 0x00, 0x4B, 0x01, 0x00, 0x00, 0x29, 0x00, 0x00, 0x00, 0x00, 0x00, 0x00, 0x00
	.byte 0x13, 0x00, 0x00, 0x00, 0x11, 0x00, 0x00, 0x00, 0x46, 0x01, 0x00, 0x00, 0x13, 0x00, 0x00, 0x00
	.byte 0x5A, 0x00, 0x00, 0x00, 0x43, 0x01, 0x00, 0x00, 0x13, 0x00, 0x00, 0x00, 0x62, 0x00, 0x00, 0x00
	.byte 0x40, 0x01, 0x00, 0x00, 0x4C, 0x00, 0x00, 0x00, 0x19, 0x00, 0x00, 0x00, 0x1E, 0x00, 0x00, 0x00
	.byte 0x00, 0x00, 0x00, 0x00, 0x13, 0x00, 0x00, 0x00, 0x0A, 0x00, 0x00, 0x00, 0x39, 0x01, 0x00, 0x00
	.byte 0x1E, 0x00, 0x00, 0x00, 0x02, 0x00, 0x00, 0x00, 0x13, 0x00, 0x00, 0x00, 0x0A, 0x00, 0x00, 0x00
	.byte 0x34, 0x01, 0x00, 0x00, 0x29, 0x00, 0x00, 0x00, 0x00, 0x00, 0x00, 0x00, 0x13, 0x00, 0x00, 0x00
	.byte 0x62, 0x00, 0x00, 0x00, 0x2F, 0x01, 0x00, 0x00, 0x13, 0x00, 0x00, 0x00, 0x29, 0x00, 0x00, 0x00
	.byte 0x2C, 0x01, 0x00, 0x00, 0x4C, 0x00, 0x00, 0x00, 0x05, 0x00, 0x00, 0x00, 0x29, 0x00, 0x00, 0x00
	.byte 0x00, 0x00, 0x00, 0x00, 0x13, 0x00, 0x00, 0x00, 0x07, 0x00, 0x00, 0x00, 0x25, 0x01, 0x00, 0x00
	.byte 0x4D, 0x00, 0x00, 0x00, 0x0D, 0x00, 0x00, 0x00, 0x00, 0x00, 0x00, 0x00, 0x00, 0x00, 0x00, 0x02
	.byte 0x20, 0x01, 0x00, 0x00, 0x4D, 0x00, 0x00, 0x00, 0x0D, 0x00, 0x00, 0x00, 0x01, 0x00, 0x00, 0x00
	.byte 0x00, 0x00, 0x80, 0x00, 0x1B, 0x01, 0x00, 0x00, 0x4D, 0x00, 0x00, 0x00, 0x0D, 0x00, 0x00, 0x00
	.byte 0x00, 0x00, 0x00, 0x00, 0x00, 0x00, 0x20, 0x00, 0x16, 0x01, 0x00, 0x00, 0x29, 0x00, 0x00, 0x00
	.byte 0x00, 0x00, 0x00, 0x00, 0x13, 0x00, 0x00, 0x00, 0x79, 0x00, 0x00, 0x00, 0x11, 0x01, 0x00, 0x00
	.byte 0x13, 0x00, 0x00, 0x00, 0x36, 0x00, 0x00, 0x00, 0x0E, 0x01, 0x00, 0x00, 0x13, 0x00, 0x00, 0x00
	.byte 0x70, 0x00, 0x00, 0x00, 0x0B, 0x01, 0x00, 0x00, 0x13, 0x00, 0x00, 0x00, 0x01, 0x00, 0x00, 0x00
	.byte 0x08, 0x01, 0x00, 0x00, 0x13, 0x00, 0x00, 0x00, 0x32, 0x00, 0x00, 0x00, 0x05, 0x01, 0x00, 0x00
	.byte 0x13, 0x00, 0x00, 0x00, 0x35, 0x00, 0x00, 0x00, 0x02, 0x01, 0x00, 0x00, 0x13, 0x00, 0x00, 0x00
	.byte 0x76, 0x00, 0x00, 0x00, 0xFF, 0x00, 0x00, 0x00, 0x4D, 0x00, 0x00, 0x00, 0x0F, 0x00, 0x00, 0x00
	.byte 0x01, 0x00, 0x00, 0x00, 0x00, 0x70, 0x00, 0x00, 0xFA, 0x00, 0x00, 0x00, 0x4D, 0x00, 0x00, 0x00
	.byte 0x1D, 0x00, 0x00, 0x00, 0x14, 0x00, 0x00, 0x00, 0x00, 0x00, 0x00, 0x00, 0x03, 0x00, 0x00, 0x00
	.byte 0x24, 0x00, 0x00, 0x00, 0x00, 0x00, 0x00, 0x00, 0xF2, 0x00, 0x00, 0x00, 0x4D, 0x00, 0x00, 0x00
	.byte 0x65, 0x00, 0x00, 0x00, 0x00, 0x00, 0x00, 0x00, 0x01, 0x00, 0x00, 0x00, 0x11, 0x00, 0x00, 0x00
	.byte 0x01, 0x00, 0x00, 0x00, 0x02, 0x00, 0x00, 0x00, 0x4C, 0x00, 0x00, 0x00, 0x06, 0x00, 0x00, 0x00
	.byte 0x65, 0x00, 0x00, 0x00, 0x00, 0x00, 0x00, 0x00, 0x04, 0x00, 0x00, 0x00, 0x11, 0x00, 0x00, 0x00
	.byte 0x01, 0x00, 0x00, 0x00, 0xE3, 0x00, 0x00, 0x00, 0x4D, 0x00, 0x00, 0x00, 0x65, 0x00, 0x00, 0x00
	.byte 0x00, 0x00, 0x00, 0x00, 0x02, 0x00, 0x00, 0x00, 0x11, 0x00, 0x00, 0x00, 0x01, 0x00, 0x00, 0x00
	.byte 0x02, 0x00, 0x00, 0x00, 0x4C, 0x00, 0x00, 0x00, 0x06, 0x00, 0x00, 0x00, 0x65, 0x00, 0x00, 0x00
	.byte 0x00, 0x00, 0x00, 0x00, 0x05, 0x00, 0x00, 0x00, 0x11, 0x00, 0x00, 0x00, 0x01, 0x00, 0x00, 0x00
	.byte 0xD4, 0x00, 0x00, 0x00, 0x4D, 0x00, 0x00, 0x00, 0x5C, 0x00, 0x00, 0x00, 0x01, 0x00, 0x00, 0x00
	.byte 0x02, 0x00, 0x00, 0x00, 0x04, 0x00, 0x00, 0x00, 0xF6, 0xFF, 0xFF, 0xFF, 0x4D, 0x00, 0x00, 0x00
	.byte 0x29, 0x00, 0x00, 0x00, 0x00, 0x00, 0x00, 0x00, 0x13, 0x00, 0x00, 0x00, 0x36, 0x00, 0x00, 0x00
	.byte 0xC8, 0x00, 0x00, 0x00, 0x13, 0x00, 0x00, 0x00, 0x0F, 0x00, 0x00, 0x00, 0xC5, 0x00, 0x00, 0x00
	.byte 0x13, 0x00, 0x00, 0x00, 0x48, 0x00, 0x00, 0x00, 0xC2, 0x00, 0x00, 0x00, 0x13, 0x00, 0x00, 0x00
	.byte 0x79, 0x00, 0x00, 0x00, 0xBF, 0x00, 0x00, 0x00, 0x0A, 0x00, 0x00, 0x00, 0x00, 0x00, 0x00, 0x00
	.byte 0x07, 0x00, 0x00, 0x00, 0x0A, 0x00, 0x00, 0x00, 0x37, 0x00, 0x00, 0x00, 0x00, 0x00, 0x00, 0x00
	.byte 0xD6, 0x00, 0x00, 0x00, 0x06, 0x00, 0x00, 0x00, 0x37, 0x00, 0x00, 0x00, 0x00, 0x00, 0x00, 0x00
	.byte 0xAD, 0x00, 0x00, 0x00, 0x02, 0x00, 0x00, 0x00, 0x04, 0x00, 0x00, 0x00, 0xF6, 0xFF, 0xFF, 0xFF
	.byte 0x4D, 0x00, 0x00, 0x00, 0x57, 0x00, 0x00, 0x00, 0x00, 0x00, 0x00, 0x00, 0x00, 0x04, 0x00, 0x00
	.byte 0x13, 0x00, 0x00, 0x00, 0x02, 0x00, 0x00, 0x00, 0xAA, 0x00, 0x00, 0x00, 0x26, 0x00, 0x00, 0x00
	.byte 0x00, 0x00, 0x00, 0x00, 0x13, 0x00, 0x00, 0x00, 0x00, 0x00, 0x00, 0x00, 0xA5, 0x00, 0x00, 0x00
	.byte 0x4D, 0x00, 0x00, 0x00, 0x4D, 0x00, 0x00, 0x00, 0x0D, 0x00, 0x00, 0x00, 0x01, 0x00, 0x00, 0x00
	.byte 0x00, 0x00, 0x00, 0x01, 0x9F, 0x00, 0x00, 0x00, 0x4D, 0x00, 0x00, 0x00, 0x0D, 0x00, 0x00, 0x00
	.byte 0x01, 0x00, 0x00, 0x00, 0x00, 0x00, 0x00, 0x08, 0x9A, 0x00, 0x00, 0x00, 0x29, 0x00, 0x00, 0x00
	.byte 0x01, 0x00, 0x00, 0x00, 0x13, 0x00, 0x00, 0x00, 0x1A, 0x00, 0x00, 0x00, 0x95, 0x00, 0x00, 0x00
	.byte 0x1E, 0x00, 0x00, 0x00, 0x01, 0x00, 0x00, 0x00, 0x13, 0x00, 0x00, 0x00, 0x02, 0x00, 0x00, 0x00
	.byte 0x90, 0x00, 0x00, 0x00, 0x1E, 0x00, 0x00, 0x00, 0x03, 0x00, 0x00, 0x00, 0x13, 0x00, 0x00, 0x00
	.byte 0x02, 0x00, 0x00, 0x00, 0x8B, 0x00, 0x00, 0x00, 0x4D, 0x00, 0x00, 0x00, 0x34, 0x00, 0x00, 0x00
	.byte 0x00, 0x00, 0x00, 0x00, 0x07, 0x00, 0x00, 0x00, 0x00, 0x00, 0x00, 0x00, 0x1F, 0x00, 0x00, 0x00
	.byte 0x0F, 0x00, 0x00, 0x00, 0x00, 0x00, 0x00, 0x00, 0x02, 0x00, 0x00, 0x00, 0x1B, 0x00, 0x00, 0x00
	.byte 0x0F, 0x00, 0x00, 0x00, 0x00, 0x00, 0x00, 0x00, 0x01, 0x00, 0x00, 0x00, 0x17, 0x00, 0x00, 0x00
	.byte 0x2E, 0x00, 0x00, 0x00, 0x13, 0x00, 0x00, 0x00, 0x05, 0x00, 0x00, 0x00, 0x13, 0x00, 0x00, 0x00
	.byte 0x26, 0x00, 0x00, 0x00, 0x00, 0x00, 0x00, 0x00, 0x13, 0x00, 0x00, 0x00, 0x00, 0x00, 0x00, 0x00
	.byte 0x74, 0x00, 0x00, 0x00, 0x0F, 0x00, 0x00, 0x00, 0x00, 0x00, 0x00, 0x00, 0x04, 0x00, 0x00, 0x00
	.byte 0x0A, 0x00, 0x00, 0x00, 0x0F, 0x00, 0x00, 0x00, 0x00, 0x00, 0x00, 0x00, 0x80, 0x00, 0x00, 0x00
	.byte 0x06, 0x00, 0x00, 0x00, 0x0F, 0x00, 0x00, 0x00, 0x00, 0x00, 0x00, 0x00, 0x00, 0x04, 0x00, 0x00
	.byte 0x02, 0x00, 0x00, 0x00, 0x4C, 0x00, 0x00, 0x00, 0x66, 0x00, 0x00, 0x00, 0x4D, 0x00, 0x00, 0x00
	.byte 0x24, 0x00, 0x00, 0x00, 0x00, 0x00, 0x00, 0x00, 0x62, 0x00, 0x00, 0x00, 0x24, 0x00, 0x00, 0x00
	.byte 0x02, 0x00, 0x00, 0x00, 0x5F, 0x00, 0x00, 0x00, 0x4D, 0x00, 0x00, 0x00, 0x29, 0x00, 0x00, 0x00
	.byte 0x01, 0x00, 0x00, 0x00, 0x13, 0x00, 0x00, 0x00, 0x68, 0x00, 0x00, 0x00, 0x0B, 0x00, 0x00, 0x00
	.byte 0x29, 0x00, 0x00, 0x00, 0x00, 0x00, 0x00, 0x00, 0x13, 0x00, 0x00, 0x00, 0x0C, 0x00, 0x00, 0x00
	.byte 0x54, 0x00, 0x00, 0x00, 0x13, 0x00, 0x00, 0x00, 0x1D, 0x00, 0x00, 0x00, 0x51, 0x00, 0x00, 0x00
	.byte 0x13, 0x00, 0x00, 0x00, 0x49, 0x00, 0x00, 0x00, 0x4E, 0x00, 0x00, 0x00, 0x42, 0x00, 0x00, 0x00
	.byte 0x01, 0x00, 0x00, 0x00, 0x13, 0x00, 0x00, 0x00, 0x00, 0x00, 0x00, 0x00, 0x05, 0x00, 0x00, 0x00
	.byte 0x13, 0x00, 0x00, 0x00, 0x01, 0x00, 0x00, 0x00, 0x09, 0x00, 0x00, 0x00, 0x4C, 0x00, 0x00, 0x00
	.byte 0x44, 0x00, 0x00, 0x00, 0x42, 0x00, 0x00, 0x00, 0x00, 0x00, 0x00, 0x00, 0x13, 0x00, 0x00, 0x00
	.byte 0x01, 0x00, 0x00, 0x00, 0x09, 0x00, 0x00, 0x00, 0x4C, 0x00, 0x00, 0x00, 0x3D, 0x00, 0x00, 0x00
	.byte 0x42, 0x00, 0x00, 0x00, 0x00, 0x00, 0x00, 0x00, 0x13, 0x00, 0x00, 0x00, 0x00, 0x00, 0x00, 0x00
	.byte 0x02, 0x00, 0x00, 0x00, 0x4C, 0x00, 0x00, 0x00, 0x36, 0x00, 0x00, 0x00, 0x31, 0x00, 0x00, 0x00
	.byte 0x00, 0x00, 0x00, 0x00, 0x04, 0x00, 0x00, 0x00, 0x01, 0x00, 0x00, 0x00, 0x31, 0x00, 0x00, 0x00
	.byte 0x4D, 0x00, 0x00, 0x00, 0x0F, 0x00, 0x00, 0x00, 0x00, 0x00, 0x00, 0x00, 0x80, 0x00, 0x00, 0x00
	.byte 0x2C, 0x00, 0x00, 0x00, 0x26, 0x00, 0x00, 0x00, 0x00, 0x00, 0x00, 0x00, 0x13, 0x00, 0x00, 0x00
	.byte 0x00, 0x00, 0x00, 0x00, 0x27, 0x00, 0x00, 0x00, 0x4D, 0x00, 0x00, 0x00, 0x04, 0x00, 0x00, 0x00
	.byte 0xEC, 0xFF, 0xFF, 0xFF, 0x26, 0x00, 0x00, 0x00, 0x01, 0x00, 0x00, 0x00, 0x13, 0x00, 0x00, 0x00
	.byte 0x00, 0x00, 0x00, 0x00, 0x1F, 0x00, 0x00, 0x00, 0x58, 0x00, 0x00, 0x00, 0x01, 0x00, 0x00, 0x00
	.byte 0x09, 0x00, 0x00, 0x00, 0x2C, 0x00, 0x00, 0x00, 0x01, 0x00, 0x00, 0x00, 0xFF, 0x00, 0x00, 0x00
	.byte 0x05, 0x00, 0x00, 0x00, 0x59, 0x00, 0x00, 0x00, 0x01, 0x00, 0x00, 0x00, 0x02, 0x00, 0x00, 0x00
	.byte 0x4C, 0x00, 0x00, 0x00, 0x13, 0x00, 0x00, 0x00, 0x4D, 0x00, 0x00, 0x00, 0x04, 0x00, 0x00, 0x00
	.byte 0xFF, 0xFF, 0xFF, 0xFF, 0x4D, 0x00, 0x00, 0x00, 0x04, 0x00, 0x00, 0x00, 0xFE, 0xFF, 0xFF, 0xFF
	.byte 0x4D, 0x00, 0x00, 0x00, 0x04, 0x00, 0x00, 0x00, 0xFD, 0xFF, 0xFF, 0xFF, 0x4D, 0x00, 0x00, 0x00
	.byte 0x04, 0x00, 0x00, 0x00, 0xFB, 0xFF, 0xFF, 0xFF, 0x4D, 0x00, 0x00, 0x00, 0x04, 0x00, 0x00, 0x00
	.byte 0xFA, 0xFF, 0xFF, 0xFF, 0x4D, 0x00, 0x00, 0x00, 0x04, 0x00, 0x00, 0x00, 0xF8, 0xFF, 0xFF, 0xFF
	.byte 0x4D, 0x00, 0x00, 0x00, 0x04, 0x00, 0x00, 0x00, 0xF6, 0xFF, 0xFF, 0xFF, 0x4D, 0x00, 0x00, 0x00
	.byte 0x04, 0x00, 0x00, 0x00, 0xF4, 0xFF, 0xFF, 0xFF, 0x4D, 0x00, 0x00, 0x00, 0x04, 0x00, 0x00, 0x00
	.byte 0xE2, 0xFF, 0xFF, 0xFF, 0x4D, 0x00, 0x00, 0x00, 0x04, 0x00, 0x00, 0x00, 0x01, 0x00, 0x00, 0x00
	.byte 0x4D, 0x00, 0x00, 0x00, 0x04, 0x00, 0x00, 0x00, 0x02, 0x00, 0x00, 0x00, 0x4D, 0x00, 0x00, 0x00
	.byte 0x04, 0x00, 0x00, 0x00, 0x03, 0x00, 0x00, 0x00, 0x4D, 0x00, 0x00, 0x00, 0x04, 0x00, 0x00, 0x00
	.byte 0x05, 0x00, 0x00, 0x00, 0x4D, 0x00, 0x00, 0x00, 0x04, 0x00, 0x00, 0x00, 0x0A, 0x00, 0x00, 0x00
	.byte 0x4D, 0x00, 0x00, 0x00, 0x51, 0x00, 0x00, 0x00, 0x7A, 0x1F, 0x00, 0x00, 0x2F, 0x00, 0x00, 0x00
	.byte 0x01, 0x00, 0x00, 0x00, 0x14, 0x02, 0x00, 0x00, 0x2F, 0x00, 0x00, 0x00, 0x03, 0x00, 0x00, 0x00
	.byte 0x21, 0x02, 0x00, 0x00, 0x2F, 0x00, 0x00, 0x00, 0x07, 0x00, 0x00, 0x00, 0x2F, 0x02, 0x00, 0x00
	.byte 0x2F, 0x00, 0x00, 0x00, 0x08, 0x00, 0x00, 0x00, 0x63, 0x02, 0x00, 0x00, 0x2F, 0x00, 0x00, 0x00
	.byte 0x09, 0x00, 0x00, 0x00, 0x79, 0x02, 0x00, 0x00, 0x2F, 0x00, 0x00, 0x00, 0x0A, 0x00, 0x00, 0x00
	.byte 0xC0, 0x02, 0x00, 0x00, 0x2F, 0x00, 0x00, 0x00, 0x0B, 0x00, 0x00, 0x00, 0xE0, 0x02, 0x00, 0x00
	.byte 0x2F, 0x00, 0x00, 0x00, 0x0C, 0x00, 0x00, 0x00, 0x1A, 0x03, 0x00, 0x00, 0x2F, 0x00, 0x00, 0x00
	.byte 0x0D, 0x00, 0x00, 0x00, 0x24, 0x03, 0x00, 0x00, 0x2F, 0x00, 0x00, 0x00, 0x0E, 0x00, 0x00, 0x00
	.byte 0x44, 0x03, 0x00, 0x00, 0x2F, 0x00, 0x00, 0x00, 0x0F, 0x00, 0x00, 0x00, 0x7E, 0x03, 0x00, 0x00
	.byte 0x2F, 0x00, 0x00, 0x00, 0x10, 0x00, 0x00, 0x00, 0x8C, 0x03, 0x00, 0x00, 0x2F, 0x00, 0x00, 0x00
	.byte 0x11, 0x00, 0x00, 0x00, 0xEB, 0x03, 0x00, 0x00, 0x2F, 0x00, 0x00, 0x00, 0x12, 0x00, 0x00, 0x00
	.byte 0x06, 0x04, 0x00, 0x00, 0x2F, 0x00, 0x00, 0x00, 0x13, 0x00, 0x00, 0x00, 0x31, 0x04, 0x00, 0x00
	.byte 0x2F, 0x00, 0x00, 0x00, 0x14, 0x00, 0x00, 0x00, 0x57, 0x04, 0x00, 0x00, 0x2F, 0x00, 0x00, 0x00
	.byte 0x15, 0x00, 0x00, 0x00, 0x61, 0x04, 0x00, 0x00, 0x2F, 0x00, 0x00, 0x00, 0x16, 0x00, 0x00, 0x00
	.byte 0x8E, 0x04, 0x00, 0x00, 0x2F, 0x00, 0x00, 0x00, 0x17, 0x00, 0x00, 0x00, 0xA0, 0x04, 0x00, 0x00
	.byte 0x2F, 0x00, 0x00, 0x00, 0x18, 0x00, 0x00, 0x00, 0xFA, 0x04, 0x00, 0x00, 0x2F, 0x00, 0x00, 0x00
	.byte 0x19, 0x00, 0x00, 0x00, 0x0C, 0x05, 0x00, 0x00, 0x2F, 0x00, 0x00, 0x00, 0x1A, 0x00, 0x00, 0x00
	.byte 0x81, 0x05, 0x00, 0x00, 0x2F, 0x00, 0x00, 0x00, 0x1C, 0x00, 0x00, 0x00, 0x85, 0x05, 0x00, 0x00
	.byte 0x2F, 0x00, 0x00, 0x00, 0x1E, 0x00, 0x00, 0x00, 0xBB, 0x05, 0x00, 0x00, 0x2F, 0x00, 0x00, 0x00
	.byte 0x20, 0x00, 0x00, 0x00, 0xD4, 0x05, 0x00, 0x00, 0x2F, 0x00, 0x00, 0x00, 0x21, 0x00, 0x00, 0x00
	.byte 0x03, 0x06, 0x00, 0x00, 0x2F, 0x00, 0x00, 0x00, 0x23, 0x00, 0x00, 0x00, 0x24, 0x06, 0x00, 0x00
	.byte 0x2F, 0x00, 0x00, 0x00, 0x25, 0x00, 0x00, 0x00, 0x45, 0x06, 0x00, 0x00, 0x2F, 0x00, 0x00, 0x00
	.byte 0x26, 0x00, 0x00, 0x00, 0x78, 0x06, 0x00, 0x00, 0x2F, 0x00, 0x00, 0x00, 0x27, 0x00, 0x00, 0x00
	.byte 0xAC, 0x0B, 0x00, 0x00, 0x2F, 0x00, 0x00, 0x00, 0x28, 0x00, 0x00, 0x00, 0x78, 0x06, 0x00, 0x00
	.byte 0x2F, 0x00, 0x00, 0x00, 0x2A, 0x00, 0x00, 0x00, 0x7C, 0x06, 0x00, 0x00, 0x2F, 0x00, 0x00, 0x00
	.byte 0x2B, 0x00, 0x00, 0x00, 0x91, 0x06, 0x00, 0x00, 0x2F, 0x00, 0x00, 0x00, 0x30, 0x00, 0x00, 0x00
	.byte 0xFC, 0x15, 0x00, 0x00, 0x2F, 0x00, 0x00, 0x00, 0x31, 0x00, 0x00, 0x00, 0xAC, 0x06, 0x00, 0x00
	.byte 0x2F, 0x00, 0x00, 0x00, 0x32, 0x00, 0x00, 0x00, 0x66, 0x02, 0x00, 0x00, 0x2F, 0x00, 0x00, 0x00
	.byte 0x33, 0x00, 0x00, 0x00, 0x86, 0x02, 0x00, 0x00, 0x2F, 0x00, 0x00, 0x00, 0x34, 0x00, 0x00, 0x00
	.byte 0xC0, 0x02, 0x00, 0x00, 0x2F, 0x00, 0x00, 0x00, 0x35, 0x00, 0x00, 0x00, 0xCA, 0x02, 0x00, 0x00
	.byte 0x2F, 0x00, 0x00, 0x00, 0x36, 0x00, 0x00, 0x00, 0xEA, 0x02, 0x00, 0x00, 0x2F, 0x00, 0x00, 0x00
	.byte 0x37, 0x00, 0x00, 0x00, 0x24, 0x03, 0x00, 0x00, 0x2F, 0x00, 0x00, 0x00, 0x38, 0x00, 0x00, 0x00
	.byte 0x32, 0x03, 0x00, 0x00, 0x2F, 0x00, 0x00, 0x00, 0x3A, 0x00, 0x00, 0x00, 0xAF, 0x03, 0x00, 0x00
	.byte 0x2F, 0x00, 0x00, 0x00, 0x3B, 0x00, 0x00, 0x00, 0xDA, 0x03, 0x00, 0x00, 0x2F, 0x00, 0x00, 0x00
	.byte 0x3C, 0x00, 0x00, 0x00, 0x00, 0x04, 0x00, 0x00, 0x2F, 0x00, 0x00, 0x00, 0x3D, 0x00, 0x00, 0x00
	.byte 0x0A, 0x04, 0x00, 0x00, 0x2F, 0x00, 0x00, 0x00, 0x3E, 0x00, 0x00, 0x00, 0x37, 0x04, 0x00, 0x00
	.byte 0x2F, 0x00, 0x00, 0x00, 0x3F, 0x00, 0x00, 0x00, 0x49, 0x04, 0x00, 0x00, 0x2F, 0x00, 0x00, 0x00
	.byte 0x40, 0x00, 0x00, 0x00, 0xA3, 0x04, 0x00, 0x00, 0x2F, 0x00, 0x00, 0x00, 0x41, 0x00, 0x00, 0x00
	.byte 0xA7, 0x06, 0x00, 0x00, 0x2F, 0x00, 0x00, 0x00, 0x42, 0x00, 0x00, 0x00, 0xC9, 0x06, 0x00, 0x00
	.byte 0x2F, 0x00, 0x00, 0x00, 0x43, 0x00, 0x00, 0x00, 0xD1, 0x06, 0x00, 0x00, 0x2F, 0x00, 0x00, 0x00
	.byte 0x76, 0x00, 0x00, 0x00, 0x6D, 0x06, 0x00, 0x00, 0x2F, 0x00, 0x00, 0x00, 0x46, 0x00, 0x00, 0x00
	.byte 0xD1, 0x03, 0x00, 0x00, 0x2F, 0x00, 0x00, 0x00, 0x4B, 0x00, 0x00, 0x00, 0x61, 0x0B, 0x00, 0x00
	.byte 0x2F, 0x00, 0x00, 0x00, 0x4E, 0x00, 0x00, 0x00, 0xD6, 0x06, 0x00, 0x00, 0x2F, 0x00, 0x00, 0x00
	.byte 0x4F, 0x00, 0x00, 0x00, 0xE7, 0x06, 0x00, 0x00, 0x2F, 0x00, 0x00, 0x00, 0x50, 0x00, 0x00, 0x00
	.byte 0x3B, 0x07, 0x00, 0x00, 0x2F, 0x00, 0x00, 0x00, 0x54, 0x00, 0x00, 0x00, 0xA0, 0x05, 0x00, 0x00
	.byte 0x2F, 0x00, 0x00, 0x00, 0x56, 0x00, 0x00, 0x00, 0x5A, 0x07, 0x00, 0x00, 0x2F, 0x00, 0x00, 0x00
	.byte 0x59, 0x00, 0x00, 0x00, 0x6A, 0x07, 0x00, 0x00, 0x2F, 0x00, 0x00, 0x00, 0x5A, 0x00, 0x00, 0x00
	.byte 0xC8, 0x07, 0x00, 0x00, 0x2F, 0x00, 0x00, 0x00, 0x5B, 0x00, 0x00, 0x00, 0x2F, 0x08, 0x00, 0x00
	.byte 0x2F, 0x00, 0x00, 0x00, 0x5C, 0x00, 0x00, 0x00, 0x46, 0x08, 0x00, 0x00, 0x2F, 0x00, 0x00, 0x00
	.byte 0x5E, 0x00, 0x00, 0x00, 0x46, 0x08, 0x00, 0x00, 0x2F, 0x00, 0x00, 0x00, 0x61, 0x00, 0x00, 0x00
	.byte 0x49, 0x08, 0x00, 0x00, 0x2F, 0x00, 0x00, 0x00, 0x62, 0x00, 0x00, 0x00, 0x4D, 0x08, 0x00, 0x00
	.byte 0x2F, 0x00, 0x00, 0x00, 0x63, 0x00, 0x00, 0x00, 0x6B, 0x08, 0x00, 0x00, 0x2F, 0x00, 0x00, 0x00
	.byte 0x66, 0x00, 0x00, 0x00, 0x8F, 0x08, 0x00, 0x00, 0x2F, 0x00, 0x00, 0x00, 0x69, 0x00, 0x00, 0x00
	.byte 0x97, 0x08, 0x00, 0x00, 0x2F, 0x00, 0x00, 0x00, 0x6A, 0x00, 0x00, 0x00, 0x07, 0x06, 0x00, 0x00
	.byte 0x2F, 0x00, 0x00, 0x00, 0x6C, 0x00, 0x00, 0x00, 0xD8, 0x02, 0x00, 0x00, 0x2F, 0x00, 0x00, 0x00
	.byte 0x6D, 0x00, 0x00, 0x00, 0xB7, 0x08, 0x00, 0x00, 0x2F, 0x00, 0x00, 0x00, 0x6F, 0x00, 0x00, 0x00
	.byte 0xF4, 0x08, 0x00, 0x00, 0x2F, 0x00, 0x00, 0x00, 0x70, 0x00, 0x00, 0x00, 0x66, 0x09, 0x00, 0x00
	.byte 0x2F, 0x00, 0x00, 0x00, 0x71, 0x00, 0x00, 0x00, 0x78, 0x09, 0x00, 0x00, 0x2F, 0x00, 0x00, 0x00
	.byte 0x74, 0x00, 0x00, 0x00, 0x91, 0x09, 0x00, 0x00, 0x2F, 0x00, 0x00, 0x00, 0x7F, 0x00, 0x00, 0x00
	.byte 0xA0, 0x09, 0x00, 0x00, 0x2F, 0x00, 0x00, 0x00, 0x80, 0x00, 0x00, 0x00, 0xF7, 0x09, 0x00, 0x00
	.byte 0x2F, 0x00, 0x00, 0x00, 0x84, 0x00, 0x00, 0x00, 0x21, 0x05, 0x00, 0x00, 0x2F, 0x00, 0x00, 0x00
	.byte 0x85, 0x00, 0x00, 0x00, 0x1E, 0x05, 0x00, 0x00, 0x2F, 0x00, 0x00, 0x00, 0x86, 0x00, 0x00, 0x00
	.byte 0x1B, 0x05, 0x00, 0x00, 0x2F, 0x00, 0x00, 0x00, 0x88, 0x00, 0x00, 0x00, 0x15, 0x0A, 0x00, 0x00
	.byte 0x2F, 0x00, 0x00, 0x00, 0x89, 0x00, 0x00, 0x00, 0x3D, 0x0A, 0x00, 0x00, 0x2F, 0x00, 0x00, 0x00
	.byte 0x8E, 0x00, 0x00, 0x00, 0x5D, 0x0A, 0x00, 0x00, 0x2F, 0x00, 0x00, 0x00, 0x8F, 0x00, 0x00, 0x00
	.byte 0x63, 0x0A, 0x00, 0x00, 0x2F, 0x00, 0x00, 0x00, 0x90, 0x00, 0x00, 0x00, 0xA1, 0x0A, 0x00, 0x00
	.byte 0x2F, 0x00, 0x00, 0x00, 0x91, 0x00, 0x00, 0x00, 0xFE, 0x0A, 0x00, 0x00, 0x2F, 0x00, 0x00, 0x00
	.byte 0x97, 0x00, 0x00, 0x00, 0xFB, 0x0A, 0x00, 0x00, 0x2F, 0x00, 0x00, 0x00, 0x97, 0x00, 0x00, 0x00
	.byte 0x27, 0x0B, 0x00, 0x00, 0x2F, 0x00, 0x00, 0x00, 0x9B, 0x00, 0x00, 0x00, 0x3E, 0x0B, 0x00, 0x00
	.byte 0x2F, 0x00, 0x00, 0x00, 0x9D, 0x00, 0x00, 0x00, 0x0B, 0x05, 0x00, 0x00, 0x2F, 0x00, 0x00, 0x00
	.byte 0x9E, 0x00, 0x00, 0x00, 0x9C, 0x0B, 0x00, 0x00, 0x2F, 0x00, 0x00, 0x00, 0xA1, 0x00, 0x00, 0x00
	.byte 0x9C, 0x0B, 0x00, 0x00, 0x2F, 0x00, 0x00, 0x00, 0xA2, 0x00, 0x00, 0x00, 0x02, 0x05, 0x00, 0x00
	.byte 0x2F, 0x00, 0x00, 0x00, 0xA4, 0x00, 0x00, 0x00, 0xA1, 0x0B, 0x00, 0x00, 0x2F, 0x00, 0x00, 0x00
	.byte 0xA6, 0x00, 0x00, 0x00, 0xED, 0x05, 0x00, 0x00, 0x2F, 0x00, 0x00, 0x00, 0xA8, 0x00, 0x00, 0x00
	.byte 0x12, 0x01, 0x00, 0x00, 0x2F, 0x00, 0x00, 0x00, 0xA9, 0x00, 0x00, 0x00, 0xBC, 0x0B, 0x00, 0x00
	.byte 0x2F, 0x00, 0x00, 0x00, 0xAA, 0x00, 0x00, 0x00, 0xC0, 0x0B, 0x00, 0x00, 0x2F, 0x00, 0x00, 0x00
	.byte 0xAB, 0x00, 0x00, 0x00, 0xEC, 0x0B, 0x00, 0x00, 0x2F, 0x00, 0x00, 0x00, 0xB1, 0x00, 0x00, 0x00
	.byte 0xF2, 0x0B, 0x00, 0x00, 0x2F, 0x00, 0x00, 0x00, 0xB2, 0x00, 0x00, 0x00, 0x21, 0x0D, 0x00, 0x00
	.byte 0x2F, 0x00, 0x00, 0x00, 0xB5, 0x00, 0x00, 0x00, 0x4C, 0x0D, 0x00, 0x00, 0x2F, 0x00, 0x00, 0x00
	.byte 0xB6, 0x00, 0x00, 0x00, 0x4A, 0x0D, 0x00, 0x00, 0x2F, 0x00, 0x00, 0x00, 0xB7, 0x00, 0x00, 0x00
	.byte 0x65, 0x0D, 0x00, 0x00, 0x2F, 0x00, 0x00, 0x00, 0xB8, 0x00, 0x00, 0x00, 0x80, 0x0D, 0x00, 0x00
	.byte 0x2F, 0x00, 0x00, 0x00, 0xB9, 0x00, 0x00, 0x00, 0x90, 0x0D, 0x00, 0x00, 0x2F, 0x00, 0x00, 0x00
	.byte 0xBA, 0x00, 0x00, 0x00, 0xA3, 0x0D, 0x00, 0x00, 0x2F, 0x00, 0x00, 0x00, 0xBC, 0x00, 0x00, 0x00
	.byte 0xAD, 0x0D, 0x00, 0x00, 0x2F, 0x00, 0x00, 0x00, 0xBD, 0x00, 0x00, 0x00, 0xB9, 0x0D, 0x00, 0x00
	.byte 0x2F, 0x00, 0x00, 0x00, 0xBE, 0x00, 0x00, 0x00, 0xD0, 0x0D, 0x00, 0x00, 0x2F, 0x00, 0x00, 0x00
	.byte 0xBF, 0x00, 0x00, 0x00, 0x03, 0x0D, 0x00, 0x00, 0x2F, 0x00, 0x00, 0x00, 0xC0, 0x00, 0x00, 0x00
	.byte 0xE3, 0x0D, 0x00, 0x00, 0x2F, 0x00, 0x00, 0x00, 0xC1, 0x00, 0x00, 0x00, 0xEB, 0x0D, 0x00, 0x00
	.byte 0x2F, 0x00, 0x00, 0x00, 0xC3, 0x00, 0x00, 0x00, 0xF1, 0x0D, 0x00, 0x00, 0x2F, 0x00, 0x00, 0x00
	.byte 0xC6, 0x00, 0x00, 0x00, 0x03, 0x15, 0x00, 0x00, 0x2F, 0x00, 0x00, 0x00, 0xC8, 0x00, 0x00, 0x00
	.byte 0x92, 0x05, 0x00, 0x00, 0x2F, 0x00, 0x00, 0x00, 0xC9, 0x00, 0x00, 0x00, 0x22, 0x0E, 0x00, 0x00
	.byte 0x2F, 0x00, 0x00, 0x00, 0xCC, 0x00, 0x00, 0x00, 0x36, 0x0E, 0x00, 0x00, 0x2F, 0x00, 0x00, 0x00
	.byte 0xCD, 0x00, 0x00, 0x00, 0xF3, 0x02, 0x00, 0x00, 0x2F, 0x00, 0x00, 0x00, 0xCE, 0x00, 0x00, 0x00
	.byte 0xF4, 0x01, 0x00, 0x00, 0x2F, 0x00, 0x00, 0x00, 0xD0, 0x00, 0x00, 0x00, 0x84, 0x01, 0x00, 0x00
	.byte 0x2F, 0x00, 0x00, 0x00, 0xD1, 0x00, 0x00, 0x00, 0x80, 0x05, 0x00, 0x00, 0x2F, 0x00, 0x00, 0x00
	.byte 0xD2, 0x00, 0x00, 0x00, 0x40, 0x0E, 0x00, 0x00, 0x2F, 0x00, 0x00, 0x00, 0xD3, 0x00, 0x00, 0x00
	.byte 0xE8, 0x01, 0x00, 0x00, 0x2F, 0x00, 0x00, 0x00, 0xD4, 0x00, 0x00, 0x00, 0x51, 0x0E, 0x00, 0x00
	.byte 0x2F, 0x00, 0x00, 0x00, 0xD6, 0x00, 0x00, 0x00, 0x9F, 0x04, 0x00, 0x00, 0x2F, 0x00, 0x00, 0x00
	.byte 0xD7, 0x00, 0x00, 0x00, 0x5F, 0x0E, 0x00, 0x00, 0x2F, 0x00, 0x00, 0x00, 0xD8, 0x00, 0x00, 0x00
	.byte 0x7E, 0x0E, 0x00, 0x00, 0x2F, 0x00, 0x00, 0x00, 0xD9, 0x00, 0x00, 0x00, 0x96, 0x0E, 0x00, 0x00
	.byte 0x2F, 0x00, 0x00, 0x00, 0xDA, 0x00, 0x00, 0x00, 0xA9, 0x0E, 0x00, 0x00, 0x2F, 0x00, 0x00, 0x00
	.byte 0xDB, 0x00, 0x00, 0x00, 0xBA, 0x0E, 0x00, 0x00, 0x2F, 0x00, 0x00, 0x00, 0xDC, 0x00, 0x00, 0x00
	.byte 0xE6, 0x14, 0x00, 0x00, 0x2F, 0x00, 0x00, 0x00, 0xDD, 0x00, 0x00, 0x00, 0xB5, 0x0E, 0x00, 0x00
	.byte 0x2F, 0x00, 0x00, 0x00, 0xDF, 0x00, 0x00, 0x00, 0xCB, 0x0E, 0x00, 0x00, 0x2F, 0x00, 0x00, 0x00
	.byte 0xE0, 0x00, 0x00, 0x00, 0x16, 0x0F, 0x00, 0x00, 0x2F, 0x00, 0x00, 0x00, 0xE1, 0x00, 0x00, 0x00
	.byte 0x30, 0x0F, 0x00, 0x00, 0x2F, 0x00, 0x00, 0x00, 0xE2, 0x00, 0x00, 0x00, 0x45, 0x0F, 0x00, 0x00
	.byte 0x2F, 0x00, 0x00, 0x00, 0xE3, 0x00, 0x00, 0x00, 0x57, 0x0F, 0x00, 0x00, 0x2F, 0x00, 0x00, 0x00
	.byte 0xE4, 0x00, 0x00, 0x00, 0x9C, 0x0F, 0x00, 0x00, 0x2F, 0x00, 0x00, 0x00, 0xE5, 0x00, 0x00, 0x00
	.byte 0xDE, 0x0F, 0x00, 0x00, 0x2F, 0x00, 0x00, 0x00, 0xE6, 0x00, 0x00, 0x00, 0xF4, 0x0F, 0x00, 0x00
	.byte 0x2F, 0x00, 0x00, 0x00, 0xE7, 0x00, 0x00, 0x00, 0x0A, 0x10, 0x00, 0x00, 0x2F, 0x00, 0x00, 0x00
	.byte 0xE8, 0x00, 0x00, 0x00, 0x2F, 0x10, 0x00, 0x00, 0x2F, 0x00, 0x00, 0x00, 0xE9, 0x00, 0x00, 0x00
	.byte 0x32, 0x10, 0x00, 0x00, 0x2F, 0x00, 0x00, 0x00, 0xEA, 0x00, 0x00, 0x00, 0x72, 0x10, 0x00, 0x00
	.byte 0x2F, 0x00, 0x00, 0x00, 0xEB, 0x00, 0x00, 0x00, 0x7D, 0x10, 0x00, 0x00, 0x2F, 0x00, 0x00, 0x00
	.byte 0xEC, 0x00, 0x00, 0x00, 0xBD, 0x10, 0x00, 0x00, 0x2F, 0x00, 0x00, 0x00, 0xED, 0x00, 0x00, 0x00
	.byte 0x05, 0x11, 0x00, 0x00, 0x2F, 0x00, 0x00, 0x00, 0xEE, 0x00, 0x00, 0x00, 0x2A, 0x11, 0x00, 0x00
	.byte 0x2F, 0x00, 0x00, 0x00, 0xEF, 0x00, 0x00, 0x00, 0x4B, 0x11, 0x00, 0x00, 0x2F, 0x00, 0x00, 0x00
	.byte 0xF0, 0x00, 0x00, 0x00, 0x63, 0x11, 0x00, 0x00, 0x2F, 0x00, 0x00, 0x00, 0xF1, 0x00, 0x00, 0x00
	.byte 0x7C, 0x11, 0x00, 0x00, 0x2F, 0x00, 0x00, 0x00, 0xF2, 0x00, 0x00, 0x00, 0x9A, 0x11, 0x00, 0x00
	.byte 0x2F, 0x00, 0x00, 0x00, 0xF3, 0x00, 0x00, 0x00, 0xF0, 0x11, 0x00, 0x00, 0x2F, 0x00, 0x00, 0x00
	.byte 0xF4, 0x00, 0x00, 0x00, 0x5A, 0x12, 0x00, 0x00, 0x2F, 0x00, 0x00, 0x00, 0xF5, 0x00, 0x00, 0x00
	.byte 0xC4, 0x12, 0x00, 0x00, 0x2F, 0x00, 0x00, 0x00, 0xF6, 0x00, 0x00, 0x00, 0xF2, 0x12, 0x00, 0x00
	.byte 0x2F, 0x00, 0x00, 0x00, 0xF7, 0x00, 0x00, 0x00, 0x04, 0x13, 0x00, 0x00, 0x2F, 0x00, 0x00, 0x00
	.byte 0xF8, 0x00, 0x00, 0x00, 0x18, 0x13, 0x00, 0x00, 0x2F, 0x00, 0x00, 0x00, 0xF9, 0x00, 0x00, 0x00
	.byte 0x28, 0x13, 0x00, 0x00, 0x2F, 0x00, 0x00, 0x00, 0xFA, 0x00, 0x00, 0x00, 0x3A, 0x13, 0x00, 0x00
	.byte 0x2F, 0x00, 0x00, 0x00, 0xFB, 0x00, 0x00, 0x00, 0x80, 0x13, 0x00, 0x00, 0x2F, 0x00, 0x00, 0x00
	.byte 0xFC, 0x00, 0x00, 0x00, 0x87, 0x13, 0x00, 0x00, 0x2F, 0x00, 0x00, 0x00, 0xFD, 0x00, 0x00, 0x00
	.byte 0x70, 0x14, 0x00, 0x00, 0x2F, 0x00, 0x00, 0x00, 0xFF, 0x00, 0x00, 0x00, 0x5A, 0x0A, 0x00, 0x00
	.byte 0x2F, 0x00, 0x00, 0x00, 0x00, 0x01, 0x00, 0x00, 0x57, 0x0A, 0x00, 0x00, 0x2F, 0x00, 0x00, 0x00
	.byte 0x02, 0x01, 0x00, 0x00, 0xA3, 0x13, 0x00, 0x00, 0x2F, 0x00, 0x00, 0x00, 0x03, 0x01, 0x00, 0x00
	.byte 0xF4, 0x13, 0x00, 0x00, 0x2F, 0x00, 0x00, 0x00, 0x04, 0x01, 0x00, 0x00, 0x0B, 0x14, 0x00, 0x00
	.byte 0x2F, 0x00, 0x00, 0x00, 0x06, 0x01, 0x00, 0x00, 0x5E, 0x14, 0x00, 0x00, 0x2F, 0x00, 0x00, 0x00
	.byte 0x07, 0x01, 0x00, 0x00, 0x48, 0x0A, 0x00, 0x00, 0x2F, 0x00, 0x00, 0x00, 0x09, 0x01, 0x00, 0x00
	.byte 0x1A, 0x14, 0x00, 0x00, 0x2F, 0x00, 0x00, 0x00, 0x0A, 0x01, 0x00, 0x00, 0x3E, 0x14, 0x00, 0x00
	.byte 0x2F, 0x00, 0x00, 0x00, 0x0D, 0x01, 0x00, 0x00, 0x52, 0x14, 0x00, 0x00, 0x2F, 0x00, 0x00, 0x00
	.byte 0x0E, 0x01, 0x00, 0x00, 0x65, 0x14, 0x00, 0x00, 0x2F, 0x00, 0x00, 0x00, 0x10, 0x01, 0x00, 0x00
	.byte 0x45, 0x0A, 0x00, 0x00, 0x4D, 0x00, 0x00, 0x00, 0x39, 0x00, 0x00, 0x00, 0x01, 0x00, 0x00, 0x00
	.byte 0x08, 0x00, 0x00, 0x00, 0x06, 0x00, 0x00, 0x00, 0x39, 0x00, 0x00, 0x00, 0x01, 0x00, 0x00, 0x00
	.byte 0x6B, 0x00, 0x00, 0x00, 0x02, 0x00, 0x00, 0x00, 0x4C, 0x00, 0x00, 0x00, 0x05, 0x00, 0x00, 0x00
	.byte 0x00, 0x00, 0x00, 0x00, 0x80, 0x00, 0x00, 0x00, 0x02, 0x00, 0x00, 0x00, 0x04, 0x00, 0x00, 0x00
	.byte 0x01, 0x00, 0x00, 0x00, 0x4D, 0x00, 0x00, 0x00, 0x2B, 0x00, 0x00, 0x00, 0x00, 0x00, 0x00, 0x00
	.byte 0x08, 0x00, 0x00, 0x00, 0x2B, 0x00, 0x00, 0x00, 0x14, 0x00, 0x00, 0x00, 0x05, 0x00, 0x00, 0x00
	.byte 0x2B, 0x00, 0x00, 0x00, 0x0A, 0x00, 0x00, 0x00, 0x02, 0x00, 0x00, 0x00, 0x4C, 0x00, 0x00, 0x00
	.byte 0x05, 0x00, 0x00, 0x00, 0x00, 0x00, 0x00, 0x00, 0x32, 0x00, 0x00, 0x00, 0x02, 0x00, 0x00, 0x00
	.byte 0x04, 0x00, 0x00, 0x00, 0xFD, 0xFF, 0xFF, 0xFF, 0x4D, 0x00, 0x00, 0x00, 0x31, 0x00, 0x00, 0x00
	.byte 0x00, 0x00, 0x00, 0x00, 0x07, 0x00, 0x00, 0x00, 0x07, 0x00, 0x00, 0x00, 0x0C, 0x00, 0x00, 0x00
	.byte 0x04, 0x00, 0x00, 0x00, 0xFF, 0xFF, 0xFF, 0xFF, 0x31, 0x00, 0x00, 0x00, 0x00, 0x00, 0x00, 0x00
	.byte 0x07, 0x00, 0x00, 0x00, 0x0A, 0x00, 0x00, 0x00, 0x05, 0x00, 0x00, 0x00, 0x00, 0x00, 0x00, 0x00
	.byte 0x80, 0x00, 0x00, 0x00, 0x02, 0x00, 0x00, 0x00, 0x04, 0x00, 0x00, 0x00, 0xFF, 0xFF, 0xFF, 0xFF
	.byte 0x05, 0x00, 0x00, 0x00, 0x01, 0x00, 0x00, 0x00, 0x50, 0x00, 0x00, 0x00, 0x08, 0x00, 0x00, 0x00
	.byte 0x24, 0x00, 0x00, 0x00, 0x01, 0x00, 0x00, 0x00, 0x05, 0x00, 0x00, 0x00, 0x00, 0x00, 0x00, 0x00
	.byte 0x32, 0x00, 0x00, 0x00, 0x1B, 0x00, 0x00, 0x00, 0x4C, 0x00, 0x00, 0x00, 0x85, 0xFD, 0xFF, 0xFF
	.byte 0x06, 0x00, 0x00, 0x00, 0x01, 0x00, 0x00, 0x00, 0x32, 0x00, 0x00, 0x00, 0x10, 0x00, 0x00, 0x00
	.byte 0x00, 0x00, 0x00, 0x00, 0x80, 0x00, 0x00, 0x00, 0x02, 0x00, 0x00, 0x00, 0x04, 0x00, 0x00, 0x00
	.byte 0x01, 0x00, 0x00, 0x00, 0x06, 0x00, 0x00, 0x00, 0x01, 0x00, 0x00, 0x00, 0x1E, 0x00, 0x00, 0x00
	.byte 0x0C, 0x00, 0x00, 0x00, 0x00, 0x00, 0x00, 0x00, 0x32, 0x00, 0x00, 0x00, 0x09, 0x00, 0x00, 0x00
	.byte 0x04, 0x00, 0x00, 0x00, 0x01, 0x00, 0x00, 0x00, 0x4C, 0x00, 0x00, 0x00, 0x05, 0x00, 0x00, 0x00
	.byte 0x00, 0x00, 0x00, 0x00, 0x32, 0x00, 0x00, 0x00, 0x02, 0x00, 0x00, 0x00, 0x04, 0x00, 0x00, 0x00
	.byte 0xFF, 0xFF, 0xFF, 0xFF, 0x4D, 0x00, 0x00, 0x00, 0x2B, 0x00, 0x00, 0x00, 0x00, 0x00, 0x00, 0x00
	.byte 0x13, 0x00, 0x00, 0x00, 0x2B, 0x00, 0x00, 0x00, 0x0A, 0x00, 0x00, 0x00, 0x10, 0x00, 0x00, 0x00
	.byte 0x2B, 0x00, 0x00, 0x00, 0x14, 0x00, 0x00, 0x00, 0x0D, 0x00, 0x00, 0x00, 0x09, 0x00, 0x00, 0x00
	.byte 0x00, 0x00, 0x00, 0x00, 0x07, 0x00, 0x00, 0x00, 0x02, 0x00, 0x00, 0x00, 0x4C, 0x00, 0x00, 0x00
	.byte 0x09, 0x00, 0x00, 0x00, 0x00, 0x00, 0x00, 0x00, 0x33, 0x00, 0x00, 0x00, 0x06, 0x00, 0x00, 0x00
	.byte 0x04, 0x00, 0x00, 0x00, 0x03, 0x00, 0x00, 0x00, 0x4C, 0x00, 0x00, 0x00, 0x02, 0x00, 0x00, 0x00
	.byte 0x04, 0x00, 0x00, 0x00, 0xFF, 0xFF, 0xFF, 0xFF, 0x4D, 0x00, 0x00, 0x00, 0x24, 0x00, 0x00, 0x00
	.byte 0x01, 0x00, 0x00, 0x00, 0x0C, 0x00, 0x00, 0x00, 0x21, 0x00, 0x00, 0x00, 0x00, 0x00, 0x00, 0x00
	.byte 0x1A, 0x00, 0x00, 0x00, 0x12, 0x00, 0x00, 0x00, 0x07, 0x00, 0x00, 0x00, 0x00, 0x00, 0x00, 0x00
	.byte 0x80, 0x00, 0x00, 0x00, 0x0E, 0x00, 0x00, 0x00, 0x04, 0x00, 0x00, 0x00, 0x02, 0x00, 0x00, 0x00
	.byte 0x4C, 0x00, 0x00, 0x00, 0x0A, 0x00, 0x00, 0x00, 0x21, 0x00, 0x00, 0x00, 0x00, 0x00, 0x00, 0x00
	.byte 0x19, 0x00, 0x00, 0x00, 0x06, 0x00, 0x00, 0x00, 0x05, 0x00, 0x00, 0x00, 0x00, 0x00, 0x00, 0x00
	.byte 0x50, 0x00, 0x00, 0x00, 0x02, 0x00, 0x00, 0x00, 0x04, 0x00, 0x00, 0x00, 0xFF, 0xFF, 0xFF, 0xFF
	.byte 0x4D, 0x00, 0x00, 0x00, 0x4F, 0x00, 0x00, 0x00, 0x8E, 0x00, 0x00, 0x00, 0x93, 0x00, 0x00, 0x00
	.byte 0x5F, 0x00, 0x00, 0x00, 0x2F, 0x00, 0x00, 0x00, 0x40, 0x01, 0x00, 0x00, 0x45, 0x01, 0x00, 0x00
	.byte 0x1C, 0x00, 0x00, 0x00, 0x6C, 0x00, 0x00, 0x00, 0x5C, 0x00, 0x00, 0x00, 0x0C, 0x00, 0x00, 0x00
	.byte 0x20, 0x00, 0x00, 0x00, 0x5A, 0x00, 0x00, 0x00, 0x49, 0x01, 0x00, 0x00, 0xEE, 0x00, 0x00, 0x00
	.byte 0xB1, 0x00, 0x00, 0x00, 0x6D, 0x00, 0x00, 0x00, 0xBA, 0x00, 0x00, 0x00, 0x67, 0x00, 0x00, 0x00
	.byte 0xB2, 0x00, 0x00, 0x00, 0xB8, 0x00, 0x00, 0x00, 0x39, 0x01, 0x00, 0x00, 0x3F, 0x01, 0x00, 0x00
	.byte 0x56, 0x00, 0x00, 0x00, 0x89, 0x00, 0x00, 0x00, 0x4D, 0x00, 0x00, 0x00, 0xF7, 0x00, 0x00, 0x00
	.byte 0xDF, 0x00, 0x00, 0x00, 0x3F, 0x00, 0x00, 0x00, 0xF5, 0x00, 0x00, 0x00, 0xA8, 0x00, 0x00, 0x00
	.byte 0x57, 0x01, 0x00, 0x00, 0xD5, 0x00, 0x00, 0x00, 0xCF, 0x00, 0x00, 0x00, 0x03, 0x01, 0x00, 0x00
	.byte 0x04, 0x01, 0x00, 0x00, 0x0F, 0x01, 0x00, 0x00, 0x14, 0x01, 0x00, 0x00, 0x1D, 0x01, 0x00, 0x00
	.byte 0x77, 0x01, 0x00, 0x00, 0x80, 0x01, 0x00, 0x00, 0x81, 0x01, 0x00, 0x00, 0x85, 0x01, 0x00, 0x00
	.byte 0x87, 0x01, 0x00, 0x00, 0x9F, 0x01, 0x00, 0x00, 0xBD, 0x01, 0x00, 0x00, 0xD0, 0x01, 0x00, 0x00
	.byte 0xFF, 0xFF, 0xFF, 0xFF, 0x31, 0x00, 0x00, 0x00, 0x01, 0x00, 0x00, 0x00, 0x01, 0x00, 0x00, 0x00
	.byte 0x09, 0x00, 0x00, 0x00, 0x07, 0x00, 0x00, 0x00, 0x00, 0x00, 0x00, 0x00, 0x64, 0x00, 0x00, 0x00
	.byte 0x0D, 0x00, 0x00, 0x00, 0x04, 0x00, 0x00, 0x00, 0xFF, 0xFF, 0xFF, 0xFF, 0x4C, 0x00, 0x00, 0x00
	.byte 0x09, 0x00, 0x00, 0x00, 0x08, 0x00, 0x00, 0x00, 0x01, 0x00, 0x00, 0x00, 0x64, 0x00, 0x00, 0x00
	.byte 0x05, 0x00, 0x00, 0x00, 0x00, 0x00, 0x00, 0x00, 0x80, 0x00, 0x00, 0x00, 0x02, 0x00, 0x00, 0x00
	.byte 0x04, 0x00, 0x00, 0x00, 0x02, 0x00, 0x00, 0x00, 0x06, 0x00, 0x00, 0x00, 0x01, 0x00, 0x00, 0x00
	.byte 0x46, 0x00, 0x00, 0x00, 0x09, 0x00, 0x00, 0x00, 0x05, 0x00, 0x00, 0x00, 0x01, 0x00, 0x00, 0x00
	.byte 0x28, 0x00, 0x00, 0x00, 0x03, 0x00, 0x00, 0x00, 0x00, 0x00, 0x00, 0x00, 0x28, 0x00, 0x00, 0x00
	.byte 0x02, 0x00, 0x00, 0x00, 0x04, 0x00, 0x00, 0x00, 0xFE, 0xFF, 0xFF, 0xFF, 0x4D, 0x00, 0x00, 0x00
	.byte 0x31, 0x00, 0x00, 0x00, 0x01, 0x00, 0x00, 0x00, 0x02, 0x00, 0x00, 0x00, 0x09, 0x00, 0x00, 0x00
	.byte 0x07, 0x00, 0x00, 0x00, 0x00, 0x00, 0x00, 0x00, 0x64, 0x00, 0x00, 0x00, 0x0D, 0x00, 0x00, 0x00
	.byte 0x04, 0x00, 0x00, 0x00, 0xFF, 0xFF, 0xFF, 0xFF, 0x4C, 0x00, 0x00, 0x00, 0x09, 0x00, 0x00, 0x00
	.byte 0x08, 0x00, 0x00, 0x00, 0x01, 0x00, 0x00, 0x00, 0x64, 0x00, 0x00, 0x00, 0x05, 0x00, 0x00, 0x00
	.byte 0x00, 0x00, 0x00, 0x00, 0x80, 0x00, 0x00, 0x00, 0x02, 0x00, 0x00, 0x00, 0x04, 0x00, 0x00, 0x00
	.byte 0x02, 0x00, 0x00, 0x00, 0x05, 0x00, 0x00, 0x00, 0x01, 0x00, 0x00, 0x00, 0x46, 0x00, 0x00, 0x00
	.byte 0x03, 0x00, 0x00, 0x00, 0x00, 0x00, 0x00, 0x00, 0xC8, 0x00, 0x00, 0x00, 0x16, 0x00, 0x00, 0x00
	.byte 0x05, 0x00, 0x00, 0x00, 0x01, 0x00, 0x00, 0x00, 0x28, 0x00, 0x00, 0x00, 0x10, 0x00, 0x00, 0x00
	.byte 0x21, 0x00, 0x00, 0x00, 0x00, 0x00, 0x00, 0x00, 0x48, 0x00, 0x00, 0x00, 0x13, 0x00, 0x00, 0x00
	.byte 0x00, 0x00, 0x00, 0x00, 0x07, 0x00, 0x00, 0x00, 0x5E, 0x00, 0x00, 0x00, 0x13, 0x00, 0x00, 0x00
	.byte 0x01, 0x00, 0x00, 0x00, 0x06, 0x00, 0x00, 0x00, 0x00, 0x00, 0x00, 0x00, 0x3C, 0x00, 0x00, 0x00
	.byte 0x05, 0x00, 0x00, 0x00, 0x00, 0x00, 0x00, 0x00, 0x3C, 0x00, 0x00, 0x00, 0x02, 0x00, 0x00, 0x00
	.byte 0x04, 0x00, 0x00, 0x00, 0xFE, 0xFF, 0xFF, 0xFF, 0x4D, 0x00, 0x00, 0x00, 0x00, 0x00, 0x00, 0x00
	.byte 0x01, 0x00, 0x00, 0x00, 0x03, 0x00, 0x00, 0x00, 0x04, 0x00, 0x00, 0x00, 0x02, 0x00, 0x00, 0x00
	.byte 0x05, 0x00, 0x00, 0x00, 0x06, 0x00, 0x00, 0x00, 0x07, 0x00, 0x00, 0x00, 0x08, 0x00, 0x00, 0x00
	.byte 0xFF, 0xFF, 0xFF, 0xFF, 0x24, 0x00, 0x00, 0x00, 0x01, 0x00, 0x00, 0x00, 0x04, 0x00, 0x00, 0x00
	.byte 0x04, 0x00, 0x00, 0x00, 0xFD, 0xFF, 0xFF, 0xFF, 0x4C, 0x00, 0x00, 0x00, 0x05, 0x00, 0x00, 0x00
	.byte 0x00, 0x00, 0x00, 0x00, 0x46, 0x00, 0x00, 0x00, 0x02, 0x00, 0x00, 0x00, 0x04, 0x00, 0x00, 0x00
	.byte 0x03, 0x00, 0x00, 0x00, 0x4D, 0x00, 0x00, 0x00, 0x31, 0x00, 0x00, 0x00, 0x01, 0x00, 0x00, 0x00
	.byte 0x04, 0x00, 0x00, 0x00, 0x09, 0x00, 0x00, 0x00, 0x07, 0x00, 0x00, 0x00, 0x00, 0x00, 0x00, 0x00
	.byte 0x64, 0x00, 0x00, 0x00, 0x0D, 0x00, 0x00, 0x00, 0x04, 0x00, 0x00, 0x00, 0xFF, 0xFF, 0xFF, 0xFF
	.byte 0x4C, 0x00, 0x00, 0x00, 0x09, 0x00, 0x00, 0x00, 0x08, 0x00, 0x00, 0x00, 0x01, 0x00, 0x00, 0x00
	.byte 0x64, 0x00, 0x00, 0x00, 0x05, 0x00, 0x00, 0x00, 0x00, 0x00, 0x00, 0x00, 0x80, 0x00, 0x00, 0x00
	.byte 0x02, 0x00, 0x00, 0x00, 0x04, 0x00, 0x00, 0x00, 0x02, 0x00, 0x00, 0x00, 0x06, 0x00, 0x00, 0x00
	.byte 0x01, 0x00, 0x00, 0x00, 0x46, 0x00, 0x00, 0x00, 0x09, 0x00, 0x00, 0x00, 0x05, 0x00, 0x00, 0x00
	.byte 0x01, 0x00, 0x00, 0x00, 0x28, 0x00, 0x00, 0x00, 0x03, 0x00, 0x00, 0x00, 0x00, 0x00, 0x00, 0x00
	.byte 0x46, 0x00, 0x00, 0x00, 0x02, 0x00, 0x00, 0x00, 0x04, 0x00, 0x00, 0x00, 0xFE, 0xFF, 0xFF, 0xFF
	.byte 0x4D, 0x00, 0x00, 0x00, 0x31, 0x00, 0x00, 0x00, 0x01, 0x00, 0x00, 0x00, 0x05, 0x00, 0x00, 0x00
	.byte 0x09, 0x00, 0x00, 0x00, 0x07, 0x00, 0x00, 0x00, 0x00, 0x00, 0x00, 0x00, 0x64, 0x00, 0x00, 0x00
	.byte 0x0D, 0x00, 0x00, 0x00, 0x04, 0x00, 0x00, 0x00, 0xFF, 0xFF, 0xFF, 0xFF, 0x4C, 0x00, 0x00, 0x00
	.byte 0x09, 0x00, 0x00, 0x00, 0x08, 0x00, 0x00, 0x00, 0x01, 0x00, 0x00, 0x00, 0x64, 0x00, 0x00, 0x00
	.byte 0x05, 0x00, 0x00, 0x00, 0x00, 0x00, 0x00, 0x00, 0x80, 0x00, 0x00, 0x00, 0x02, 0x00, 0x00, 0x00
	.byte 0x04, 0x00, 0x00, 0x00, 0x02, 0x00, 0x00, 0x00, 0x05, 0x00, 0x00, 0x00, 0x01, 0x00, 0x00, 0x00
	.byte 0x46, 0x00, 0x00, 0x00, 0x03, 0x00, 0x00, 0x00, 0x00, 0x00, 0x00, 0x00, 0xC8, 0x00, 0x00, 0x00
	.byte 0x16, 0x00, 0x00, 0x00, 0x05, 0x00, 0x00, 0x00, 0x01, 0x00, 0x00, 0x00, 0x28, 0x00, 0x00, 0x00
	.byte 0x10, 0x00, 0x00, 0x00, 0x21, 0x00, 0x00, 0x00, 0x00, 0x00, 0x00, 0x00, 0x48, 0x00, 0x00, 0x00
	.byte 0x13, 0x00, 0x00, 0x00, 0x00, 0x00, 0x00, 0x00, 0x07, 0x00, 0x00, 0x00, 0x5E, 0x00, 0x00, 0x00
	.byte 0x13, 0x00, 0x00, 0x00, 0x00, 0x00, 0x00, 0x00, 0x06, 0x00, 0x00, 0x00, 0x00, 0x00, 0x00, 0x00
	.byte 0x3C, 0x00, 0x00, 0x00, 0x05, 0x00, 0x00, 0x00, 0x00, 0x00, 0x00, 0x00, 0x3C, 0x00, 0x00, 0x00
	.byte 0x02, 0x00, 0x00, 0x00, 0x04, 0x00, 0x00, 0x00, 0xFE, 0xFF, 0xFF, 0xFF, 0x4D, 0x00, 0x00, 0x00
	.byte 0x00, 0x00, 0x00, 0x00, 0x01, 0x00, 0x00, 0x00, 0x03, 0x00, 0x00, 0x00, 0x04, 0x00, 0x00, 0x00
	.byte 0x02, 0x00, 0x00, 0x00, 0x05, 0x00, 0x00, 0x00, 0x06, 0x00, 0x00, 0x00, 0x07, 0x00, 0x00, 0x00
	.byte 0x08, 0x00, 0x00, 0x00, 0xFF, 0xFF, 0xFF, 0xFF, 0x31, 0x00, 0x00, 0x00, 0x01, 0x00, 0x00, 0x00
	.byte 0x06, 0x00, 0x00, 0x00, 0x09, 0x00, 0x00, 0x00, 0x05, 0x00, 0x00, 0x00, 0x00, 0x00, 0x00, 0x00
	.byte 0x32, 0x00, 0x00, 0x00, 0x02, 0x00, 0x00, 0x00, 0x04, 0x00, 0x00, 0x00, 0xFE, 0xFF, 0xFF, 0xFF
	.byte 0x06, 0x00, 0x00, 0x00, 0x01, 0x00, 0x00, 0x00, 0x46, 0x00, 0x00, 0x00, 0x02, 0x00, 0x00, 0x00
	.byte 0x04, 0x00, 0x00, 0x00, 0xFE, 0xFF, 0xFF, 0xFF, 0x4D, 0x00, 0x00, 0x00, 0x05, 0x00, 0x00, 0x00
	.byte 0x01, 0x00, 0x00, 0x00, 0x5A, 0x00, 0x00, 0x00, 0x05, 0x00, 0x00, 0x00, 0x00, 0x00, 0x00, 0x00
	.byte 0x64, 0x00, 0x00, 0x00, 0x02, 0x00, 0x00, 0x00, 0x04, 0x00, 0x00, 0x00, 0x03, 0x00, 0x00, 0x00
	.byte 0x31, 0x00, 0x00, 0x00, 0x01, 0x00, 0x00, 0x00, 0x07, 0x00, 0x00, 0x00, 0x09, 0x00, 0x00, 0x00
	.byte 0x05, 0x00, 0x00, 0x00, 0x00, 0x00, 0x00, 0x00, 0x80, 0x00, 0x00, 0x00, 0x02, 0x00, 0x00, 0x00
	.byte 0x04, 0x00, 0x00, 0x00, 0xFF, 0xFF, 0xFF, 0xFF, 0x0A, 0x00, 0x00, 0x00, 0x00, 0x00, 0x00, 0x00
	.byte 0x80, 0x00, 0x00, 0x00, 0x0C, 0x00, 0x00, 0x00, 0x06, 0x00, 0x00, 0x00, 0x01, 0x00, 0x00, 0x00
	.byte 0x32, 0x00, 0x00, 0x00, 0x03, 0x00, 0x00, 0x00, 0x00, 0x00, 0x00, 0x00, 0x50, 0x00, 0x00, 0x00
	.byte 0x05, 0x00, 0x00, 0x00, 0x00, 0x00, 0x00, 0x00, 0x32, 0x00, 0x00, 0x00, 0x02, 0x00, 0x00, 0x00
	.byte 0x04, 0x00, 0x00, 0x00, 0x03, 0x00, 0x00, 0x00, 0x0E, 0x00, 0x00, 0x00, 0x00, 0x00, 0x00, 0x00
	.byte 0x04, 0x00, 0x00, 0x00, 0x05, 0x00, 0x00, 0x00, 0x00, 0x00, 0x00, 0x00, 0x46, 0x00, 0x00, 0x00
	.byte 0x02, 0x00, 0x00, 0x00, 0x04, 0x00, 0x00, 0x00, 0x03, 0x00, 0x00, 0x00, 0x0E, 0x00, 0x00, 0x00
	.byte 0x01, 0x00, 0x00, 0x00, 0x00, 0x04, 0x00, 0x00, 0x07, 0x00, 0x00, 0x00, 0x00, 0x00, 0x00, 0x00
	.byte 0x80, 0x00, 0x00, 0x00, 0x0F, 0x00, 0x00, 0x00, 0x04, 0x00, 0x00, 0x00, 0x02, 0x00, 0x00, 0x00
	.byte 0x4C, 0x00, 0x00, 0x00, 0x0B, 0x00, 0x00, 0x00, 0x0E, 0x00, 0x00, 0x00, 0x01, 0x00, 0x00, 0x00
	.byte 0x00, 0x00, 0x00, 0x01, 0x07, 0x00, 0x00, 0x00, 0x00, 0x00, 0x00, 0x00, 0x80, 0x00, 0x00, 0x00
	.byte 0x04, 0x00, 0x00, 0x00, 0x04, 0x00, 0x00, 0x00, 0x02, 0x00, 0x00, 0x00, 0x4C, 0x00, 0x00, 0x00
	.byte 0x00, 0x00, 0x00, 0x00, 0x0C, 0x00, 0x00, 0x00, 0x00, 0x00, 0x00, 0x00, 0x00, 0x00, 0x00, 0x10
	.byte 0x05, 0x00, 0x00, 0x00, 0x00, 0x00, 0x00, 0x00, 0x46, 0x00, 0x00, 0x00, 0x02, 0x00, 0x00, 0x00
	.byte 0x04, 0x00, 0x00, 0x00, 0x03, 0x00, 0x00, 0x00, 0x06, 0x00, 0x00, 0x00, 0x01, 0x00, 0x00, 0x00
	.byte 0x46, 0x00, 0x00, 0x00, 0x12, 0x00, 0x00, 0x00, 0x33, 0x00, 0x00, 0x00, 0x01, 0x00, 0x00, 0x00
	.byte 0x07, 0x00, 0x00, 0x00, 0x06, 0x00, 0x00, 0x00, 0x0D, 0x00, 0x00, 0x00, 0x05, 0x00, 0x00, 0x00
	.byte 0x01, 0x00, 0x00, 0x00, 0x28, 0x00, 0x00, 0x00, 0x07, 0x00, 0x00, 0x00, 0x05, 0x00, 0x00, 0x00
	.byte 0x00, 0x00, 0x00, 0x00, 0x28, 0x00, 0x00, 0x00, 0x03, 0x00, 0x00, 0x00, 0x00, 0x00, 0x00, 0x00
	.byte 0x46, 0x00, 0x00, 0x00, 0x02, 0x00, 0x00, 0x00, 0x04, 0x00, 0x00, 0x00, 0xFE, 0xFF, 0xFF, 0xFF
	.byte 0x4D, 0x00, 0x00, 0x00, 0x32, 0x00, 0x00, 0x00, 0x00, 0x00, 0x00, 0x00, 0x07, 0x00, 0x00, 0x00
	.byte 0x0A, 0x00, 0x00, 0x00, 0x11, 0x00, 0x00, 0x00, 0x31, 0x00, 0x00, 0x00, 0x01, 0x00, 0x00, 0x00
	.byte 0x06, 0x00, 0x00, 0x00, 0x02, 0x00, 0x00, 0x00, 0x0C, 0x00, 0x00, 0x00, 0x32, 0x00, 0x00, 0x00
	.byte 0x00, 0x00, 0x00, 0x00, 0x07, 0x00, 0x00, 0x00, 0x08, 0x00, 0x00, 0x00, 0x09, 0x00, 0x00, 0x00
	.byte 0x31, 0x00, 0x00, 0x00, 0x01, 0x00, 0x00, 0x00, 0x06, 0x00, 0x00, 0x00, 0x04, 0x00, 0x00, 0x00
	.byte 0x04, 0x00, 0x00, 0x00, 0x4C, 0x00, 0x00, 0x00, 0x07, 0x00, 0x00, 0x00, 0x04, 0x00, 0x00, 0x00
	.byte 0x01, 0x00, 0x00, 0x00, 0x00, 0x00, 0x00, 0x00, 0x64, 0x00, 0x00, 0x00, 0x02, 0x00, 0x00, 0x00
	.byte 0x04, 0x00, 0x00, 0x00, 0x01, 0x00, 0x00, 0x00, 0x4D, 0x00, 0x00, 0x00, 0x33, 0x00, 0x00, 0x00
	.byte 0x00, 0x00, 0x00, 0x00, 0x01, 0x00, 0x00, 0x00, 0x06, 0x00, 0x00, 0x00, 0x12, 0x00, 0x00, 0x00
	.byte 0x04, 0x00, 0x00, 0x00, 0xFF, 0xFF, 0xFF, 0xFF, 0x06, 0x00, 0x00, 0x00, 0x01, 0x00, 0x00, 0x00
	.byte 0x5A, 0x00, 0x00, 0x00, 0x02, 0x00, 0x00, 0x00, 0x04, 0x00, 0x00, 0x00, 0xFF, 0xFF, 0xFF, 0xFF
	.byte 0x32, 0x00, 0x00, 0x00, 0x00, 0x00, 0x00, 0x00, 0x01, 0x00, 0x00, 0x00, 0x03, 0x00, 0x00, 0x00
	.byte 0x05, 0x00, 0x00, 0x00, 0x00, 0x00, 0x00, 0x00, 0x32, 0x00, 0x00, 0x00, 0x02, 0x00, 0x00, 0x00
	.byte 0x04, 0x00, 0x00, 0x00, 0xFE, 0xFF, 0xFF, 0xFF, 0x06, 0x00, 0x00, 0x00, 0x00, 0x00, 0x00, 0x00
	.byte 0x46, 0x00, 0x00, 0x00, 0x02, 0x00, 0x00, 0x00, 0x04, 0x00, 0x00, 0x00, 0xFE, 0xFF, 0xFF, 0xFF
	.byte 0x5E, 0x00, 0x00, 0x00, 0x14, 0x00, 0x00, 0x00, 0x01, 0x00, 0x00, 0x00, 0x05, 0x00, 0x00, 0x00
	.byte 0x00, 0x00, 0x00, 0x00, 0x80, 0x00, 0x00, 0x00, 0x02, 0x00, 0x00, 0x00, 0x04, 0x00, 0x00, 0x00
	.byte 0xFE, 0xFF, 0xFF, 0xFF, 0x4D, 0x00, 0x00, 0x00, 0x00, 0x00, 0x00, 0x00, 0x01, 0x00, 0x00, 0x00
	.byte 0x04, 0x00, 0x00, 0x00, 0x05, 0x00, 0x00, 0x00, 0x06, 0x00, 0x00, 0x00, 0x08, 0x00, 0x00, 0x00
	.byte 0xFF, 0xFF, 0xFF, 0xFF, 0x05, 0x00, 0x00, 0x00, 0x01, 0x00, 0x00, 0x00, 0x46, 0x00, 0x00, 0x00
	.byte 0x05, 0x00, 0x00, 0x00, 0x32, 0x00, 0x00, 0x00, 0x00, 0x00, 0x00, 0x00, 0x02, 0x00, 0x00, 0x00
	.byte 0x03, 0x00, 0x00, 0x00, 0x05, 0x00, 0x00, 0x00, 0x00, 0x00, 0x00, 0x00, 0x32, 0x00, 0x00, 0x00
	.byte 0x02, 0x00, 0x00, 0x00, 0x04, 0x00, 0x00, 0x00, 0xFE, 0xFF, 0xFF, 0xFF, 0x06, 0x00, 0x00, 0x00
	.byte 0x00, 0x00, 0x00, 0x00, 0x46, 0x00, 0x00, 0x00, 0x02, 0x00, 0x00, 0x00, 0x04, 0x00, 0x00, 0x00
	.byte 0xFE, 0xFF, 0xFF, 0xFF, 0x4D, 0x00, 0x00, 0x00, 0x2B, 0x00, 0x00, 0x00, 0x00, 0x00, 0x00, 0x00
	.byte 0x10, 0x00, 0x00, 0x00, 0x2B, 0x00, 0x00, 0x00, 0x0A, 0x00, 0x00, 0x00, 0x0D, 0x00, 0x00, 0x00
	.byte 0x2B, 0x00, 0x00, 0x00, 0x14, 0x00, 0x00, 0x00, 0x0A, 0x00, 0x00, 0x00, 0x17, 0x00, 0x00, 0x00
	.byte 0xC4, 0x00, 0x00, 0x00, 0x08, 0x00, 0x00, 0x00, 0x17, 0x00, 0x00, 0x00, 0x3D, 0x01, 0x00, 0x00
	.byte 0x05, 0x00, 0x00, 0x00, 0x17, 0x00, 0x00, 0x00, 0x55, 0x01, 0x00, 0x00, 0x02, 0x00, 0x00, 0x00
	.byte 0x4D, 0x00, 0x00, 0x00, 0x4D, 0x00, 0x00, 0x00, 0x24, 0x00, 0x00, 0x00, 0x01, 0x00, 0x00, 0x00
	.byte 0x04, 0x00, 0x00, 0x00, 0x04, 0x00, 0x00, 0x00, 0xFD, 0xFF, 0xFF, 0xFF, 0x4C, 0x00, 0x00, 0x00
	.byte 0x05, 0x00, 0x00, 0x00, 0x00, 0x00, 0x00, 0x00, 0x46, 0x00, 0x00, 0x00, 0x02, 0x00, 0x00, 0x00
	.byte 0x04, 0x00, 0x00, 0x00, 0x02, 0x00, 0x00, 0x00, 0x4D, 0x00, 0x00, 0x00, 0x33, 0x00, 0x00, 0x00
	.byte 0x00, 0x00, 0x00, 0x00, 0x04, 0x00, 0x00, 0x00, 0x06, 0x00, 0x00, 0x00, 0x12, 0x00, 0x00, 0x00
	.byte 0x04, 0x00, 0x00, 0x00, 0xFF, 0xFF, 0xFF, 0xFF, 0x06, 0x00, 0x00, 0x00, 0x01, 0x00, 0x00, 0x00
	.byte 0x5A, 0x00, 0x00, 0x00, 0x02, 0x00, 0x00, 0x00, 0x04, 0x00, 0x00, 0x00, 0xFF, 0xFF, 0xFF, 0xFF
	.byte 0x32, 0x00, 0x00, 0x00, 0x00, 0x00, 0x00, 0x00, 0x04, 0x00, 0x00, 0x00, 0x03, 0x00, 0x00, 0x00
	.byte 0x05, 0x00, 0x00, 0x00, 0x00, 0x00, 0x00, 0x00, 0x32, 0x00, 0x00, 0x00, 0x02, 0x00, 0x00, 0x00
	.byte 0x04, 0x00, 0x00, 0x00, 0xFE, 0xFF, 0xFF, 0xFF, 0x06, 0x00, 0x00, 0x00, 0x00, 0x00, 0x00, 0x00
	.byte 0x46, 0x00, 0x00, 0x00, 0x02, 0x00, 0x00, 0x00, 0x04, 0x00, 0x00, 0x00, 0xFE, 0xFF, 0xFF, 0xFF
	.byte 0x5E, 0x00, 0x00, 0x00, 0x14, 0x00, 0x00, 0x00, 0x00, 0x00, 0x00, 0x00, 0x05, 0x00, 0x00, 0x00
	.byte 0x00, 0x00, 0x00, 0x00, 0x80, 0x00, 0x00, 0x00, 0x02, 0x00, 0x00, 0x00, 0x04, 0x00, 0x00, 0x00
	.byte 0xFE, 0xFF, 0xFF, 0xFF, 0x4D, 0x00, 0x00, 0x00, 0x0A, 0x00, 0x00, 0x00, 0x0B, 0x00, 0x00, 0x00
	.byte 0x0C, 0x00, 0x00, 0x00, 0x0D, 0x00, 0x00, 0x00, 0x0E, 0x00, 0x00, 0x00, 0x0F, 0x00, 0x00, 0x00
	.byte 0x10, 0x00, 0x00, 0x00, 0x11, 0x00, 0x00, 0x00, 0xFF, 0xFF, 0xFF, 0xFF, 0x05, 0x00, 0x00, 0x00
	.byte 0x01, 0x00, 0x00, 0x00, 0x46, 0x00, 0x00, 0x00, 0x05, 0x00, 0x00, 0x00, 0x32, 0x00, 0x00, 0x00
	.byte 0x00, 0x00, 0x00, 0x00, 0x05, 0x00, 0x00, 0x00, 0x03, 0x00, 0x00, 0x00, 0x05, 0x00, 0x00, 0x00
	.byte 0x00, 0x00, 0x00, 0x00, 0x32, 0x00, 0x00, 0x00, 0x02, 0x00, 0x00, 0x00, 0x04, 0x00, 0x00, 0x00
	.byte 0xFE, 0xFF, 0xFF, 0xFF, 0x06, 0x00, 0x00, 0x00, 0x00, 0x00, 0x00, 0x00, 0x46, 0x00, 0x00, 0x00
	.byte 0x02, 0x00, 0x00, 0x00, 0x04, 0x00, 0x00, 0x00, 0xFE, 0xFF, 0xFF, 0xFF, 0x4D, 0x00, 0x00, 0x00
	.byte 0x05, 0x00, 0x00, 0x00, 0x01, 0x00, 0x00, 0x00, 0x46, 0x00, 0x00, 0x00, 0x04, 0x00, 0x00, 0x00
	.byte 0x06, 0x00, 0x00, 0x00, 0x00, 0x00, 0x00, 0x00, 0x46, 0x00, 0x00, 0x00, 0x05, 0x00, 0x00, 0x00
	.byte 0x00, 0x00, 0x00, 0x00, 0x64, 0x00, 0x00, 0x00, 0x02, 0x00, 0x00, 0x00, 0x04, 0x00, 0x00, 0x00
	.byte 0xFF, 0xFF, 0xFF, 0xFF, 0x32, 0x00, 0x00, 0x00, 0x01, 0x00, 0x00, 0x00, 0x06, 0x00, 0x00, 0x00
	.byte 0x04, 0x00, 0x00, 0x00, 0x05, 0x00, 0x00, 0x00, 0x00, 0x00, 0x00, 0x00, 0x50, 0x00, 0x00, 0x00
	.byte 0x02, 0x00, 0x00, 0x00, 0x04, 0x00, 0x00, 0x00, 0xFE, 0xFF, 0xFF, 0xFF, 0x0A, 0x00, 0x00, 0x00
	.byte 0x00, 0x00, 0x00, 0x00, 0x80, 0x00, 0x00, 0x00, 0x05, 0x00, 0x00, 0x00, 0x00, 0x00, 0x00, 0x00
	.byte 0x46, 0x00, 0x00, 0x00, 0x02, 0x00, 0x00, 0x00, 0x04, 0x00, 0x00, 0x00, 0x02, 0x00, 0x00, 0x00
	.byte 0x0E, 0x00, 0x00, 0x00, 0x00, 0x00, 0x00, 0x00, 0x04, 0x00, 0x00, 0x00, 0x05, 0x00, 0x00, 0x00
	.byte 0x00, 0x00, 0x00, 0x00, 0x46, 0x00, 0x00, 0x00, 0x02, 0x00, 0x00, 0x00, 0x04, 0x00, 0x00, 0x00
	.byte 0x02, 0x00, 0x00, 0x00, 0x0E, 0x00, 0x00, 0x00, 0x01, 0x00, 0x00, 0x00, 0x00, 0x04, 0x00, 0x00
	.byte 0x07, 0x00, 0x00, 0x00, 0x00, 0x00, 0x00, 0x00, 0x80, 0x00, 0x00, 0x00, 0x0D, 0x00, 0x00, 0x00
	.byte 0x04, 0x00, 0x00, 0x00, 0x01, 0x00, 0x00, 0x00, 0x4C, 0x00, 0x00, 0x00, 0x09, 0x00, 0x00, 0x00
	.byte 0x0E, 0x00, 0x00, 0x00, 0x01, 0x00, 0x00, 0x00, 0x00, 0x00, 0x00, 0x01, 0x05, 0x00, 0x00, 0x00
	.byte 0x00, 0x00, 0x00, 0x00, 0x80, 0x00, 0x00, 0x00, 0x02, 0x00, 0x00, 0x00, 0x04, 0x00, 0x00, 0x00
	.byte 0x01, 0x00, 0x00, 0x00, 0x0C, 0x00, 0x00, 0x00, 0x00, 0x00, 0x00, 0x00, 0x00, 0x00, 0x00, 0x10
	.byte 0x05, 0x00, 0x00, 0x00, 0x00, 0x00, 0x00, 0x00, 0x46, 0x00, 0x00, 0x00, 0x02, 0x00, 0x00, 0x00
	.byte 0x04, 0x00, 0x00, 0x00, 0x02, 0x00, 0x00, 0x00, 0x06, 0x00, 0x00, 0x00, 0x01, 0x00, 0x00, 0x00
	.byte 0x46, 0x00, 0x00, 0x00, 0x12, 0x00, 0x00, 0x00, 0x33, 0x00, 0x00, 0x00, 0x00, 0x00, 0x00, 0x00
	.byte 0x06, 0x00, 0x00, 0x00, 0x06, 0x00, 0x00, 0x00, 0x0D, 0x00, 0x00, 0x00, 0x05, 0x00, 0x00, 0x00
	.byte 0x01, 0x00, 0x00, 0x00, 0x28, 0x00, 0x00, 0x00, 0x07, 0x00, 0x00, 0x00, 0x05, 0x00, 0x00, 0x00
	.byte 0x00, 0x00, 0x00, 0x00, 0x28, 0x00, 0x00, 0x00, 0x03, 0x00, 0x00, 0x00, 0x00, 0x00, 0x00, 0x00
	.byte 0x46, 0x00, 0x00, 0x00, 0x02, 0x00, 0x00, 0x00, 0x04, 0x00, 0x00, 0x00, 0xFE, 0xFF, 0xFF, 0xFF
	.byte 0x4D, 0x00, 0x00, 0x00, 0x05, 0x00, 0x00, 0x00, 0x01, 0x00, 0x00, 0x00, 0x46, 0x00, 0x00, 0x00
	.byte 0x05, 0x00, 0x00, 0x00, 0x32, 0x00, 0x00, 0x00, 0x00, 0x00, 0x00, 0x00, 0x07, 0x00, 0x00, 0x00
	.byte 0x03, 0x00, 0x00, 0x00, 0x05, 0x00, 0x00, 0x00, 0x00, 0x00, 0x00, 0x00, 0x32, 0x00, 0x00, 0x00
	.byte 0x02, 0x00, 0x00, 0x00, 0x04, 0x00, 0x00, 0x00, 0xFE, 0xFF, 0xFF, 0xFF, 0x06, 0x00, 0x00, 0x00
	.byte 0x00, 0x00, 0x00, 0x00, 0x46, 0x00, 0x00, 0x00, 0x02, 0x00, 0x00, 0x00, 0x04, 0x00, 0x00, 0x00
	.byte 0xFE, 0xFF, 0xFF, 0xFF, 0x4D, 0x00, 0x00, 0x00, 0x32, 0x00, 0x00, 0x00, 0x01, 0x00, 0x00, 0x00
	.byte 0x01, 0x00, 0x00, 0x00, 0x08, 0x00, 0x00, 0x00, 0x2F, 0x00, 0x00, 0x00, 0x32, 0x00, 0x00, 0x00
	.byte 0x01, 0x00, 0x00, 0x00, 0x02, 0x00, 0x00, 0x00, 0x08, 0x00, 0x00, 0x00, 0x2A, 0x00, 0x00, 0x00
	.byte 0x32, 0x00, 0x00, 0x00, 0x01, 0x00, 0x00, 0x00, 0x04, 0x00, 0x00, 0x00, 0x08, 0x00, 0x00, 0x00
	.byte 0x25, 0x00, 0x00, 0x00, 0x32, 0x00, 0x00, 0x00, 0x01, 0x00, 0x00, 0x00, 0x05, 0x00, 0x00, 0x00
	.byte 0x08, 0x00, 0x00, 0x00, 0x20, 0x00, 0x00, 0x00, 0x32, 0x00, 0x00, 0x00, 0x01, 0x00, 0x00, 0x00
	.byte 0x07, 0x00, 0x00, 0x00, 0x08, 0x00, 0x00, 0x00, 0x1B, 0x00, 0x00, 0x00, 0x31, 0x00, 0x00, 0x00
	.byte 0x00, 0x00, 0x00, 0x00, 0x01, 0x00, 0x00, 0x00, 0x04, 0x00, 0x00, 0x00, 0x16, 0x00, 0x00, 0x00
	.byte 0x31, 0x00, 0x00, 0x00, 0x00, 0x00, 0x00, 0x00, 0x02, 0x00, 0x00, 0x00, 0x04, 0x00, 0x00, 0x00
	.byte 0x11, 0x00, 0x00, 0x00, 0x31, 0x00, 0x00, 0x00, 0x00, 0x00, 0x00, 0x00, 0x04, 0x00, 0x00, 0x00
	.byte 0x04, 0x00, 0x00, 0x00, 0x0C, 0x00, 0x00, 0x00, 0x31, 0x00, 0x00, 0x00, 0x00, 0x00, 0x00, 0x00
	.byte 0x05, 0x00, 0x00, 0x00, 0x04, 0x00, 0x00, 0x00, 0x07, 0x00, 0x00, 0x00, 0x31, 0x00, 0x00, 0x00
	.byte 0x00, 0x00, 0x00, 0x00, 0x06, 0x00, 0x00, 0x00, 0x04, 0x00, 0x00, 0x00, 0x02, 0x00, 0x00, 0x00
	.byte 0x4C, 0x00, 0x00, 0x00, 0x05, 0x00, 0x00, 0x00, 0x00, 0x00, 0x00, 0x00, 0x32, 0x00, 0x00, 0x00
	.byte 0x02, 0x00, 0x00, 0x00, 0x04, 0x00, 0x00, 0x00, 0xFD, 0xFF, 0xFF, 0xFF, 0x32, 0x00, 0x00, 0x00
	.byte 0x00, 0x00, 0x00, 0x00, 0x01, 0x00, 0x00, 0x00, 0x08, 0x00, 0x00, 0x00, 0x34, 0x00, 0x00, 0x00
	.byte 0x32, 0x00, 0x00, 0x00, 0x00, 0x00, 0x00, 0x00, 0x02, 0x00, 0x00, 0x00, 0x08, 0x00, 0x00, 0x00
	.byte 0x2F, 0x00, 0x00, 0x00, 0x32, 0x00, 0x00, 0x00, 0x00, 0x00, 0x00, 0x00, 0x04, 0x00, 0x00, 0x00
	.byte 0x08, 0x00, 0x00, 0x00, 0x2A, 0x00, 0x00, 0x00, 0x32, 0x00, 0x00, 0x00, 0x00, 0x00, 0x00, 0x00
	.byte 0x05, 0x00, 0x00, 0x00, 0x08, 0x00, 0x00, 0x00, 0x25, 0x00, 0x00, 0x00, 0x32, 0x00, 0x00, 0x00
	.byte 0x00, 0x00, 0x00, 0x00, 0x07, 0x00, 0x00, 0x00, 0x08, 0x00, 0x00, 0x00, 0x20, 0x00, 0x00, 0x00
	.byte 0x31, 0x00, 0x00, 0x00, 0x01, 0x00, 0x00, 0x00, 0x01, 0x00, 0x00, 0x00, 0x04, 0x00, 0x00, 0x00
	.byte 0x1B, 0x00, 0x00, 0x00, 0x31, 0x00, 0x00, 0x00, 0x01, 0x00, 0x00, 0x00, 0x02, 0x00, 0x00, 0x00
	.byte 0x04, 0x00, 0x00, 0x00, 0x16, 0x00, 0x00, 0x00, 0x31, 0x00, 0x00, 0x00, 0x01, 0x00, 0x00, 0x00
	.byte 0x04, 0x00, 0x00, 0x00, 0x04, 0x00, 0x00, 0x00, 0x11, 0x00, 0x00, 0x00, 0x31, 0x00, 0x00, 0x00
	.byte 0x01, 0x00, 0x00, 0x00, 0x05, 0x00, 0x00, 0x00, 0x04, 0x00, 0x00, 0x00, 0x0C, 0x00, 0x00, 0x00
	.byte 0x31, 0x00, 0x00, 0x00, 0x01, 0x00, 0x00, 0x00, 0x06, 0x00, 0x00, 0x00, 0x04, 0x00, 0x00, 0x00
	.byte 0x07, 0x00, 0x00, 0x00, 0x00, 0x00, 0x00, 0x00, 0x32, 0x00, 0x00, 0x00, 0x09, 0x00, 0x00, 0x00
	.byte 0x04, 0x00, 0x00, 0x00, 0xFF, 0xFF, 0xFF, 0xFF, 0x4C, 0x00, 0x00, 0x00, 0x05, 0x00, 0x00, 0x00
	.byte 0x00, 0x00, 0x00, 0x00, 0x32, 0x00, 0x00, 0x00, 0x02, 0x00, 0x00, 0x00, 0x04, 0x00, 0x00, 0x00
	.byte 0x03, 0x00, 0x00, 0x00, 0x4D, 0x00, 0x00, 0x00, 0x06, 0x00, 0x00, 0x00, 0x01, 0x00, 0x00, 0x00
	.byte 0x5A, 0x00, 0x00, 0x00, 0x02, 0x00, 0x00, 0x00, 0x04, 0x00, 0x00, 0x00, 0xFE, 0xFF, 0xFF, 0xFF
	.byte 0x4D, 0x00, 0x00, 0x00, 0x60, 0x00, 0x00, 0x00, 0x00, 0x00, 0x00, 0x00, 0x12, 0x00, 0x00, 0x00
	.byte 0x03, 0x00, 0x00, 0x00, 0x29, 0x00, 0x00, 0x00, 0x0F, 0x00, 0x00, 0x00, 0x00, 0x00, 0x00, 0x00
	.byte 0x04, 0x00, 0x00, 0x00, 0x2A, 0x00, 0x00, 0x00, 0x0F, 0x00, 0x00, 0x00, 0x00, 0x00, 0x00, 0x00
	.byte 0x80, 0x00, 0x00, 0x00, 0x26, 0x00, 0x00, 0x00, 0x0F, 0x00, 0x00, 0x00, 0x00, 0x00, 0x00, 0x00
	.byte 0x00, 0x04, 0x00, 0x00, 0x22, 0x00, 0x00, 0x00, 0x32, 0x00, 0x00, 0x00, 0x00, 0x00, 0x00, 0x00
	.byte 0x01, 0x00, 0x00, 0x00, 0x08, 0x00, 0x00, 0x00, 0x1D, 0x00, 0x00, 0x00, 0x32, 0x00, 0x00, 0x00
	.byte 0x00, 0x00, 0x00, 0x00, 0x02, 0x00, 0x00, 0x00, 0x08, 0x00, 0x00, 0x00, 0x18, 0x00, 0x00, 0x00
	.byte 0x32, 0x00, 0x00, 0x00, 0x00, 0x00, 0x00, 0x00, 0x04, 0x00, 0x00, 0x00, 0x08, 0x00, 0x00, 0x00
	.byte 0x13, 0x00, 0x00, 0x00, 0x32, 0x00, 0x00, 0x00, 0x00, 0x00, 0x00, 0x00, 0x05, 0x00, 0x00, 0x00
	.byte 0x08, 0x00, 0x00, 0x00, 0x0E, 0x00, 0x00, 0x00, 0x32, 0x00, 0x00, 0x00, 0x00, 0x00, 0x00, 0x00
	.byte 0x07, 0x00, 0x00, 0x00, 0x08, 0x00, 0x00, 0x00, 0x09, 0x00, 0x00, 0x00, 0x04, 0x00, 0x00, 0x00
	.byte 0xFD, 0xFF, 0xFF, 0xFF, 0x4C, 0x00, 0x00, 0x00, 0x0A, 0x00, 0x00, 0x00, 0x00, 0x00, 0x00, 0x00
	.byte 0x40, 0x00, 0x00, 0x00, 0x02, 0x00, 0x00, 0x00, 0x04, 0x00, 0x00, 0x00, 0x02, 0x00, 0x00, 0x00
	.byte 0x00, 0x00, 0x00, 0x00, 0x80, 0x00, 0x00, 0x00, 0x02, 0x00, 0x00, 0x00, 0x04, 0x00, 0x00, 0x00
	.byte 0x02, 0x00, 0x00, 0x00, 0x4D, 0x00, 0x00, 0x00, 0x06, 0x00, 0x00, 0x00, 0x01, 0x00, 0x00, 0x00
	.byte 0x5A, 0x00, 0x00, 0x00, 0x02, 0x00, 0x00, 0x00, 0x04, 0x00, 0x00, 0x00, 0xFE, 0xFF, 0xFF, 0xFF
	.byte 0x1D, 0x00, 0x00, 0x00, 0x13, 0x00, 0x00, 0x00, 0x00, 0x00, 0x00, 0x00, 0x03, 0x00, 0x00, 0x00
	.byte 0x00, 0x00, 0x00, 0x00, 0xC8, 0x00, 0x00, 0x00, 0xC7, 0xF9, 0xFF, 0xFF, 0x4D, 0x00, 0x00, 0x00
	.byte 0x2E, 0x00, 0x00, 0x00, 0x13, 0x00, 0x00, 0x00, 0x04, 0x00, 0x00, 0x00, 0x08, 0x00, 0x00, 0x00
	.byte 0x13, 0x00, 0x00, 0x00, 0x02, 0x00, 0x00, 0x00, 0x05, 0x00, 0x00, 0x00, 0x13, 0x00, 0x00, 0x00
	.byte 0x03, 0x00, 0x00, 0x00, 0x02, 0x00, 0x00, 0x00, 0x4C, 0x00, 0x00, 0x00, 0x02, 0x00, 0x00, 0x00
	.byte 0x04, 0x00, 0x00, 0x00, 0xFE, 0xFF, 0xFF, 0xFF, 0x07, 0x00, 0x00, 0x00, 0x01, 0x00, 0x00, 0x00
	.byte 0x64, 0x00, 0x00, 0x00, 0x12, 0x00, 0x00, 0x00, 0x24, 0x00, 0x00, 0x00, 0x01, 0x00, 0x00, 0x00
	.byte 0x13, 0x00, 0x00, 0x00, 0x04, 0x00, 0x00, 0x00, 0xF8, 0xFF, 0xFF, 0xFF, 0x4C, 0x00, 0x00, 0x00
	.byte 0x26, 0x00, 0x00, 0x00, 0x05, 0x00, 0x00, 0x00, 0x01, 0x00, 0x00, 0x00, 0x32, 0x00, 0x00, 0x00
	.byte 0x16, 0x00, 0x00, 0x00, 0x06, 0x00, 0x00, 0x00, 0x01, 0x00, 0x00, 0x00, 0x50, 0x00, 0x00, 0x00
	.byte 0x03, 0x00, 0x00, 0x00, 0x00, 0x00, 0x00, 0x00, 0x46, 0x00, 0x00, 0x00, 0x0F, 0x00, 0x00, 0x00
	.byte 0x04, 0x00, 0x00, 0x00, 0xFD, 0xFF, 0xFF, 0xFF, 0x4C, 0x00, 0x00, 0x00, 0x17, 0x00, 0x00, 0x00
	.byte 0x05, 0x00, 0x00, 0x00, 0x01, 0x00, 0x00, 0x00, 0x46, 0x00, 0x00, 0x00, 0x07, 0x00, 0x00, 0x00
	.byte 0x00, 0x00, 0x00, 0x00, 0x1E, 0x00, 0x00, 0x00, 0x04, 0x00, 0x00, 0x00, 0x04, 0x00, 0x00, 0x00
	.byte 0xFD, 0xFF, 0xFF, 0xFF, 0x4C, 0x00, 0x00, 0x00, 0x0C, 0x00, 0x00, 0x00, 0x3A, 0x00, 0x00, 0x00
	.byte 0x00, 0x00, 0x00, 0x00, 0xC3, 0x00, 0x00, 0x00, 0x03, 0x00, 0x00, 0x00, 0x00, 0x00, 0x00, 0x00
	.byte 0x64, 0x00, 0x00, 0x00, 0x05, 0x00, 0x00, 0x00, 0x00, 0x00, 0x00, 0x00, 0x14, 0x00, 0x00, 0x00
	.byte 0x02, 0x00, 0x00, 0x00, 0x04, 0x00, 0x00, 0x00, 0x02, 0x00, 0x00, 0x00, 0x4D, 0x00, 0x00, 0x00
	.byte 0x1C, 0x00, 0x00, 0x00, 0x12, 0x00, 0x00, 0x00, 0x06, 0x00, 0x00, 0x00, 0x01, 0x00, 0x00, 0x00
	.byte 0x32, 0x00, 0x00, 0x00, 0x05, 0x00, 0x00, 0x00, 0x00, 0x00, 0x00, 0x00, 0x32, 0x00, 0x00, 0x00
	.byte 0x02, 0x00, 0x00, 0x00, 0x04, 0x00, 0x00, 0x00, 0xFD, 0xFF, 0xFF, 0xFF, 0x06, 0x00, 0x00, 0x00
	.byte 0x00, 0x00, 0x00, 0x00, 0x32, 0x00, 0x00, 0x00, 0x05, 0x00, 0x00, 0x00, 0x00, 0x00, 0x00, 0x00
	.byte 0x32, 0x00, 0x00, 0x00, 0x02, 0x00, 0x00, 0x00, 0x04, 0x00, 0x00, 0x00, 0xFD, 0xFF, 0xFF, 0xFF
	.byte 0x39, 0x00, 0x00, 0x00, 0x01, 0x00, 0x00, 0x00, 0x0E, 0x00, 0x00, 0x00, 0x06, 0x00, 0x00, 0x00
	.byte 0x39, 0x00, 0x00, 0x00, 0x01, 0x00, 0x00, 0x00, 0x6F, 0x00, 0x00, 0x00, 0x02, 0x00, 0x00, 0x00
	.byte 0x4C, 0x00, 0x00, 0x00, 0x05, 0x00, 0x00, 0x00, 0x00, 0x00, 0x00, 0x00, 0x3C, 0x00, 0x00, 0x00
	.byte 0x02, 0x00, 0x00, 0x00, 0x04, 0x00, 0x00, 0x00, 0x02, 0x00, 0x00, 0x00, 0x4D, 0x00, 0x00, 0x00
	.byte 0x05, 0x00, 0x00, 0x00, 0x01, 0x00, 0x00, 0x00, 0x32, 0x00, 0x00, 0x00, 0x14, 0x00, 0x00, 0x00
	.byte 0x05, 0x00, 0x00, 0x00, 0x01, 0x00, 0x00, 0x00, 0x5A, 0x00, 0x00, 0x00, 0x05, 0x00, 0x00, 0x00
	.byte 0x00, 0x00, 0x00, 0x00, 0x80, 0x00, 0x00, 0x00, 0x02, 0x00, 0x00, 0x00, 0x04, 0x00, 0x00, 0x00
	.byte 0x01, 0x00, 0x00, 0x00, 0x5E, 0x00, 0x00, 0x00, 0x14, 0x00, 0x00, 0x00, 0x01, 0x00, 0x00, 0x00
	.byte 0x09, 0x00, 0x00, 0x00, 0x00, 0x00, 0x00, 0x00, 0x40, 0x00, 0x00, 0x00, 0x06, 0x00, 0x00, 0x00
	.byte 0x04, 0x00, 0x00, 0x00, 0x01, 0x00, 0x00, 0x00, 0x4C, 0x00, 0x00, 0x00, 0x02, 0x00, 0x00, 0x00
	.byte 0x04, 0x00, 0x00, 0x00, 0xFE, 0xFF, 0xFF, 0xFF, 0x4D, 0x00, 0x00, 0x00, 0x0A, 0x00, 0x00, 0x00
	.byte 0x0B, 0x00, 0x00, 0x00, 0x0C, 0x00, 0x00, 0x00, 0x0D, 0x00, 0x00, 0x00, 0x0E, 0x00, 0x00, 0x00
	.byte 0x0F, 0x00, 0x00, 0x00, 0x10, 0x00, 0x00, 0x00, 0x11, 0x00, 0x00, 0x00, 0xFF, 0xFF, 0xFF, 0xFF
	.byte 0x24, 0x00, 0x00, 0x00, 0x01, 0x00, 0x00, 0x00, 0x17, 0x00, 0x00, 0x00, 0x08, 0x00, 0x00, 0x00
	.byte 0x01, 0x00, 0x00, 0x00, 0x64, 0x00, 0x00, 0x00, 0x04, 0x00, 0x00, 0x00, 0x04, 0x00, 0x00, 0x00
	.byte 0xF8, 0xFF, 0xFF, 0xFF, 0x4C, 0x00, 0x00, 0x00, 0x2A, 0x00, 0x00, 0x00, 0x05, 0x00, 0x00, 0x00
	.byte 0x01, 0x00, 0x00, 0x00, 0x28, 0x00, 0x00, 0x00, 0x1A, 0x00, 0x00, 0x00, 0x06, 0x00, 0x00, 0x00
	.byte 0x01, 0x00, 0x00, 0x00, 0x32, 0x00, 0x00, 0x00, 0x03, 0x00, 0x00, 0x00, 0x00, 0x00, 0x00, 0x00
	.byte 0x46, 0x00, 0x00, 0x00, 0x13, 0x00, 0x00, 0x00, 0x04, 0x00, 0x00, 0x00, 0xFD, 0xFF, 0xFF, 0xFF
	.byte 0x4C, 0x00, 0x00, 0x00, 0x1B, 0x00, 0x00, 0x00, 0x05, 0x00, 0x00, 0x00, 0x01, 0x00, 0x00, 0x00
	.byte 0x3C, 0x00, 0x00, 0x00, 0x0B, 0x00, 0x00, 0x00, 0x06, 0x00, 0x00, 0x00, 0x01, 0x00, 0x00, 0x00
	.byte 0x46, 0x00, 0x00, 0x00, 0x03, 0x00, 0x00, 0x00, 0x00, 0x00, 0x00, 0x00, 0x32, 0x00, 0x00, 0x00
	.byte 0x04, 0x00, 0x00, 0x00, 0x04, 0x00, 0x00, 0x00, 0xFD, 0xFF, 0xFF, 0xFF, 0x4C, 0x00, 0x00, 0x00
	.byte 0x0C, 0x00, 0x00, 0x00, 0x3A, 0x00, 0x00, 0x00, 0x00, 0x00, 0x00, 0x00, 0xC3, 0x00, 0x00, 0x00
	.byte 0x03, 0x00, 0x00, 0x00, 0x00, 0x00, 0x00, 0x00, 0x32, 0x00, 0x00, 0x00, 0x05, 0x00, 0x00, 0x00
	.byte 0x00, 0x00, 0x00, 0x00, 0x0A, 0x00, 0x00, 0x00, 0x02, 0x00, 0x00, 0x00, 0x04, 0x00, 0x00, 0x00
	.byte 0x03, 0x00, 0x00, 0x00, 0x4D, 0x00, 0x00, 0x00, 0x00, 0x00, 0x00, 0x00, 0xC0, 0x00, 0x00, 0x00
	.byte 0x02, 0x00, 0x00, 0x00, 0x04, 0x00, 0x00, 0x00, 0x01, 0x00, 0x00, 0x00, 0x4D, 0x00, 0x00, 0x00
	.byte 0x06, 0x00, 0x00, 0x00, 0x00, 0x00, 0x00, 0x00, 0x32, 0x00, 0x00, 0x00, 0x02, 0x00, 0x00, 0x00
	.byte 0x04, 0x00, 0x00, 0x00, 0xFF, 0xFF, 0xFF, 0xFF, 0x4D, 0x00, 0x00, 0x00, 0x09, 0x00, 0x00, 0x00
	.byte 0x00, 0x00, 0x00, 0x00, 0x80, 0x00, 0x00, 0x00, 0x0E, 0x00, 0x00, 0x00, 0x0B, 0x00, 0x00, 0x00
	.byte 0x00, 0x00, 0x00, 0x00, 0x00, 0x00, 0x00, 0x10, 0x0A, 0x00, 0x00, 0x00, 0x0D, 0x00, 0x00, 0x00
	.byte 0x00, 0x00, 0x00, 0x00, 0x20, 0x00, 0x00, 0x00, 0x06, 0x00, 0x00, 0x00, 0x0B, 0x00, 0x00, 0x00
	.byte 0x00, 0x00, 0x00, 0x00, 0x00, 0x00, 0x0F, 0x00, 0x02, 0x00, 0x00, 0x00, 0x4C, 0x00, 0x00, 0x00
	.byte 0x05, 0x00, 0x00, 0x00, 0x00, 0x00, 0x00, 0x00, 0x80, 0x00, 0x00, 0x00, 0x02, 0x00, 0x00, 0x00
	.byte 0x04, 0x00, 0x00, 0x00, 0x01, 0x00, 0x00, 0x00, 0x4D, 0x00, 0x00, 0x00, 0x2B, 0x00, 0x00, 0x00
	.byte 0x00, 0x00, 0x00, 0x00, 0x14, 0x00, 0x00, 0x00, 0x2B, 0x00, 0x00, 0x00, 0x0A, 0x00, 0x00, 0x00
	.byte 0x11, 0x00, 0x00, 0x00, 0x2B, 0x00, 0x00, 0x00, 0x14, 0x00, 0x00, 0x00, 0x0E, 0x00, 0x00, 0x00
	.byte 0x2B, 0x00, 0x00, 0x00, 0x50, 0x00, 0x00, 0x00, 0x06, 0x00, 0x00, 0x00, 0x2B, 0x00, 0x00, 0x00
	.byte 0xA0, 0x00, 0x00, 0x00, 0x03, 0x00, 0x00, 0x00, 0x00, 0x00, 0x00, 0x00, 0x80, 0x00, 0x00, 0x00
	.byte 0x05, 0x00, 0x00, 0x00, 0x00, 0x00, 0x00, 0x00, 0x80, 0x00, 0x00, 0x00, 0x02, 0x00, 0x00, 0x00
	.byte 0x04, 0x00, 0x00, 0x00, 0x01, 0x00, 0x00, 0x00, 0x4D, 0x00, 0x00, 0x00, 0x37, 0x00, 0x00, 0x00
	.byte 0x01, 0x00, 0x00, 0x00, 0xF4, 0x00, 0x00, 0x00, 0x1B, 0x00, 0x00, 0x00, 0x00, 0x00, 0x00, 0x00
	.byte 0x80, 0x00, 0x00, 0x00, 0x02, 0x00, 0x00, 0x00, 0x04, 0x00, 0x00, 0x00, 0x01, 0x00, 0x00, 0x00
	.byte 0x06, 0x00, 0x00, 0x00, 0x00, 0x00, 0x00, 0x00, 0x46, 0x00, 0x00, 0x00, 0x11, 0x00, 0x00, 0x00
	.byte 0x00, 0x00, 0x00, 0x00, 0x80, 0x00, 0x00, 0x00, 0x02, 0x00, 0x00, 0x00, 0x04, 0x00, 0x00, 0x00
	.byte 0xFF, 0xFF, 0xFF, 0xFF, 0x06, 0x00, 0x00, 0x00, 0x00, 0x00, 0x00, 0x00, 0x32, 0x00, 0x00, 0x00
	.byte 0x08, 0x00, 0x00, 0x00, 0x04, 0x00, 0x00, 0x00, 0xFF, 0xFF, 0xFF, 0xFF, 0x06, 0x00, 0x00, 0x00
	.byte 0x00, 0x00, 0x00, 0x00, 0x1E, 0x00, 0x00, 0x00, 0x02, 0x00, 0x00, 0x00, 0x04, 0x00, 0x00, 0x00
	.byte 0xFF, 0xFF, 0xFF, 0xFF, 0x4D, 0x00, 0x00, 0x00, 0x32, 0x00, 0x00, 0x00, 0x00, 0x00, 0x00, 0x00
	.byte 0x01, 0x00, 0x00, 0x00, 0x03, 0x00, 0x00, 0x00, 0x0A, 0x00, 0x00, 0x00, 0x04, 0x00, 0x00, 0x00
	.byte 0x03, 0x00, 0x00, 0x00, 0x1D, 0x00, 0x00, 0x00, 0x14, 0x00, 0x00, 0x00, 0x00, 0x00, 0x00, 0x00
	.byte 0x06, 0x00, 0x00, 0x00, 0x04, 0x00, 0x00, 0x00, 0x02, 0x00, 0x00, 0x00, 0x4C, 0x00, 0x00, 0x00
	.byte 0x02, 0x00, 0x00, 0x00, 0x04, 0x00, 0x00, 0x00, 0xFB, 0xFF, 0xFF, 0xFF, 0x4D, 0x00, 0x00, 0x00
	.byte 0x05, 0x00, 0x00, 0x00, 0x01, 0x00, 0x00, 0x00, 0x32, 0x00, 0x00, 0x00, 0x14, 0x00, 0x00, 0x00
	.byte 0x05, 0x00, 0x00, 0x00, 0x01, 0x00, 0x00, 0x00, 0x5A, 0x00, 0x00, 0x00, 0x05, 0x00, 0x00, 0x00
	.byte 0x00, 0x00, 0x00, 0x00, 0x80, 0x00, 0x00, 0x00, 0x02, 0x00, 0x00, 0x00, 0x04, 0x00, 0x00, 0x00
	.byte 0x01, 0x00, 0x00, 0x00, 0x5E, 0x00, 0x00, 0x00, 0x14, 0x00, 0x00, 0x00, 0x00, 0x00, 0x00, 0x00
	.byte 0x09, 0x00, 0x00, 0x00, 0x00, 0x00, 0x00, 0x00, 0x40, 0x00, 0x00, 0x00, 0x06, 0x00, 0x00, 0x00
	.byte 0x04, 0x00, 0x00, 0x00, 0x01, 0x00, 0x00, 0x00, 0x4C, 0x00, 0x00, 0x00, 0x02, 0x00, 0x00, 0x00
	.byte 0x04, 0x00, 0x00, 0x00, 0xFE, 0xFF, 0xFF, 0xFF, 0x4D, 0x00, 0x00, 0x00, 0x00, 0x00, 0x00, 0x00
	.byte 0x01, 0x00, 0x00, 0x00, 0x02, 0x00, 0x00, 0x00, 0x03, 0x00, 0x00, 0x00, 0x04, 0x00, 0x00, 0x00
	.byte 0x05, 0x00, 0x00, 0x00, 0x06, 0x00, 0x00, 0x00, 0x07, 0x00, 0x00, 0x00, 0x08, 0x00, 0x00, 0x00
	.byte 0xFF, 0xFF, 0xFF, 0xFF, 0x05, 0x00, 0x00, 0x00, 0x01, 0x00, 0x00, 0x00, 0x32, 0x00, 0x00, 0x00
	.byte 0x04, 0x00, 0x00, 0x00, 0x06, 0x00, 0x00, 0x00, 0x00, 0x00, 0x00, 0x00, 0x32, 0x00, 0x00, 0x00
	.byte 0x02, 0x00, 0x00, 0x00, 0x04, 0x00, 0x00, 0x00, 0xFF, 0xFF, 0xFF, 0xFF, 0x4D, 0x00, 0x00, 0x00
	.byte 0x24, 0x00, 0x00, 0x00, 0x01, 0x00, 0x00, 0x00, 0x08, 0x00, 0x00, 0x00, 0x06, 0x00, 0x00, 0x00
	.byte 0x01, 0x00, 0x00, 0x00, 0x46, 0x00, 0x00, 0x00, 0x09, 0x00, 0x00, 0x00, 0x04, 0x00, 0x00, 0x00
	.byte 0xFF, 0xFF, 0xFF, 0xFF, 0x4C, 0x00, 0x00, 0x00, 0x05, 0x00, 0x00, 0x00, 0x00, 0x00, 0x00, 0x00
	.byte 0x14, 0x00, 0x00, 0x00, 0x02, 0x00, 0x00, 0x00, 0x04, 0x00, 0x00, 0x00, 0x03, 0x00, 0x00, 0x00
	.byte 0x4D, 0x00, 0x00, 0x00, 0x24, 0x00, 0x00, 0x00, 0x01, 0x00, 0x00, 0x00, 0x10, 0x00, 0x00, 0x00
	.byte 0x06, 0x00, 0x00, 0x00, 0x01, 0x00, 0x00, 0x00, 0x3C, 0x00, 0x00, 0x00, 0x0C, 0x00, 0x00, 0x00
	.byte 0x05, 0x00, 0x00, 0x00, 0x01, 0x00, 0x00, 0x00, 0x28, 0x00, 0x00, 0x00, 0x03, 0x00, 0x00, 0x00
	.byte 0x00, 0x00, 0x00, 0x00, 0xB4, 0x00, 0x00, 0x00, 0x05, 0x00, 0x00, 0x00, 0x00, 0x00, 0x00, 0x00
	.byte 0x32, 0x00, 0x00, 0x00, 0x02, 0x00, 0x00, 0x00, 0x04, 0x00, 0x00, 0x00, 0xFF, 0xFF, 0xFF, 0xFF
	.byte 0x4D, 0x00, 0x00, 0x00, 0x38, 0x00, 0x00, 0x00, 0x01, 0x00, 0x00, 0x00, 0x08, 0x01, 0x00, 0x00
	.byte 0x05, 0x00, 0x00, 0x00, 0x00, 0x00, 0x00, 0x00, 0x60, 0x00, 0x00, 0x00, 0x02, 0x00, 0x00, 0x00
	.byte 0x04, 0x00, 0x00, 0x00, 0x01, 0x00, 0x00, 0x00, 0x06, 0x00, 0x00, 0x00, 0x01, 0x00, 0x00, 0x00
	.byte 0x5A, 0x00, 0x00, 0x00, 0x17, 0x00, 0x00, 0x00, 0x06, 0x00, 0x00, 0x00, 0x01, 0x00, 0x00, 0x00
	.byte 0x46, 0x00, 0x00, 0x00, 0x0E, 0x00, 0x00, 0x00, 0x06, 0x00, 0x00, 0x00, 0x01, 0x00, 0x00, 0x00
	.byte 0x32, 0x00, 0x00, 0x00, 0x05, 0x00, 0x00, 0x00, 0x00, 0x00, 0x00, 0x00, 0x64, 0x00, 0x00, 0x00
	.byte 0x02, 0x00, 0x00, 0x00, 0x04, 0x00, 0x00, 0x00, 0xFF, 0xFF, 0xFF, 0xFF, 0x00, 0x00, 0x00, 0x00
	.byte 0x64, 0x00, 0x00, 0x00, 0x02, 0x00, 0x00, 0x00, 0x04, 0x00, 0x00, 0x00, 0xFF, 0xFF, 0xFF, 0xFF
	.byte 0x00, 0x00, 0x00, 0x00, 0x64, 0x00, 0x00, 0x00, 0x02, 0x00, 0x00, 0x00, 0x04, 0x00, 0x00, 0x00
	.byte 0xFF, 0xFF, 0xFF, 0xFF, 0x24, 0x00, 0x00, 0x00, 0x01, 0x00, 0x00, 0x00, 0x2F, 0x00, 0x00, 0x00
	.byte 0x21, 0x00, 0x00, 0x00, 0x00, 0x00, 0x00, 0x00, 0x49, 0x00, 0x00, 0x00, 0x13, 0x00, 0x00, 0x00
	.byte 0x01, 0x00, 0x00, 0x00, 0x14, 0x00, 0x00, 0x00, 0x13, 0x00, 0x00, 0x00, 0x21, 0x00, 0x00, 0x00
	.byte 0x11, 0x00, 0x00, 0x00, 0x13, 0x00, 0x00, 0x00, 0x42, 0x00, 0x00, 0x00, 0x0E, 0x00, 0x00, 0x00
	.byte 0x13, 0x00, 0x00, 0x00, 0x43, 0x00, 0x00, 0x00, 0x0B, 0x00, 0x00, 0x00, 0x13, 0x00, 0x00, 0x00
	.byte 0xA7, 0x00, 0x00, 0x00, 0x08, 0x00, 0x00, 0x00, 0x13, 0x00, 0x00, 0x00, 0x31, 0x00, 0x00, 0x00
	.byte 0x0B, 0x00, 0x00, 0x00, 0x13, 0x00, 0x00, 0x00, 0x54, 0x00, 0x00, 0x00, 0x0E, 0x00, 0x00, 0x00
	.byte 0x4C, 0x00, 0x00, 0x00, 0x15, 0x00, 0x00, 0x00, 0x0A, 0x00, 0x00, 0x00, 0x00, 0x00, 0x00, 0x00
	.byte 0xFF, 0x00, 0x00, 0x00, 0x0C, 0x00, 0x00, 0x00, 0x4C, 0x00, 0x00, 0x00, 0x0F, 0x00, 0x00, 0x00
	.byte 0x0C, 0x00, 0x00, 0x00, 0x00, 0x00, 0x00, 0x00, 0x07, 0x00, 0x00, 0x00, 0x06, 0x00, 0x00, 0x00
	.byte 0x4C, 0x00, 0x00, 0x00, 0x09, 0x00, 0x00, 0x00, 0x0D, 0x00, 0x00, 0x00, 0x00, 0x00, 0x00, 0x00
	.byte 0x04, 0x00, 0x00, 0x00, 0x05, 0x00, 0x00, 0x00, 0x00, 0x00, 0x00, 0x00, 0x64, 0x00, 0x00, 0x00
	.byte 0x02, 0x00, 0x00, 0x00, 0x04, 0x00, 0x00, 0x00, 0x01, 0x00, 0x00, 0x00, 0x4D, 0x00, 0x00, 0x00
	.byte 0x2B, 0x00, 0x00, 0x00, 0x00, 0x00, 0x00, 0x00, 0x1F, 0x00, 0x00, 0x00, 0x2B, 0x00, 0x00, 0x00
	.byte 0x0A, 0x00, 0x00, 0x00, 0x1C, 0x00, 0x00, 0x00, 0x2B, 0x00, 0x00, 0x00, 0x14, 0x00, 0x00, 0x00
	.byte 0x19, 0x00, 0x00, 0x00, 0x29, 0x00, 0x00, 0x00, 0x01, 0x00, 0x00, 0x00, 0x13, 0x00, 0x00, 0x00
	.byte 0x36, 0x00, 0x00, 0x00, 0x09, 0x00, 0x00, 0x00, 0x24, 0x00, 0x00, 0x00, 0x01, 0x00, 0x00, 0x00
	.byte 0x0D, 0x00, 0x00, 0x00, 0x06, 0x00, 0x00, 0x00, 0x01, 0x00, 0x00, 0x00, 0x28, 0x00, 0x00, 0x00
	.byte 0x0D, 0x00, 0x00, 0x00, 0x4C, 0x00, 0x00, 0x00, 0x0D, 0x00, 0x00, 0x00, 0x00, 0x00, 0x00, 0x00
	.byte 0x50, 0x00, 0x00, 0x00, 0x0A, 0x00, 0x00, 0x00, 0x04, 0x00, 0x00, 0x00, 0x01, 0x00, 0x00, 0x00
	.byte 0x4C, 0x00, 0x00, 0x00, 0x06, 0x00, 0x00, 0x00, 0x05, 0x00, 0x00, 0x00, 0x01, 0x00, 0x00, 0x00
	.byte 0x3C, 0x00, 0x00, 0x00, 0x02, 0x00, 0x00, 0x00, 0x04, 0x00, 0x00, 0x00, 0xFF, 0xFF, 0xFF, 0xFF
	.byte 0x4D, 0x00, 0x00, 0x00, 0x24, 0x00, 0x00, 0x00, 0x01, 0x00, 0x00, 0x00, 0x0F, 0x00, 0x00, 0x00
	.byte 0x21, 0x00, 0x00, 0x00, 0x00, 0x00, 0x00, 0x00, 0x48, 0x00, 0x00, 0x00, 0x13, 0x00, 0x00, 0x00
	.byte 0x00, 0x00, 0x00, 0x00, 0x04, 0x00, 0x00, 0x00, 0x04, 0x00, 0x00, 0x00, 0x01, 0x00, 0x00, 0x00
	.byte 0x4C, 0x00, 0x00, 0x00, 0x05, 0x00, 0x00, 0x00, 0x00, 0x00, 0x00, 0x00, 0x64, 0x00, 0x00, 0x00
	.byte 0x02, 0x00, 0x00, 0x00, 0x04, 0x00, 0x00, 0x00, 0xFF, 0xFF, 0xFF, 0xFF, 0x4D, 0x00, 0x00, 0x00
	.byte 0x09, 0x00, 0x00, 0x00, 0x00, 0x00, 0x00, 0x00, 0x07, 0x00, 0x00, 0x00, 0x50, 0x00, 0x00, 0x00
	.byte 0x0B, 0x00, 0x00, 0x00, 0x00, 0x00, 0x00, 0x00, 0x00, 0x00, 0x0F, 0x00, 0x4C, 0x00, 0x00, 0x00
	.byte 0x0B, 0x00, 0x00, 0x00, 0x00, 0x00, 0x00, 0x00, 0x07, 0x00, 0x00, 0x00, 0x48, 0x00, 0x00, 0x00
	.byte 0x06, 0x00, 0x00, 0x00, 0x01, 0x00, 0x00, 0x00, 0x1E, 0x00, 0x00, 0x00, 0x05, 0x00, 0x00, 0x00
	.byte 0x00, 0x00, 0x00, 0x00, 0x0A, 0x00, 0x00, 0x00, 0x02, 0x00, 0x00, 0x00, 0x04, 0x00, 0x00, 0x00
	.byte 0xFF, 0xFF, 0xFF, 0xFF, 0x06, 0x00, 0x00, 0x00, 0x01, 0x00, 0x00, 0x00, 0x32, 0x00, 0x00, 0x00
	.byte 0x05, 0x00, 0x00, 0x00, 0x00, 0x00, 0x00, 0x00, 0x64, 0x00, 0x00, 0x00, 0x02, 0x00, 0x00, 0x00
	.byte 0x04, 0x00, 0x00, 0x00, 0xFF, 0xFF, 0xFF, 0xFF, 0x37, 0x00, 0x00, 0x00, 0x01, 0x00, 0x00, 0x00
	.byte 0xF3, 0x00, 0x00, 0x00, 0x2C, 0x00, 0x00, 0x00, 0x21, 0x00, 0x00, 0x00, 0x00, 0x00, 0x00, 0x00
	.byte 0x48, 0x00, 0x00, 0x00, 0x13, 0x00, 0x00, 0x00, 0x00, 0x00, 0x00, 0x00, 0x12, 0x00, 0x00, 0x00
	.byte 0x50, 0x00, 0x00, 0x00, 0x05, 0x00, 0x00, 0x00, 0x00, 0x00, 0x00, 0x00, 0x64, 0x00, 0x00, 0x00
	.byte 0x02, 0x00, 0x00, 0x00, 0x04, 0x00, 0x00, 0x00, 0x01, 0x00, 0x00, 0x00, 0x5E, 0x00, 0x00, 0x00
	.byte 0x14, 0x00, 0x00, 0x00, 0x00, 0x00, 0x00, 0x00, 0x21, 0x00, 0x00, 0x00, 0x00, 0x00, 0x00, 0x00
	.byte 0x64, 0x00, 0x00, 0x00, 0x20, 0x00, 0x00, 0x00, 0x04, 0x00, 0x00, 0x00, 0x01, 0x00, 0x00, 0x00
	.byte 0x4C, 0x00, 0x00, 0x00, 0x1C, 0x00, 0x00, 0x00, 0x50, 0x00, 0x00, 0x00, 0x05, 0x00, 0x00, 0x00
	.byte 0x00, 0x00, 0x00, 0x00, 0x64, 0x00, 0x00, 0x00, 0x02, 0x00, 0x00, 0x00, 0x04, 0x00, 0x00, 0x00
	.byte 0x01, 0x00, 0x00, 0x00, 0x1E, 0x00, 0x00, 0x00, 0x00, 0x00, 0x00, 0x00, 0x19, 0x00, 0x00, 0x00
	.byte 0x11, 0x00, 0x00, 0x00, 0x10, 0x00, 0x00, 0x00, 0x1E, 0x00, 0x00, 0x00, 0x02, 0x00, 0x00, 0x00
	.byte 0x19, 0x00, 0x00, 0x00, 0x0C, 0x00, 0x00, 0x00, 0x0B, 0x00, 0x00, 0x00, 0x00, 0x00, 0x00, 0x00
	.byte 0x32, 0x00, 0x00, 0x00, 0x08, 0x00, 0x00, 0x00, 0x00, 0x00, 0x00, 0x00, 0x64, 0x00, 0x00, 0x00
	.byte 0x02, 0x00, 0x00, 0x00, 0x04, 0x00, 0x00, 0x00, 0x04, 0x00, 0x00, 0x00, 0x4D, 0x00, 0x00, 0x00
	.byte 0x04, 0x00, 0x00, 0x00, 0xFF, 0xFF, 0xFF, 0xFF, 0x4D, 0x00, 0x00, 0x00, 0x00, 0x00, 0x00, 0x00
	.byte 0x01, 0x00, 0x00, 0x00, 0x02, 0x00, 0x00, 0x00, 0x03, 0x00, 0x00, 0x00, 0x04, 0x00, 0x00, 0x00
	.byte 0x05, 0x00, 0x00, 0x00, 0x06, 0x00, 0x00, 0x00, 0x07, 0x00, 0x00, 0x00, 0x08, 0x00, 0x00, 0x00
	.byte 0xFF, 0xFF, 0xFF, 0xFF, 0x3B, 0x00, 0x00, 0x00, 0x00, 0x00, 0x00, 0x00, 0x00, 0x00, 0x00, 0x00
	.byte 0x09, 0x00, 0x00, 0x00, 0x24, 0x00, 0x00, 0x00, 0x01, 0x00, 0x00, 0x00, 0x0D, 0x00, 0x00, 0x00
	.byte 0x21, 0x00, 0x00, 0x00, 0x00, 0x00, 0x00, 0x00, 0x49, 0x00, 0x00, 0x00, 0x1A, 0x00, 0x00, 0x00
	.byte 0x0A, 0x00, 0x00, 0x00, 0x07, 0x00, 0x00, 0x00, 0x00, 0x00, 0x00, 0x00, 0x1E, 0x00, 0x00, 0x00
	.byte 0x06, 0x00, 0x00, 0x00, 0x04, 0x00, 0x00, 0x00, 0x03, 0x00, 0x00, 0x00, 0x4C, 0x00, 0x00, 0x00
	.byte 0x02, 0x00, 0x00, 0x00, 0x04, 0x00, 0x00, 0x00, 0xFE, 0xFF, 0xFF, 0xFF, 0x4D, 0x00, 0x00, 0x00
	.byte 0x08, 0x00, 0x00, 0x00, 0x0A, 0x00, 0x00, 0x00, 0x0B, 0x00, 0x00, 0x00, 0x0C, 0x00, 0x00, 0x00
	.byte 0x0D, 0x00, 0x00, 0x00, 0x19, 0x00, 0x00, 0x00, 0x1C, 0x00, 0x00, 0x00, 0x1E, 0x00, 0x00, 0x00
	.byte 0x21, 0x00, 0x00, 0x00, 0x23, 0x00, 0x00, 0x00, 0x25, 0x00, 0x00, 0x00, 0x28, 0x00, 0x00, 0x00
	.byte 0x36, 0x00, 0x00, 0x00, 0x31, 0x00, 0x00, 0x00, 0x42, 0x00, 0x00, 0x00, 0x43, 0x00, 0x00, 0x00
	.byte 0x54, 0x00, 0x00, 0x00, 0x55, 0x00, 0x00, 0x00, 0x32, 0x00, 0x00, 0x00, 0x5A, 0x00, 0x00, 0x00
	.byte 0x5D, 0x00, 0x00, 0x00, 0x5E, 0x00, 0x00, 0x00, 0x66, 0x00, 0x00, 0x00, 0x6A, 0x00, 0x00, 0x00
	.byte 0x6B, 0x00, 0x00, 0x00, 0x6F, 0x00, 0x00, 0x00, 0xBF, 0x00, 0x00, 0x00, 0x71, 0x00, 0x00, 0x00
	.byte 0x72, 0x00, 0x00, 0x00, 0x73, 0x00, 0x00, 0x00, 0x74, 0x00, 0x00, 0x00, 0x76, 0x00, 0x00, 0x00
	.byte 0x78, 0x00, 0x00, 0x00, 0x7C, 0x00, 0x00, 0x00, 0x88, 0x00, 0x00, 0x00, 0x89, 0x00, 0x00, 0x00
	.byte 0x8E, 0x00, 0x00, 0x00, 0x8F, 0x00, 0x00, 0x00, 0x94, 0x00, 0x00, 0x00, 0x9E, 0x00, 0x00, 0x00
	.byte 0xA0, 0x00, 0x00, 0x00, 0xA1, 0x00, 0x00, 0x00, 0xA2, 0x00, 0x00, 0x00, 0xA4, 0x00, 0x00, 0x00
	.byte 0xA5, 0x00, 0x00, 0x00, 0xA7, 0x00, 0x00, 0x00, 0xAC, 0x00, 0x00, 0x00, 0xAE, 0x00, 0x00, 0x00
	.byte 0xB1, 0x00, 0x00, 0x00, 0xB2, 0x00, 0x00, 0x00, 0xB5, 0x00, 0x00, 0x00, 0xB8, 0x00, 0x00, 0x00
	.byte 0xBC, 0x00, 0x00, 0x00, 0xBF, 0x00, 0x00, 0x00, 0xC0, 0x00, 0x00, 0x00, 0xC1, 0x00, 0x00, 0x00
	.byte 0xC2, 0x00, 0x00, 0x00, 0xC7, 0x00, 0x00, 0x00, 0xC9, 0x00, 0x00, 0x00, 0xD2, 0x00, 0x00, 0x00
	.byte 0xD4, 0x00, 0x00, 0x00, 0xD5, 0x00, 0x00, 0x00, 0xD7, 0x00, 0x00, 0x00, 0xD8, 0x00, 0x00, 0x00
	.byte 0xDC, 0x00, 0x00, 0x00, 0xDE, 0x00, 0x00, 0x00, 0xDF, 0x00, 0x00, 0x00, 0xE1, 0x00, 0x00, 0x00
	.byte 0xE2, 0x00, 0x00, 0x00, 0xE9, 0x00, 0x00, 0x00, 0xEA, 0x00, 0x00, 0x00, 0xEC, 0x00, 0x00, 0x00
	.byte 0xEE, 0x00, 0x00, 0x00, 0xEF, 0x00, 0x00, 0x00, 0xF0, 0x00, 0x00, 0x00, 0xF3, 0x00, 0x00, 0x00
	.byte 0xF4, 0x00, 0x00, 0x00, 0xF7, 0x00, 0x00, 0x00, 0xFA, 0x00, 0x00, 0x00, 0xFB, 0x00, 0x00, 0x00
	.byte 0xFC, 0x00, 0x00, 0x00, 0x03, 0x01, 0x00, 0x00, 0xFF, 0xFF, 0xFF, 0xFF, 0x05, 0x00, 0x00, 0x00
	.byte 0x00, 0x00, 0x00, 0x00, 0x50, 0x00, 0x00, 0x00, 0x13, 0x00, 0x00, 0x00, 0x24, 0x00, 0x00, 0x00
	.byte 0x01, 0x00, 0x00, 0x00, 0x08, 0x00, 0x00, 0x00, 0x06, 0x00, 0x00, 0x00, 0x01, 0x00, 0x00, 0x00
	.byte 0x28, 0x00, 0x00, 0x00, 0x0C, 0x00, 0x00, 0x00, 0x04, 0x00, 0x00, 0x00, 0x01, 0x00, 0x00, 0x00
	.byte 0x4C, 0x00, 0x00, 0x00, 0x0A, 0x00, 0x00, 0x00, 0x06, 0x00, 0x00, 0x00, 0x01, 0x00, 0x00, 0x00
	.byte 0x3C, 0x00, 0x00, 0x00, 0x04, 0x00, 0x00, 0x00, 0x04, 0x00, 0x00, 0x00, 0x01, 0x00, 0x00, 0x00
	.byte 0x4C, 0x00, 0x00, 0x00, 0x02, 0x00, 0x00, 0x00, 0x04, 0x00, 0x00, 0x00, 0xFF, 0xFF, 0xFF, 0xFF
	.byte 0x4D, 0x00, 0x00, 0x00, 0x04, 0x00, 0x00, 0x00, 0x02, 0x00, 0x00, 0x00, 0x4D, 0x00, 0x00, 0x00
	.byte 0x00, 0x00, 0x00, 0x00, 0x80, 0x00, 0x00, 0x00, 0x02, 0x00, 0x00, 0x00, 0x04, 0x00, 0x00, 0x00
	.byte 0x02, 0x00, 0x00, 0x00, 0x4D, 0x00, 0x00, 0x00, 0x09, 0x00, 0x00, 0x00, 0x01, 0x00, 0x00, 0x00
	.byte 0x07, 0x00, 0x00, 0x00, 0xE8, 0xF6, 0xFF, 0xFF, 0x04, 0x00, 0x00, 0x00, 0xFB, 0xFF, 0xFF, 0xFF
	.byte 0x4D, 0x00, 0x00, 0x00, 0x04, 0x00, 0x00, 0x00, 0xFF, 0xFF, 0xFF, 0xFF, 0x24, 0x00, 0x00, 0x00
	.byte 0x01, 0x00, 0x00, 0x00, 0x1B, 0x00, 0x00, 0x00, 0x06, 0x00, 0x00, 0x00, 0x01, 0x00, 0x00, 0x00
	.byte 0x46, 0x00, 0x00, 0x00, 0x17, 0x00, 0x00, 0x00, 0x00, 0x00, 0x00, 0x00, 0x80, 0x00, 0x00, 0x00
	.byte 0x02, 0x00, 0x00, 0x00, 0x04, 0x00, 0x00, 0x00, 0x01, 0x00, 0x00, 0x00, 0x06, 0x00, 0x00, 0x00
	.byte 0x01, 0x00, 0x00, 0x00, 0x32, 0x00, 0x00, 0x00, 0x0E, 0x00, 0x00, 0x00, 0x00, 0x00, 0x00, 0x00
	.byte 0x80, 0x00, 0x00, 0x00, 0x02, 0x00, 0x00, 0x00, 0x04, 0x00, 0x00, 0x00, 0x01, 0x00, 0x00, 0x00
	.byte 0x06, 0x00, 0x00, 0x00, 0x01, 0x00, 0x00, 0x00, 0x1E, 0x00, 0x00, 0x00, 0x05, 0x00, 0x00, 0x00
	.byte 0x00, 0x00, 0x00, 0x00, 0x64, 0x00, 0x00, 0x00, 0x02, 0x00, 0x00, 0x00, 0x04, 0x00, 0x00, 0x00
	.byte 0x02, 0x00, 0x00, 0x00, 0x4D, 0x00, 0x00, 0x00, 0x24, 0x00, 0x00, 0x00, 0x01, 0x00, 0x00, 0x00
	.byte 0x0E, 0x00, 0x00, 0x00, 0x06, 0x00, 0x00, 0x00, 0x01, 0x00, 0x00, 0x00, 0x21, 0x00, 0x00, 0x00
	.byte 0x1D, 0x00, 0x00, 0x00, 0x06, 0x00, 0x00, 0x00, 0x01, 0x00, 0x00, 0x00, 0x14, 0x00, 0x00, 0x00
	.byte 0x1B, 0x00, 0x00, 0x00, 0x05, 0x00, 0x00, 0x00, 0x01, 0x00, 0x00, 0x00, 0x08, 0x00, 0x00, 0x00
	.byte 0x0C, 0x00, 0x00, 0x00, 0x4C, 0x00, 0x00, 0x00, 0x0C, 0x00, 0x00, 0x00, 0x06, 0x00, 0x00, 0x00
	.byte 0x01, 0x00, 0x00, 0x00, 0x3C, 0x00, 0x00, 0x00, 0x0F, 0x00, 0x00, 0x00, 0x06, 0x00, 0x00, 0x00
	.byte 0x01, 0x00, 0x00, 0x00, 0x28, 0x00, 0x00, 0x00, 0x0D, 0x00, 0x00, 0x00, 0x4C, 0x00, 0x00, 0x00
	.byte 0x02, 0x00, 0x00, 0x00, 0x04, 0x00, 0x00, 0x00, 0x01, 0x00, 0x00, 0x00, 0x00, 0x00, 0x00, 0x00
	.byte 0x64, 0x00, 0x00, 0x00, 0x06, 0x00, 0x00, 0x00, 0x04, 0x00, 0x00, 0x00, 0x01, 0x00, 0x00, 0x00
	.byte 0x4C, 0x00, 0x00, 0x00, 0x02, 0x00, 0x00, 0x00, 0x04, 0x00, 0x00, 0x00, 0xFF, 0xFF, 0xFF, 0xFF
	.byte 0x4D, 0x00, 0x00, 0x00, 0x09, 0x00, 0x00, 0x00, 0x01, 0x00, 0x00, 0x00, 0xFF, 0x00, 0x00, 0x00
	.byte 0x06, 0x00, 0x00, 0x00, 0x2C, 0x00, 0x00, 0x00, 0x01, 0x00, 0x00, 0x00, 0xFF, 0x00, 0x00, 0x00
	.byte 0x02, 0x00, 0x00, 0x00, 0x04, 0x00, 0x00, 0x00, 0xFB, 0xFF, 0xFF, 0xFF, 0x4D, 0x00, 0x00, 0x00
	.byte 0x41, 0x00, 0x00, 0x00, 0x00, 0x00, 0x00, 0x00, 0x1A, 0x00, 0x00, 0x00, 0x0A, 0x00, 0x00, 0x00
	.byte 0x07, 0x00, 0x00, 0x00, 0x00, 0x00, 0x00, 0x00, 0x32, 0x00, 0x00, 0x00, 0x06, 0x00, 0x00, 0x00
	.byte 0x04, 0x00, 0x00, 0x00, 0x01, 0x00, 0x00, 0x00, 0x4C, 0x00, 0x00, 0x00, 0x02, 0x00, 0x00, 0x00
	.byte 0x04, 0x00, 0x00, 0x00, 0xFE, 0xFF, 0xFF, 0xFF, 0x4D, 0x00, 0x00, 0x00, 0x06, 0x00, 0x00, 0x00
	.byte 0x0C, 0x00, 0x00, 0x00, 0x01, 0x00, 0x00, 0x00, 0x30, 0x00, 0x00, 0x00, 0x45, 0x00, 0x00, 0x00
	.byte 0x47, 0x00, 0x00, 0x00, 0x5B, 0x00, 0x00, 0x00, 0x13, 0x00, 0x00, 0x00, 0x14, 0x00, 0x00, 0x00
	.byte 0x15, 0x00, 0x00, 0x00, 0x16, 0x00, 0x00, 0x00, 0x17, 0x00, 0x00, 0x00, 0x18, 0x00, 0x00, 0x00
	.byte 0x19, 0x00, 0x00, 0x00, 0x1A, 0x00, 0x00, 0x00, 0x1B, 0x00, 0x00, 0x00, 0x1C, 0x00, 0x00, 0x00
	.byte 0x1D, 0x00, 0x00, 0x00, 0x1E, 0x00, 0x00, 0x00, 0x1F, 0x00, 0x00, 0x00, 0x20, 0x00, 0x00, 0x00
	.byte 0x21, 0x00, 0x00, 0x00, 0x22, 0x00, 0x00, 0x00, 0x23, 0x00, 0x00, 0x00, 0x6D, 0x00, 0x00, 0x00
	.byte 0xFF, 0xFF, 0xFF, 0xFF, 0x1E, 0x00, 0x00, 0x00, 0x01, 0x00, 0x00, 0x00, 0x13, 0x00, 0x00, 0x00
	.byte 0x07, 0x00, 0x00, 0x00, 0x34, 0x00, 0x00, 0x00, 0x1E, 0x00, 0x00, 0x00, 0x03, 0x00, 0x00, 0x00
	.byte 0x13, 0x00, 0x00, 0x00, 0x07, 0x00, 0x00, 0x00, 0x2F, 0x00, 0x00, 0x00, 0x32, 0x00, 0x00, 0x00
	.byte 0x01, 0x00, 0x00, 0x00, 0x02, 0x00, 0x00, 0x00, 0x09, 0x00, 0x00, 0x00, 0x30, 0x00, 0x00, 0x00
	.byte 0x37, 0x00, 0x00, 0x00, 0x01, 0x00, 0x00, 0x00, 0x68, 0x01, 0x00, 0x00, 0x06, 0x00, 0x00, 0x00
	.byte 0x37, 0x00, 0x00, 0x00, 0x01, 0x00, 0x00, 0x00, 0xB1, 0x01, 0x00, 0x00, 0x02, 0x00, 0x00, 0x00
	.byte 0x4C, 0x00, 0x00, 0x00, 0x05, 0x00, 0x00, 0x00, 0x00, 0x00, 0x00, 0x00, 0x20, 0x00, 0x00, 0x00
	.byte 0x07, 0x00, 0x00, 0x00, 0x04, 0x00, 0x00, 0x00, 0x01, 0x00, 0x00, 0x00, 0x00, 0x00, 0x00, 0x00
	.byte 0x80, 0x00, 0x00, 0x00, 0x02, 0x00, 0x00, 0x00, 0x04, 0x00, 0x00, 0x00, 0x01, 0x00, 0x00, 0x00
	.byte 0x32, 0x00, 0x00, 0x00, 0x01, 0x00, 0x00, 0x00, 0x02, 0x00, 0x00, 0x00, 0x07, 0x00, 0x00, 0x00
	.byte 0x17, 0x00, 0x00, 0x00, 0x00, 0x00, 0x00, 0x00, 0x80, 0x00, 0x00, 0x00, 0x02, 0x00, 0x00, 0x00
	.byte 0x04, 0x00, 0x00, 0x00, 0x01, 0x00, 0x00, 0x00, 0x32, 0x00, 0x00, 0x00, 0x01, 0x00, 0x00, 0x00
	.byte 0x02, 0x00, 0x00, 0x00, 0x06, 0x00, 0x00, 0x00, 0x0D, 0x00, 0x00, 0x00, 0x00, 0x00, 0x00, 0x00
	.byte 0x80, 0x00, 0x00, 0x00, 0x0A, 0x00, 0x00, 0x00, 0x04, 0x00, 0x00, 0x00, 0x01, 0x00, 0x00, 0x00
	.byte 0x4C, 0x00, 0x00, 0x00, 0x06, 0x00, 0x00, 0x00, 0x06, 0x00, 0x00, 0x00, 0x01, 0x00, 0x00, 0x00
	.byte 0x50, 0x00, 0x00, 0x00, 0x02, 0x00, 0x00, 0x00, 0x04, 0x00, 0x00, 0x00, 0xFF, 0xFF, 0xFF, 0xFF
	.byte 0x4D, 0x00, 0x00, 0x00, 0x37, 0x00, 0x00, 0x00, 0x00, 0x00, 0x00, 0x00, 0x6C, 0x01, 0x00, 0x00
	.byte 0x06, 0x00, 0x00, 0x00, 0x37, 0x00, 0x00, 0x00, 0x00, 0x00, 0x00, 0x00, 0xD3, 0x01, 0x00, 0x00
	.byte 0x02, 0x00, 0x00, 0x00, 0x4C, 0x00, 0x00, 0x00, 0x05, 0x00, 0x00, 0x00, 0x00, 0x00, 0x00, 0x00
	.byte 0x80, 0x00, 0x00, 0x00, 0x02, 0x00, 0x00, 0x00, 0x04, 0x00, 0x00, 0x00, 0xFE, 0xFF, 0xFF, 0xFF
	.byte 0x4A, 0x00, 0x00, 0x00, 0x01, 0x00, 0x00, 0x00, 0x12, 0x00, 0x00, 0x00, 0x01, 0x00, 0x00, 0x00
	.byte 0x5E, 0x00, 0x00, 0x00, 0x09, 0x00, 0x00, 0x00, 0x01, 0x00, 0x00, 0x00, 0x80, 0x00, 0x00, 0x00
	.byte 0x56, 0x00, 0x00, 0x00, 0x0B, 0x00, 0x00, 0x00, 0x01, 0x00, 0x00, 0x00, 0x00, 0x00, 0x00, 0x10
	.byte 0x52, 0x00, 0x00, 0x00, 0x0D, 0x00, 0x00, 0x00, 0x01, 0x00, 0x00, 0x00, 0x20, 0x00, 0x00, 0x00
	.byte 0x4E, 0x00, 0x00, 0x00, 0x0B, 0x00, 0x00, 0x00, 0x01, 0x00, 0x00, 0x00, 0x00, 0x00, 0x0F, 0x00
	.byte 0x4A, 0x00, 0x00, 0x00, 0x0D, 0x00, 0x00, 0x00, 0x01, 0x00, 0x00, 0x00, 0x04, 0x00, 0x00, 0x00
	.byte 0x46, 0x00, 0x00, 0x00, 0x0D, 0x00, 0x00, 0x00, 0x01, 0x00, 0x00, 0x00, 0x00, 0x18, 0x00, 0x00
	.byte 0x42, 0x00, 0x00, 0x00, 0x39, 0x00, 0x00, 0x00, 0x00, 0x00, 0x00, 0x00, 0x20, 0x00, 0x00, 0x00
	.byte 0x3E, 0x00, 0x00, 0x00, 0x39, 0x00, 0x00, 0x00, 0x00, 0x00, 0x00, 0x00, 0x9C, 0x00, 0x00, 0x00
	.byte 0x3A, 0x00, 0x00, 0x00, 0x09, 0x00, 0x00, 0x00, 0x00, 0x00, 0x00, 0x00, 0x80, 0x00, 0x00, 0x00
	.byte 0x21, 0x00, 0x00, 0x00, 0x0B, 0x00, 0x00, 0x00, 0x00, 0x00, 0x00, 0x00, 0x00, 0x00, 0x00, 0x10
	.byte 0x1D, 0x00, 0x00, 0x00, 0x0D, 0x00, 0x00, 0x00, 0x00, 0x00, 0x00, 0x00, 0x20, 0x00, 0x00, 0x00
	.byte 0x19, 0x00, 0x00, 0x00, 0x0B, 0x00, 0x00, 0x00, 0x00, 0x00, 0x00, 0x00, 0x00, 0x00, 0x0F, 0x00
	.byte 0x15, 0x00, 0x00, 0x00, 0x0D, 0x00, 0x00, 0x00, 0x00, 0x00, 0x00, 0x00, 0x04, 0x00, 0x00, 0x00
	.byte 0x11, 0x00, 0x00, 0x00, 0x0D, 0x00, 0x00, 0x00, 0x00, 0x00, 0x00, 0x00, 0x00, 0x18, 0x00, 0x00
	.byte 0x0D, 0x00, 0x00, 0x00, 0x45, 0x00, 0x00, 0x00, 0x15, 0x00, 0x00, 0x00, 0x02, 0x00, 0x00, 0x00
	.byte 0x09, 0x00, 0x00, 0x00, 0x0D, 0x00, 0x00, 0x00, 0x01, 0x00, 0x00, 0x00, 0x18, 0x00, 0x00, 0x00
	.byte 0x05, 0x00, 0x00, 0x00, 0x00, 0x00, 0x00, 0x00, 0x55, 0x00, 0x00, 0x00, 0x02, 0x00, 0x00, 0x00
	.byte 0x4C, 0x00, 0x00, 0x00, 0x02, 0x00, 0x00, 0x00, 0x04, 0x00, 0x00, 0x00, 0x02, 0x00, 0x00, 0x00
	.byte 0x00, 0x00, 0x00, 0x00, 0x80, 0x00, 0x00, 0x00, 0x02, 0x00, 0x00, 0x00, 0x04, 0x00, 0x00, 0x00
	.byte 0xFF, 0xFF, 0xFF, 0xFF, 0x4A, 0x00, 0x00, 0x00, 0x01, 0x00, 0x00, 0x00, 0x13, 0x00, 0x00, 0x00
	.byte 0x00, 0x00, 0x00, 0x00, 0x0F, 0x00, 0x00, 0x00, 0x04, 0x00, 0x00, 0x00, 0xFF, 0xFF, 0xFF, 0xFF
	.byte 0x00, 0x00, 0x00, 0x00, 0x80, 0x00, 0x00, 0x00, 0x0A, 0x00, 0x00, 0x00, 0x04, 0x00, 0x00, 0x00
	.byte 0xFF, 0xFF, 0xFF, 0xFF, 0x4C, 0x00, 0x00, 0x00, 0x06, 0x00, 0x00, 0x00, 0x0D, 0x00, 0x00, 0x00
	.byte 0x01, 0x00, 0x00, 0x00, 0x18, 0x00, 0x00, 0x00, 0x02, 0x00, 0x00, 0x00, 0x04, 0x00, 0x00, 0x00
	.byte 0xFE, 0xFF, 0xFF, 0xFF, 0x4D, 0x00, 0x00, 0x00, 0x00, 0x00, 0x00, 0x00, 0x80, 0x00, 0x00, 0x00
	.byte 0x11, 0x00, 0x00, 0x00, 0x04, 0x00, 0x00, 0x00, 0x01, 0x00, 0x00, 0x00, 0x37, 0x00, 0x00, 0x00
	.byte 0x01, 0x00, 0x00, 0x00, 0x2E, 0x00, 0x00, 0x00, 0x06, 0x00, 0x00, 0x00, 0x37, 0x00, 0x00, 0x00
	.byte 0x01, 0x00, 0x00, 0x00, 0x12, 0x00, 0x00, 0x00, 0x02, 0x00, 0x00, 0x00, 0x4C, 0x00, 0x00, 0x00
	.byte 0x05, 0x00, 0x00, 0x00, 0x00, 0x00, 0x00, 0x00, 0x40, 0x00, 0x00, 0x00, 0x02, 0x00, 0x00, 0x00
	.byte 0x04, 0x00, 0x00, 0x00, 0x01, 0x00, 0x00, 0x00, 0x4D, 0x00, 0x00, 0x00, 0x1E, 0x00, 0x00, 0x00
	.byte 0x01, 0x00, 0x00, 0x00, 0x13, 0x00, 0x00, 0x00, 0x07, 0x00, 0x00, 0x00, 0x0E, 0x00, 0x00, 0x00
	.byte 0x1E, 0x00, 0x00, 0x00, 0x03, 0x00, 0x00, 0x00, 0x13, 0x00, 0x00, 0x00, 0x07, 0x00, 0x00, 0x00
	.byte 0x09, 0x00, 0x00, 0x00, 0x32, 0x00, 0x00, 0x00, 0x00, 0x00, 0x00, 0x00, 0x07, 0x00, 0x00, 0x00
	.byte 0x08, 0x00, 0x00, 0x00, 0x07, 0x00, 0x00, 0x00, 0x04, 0x00, 0x00, 0x00, 0xFE, 0xFF, 0xFF, 0xFF
	.byte 0x4C, 0x00, 0x00, 0x00, 0x08, 0x00, 0x00, 0x00, 0x00, 0x00, 0x00, 0x00, 0x50, 0x00, 0x00, 0x00
	.byte 0x05, 0x00, 0x00, 0x00, 0x00, 0x00, 0x00, 0x00, 0x50, 0x00, 0x00, 0x00, 0x02, 0x00, 0x00, 0x00
	.byte 0x04, 0x00, 0x00, 0x00, 0x02, 0x00, 0x00, 0x00, 0x4D, 0x00, 0x00, 0x00, 0x05, 0x00, 0x00, 0x00
	.byte 0x01, 0x00, 0x00, 0x00, 0x04, 0x00, 0x00, 0x00, 0x04, 0x00, 0x00, 0x00, 0x05, 0x00, 0x00, 0x00
	.byte 0x01, 0x00, 0x00, 0x00, 0x23, 0x00, 0x00, 0x00, 0x04, 0x00, 0x00, 0x00, 0x04, 0x00, 0x00, 0x00
	.byte 0xFF, 0xFF, 0xFF, 0xFF, 0x4C, 0x00, 0x00, 0x00, 0x05, 0x00, 0x00, 0x00, 0x00, 0x00, 0x00, 0x00
	.byte 0x46, 0x00, 0x00, 0x00, 0x02, 0x00, 0x00, 0x00, 0x04, 0x00, 0x00, 0x00, 0x01, 0x00, 0x00, 0x00
	.byte 0x4D, 0x00, 0x00, 0x00, 0x32, 0x00, 0x00, 0x00, 0x01, 0x00, 0x00, 0x00, 0x01, 0x00, 0x00, 0x00
	.byte 0x08, 0x00, 0x00, 0x00, 0x16, 0x00, 0x00, 0x00, 0x32, 0x00, 0x00, 0x00, 0x01, 0x00, 0x00, 0x00
	.byte 0x02, 0x00, 0x00, 0x00, 0x08, 0x00, 0x00, 0x00, 0x11, 0x00, 0x00, 0x00, 0x32, 0x00, 0x00, 0x00
	.byte 0x01, 0x00, 0x00, 0x00, 0x04, 0x00, 0x00, 0x00, 0x08, 0x00, 0x00, 0x00, 0x0C, 0x00, 0x00, 0x00
	.byte 0x32, 0x00, 0x00, 0x00, 0x01, 0x00, 0x00, 0x00, 0x05, 0x00, 0x00, 0x00, 0x08, 0x00, 0x00, 0x00
	.byte 0x07, 0x00, 0x00, 0x00, 0x32, 0x00, 0x00, 0x00, 0x01, 0x00, 0x00, 0x00, 0x07, 0x00, 0x00, 0x00
	.byte 0x08, 0x00, 0x00, 0x00, 0x02, 0x00, 0x00, 0x00, 0x4C, 0x00, 0x00, 0x00, 0x14, 0x00, 0x00, 0x00
	.byte 0x24, 0x00, 0x00, 0x00, 0x01, 0x00, 0x00, 0x00, 0x06, 0x00, 0x00, 0x00, 0x06, 0x00, 0x00, 0x00
	.byte 0x01, 0x00, 0x00, 0x00, 0x3C, 0x00, 0x00, 0x00, 0x37, 0x00, 0x00, 0x00, 0x4C, 0x00, 0x00, 0x00
	.byte 0x04, 0x00, 0x00, 0x00, 0x06, 0x00, 0x00, 0x00, 0x01, 0x00, 0x00, 0x00, 0x46, 0x00, 0x00, 0x00
	.byte 0x31, 0x00, 0x00, 0x00, 0x00, 0x00, 0x00, 0x00, 0x50, 0x00, 0x00, 0x00, 0x2E, 0x00, 0x00, 0x00
	.byte 0x04, 0x00, 0x00, 0x00, 0x02, 0x00, 0x00, 0x00, 0x4C, 0x00, 0x00, 0x00, 0x2A, 0x00, 0x00, 0x00
	.byte 0x32, 0x00, 0x00, 0x00, 0x01, 0x00, 0x00, 0x00, 0x01, 0x00, 0x00, 0x00, 0x07, 0x00, 0x00, 0x00
	.byte 0x16, 0x00, 0x00, 0x00, 0x32, 0x00, 0x00, 0x00, 0x01, 0x00, 0x00, 0x00, 0x02, 0x00, 0x00, 0x00
	.byte 0x07, 0x00, 0x00, 0x00, 0x11, 0x00, 0x00, 0x00, 0x32, 0x00, 0x00, 0x00, 0x01, 0x00, 0x00, 0x00
	.byte 0x04, 0x00, 0x00, 0x00, 0x07, 0x00, 0x00, 0x00, 0x0C, 0x00, 0x00, 0x00, 0x32, 0x00, 0x00, 0x00
	.byte 0x01, 0x00, 0x00, 0x00, 0x05, 0x00, 0x00, 0x00, 0x07, 0x00, 0x00, 0x00, 0x07, 0x00, 0x00, 0x00
	.byte 0x32, 0x00, 0x00, 0x00, 0x01, 0x00, 0x00, 0x00, 0x07, 0x00, 0x00, 0x00, 0x07, 0x00, 0x00, 0x00
	.byte 0x02, 0x00, 0x00, 0x00, 0x4C, 0x00, 0x00, 0x00, 0x0D, 0x00, 0x00, 0x00, 0x24, 0x00, 0x00, 0x00
	.byte 0x01, 0x00, 0x00, 0x00, 0x06, 0x00, 0x00, 0x00, 0x06, 0x00, 0x00, 0x00, 0x01, 0x00, 0x00, 0x00
	.byte 0x3C, 0x00, 0x00, 0x00, 0x06, 0x00, 0x00, 0x00, 0x4C, 0x00, 0x00, 0x00, 0x06, 0x00, 0x00, 0x00
	.byte 0x05, 0x00, 0x00, 0x00, 0x01, 0x00, 0x00, 0x00, 0x46, 0x00, 0x00, 0x00, 0x02, 0x00, 0x00, 0x00
	.byte 0x04, 0x00, 0x00, 0x00, 0xFE, 0xFF, 0xFF, 0xFF, 0x4D, 0x00, 0x00, 0x00, 0x43, 0x00, 0x00, 0x00
	.byte 0x01, 0x00, 0x00, 0x00, 0x14, 0x00, 0x00, 0x00, 0x00, 0x00, 0x00, 0x00, 0x16, 0x00, 0x00, 0x00
	.byte 0x1E, 0x00, 0x00, 0x00, 0x00, 0x00, 0x00, 0x00, 0x13, 0x00, 0x00, 0x00, 0x07, 0x00, 0x00, 0x00
	.byte 0x11, 0x00, 0x00, 0x00, 0x1E, 0x00, 0x00, 0x00, 0x00, 0x00, 0x00, 0x00, 0x13, 0x00, 0x00, 0x00
	.byte 0x0E, 0x00, 0x00, 0x00, 0x0C, 0x00, 0x00, 0x00, 0x1E, 0x00, 0x00, 0x00, 0x02, 0x00, 0x00, 0x00
	.byte 0x13, 0x00, 0x00, 0x00, 0x07, 0x00, 0x00, 0x00, 0x07, 0x00, 0x00, 0x00, 0x1E, 0x00, 0x00, 0x00
	.byte 0x02, 0x00, 0x00, 0x00, 0x13, 0x00, 0x00, 0x00, 0x0E, 0x00, 0x00, 0x00, 0x02, 0x00, 0x00, 0x00
	.byte 0x4C, 0x00, 0x00, 0x00, 0x05, 0x00, 0x00, 0x00, 0x00, 0x00, 0x00, 0x00, 0x80, 0x00, 0x00, 0x00
	.byte 0x02, 0x00, 0x00, 0x00, 0x04, 0x00, 0x00, 0x00, 0x01, 0x00, 0x00, 0x00, 0x38, 0x00, 0x00, 0x00
	.byte 0x00, 0x00, 0x00, 0x00, 0x71, 0x01, 0x00, 0x00, 0x05, 0x00, 0x00, 0x00, 0x00, 0x00, 0x00, 0x00
	.byte 0x80, 0x00, 0x00, 0x00, 0x02, 0x00, 0x00, 0x00, 0x04, 0x00, 0x00, 0x00, 0x01, 0x00, 0x00, 0x00
	.byte 0x4D, 0x00, 0x00, 0x00, 0x24, 0x00, 0x00, 0x00, 0x00, 0x00, 0x00, 0x00, 0x05, 0x00, 0x00, 0x00
	.byte 0x29, 0x00, 0x00, 0x00, 0x01, 0x00, 0x00, 0x00, 0x13, 0x00, 0x00, 0x00, 0x21, 0x00, 0x00, 0x00
	.byte 0x1C, 0x00, 0x00, 0x00, 0x05, 0x00, 0x00, 0x00, 0x01, 0x00, 0x00, 0x00, 0x28, 0x00, 0x00, 0x00
	.byte 0x1C, 0x00, 0x00, 0x00, 0x2E, 0x00, 0x00, 0x00, 0x13, 0x00, 0x00, 0x00, 0x04, 0x00, 0x00, 0x00
	.byte 0x14, 0x00, 0x00, 0x00, 0x13, 0x00, 0x00, 0x00, 0x01, 0x00, 0x00, 0x00, 0x11, 0x00, 0x00, 0x00
	.byte 0x13, 0x00, 0x00, 0x00, 0x03, 0x00, 0x00, 0x00, 0x0E, 0x00, 0x00, 0x00, 0x29, 0x00, 0x00, 0x00
	.byte 0x01, 0x00, 0x00, 0x00, 0x13, 0x00, 0x00, 0x00, 0x2C, 0x00, 0x00, 0x00, 0x09, 0x00, 0x00, 0x00
	.byte 0x14, 0x00, 0x00, 0x00, 0x5D, 0x00, 0x00, 0x00, 0x0C, 0x00, 0x00, 0x00, 0x09, 0x00, 0x00, 0x00
	.byte 0x01, 0x00, 0x00, 0x00, 0xFF, 0x00, 0x00, 0x00, 0x02, 0x00, 0x00, 0x00, 0x4C, 0x00, 0x00, 0x00
	.byte 0x06, 0x00, 0x00, 0x00, 0x04, 0x00, 0x00, 0x00, 0x01, 0x00, 0x00, 0x00, 0x4C, 0x00, 0x00, 0x00
	.byte 0x02, 0x00, 0x00, 0x00, 0x04, 0x00, 0x00, 0x00, 0xFF, 0xFF, 0xFF, 0xFF, 0x4D, 0x00, 0x00, 0x00
	.byte 0x05, 0x00, 0x00, 0x00, 0x01, 0x00, 0x00, 0x00, 0x28, 0x00, 0x00, 0x00, 0x1C, 0x00, 0x00, 0x00
	.byte 0x2E, 0x00, 0x00, 0x00, 0x13, 0x00, 0x00, 0x00, 0x04, 0x00, 0x00, 0x00, 0x14, 0x00, 0x00, 0x00
	.byte 0x13, 0x00, 0x00, 0x00, 0x02, 0x00, 0x00, 0x00, 0x11, 0x00, 0x00, 0x00, 0x13, 0x00, 0x00, 0x00
	.byte 0x03, 0x00, 0x00, 0x00, 0x0E, 0x00, 0x00, 0x00, 0x29, 0x00, 0x00, 0x00, 0x01, 0x00, 0x00, 0x00
	.byte 0x13, 0x00, 0x00, 0x00, 0x7A, 0x00, 0x00, 0x00, 0x09, 0x00, 0x00, 0x00, 0x14, 0x00, 0x00, 0x00
	.byte 0x66, 0x00, 0x00, 0x00, 0x0C, 0x00, 0x00, 0x00, 0x09, 0x00, 0x00, 0x00, 0x01, 0x00, 0x00, 0x00
	.byte 0xFF, 0x00, 0x00, 0x00, 0x02, 0x00, 0x00, 0x00, 0x4C, 0x00, 0x00, 0x00, 0x06, 0x00, 0x00, 0x00
	.byte 0x04, 0x00, 0x00, 0x00, 0x01, 0x00, 0x00, 0x00, 0x4C, 0x00, 0x00, 0x00, 0x02, 0x00, 0x00, 0x00
	.byte 0x04, 0x00, 0x00, 0x00, 0xFF, 0xFF, 0xFF, 0xFF, 0x4D, 0x00, 0x00, 0x00, 0x05, 0x00, 0x00, 0x00
	.byte 0x01, 0x00, 0x00, 0x00, 0x5A, 0x00, 0x00, 0x00, 0x02, 0x00, 0x00, 0x00, 0x4C, 0x00, 0x00, 0x00
	.byte 0x02, 0x00, 0x00, 0x00, 0x04, 0x00, 0x00, 0x00, 0xFE, 0xFF, 0xFF, 0xFF, 0x4D, 0x00, 0x00, 0x00
	.byte 0x32, 0x00, 0x00, 0x00, 0x00, 0x00, 0x00, 0x00, 0x01, 0x00, 0x00, 0x00, 0x08, 0x00, 0x00, 0x00
	.byte 0x16, 0x00, 0x00, 0x00, 0x32, 0x00, 0x00, 0x00, 0x00, 0x00, 0x00, 0x00, 0x02, 0x00, 0x00, 0x00
	.byte 0x08, 0x00, 0x00, 0x00, 0x11, 0x00, 0x00, 0x00, 0x32, 0x00, 0x00, 0x00, 0x00, 0x00, 0x00, 0x00
	.byte 0x04, 0x00, 0x00, 0x00, 0x08, 0x00, 0x00, 0x00, 0x0C, 0x00, 0x00, 0x00, 0x32, 0x00, 0x00, 0x00
	.byte 0x00, 0x00, 0x00, 0x00, 0x05, 0x00, 0x00, 0x00, 0x08, 0x00, 0x00, 0x00, 0x07, 0x00, 0x00, 0x00
	.byte 0x32, 0x00, 0x00, 0x00, 0x00, 0x00, 0x00, 0x00, 0x07, 0x00, 0x00, 0x00, 0x08, 0x00, 0x00, 0x00
	.byte 0x02, 0x00, 0x00, 0x00, 0x4C, 0x00, 0x00, 0x00, 0x23, 0x00, 0x00, 0x00, 0x31, 0x00, 0x00, 0x00
	.byte 0x01, 0x00, 0x00, 0x00, 0x01, 0x00, 0x00, 0x00, 0x07, 0x00, 0x00, 0x00, 0x1B, 0x00, 0x00, 0x00
	.byte 0x31, 0x00, 0x00, 0x00, 0x01, 0x00, 0x00, 0x00, 0x02, 0x00, 0x00, 0x00, 0x07, 0x00, 0x00, 0x00
	.byte 0x16, 0x00, 0x00, 0x00, 0x31, 0x00, 0x00, 0x00, 0x01, 0x00, 0x00, 0x00, 0x04, 0x00, 0x00, 0x00
	.byte 0x07, 0x00, 0x00, 0x00, 0x11, 0x00, 0x00, 0x00, 0x31, 0x00, 0x00, 0x00, 0x01, 0x00, 0x00, 0x00
	.byte 0x05, 0x00, 0x00, 0x00, 0x07, 0x00, 0x00, 0x00, 0x0C, 0x00, 0x00, 0x00, 0x31, 0x00, 0x00, 0x00
	.byte 0x01, 0x00, 0x00, 0x00, 0x07, 0x00, 0x00, 0x00, 0x07, 0x00, 0x00, 0x00, 0x05, 0x00, 0x00, 0x00
	.byte 0x00, 0x00, 0x00, 0x00, 0x32, 0x00, 0x00, 0x00, 0x09, 0x00, 0x00, 0x00, 0x4C, 0x00, 0x00, 0x00
	.byte 0x05, 0x00, 0x00, 0x00, 0x04, 0x00, 0x00, 0x00, 0x01, 0x00, 0x00, 0x00, 0x04, 0x00, 0x00, 0x00
	.byte 0x01, 0x00, 0x00, 0x00, 0x4D, 0x00, 0x00, 0x00, 0x04, 0x00, 0x00, 0x00, 0xFE, 0xFF, 0xFF, 0xFF
	.byte 0x4D, 0x00, 0x00, 0x00, 0x09, 0x00, 0x00, 0x00, 0x00, 0x00, 0x00, 0x00, 0x07, 0x00, 0x00, 0x00
	.byte 0x50, 0x00, 0x00, 0x00, 0x0B, 0x00, 0x00, 0x00, 0x00, 0x00, 0x00, 0x00, 0x00, 0x00, 0x0F, 0x00
	.byte 0x4C, 0x00, 0x00, 0x00, 0x0B, 0x00, 0x00, 0x00, 0x00, 0x00, 0x00, 0x00, 0x07, 0x00, 0x00, 0x00
	.byte 0x48, 0x00, 0x00, 0x00, 0x06, 0x00, 0x00, 0x00, 0x01, 0x00, 0x00, 0x00, 0x1E, 0x00, 0x00, 0x00
	.byte 0x05, 0x00, 0x00, 0x00, 0x00, 0x00, 0x00, 0x00, 0x0A, 0x00, 0x00, 0x00, 0x02, 0x00, 0x00, 0x00
	.byte 0x04, 0x00, 0x00, 0x00, 0xFF, 0xFF, 0xFF, 0xFF, 0x06, 0x00, 0x00, 0x00, 0x01, 0x00, 0x00, 0x00
	.byte 0x32, 0x00, 0x00, 0x00, 0x05, 0x00, 0x00, 0x00, 0x00, 0x00, 0x00, 0x00, 0x64, 0x00, 0x00, 0x00
	.byte 0x02, 0x00, 0x00, 0x00, 0x04, 0x00, 0x00, 0x00, 0xFF, 0xFF, 0xFF, 0xFF, 0x37, 0x00, 0x00, 0x00
	.byte 0x01, 0x00, 0x00, 0x00, 0x44, 0x00, 0x00, 0x00, 0x2C, 0x00, 0x00, 0x00, 0x21, 0x00, 0x00, 0x00
	.byte 0x00, 0x00, 0x00, 0x00, 0x48, 0x00, 0x00, 0x00, 0x13, 0x00, 0x00, 0x00, 0x00, 0x00, 0x00, 0x00
	.byte 0x12, 0x00, 0x00, 0x00, 0x50, 0x00, 0x00, 0x00, 0x05, 0x00, 0x00, 0x00, 0x00, 0x00, 0x00, 0x00
	.byte 0x64, 0x00, 0x00, 0x00, 0x02, 0x00, 0x00, 0x00, 0x04, 0x00, 0x00, 0x00, 0x01, 0x00, 0x00, 0x00
	.byte 0x5E, 0x00, 0x00, 0x00, 0x14, 0x00, 0x00, 0x00, 0x01, 0x00, 0x00, 0x00, 0x21, 0x00, 0x00, 0x00
	.byte 0x00, 0x00, 0x00, 0x00, 0x64, 0x00, 0x00, 0x00, 0x20, 0x00, 0x00, 0x00, 0x04, 0x00, 0x00, 0x00
	.byte 0x01, 0x00, 0x00, 0x00, 0x4C, 0x00, 0x00, 0x00, 0x1C, 0x00, 0x00, 0x00, 0x50, 0x00, 0x00, 0x00
	.byte 0x05, 0x00, 0x00, 0x00, 0x00, 0x00, 0x00, 0x00, 0x64, 0x00, 0x00, 0x00, 0x02, 0x00, 0x00, 0x00
	.byte 0x04, 0x00, 0x00, 0x00, 0x01, 0x00, 0x00, 0x00, 0x1E, 0x00, 0x00, 0x00, 0x00, 0x00, 0x00, 0x00
	.byte 0x19, 0x00, 0x00, 0x00, 0x11, 0x00, 0x00, 0x00, 0x10, 0x00, 0x00, 0x00, 0x1E, 0x00, 0x00, 0x00
	.byte 0x02, 0x00, 0x00, 0x00, 0x19, 0x00, 0x00, 0x00, 0x0C, 0x00, 0x00, 0x00, 0x0B, 0x00, 0x00, 0x00
	.byte 0x00, 0x00, 0x00, 0x00, 0x32, 0x00, 0x00, 0x00, 0x08, 0x00, 0x00, 0x00, 0x00, 0x00, 0x00, 0x00
	.byte 0x64, 0x00, 0x00, 0x00, 0x02, 0x00, 0x00, 0x00, 0x04, 0x00, 0x00, 0x00, 0x04, 0x00, 0x00, 0x00
	.byte 0x4D, 0x00, 0x00, 0x00, 0x04, 0x00, 0x00, 0x00, 0xFF, 0xFF, 0xFF, 0xFF, 0x4D, 0x00, 0x00, 0x00
	.byte 0x0A, 0x00, 0x00, 0x00, 0x0B, 0x00, 0x00, 0x00, 0x0C, 0x00, 0x00, 0x00, 0x0D, 0x00, 0x00, 0x00
	.byte 0x0E, 0x00, 0x00, 0x00, 0x0F, 0x00, 0x00, 0x00, 0x10, 0x00, 0x00, 0x00, 0x11, 0x00, 0x00, 0x00
	.byte 0xFF, 0xFF, 0xFF, 0xFF, 0x2B, 0x00, 0x00, 0x00, 0x00, 0x00, 0x00, 0x00, 0x29, 0x00, 0x00, 0x00
	.byte 0x2B, 0x00, 0x00, 0x00, 0x0A, 0x00, 0x00, 0x00, 0x26, 0x00, 0x00, 0x00, 0x2B, 0x00, 0x00, 0x00
	.byte 0x14, 0x00, 0x00, 0x00, 0x23, 0x00, 0x00, 0x00, 0x2F, 0x00, 0x00, 0x00, 0x97, 0x00, 0x00, 0x00
	.byte 0x02, 0x00, 0x00, 0x00, 0x4C, 0x00, 0x00, 0x00, 0x08, 0x00, 0x00, 0x00, 0x2E, 0x00, 0x00, 0x00
	.byte 0x14, 0x00, 0x00, 0x00, 0x01, 0x00, 0x00, 0x00, 0x04, 0x00, 0x00, 0x00, 0x04, 0x00, 0x00, 0x00
	.byte 0x02, 0x00, 0x00, 0x00, 0x4C, 0x00, 0x00, 0x00, 0x18, 0x00, 0x00, 0x00, 0x55, 0x00, 0x00, 0x00
	.byte 0x01, 0x00, 0x00, 0x00, 0x0F, 0x01, 0x00, 0x00, 0x02, 0x00, 0x00, 0x00, 0x4C, 0x00, 0x00, 0x00
	.byte 0x04, 0x00, 0x00, 0x00, 0x04, 0x00, 0x00, 0x00, 0x02, 0x00, 0x00, 0x00, 0x4C, 0x00, 0x00, 0x00
	.byte 0x0E, 0x00, 0x00, 0x00, 0x39, 0x00, 0x00, 0x00, 0x00, 0x00, 0x00, 0x00, 0x6F, 0x00, 0x00, 0x00
	.byte 0x08, 0x00, 0x00, 0x00, 0x06, 0x00, 0x00, 0x00, 0x01, 0x00, 0x00, 0x00, 0x26, 0x00, 0x00, 0x00
	.byte 0x06, 0x00, 0x00, 0x00, 0x04, 0x00, 0x00, 0x00, 0xFF, 0xFF, 0xFF, 0xFF, 0x4C, 0x00, 0x00, 0x00
	.byte 0x02, 0x00, 0x00, 0x00, 0x04, 0x00, 0x00, 0x00, 0xFE, 0xFF, 0xFF, 0xFF, 0x4D, 0x00, 0x00, 0x00
	.byte 0x2B, 0x00, 0x00, 0x00, 0x00, 0x00, 0x00, 0x00, 0x11, 0x00, 0x00, 0x00, 0x2B, 0x00, 0x00, 0x00
	.byte 0x14, 0x00, 0x00, 0x00, 0x0E, 0x00, 0x00, 0x00, 0x2B, 0x00, 0x00, 0x00, 0x0A, 0x00, 0x00, 0x00
	.byte 0x0B, 0x00, 0x00, 0x00, 0x2E, 0x00, 0x00, 0x00, 0x13, 0x00, 0x00, 0x00, 0x01, 0x00, 0x00, 0x00
	.byte 0x07, 0x00, 0x00, 0x00, 0x14, 0x00, 0x00, 0x00, 0x02, 0x00, 0x00, 0x00, 0x09, 0x00, 0x00, 0x00
	.byte 0x04, 0x00, 0x00, 0x00, 0x01, 0x00, 0x00, 0x00, 0x4C, 0x00, 0x00, 0x00, 0x05, 0x00, 0x00, 0x00
	.byte 0x00, 0x00, 0x00, 0x00, 0x32, 0x00, 0x00, 0x00, 0x02, 0x00, 0x00, 0x00, 0x04, 0x00, 0x00, 0x00
	.byte 0xFD, 0xFF, 0xFF, 0xFF, 0x4D, 0x00, 0x00, 0x00, 0x55, 0x00, 0x00, 0x00, 0x01, 0x00, 0x00, 0x00
	.byte 0x0F, 0x01, 0x00, 0x00, 0xCF, 0xFF, 0xFF, 0xFF, 0x3A, 0x00, 0x00, 0x00, 0x00, 0x00, 0x00, 0x00
	.byte 0x6F, 0x00, 0x00, 0x00, 0x04, 0x00, 0x00, 0x00, 0x04, 0x00, 0x00, 0x00, 0xFF, 0xFF, 0xFF, 0xFF
	.byte 0x4C, 0x00, 0x00, 0x00, 0x50, 0x00, 0x00, 0x00, 0x2B, 0x00, 0x00, 0x00, 0x00, 0x00, 0x00, 0x00
	.byte 0x4E, 0x00, 0x00, 0x00, 0x2B, 0x00, 0x00, 0x00, 0x0A, 0x00, 0x00, 0x00, 0x4B, 0x00, 0x00, 0x00
	.byte 0x2B, 0x00, 0x00, 0x00, 0x14, 0x00, 0x00, 0x00, 0x48, 0x00, 0x00, 0x00, 0x55, 0x00, 0x00, 0x00
	.byte 0x01, 0x00, 0x00, 0x00, 0x0F, 0x01, 0x00, 0x00, 0x02, 0x00, 0x00, 0x00, 0x4C, 0x00, 0x00, 0x00
	.byte 0x04, 0x00, 0x00, 0x00, 0x04, 0x00, 0x00, 0x00, 0x01, 0x00, 0x00, 0x00, 0x4C, 0x00, 0x00, 0x00
	.byte 0x3D, 0x00, 0x00, 0x00, 0x09, 0x00, 0x00, 0x00, 0x00, 0x00, 0x00, 0x00, 0x80, 0x00, 0x00, 0x00
	.byte 0x34, 0x00, 0x00, 0x00, 0x0B, 0x00, 0x00, 0x00, 0x00, 0x00, 0x00, 0x00, 0x00, 0x00, 0x00, 0x10
	.byte 0x30, 0x00, 0x00, 0x00, 0x0D, 0x00, 0x00, 0x00, 0x00, 0x00, 0x00, 0x00, 0x04, 0x00, 0x00, 0x00
	.byte 0x2C, 0x00, 0x00, 0x00, 0x2E, 0x00, 0x00, 0x00, 0x13, 0x00, 0x00, 0x00, 0x03, 0x00, 0x00, 0x00
	.byte 0x05, 0x00, 0x00, 0x00, 0x13, 0x00, 0x00, 0x00, 0x04, 0x00, 0x00, 0x00, 0x0E, 0x00, 0x00, 0x00
	.byte 0x4C, 0x00, 0x00, 0x00, 0x18, 0x00, 0x00, 0x00, 0x1E, 0x00, 0x00, 0x00, 0x01, 0x00, 0x00, 0x00
	.byte 0x19, 0x00, 0x00, 0x00, 0x27, 0x00, 0x00, 0x00, 0x1E, 0x00, 0x00, 0x00, 0x1E, 0x00, 0x00, 0x00
	.byte 0x03, 0x00, 0x00, 0x00, 0x19, 0x00, 0x00, 0x00, 0x22, 0x00, 0x00, 0x00, 0x19, 0x00, 0x00, 0x00
	.byte 0x4C, 0x00, 0x00, 0x00, 0x0C, 0x00, 0x00, 0x00, 0x1E, 0x00, 0x00, 0x00, 0x01, 0x00, 0x00, 0x00
	.byte 0x13, 0x00, 0x00, 0x00, 0x0F, 0x00, 0x00, 0x00, 0x12, 0x00, 0x00, 0x00, 0x1E, 0x00, 0x00, 0x00
	.byte 0x03, 0x00, 0x00, 0x00, 0x13, 0x00, 0x00, 0x00, 0x0F, 0x00, 0x00, 0x00, 0x0D, 0x00, 0x00, 0x00
	.byte 0x4C, 0x00, 0x00, 0x00, 0x00, 0x00, 0x00, 0x00, 0x24, 0x00, 0x00, 0x00, 0x01, 0x00, 0x00, 0x00
	.byte 0x0D, 0x00, 0x00, 0x00, 0x21, 0x00, 0x00, 0x00, 0x00, 0x00, 0x00, 0x00, 0x49, 0x00, 0x00, 0x00
	.byte 0x14, 0x00, 0x00, 0x00, 0x5E, 0x00, 0x00, 0x00, 0x02, 0x00, 0x00, 0x00, 0x4C, 0x00, 0x00, 0x00
	.byte 0x05, 0x00, 0x00, 0x00, 0x00, 0x00, 0x00, 0x00, 0x50, 0x00, 0x00, 0x00, 0x02, 0x00, 0x00, 0x00
	.byte 0x04, 0x00, 0x00, 0x00, 0x01, 0x00, 0x00, 0x00, 0x4D, 0x00, 0x00, 0x00, 0x04, 0x00, 0x00, 0x00
	.byte 0x01, 0x00, 0x00, 0x00, 0x4D, 0x00, 0x00, 0x00, 0x04, 0x00, 0x00, 0x00, 0x05, 0x00, 0x00, 0x00
	.byte 0x08, 0x00, 0x00, 0x00, 0xFF, 0xFF, 0xFF, 0xFF, 0x04, 0x00, 0x00, 0x00, 0x02, 0x00, 0x00, 0x00
	.byte 0x4D, 0x00, 0x00, 0x00, 0x44, 0x00, 0x00, 0x00, 0x01, 0x00, 0x00, 0x00, 0x11, 0x00, 0x00, 0x00
	.byte 0x02, 0x00, 0x00, 0x00, 0x05, 0x00, 0x00, 0x00, 0x00, 0x00, 0x00, 0x00, 0x50, 0x00, 0x00, 0x00
	.byte 0x02, 0x00, 0x00, 0x00, 0x04, 0x00, 0x00, 0x00, 0x02, 0x00, 0x00, 0x00, 0x4D, 0x00, 0x00, 0x00
	.byte 0x05, 0x00, 0x00, 0x00, 0x01, 0x00, 0x00, 0x00, 0x28, 0x00, 0x00, 0x00, 0x1D, 0x00, 0x00, 0x00
	.byte 0x2E, 0x00, 0x00, 0x00, 0x13, 0x00, 0x00, 0x00, 0x01, 0x00, 0x00, 0x00, 0x08, 0x00, 0x00, 0x00
	.byte 0x13, 0x00, 0x00, 0x00, 0x02, 0x00, 0x00, 0x00, 0x05, 0x00, 0x00, 0x00, 0x13, 0x00, 0x00, 0x00
	.byte 0x03, 0x00, 0x00, 0x00, 0x02, 0x00, 0x00, 0x00, 0x4C, 0x00, 0x00, 0x00, 0x13, 0x00, 0x00, 0x00
	.byte 0x04, 0x00, 0x00, 0x00, 0x01, 0x00, 0x00, 0x00, 0x38, 0x00, 0x00, 0x00, 0x01, 0x00, 0x00, 0x00
	.byte 0x3B, 0x00, 0x00, 0x00, 0x02, 0x00, 0x00, 0x00, 0x04, 0x00, 0x00, 0x00, 0x02, 0x00, 0x00, 0x00
	.byte 0x29, 0x00, 0x00, 0x00, 0x01, 0x00, 0x00, 0x00, 0x14, 0x00, 0x00, 0x00, 0x73, 0x00, 0x00, 0x00
	.byte 0x06, 0x00, 0x00, 0x00, 0x04, 0x00, 0x00, 0x00, 0x02, 0x00, 0x00, 0x00, 0x4C, 0x00, 0x00, 0x00
	.byte 0x02, 0x00, 0x00, 0x00, 0x04, 0x00, 0x00, 0x00, 0xFF, 0xFF, 0xFF, 0xFF, 0x4D, 0x00, 0x00, 0x00
	.byte 0x0A, 0x00, 0x00, 0x00, 0x00, 0x00, 0x00, 0x00, 0xD8, 0x00, 0x00, 0x00, 0x02, 0x00, 0x00, 0x00
	.byte 0x04, 0x00, 0x00, 0x00, 0x01, 0x00, 0x00, 0x00, 0x4D, 0x00, 0x00, 0x00, 0x2B, 0x00, 0x00, 0x00
	.byte 0x00, 0x00, 0x00, 0x00, 0x22, 0x00, 0x00, 0x00, 0x2B, 0x00, 0x00, 0x00, 0x0A, 0x00, 0x00, 0x00
	.byte 0x1F, 0x00, 0x00, 0x00, 0x2B, 0x00, 0x00, 0x00, 0x14, 0x00, 0x00, 0x00, 0x1C, 0x00, 0x00, 0x00
	.byte 0x0B, 0x00, 0x00, 0x00, 0x01, 0x00, 0x00, 0x00, 0x00, 0x00, 0x00, 0x01, 0xFF, 0xF2, 0xFF, 0xFF
	.byte 0x09, 0x00, 0x00, 0x00, 0x00, 0x00, 0x00, 0x00, 0x07, 0x00, 0x00, 0x00, 0x1B, 0x00, 0x00, 0x00
	.byte 0x0B, 0x00, 0x00, 0x00, 0x00, 0x00, 0x00, 0x00, 0x00, 0x00, 0x0F, 0x00, 0x14, 0x00, 0x00, 0x00
	.byte 0x0B, 0x00, 0x00, 0x00, 0x00, 0x00, 0x00, 0x00, 0x07, 0x00, 0x00, 0x00, 0x10, 0x00, 0x00, 0x00
	.byte 0x43, 0x00, 0x00, 0x00, 0x01, 0x00, 0x00, 0x00, 0x14, 0x00, 0x00, 0x00, 0x00, 0x00, 0x00, 0x00
	.byte 0x10, 0x00, 0x00, 0x00, 0x00, 0x00, 0x00, 0x00, 0xC8, 0x00, 0x00, 0x00, 0x0D, 0x00, 0x00, 0x00
	.byte 0x04, 0x00, 0x00, 0x00, 0x01, 0x00, 0x00, 0x00, 0x4C, 0x00, 0x00, 0x00, 0x09, 0x00, 0x00, 0x00
	.byte 0x04, 0x00, 0x00, 0x00, 0xFF, 0xFF, 0xFF, 0xFF, 0x4C, 0x00, 0x00, 0x00, 0x05, 0x00, 0x00, 0x00
	.byte 0x00, 0x00, 0x00, 0x00, 0x64, 0x00, 0x00, 0x00, 0x02, 0x00, 0x00, 0x00, 0x04, 0x00, 0x00, 0x00
	.byte 0x01, 0x00, 0x00, 0x00, 0x4D, 0x00, 0x00, 0x00, 0x09, 0x00, 0x00, 0x00, 0x00, 0x00, 0x00, 0x00
	.byte 0x40, 0x00, 0x00, 0x00, 0x02, 0x00, 0x00, 0x00, 0x4C, 0x00, 0x00, 0x00, 0x02, 0x00, 0x00, 0x00
	.byte 0x04, 0x00, 0x00, 0x00, 0x01, 0x00, 0x00, 0x00, 0x4D, 0x00, 0x00, 0x00, 0x41, 0x00, 0x00, 0x00
	.byte 0x01, 0x00, 0x00, 0x00, 0x19, 0x00, 0x00, 0x00, 0xF2, 0x00, 0x00, 0x00, 0x10, 0x00, 0x00, 0x00
	.byte 0x19, 0x00, 0x00, 0x00, 0xFD, 0x00, 0x00, 0x00, 0x16, 0x00, 0x00, 0x00, 0x19, 0x00, 0x00, 0x00
	.byte 0xFC, 0x00, 0x00, 0x00, 0x69, 0x00, 0x00, 0x00, 0x19, 0x00, 0x00, 0x00, 0xFB, 0x00, 0x00, 0x00
	.byte 0xAA, 0x00, 0x00, 0x00, 0x19, 0x00, 0x00, 0x00, 0xE0, 0x00, 0x00, 0x00, 0xD5, 0x00, 0x00, 0x00
	.byte 0x04, 0x00, 0x00, 0x00, 0xFD, 0xFF, 0xFF, 0xFF, 0x4C, 0x00, 0x00, 0x00, 0xDB, 0x00, 0x00, 0x00
	.byte 0x41, 0x00, 0x00, 0x00, 0x00, 0x00, 0x00, 0x00, 0x19, 0x00, 0x00, 0x00, 0x07, 0x01, 0x00, 0x00
	.byte 0xF7, 0xFF, 0xFF, 0xFF, 0x04, 0x00, 0x00, 0x00, 0x05, 0x00, 0x00, 0x00, 0x4C, 0x00, 0x00, 0x00
	.byte 0xD2, 0x00, 0x00, 0x00, 0x41, 0x00, 0x00, 0x00, 0x00, 0x00, 0x00, 0x00, 0x19, 0x00, 0x00, 0x00
	.byte 0xFE, 0x00, 0x00, 0x00, 0xEE, 0xFF, 0xFF, 0xFF, 0x09, 0x00, 0x00, 0x00, 0x00, 0x00, 0x00, 0x00
	.byte 0xFF, 0x00, 0x00, 0x00, 0x23, 0x00, 0x00, 0x00, 0x0F, 0x00, 0x00, 0x00, 0x00, 0x00, 0x00, 0x00
	.byte 0x08, 0x00, 0x00, 0x00, 0x1F, 0x00, 0x00, 0x00, 0x1E, 0x00, 0x00, 0x00, 0x00, 0x00, 0x00, 0x00
	.byte 0x13, 0x00, 0x00, 0x00, 0x08, 0x00, 0x00, 0x00, 0x1A, 0x00, 0x00, 0x00, 0x13, 0x00, 0x00, 0x00
	.byte 0x03, 0x00, 0x00, 0x00, 0x17, 0x00, 0x00, 0x00, 0x1E, 0x00, 0x00, 0x00, 0x02, 0x00, 0x00, 0x00
	.byte 0x13, 0x00, 0x00, 0x00, 0x08, 0x00, 0x00, 0x00, 0x12, 0x00, 0x00, 0x00, 0x13, 0x00, 0x00, 0x00
	.byte 0x03, 0x00, 0x00, 0x00, 0x0F, 0x00, 0x00, 0x00, 0x29, 0x00, 0x00, 0x00, 0x00, 0x00, 0x00, 0x00
	.byte 0x13, 0x00, 0x00, 0x00, 0x11, 0x00, 0x00, 0x00, 0x0A, 0x00, 0x00, 0x00, 0x13, 0x00, 0x00, 0x00
	.byte 0x62, 0x00, 0x00, 0x00, 0x07, 0x00, 0x00, 0x00, 0x13, 0x00, 0x00, 0x00, 0x5A, 0x00, 0x00, 0x00
	.byte 0x04, 0x00, 0x00, 0x00, 0x04, 0x00, 0x00, 0x00, 0x05, 0x00, 0x00, 0x00, 0x4C, 0x00, 0x00, 0x00
	.byte 0xA6, 0x00, 0x00, 0x00, 0x09, 0x00, 0x00, 0x00, 0x01, 0x00, 0x00, 0x00, 0xFF, 0x00, 0x00, 0x00
	.byte 0xC3, 0xFF, 0xFF, 0xFF, 0x0F, 0x00, 0x00, 0x00, 0x01, 0x00, 0x00, 0x00, 0x08, 0x00, 0x00, 0x00
	.byte 0xBF, 0xFF, 0xFF, 0xFF, 0x1E, 0x00, 0x00, 0x00, 0x01, 0x00, 0x00, 0x00, 0x13, 0x00, 0x00, 0x00
	.byte 0x08, 0x00, 0x00, 0x00, 0xBA, 0xFF, 0xFF, 0xFF, 0x13, 0x00, 0x00, 0x00, 0x03, 0x00, 0x00, 0x00
	.byte 0xB7, 0xFF, 0xFF, 0xFF, 0x1E, 0x00, 0x00, 0x00, 0x03, 0x00, 0x00, 0x00, 0x13, 0x00, 0x00, 0x00
	.byte 0x08, 0x00, 0x00, 0x00, 0xB2, 0xFF, 0xFF, 0xFF, 0x13, 0x00, 0x00, 0x00, 0x03, 0x00, 0x00, 0x00
	.byte 0xAF, 0xFF, 0xFF, 0xFF, 0x29, 0x00, 0x00, 0x00, 0x01, 0x00, 0x00, 0x00, 0x13, 0x00, 0x00, 0x00
	.byte 0x11, 0x00, 0x00, 0x00, 0xAA, 0xFF, 0xFF, 0xFF, 0x13, 0x00, 0x00, 0x00, 0x62, 0x00, 0x00, 0x00
	.byte 0xA7, 0xFF, 0xFF, 0xFF, 0x13, 0x00, 0x00, 0x00, 0x5A, 0x00, 0x00, 0x00, 0xA4, 0xFF, 0xFF, 0xFF
	.byte 0x13, 0x00, 0x00, 0x00, 0x67, 0x00, 0x00, 0x00, 0xA1, 0xFF, 0xFF, 0xFF, 0x04, 0x00, 0x00, 0x00
	.byte 0x05, 0x00, 0x00, 0x00, 0x4C, 0x00, 0x00, 0x00, 0x7C, 0x00, 0x00, 0x00, 0x41, 0x00, 0x00, 0x00
	.byte 0x00, 0x00, 0x00, 0x00, 0x19, 0x00, 0x00, 0x00, 0xA8, 0x00, 0x00, 0x00, 0x98, 0xFF, 0xFF, 0xFF
	.byte 0x29, 0x00, 0x00, 0x00, 0x00, 0x00, 0x00, 0x00, 0x13, 0x00, 0x00, 0x00, 0x29, 0x00, 0x00, 0x00
	.byte 0x19, 0x00, 0x00, 0x00, 0x13, 0x00, 0x00, 0x00, 0x62, 0x00, 0x00, 0x00, 0x16, 0x00, 0x00, 0x00
	.byte 0x09, 0x00, 0x00, 0x00, 0x00, 0x00, 0x00, 0x00, 0xFF, 0x00, 0x00, 0x00, 0x12, 0x00, 0x00, 0x00
	.byte 0x0F, 0x00, 0x00, 0x00, 0x00, 0x00, 0x00, 0x00, 0x08, 0x00, 0x00, 0x00, 0x0E, 0x00, 0x00, 0x00
	.byte 0x1E, 0x00, 0x00, 0x00, 0x00, 0x00, 0x00, 0x00, 0x13, 0x00, 0x00, 0x00, 0x0A, 0x00, 0x00, 0x00
	.byte 0x09, 0x00, 0x00, 0x00, 0x1E, 0x00, 0x00, 0x00, 0x02, 0x00, 0x00, 0x00, 0x13, 0x00, 0x00, 0x00
	.byte 0x0A, 0x00, 0x00, 0x00, 0x04, 0x00, 0x00, 0x00, 0x04, 0x00, 0x00, 0x00, 0x05, 0x00, 0x00, 0x00
	.byte 0x4C, 0x00, 0x00, 0x00, 0x59, 0x00, 0x00, 0x00, 0x29, 0x00, 0x00, 0x00, 0x01, 0x00, 0x00, 0x00
	.byte 0x13, 0x00, 0x00, 0x00, 0x29, 0x00, 0x00, 0x00, 0x75, 0xFF, 0xFF, 0xFF, 0x13, 0x00, 0x00, 0x00
	.byte 0x62, 0x00, 0x00, 0x00, 0x72, 0xFF, 0xFF, 0xFF, 0x13, 0x00, 0x00, 0x00, 0x67, 0x00, 0x00, 0x00
	.byte 0x17, 0xF2, 0xFF, 0xFF, 0x09, 0x00, 0x00, 0x00, 0x01, 0x00, 0x00, 0x00, 0xFF, 0x00, 0x00, 0x00
	.byte 0x6B, 0xFF, 0xFF, 0xFF, 0x0F, 0x00, 0x00, 0x00, 0x01, 0x00, 0x00, 0x00, 0x08, 0x00, 0x00, 0x00
	.byte 0x67, 0xFF, 0xFF, 0xFF, 0x1E, 0x00, 0x00, 0x00, 0x01, 0x00, 0x00, 0x00, 0x13, 0x00, 0x00, 0x00
	.byte 0x0A, 0x00, 0x00, 0x00, 0x62, 0xFF, 0xFF, 0xFF, 0x1E, 0x00, 0x00, 0x00, 0x03, 0x00, 0x00, 0x00
	.byte 0x13, 0x00, 0x00, 0x00, 0x0A, 0x00, 0x00, 0x00, 0x5D, 0xFF, 0xFF, 0xFF, 0x04, 0x00, 0x00, 0x00
	.byte 0x05, 0x00, 0x00, 0x00, 0x4C, 0x00, 0x00, 0x00, 0x38, 0x00, 0x00, 0x00, 0x41, 0x00, 0x00, 0x00
	.byte 0x00, 0x00, 0x00, 0x00, 0x19, 0x00, 0x00, 0x00, 0x64, 0x00, 0x00, 0x00, 0x54, 0xFF, 0xFF, 0xFF
	.byte 0x1E, 0x00, 0x00, 0x00, 0x00, 0x00, 0x00, 0x00, 0x13, 0x00, 0x00, 0x00, 0x03, 0x00, 0x00, 0x00
	.byte 0x0E, 0x00, 0x00, 0x00, 0x1E, 0x00, 0x00, 0x00, 0x02, 0x00, 0x00, 0x00, 0x13, 0x00, 0x00, 0x00
	.byte 0x03, 0x00, 0x00, 0x00, 0x09, 0x00, 0x00, 0x00, 0x29, 0x00, 0x00, 0x00, 0x00, 0x00, 0x00, 0x00
	.byte 0x13, 0x00, 0x00, 0x00, 0x62, 0x00, 0x00, 0x00, 0x7E, 0xFF, 0xFF, 0xFF, 0x04, 0x00, 0x00, 0x00
	.byte 0x05, 0x00, 0x00, 0x00, 0x4C, 0x00, 0x00, 0x00, 0x20, 0x00, 0x00, 0x00, 0x1E, 0x00, 0x00, 0x00
	.byte 0x01, 0x00, 0x00, 0x00, 0x13, 0x00, 0x00, 0x00, 0x03, 0x00, 0x00, 0x00, 0x3C, 0xFF, 0xFF, 0xFF
	.byte 0x1E, 0x00, 0x00, 0x00, 0x03, 0x00, 0x00, 0x00, 0x13, 0x00, 0x00, 0x00, 0x03, 0x00, 0x00, 0x00
	.byte 0x37, 0xFF, 0xFF, 0xFF, 0x29, 0x00, 0x00, 0x00, 0x01, 0x00, 0x00, 0x00, 0x13, 0x00, 0x00, 0x00
	.byte 0x62, 0x00, 0x00, 0x00, 0x32, 0xFF, 0xFF, 0xFF, 0x13, 0x00, 0x00, 0x00, 0x67, 0x00, 0x00, 0x00
	.byte 0x2F, 0xFF, 0xFF, 0xFF, 0x04, 0x00, 0x00, 0x00, 0x05, 0x00, 0x00, 0x00, 0x4C, 0x00, 0x00, 0x00
	.byte 0x0A, 0x00, 0x00, 0x00, 0x41, 0x00, 0x00, 0x00, 0x00, 0x00, 0x00, 0x00, 0x19, 0x00, 0x00, 0x00
	.byte 0x20, 0x00, 0x00, 0x00, 0x26, 0xFF, 0xFF, 0xFF, 0x00, 0x00, 0x00, 0x00, 0x32, 0x00, 0x00, 0x00
	.byte 0x02, 0x00, 0x00, 0x00, 0x04, 0x00, 0x00, 0x00, 0x02, 0x00, 0x00, 0x00, 0x4D, 0x00, 0x00, 0x00
	.byte 0x0E, 0x00, 0x00, 0x00, 0x0F, 0x00, 0x00, 0x00, 0x10, 0x00, 0x00, 0x00, 0x11, 0x00, 0x00, 0x00
	.byte 0x12, 0x00, 0x00, 0x00, 0xFF, 0xFF, 0xFF, 0xFF, 0x37, 0x00, 0x00, 0x00, 0x7D, 0x00, 0x00, 0x00
	.byte 0x73, 0x00, 0x00, 0x00, 0x6A, 0x00, 0x00, 0x00, 0x6B, 0x00, 0x00, 0x00, 0x74, 0x00, 0x00, 0x00
	.byte 0x75, 0x00, 0x00, 0x00, 0x76, 0x00, 0x00, 0x00, 0x77, 0x00, 0x00, 0x00, 0x76, 0x00, 0x00, 0x00
	.byte 0x78, 0x00, 0x00, 0x00, 0x79, 0x00, 0x00, 0x00, 0x7A, 0x00, 0x00, 0x00, 0xFF, 0xFF, 0xFF, 0xFF
	.byte 0x64, 0x00, 0x00, 0x00, 0xFF, 0xFF, 0xFF, 0xFF, 0x65, 0x00, 0x00, 0x00, 0xFF, 0xFF, 0xFF, 0xFF
	.byte 0x6D, 0x00, 0x00, 0x00, 0xFF, 0xFF, 0xFF, 0xFF, 0x0E, 0x00, 0x00, 0x00, 0x0F, 0x00, 0x00, 0x00
	.byte 0x10, 0x00, 0x00, 0x00, 0x11, 0x00, 0x00, 0x00, 0x12, 0x00, 0x00, 0x00, 0x32, 0x00, 0x00, 0x00
	.byte 0x37, 0x00, 0x00, 0x00, 0x7D, 0x00, 0x00, 0x00, 0x73, 0x00, 0x00, 0x00, 0x6A, 0x00, 0x00, 0x00
	.byte 0x6B, 0x00, 0x00, 0x00, 0x74, 0x00, 0x00, 0x00, 0x75, 0x00, 0x00, 0x00, 0x76, 0x00, 0x00, 0x00
	.byte 0x77, 0x00, 0x00, 0x00, 0x78, 0x00, 0x00, 0x00, 0x79, 0x00, 0x00, 0x00, 0x7A, 0x00, 0x00, 0x00
	.byte 0x64, 0x00, 0x00, 0x00, 0x65, 0x00, 0x00, 0x00, 0x6D, 0x00, 0x00, 0x00, 0xFF, 0xFF, 0xFF, 0xFF
	.byte 0x32, 0x00, 0x00, 0x00, 0x37, 0x00, 0x00, 0x00, 0x7D, 0x00, 0x00, 0x00, 0x73, 0x00, 0x00, 0x00
	.byte 0x6A, 0x00, 0x00, 0x00, 0x6B, 0x00, 0x00, 0x00, 0x74, 0x00, 0x00, 0x00, 0x75, 0x00, 0x00, 0x00
	.byte 0x76, 0x00, 0x00, 0x00, 0x77, 0x00, 0x00, 0x00, 0x78, 0x00, 0x00, 0x00, 0x79, 0x00, 0x00, 0x00
	.byte 0x7A, 0x00, 0x00, 0x00, 0x64, 0x00, 0x00, 0x00, 0x65, 0x00, 0x00, 0x00, 0x6D, 0x00, 0x00, 0x00
	.byte 0xFF, 0xFF, 0xFF, 0xFF, 0x29, 0x00, 0x00, 0x00, 0x01, 0x00, 0x00, 0x00, 0x19, 0x00, 0x00, 0x00
	.byte 0x0F, 0x00, 0x00, 0x00, 0x05, 0x00, 0x00, 0x00, 0x29, 0x00, 0x00, 0x00, 0x00, 0x00, 0x00, 0x00
	.byte 0x19, 0x00, 0x00, 0x00, 0x0A, 0x00, 0x00, 0x00, 0x04, 0x00, 0x00, 0x00, 0x04, 0x00, 0x00, 0x00
	.byte 0xFF, 0xFF, 0xFF, 0xFF, 0x4C, 0x00, 0x00, 0x00, 0x05, 0x00, 0x00, 0x00, 0x00, 0x00, 0x00, 0x00
	.byte 0x32, 0x00, 0x00, 0x00, 0x02, 0x00, 0x00, 0x00, 0x04, 0x00, 0x00, 0x00, 0x02, 0x00, 0x00, 0x00
	.byte 0x4D, 0x00, 0x00, 0x00, 0x03, 0x00, 0x00, 0x00, 0x04, 0x00, 0x00, 0x00, 0x08, 0x00, 0x00, 0x00
	.byte 0x09, 0x00, 0x00, 0x00, 0x12, 0x00, 0x00, 0x00, 0x19, 0x00, 0x00, 0x00, 0x1B, 0x00, 0x00, 0x00
	.byte 0x21, 0x00, 0x00, 0x00, 0x25, 0x00, 0x00, 0x00, 0x2C, 0x00, 0x00, 0x00, 0x38, 0x00, 0x00, 0x00
	.byte 0x3D, 0x00, 0x00, 0x00, 0x3F, 0x00, 0x00, 0x00, 0x4A, 0x00, 0x00, 0x00, 0x22, 0x00, 0x00, 0x00
	.byte 0x13, 0x00, 0x00, 0x00, 0x5B, 0x00, 0x00, 0x00, 0x62, 0x00, 0x00, 0x00, 0x68, 0x00, 0x00, 0x00
	.byte 0x69, 0x00, 0x00, 0x00, 0x6D, 0x00, 0x00, 0x00, 0x6E, 0x00, 0x00, 0x00, 0x6F, 0x00, 0x00, 0x00
	.byte 0x74, 0x00, 0x00, 0x00, 0x78, 0x00, 0x00, 0x00, 0xFF, 0xFF, 0xFF, 0xFF, 0x4D, 0x00, 0x00, 0x00
	.byte 0x2B, 0x00, 0x00, 0x00, 0x00, 0x00, 0x00, 0x00, 0x18, 0x00, 0x00, 0x00, 0x2B, 0x00, 0x00, 0x00
	.byte 0x0A, 0x00, 0x00, 0x00, 0x15, 0x00, 0x00, 0x00, 0x2B, 0x00, 0x00, 0x00, 0x14, 0x00, 0x00, 0x00
	.byte 0x12, 0x00, 0x00, 0x00, 0x31, 0x00, 0x00, 0x00, 0x01, 0x00, 0x00, 0x00, 0x01, 0x00, 0x00, 0x00
	.byte 0x06, 0x00, 0x00, 0x00, 0x0D, 0x00, 0x00, 0x00, 0x24, 0x00, 0x00, 0x00, 0x01, 0x00, 0x00, 0x00
	.byte 0x06, 0x00, 0x00, 0x00, 0x06, 0x00, 0x00, 0x00, 0x01, 0x00, 0x00, 0x00, 0x28, 0x00, 0x00, 0x00
	.byte 0x06, 0x00, 0x00, 0x00, 0x4C, 0x00, 0x00, 0x00, 0x06, 0x00, 0x00, 0x00, 0x05, 0x00, 0x00, 0x00
	.byte 0x01, 0x00, 0x00, 0x00, 0x3C, 0x00, 0x00, 0x00, 0x02, 0x00, 0x00, 0x00, 0x04, 0x00, 0x00, 0x00
	.byte 0xFF, 0xFF, 0xFF, 0xFF, 0x4D, 0x00, 0x00, 0x00, 0x06, 0x00, 0x00, 0x00, 0x00, 0x00, 0x00, 0x00
	.byte 0x1E, 0x00, 0x00, 0x00, 0x05, 0x00, 0x00, 0x00, 0x00, 0x00, 0x00, 0x00, 0x64, 0x00, 0x00, 0x00
	.byte 0x02, 0x00, 0x00, 0x00, 0x04, 0x00, 0x00, 0x00, 0xFF, 0xFF, 0xFF, 0xFF, 0x43, 0x00, 0x00, 0x00
	.byte 0x01, 0x00, 0x00, 0x00, 0x13, 0x00, 0x00, 0x00, 0x00, 0x00, 0x00, 0x00, 0x0A, 0x00, 0x00, 0x00
	.byte 0x00, 0x00, 0x00, 0x00, 0x96, 0x00, 0x00, 0x00, 0x0C, 0x00, 0x00, 0x00, 0x04, 0x00, 0x00, 0x00
	.byte 0x01, 0x00, 0x00, 0x00, 0x4C, 0x00, 0x00, 0x00, 0x08, 0x00, 0x00, 0x00, 0x00, 0x00, 0x00, 0x00
	.byte 0x32, 0x00, 0x00, 0x00, 0x05, 0x00, 0x00, 0x00, 0x00, 0x00, 0x00, 0x00, 0x1E, 0x00, 0x00, 0x00
	.byte 0x02, 0x00, 0x00, 0x00, 0x04, 0x00, 0x00, 0x00, 0xFF, 0xFF, 0xFF, 0xFF, 0x4D, 0x00, 0x00, 0x00
	.byte 0x46, 0x00, 0x00, 0x00, 0x01, 0x00, 0x00, 0x00, 0x1A, 0x00, 0x00, 0x00, 0x0A, 0x00, 0x00, 0x00
	.byte 0x07, 0x00, 0x00, 0x00, 0x00, 0x00, 0x00, 0x00, 0x32, 0x00, 0x00, 0x00, 0x06, 0x00, 0x00, 0x00
	.byte 0x04, 0x00, 0x00, 0x00, 0x01, 0x00, 0x00, 0x00, 0x4C, 0x00, 0x00, 0x00, 0x02, 0x00, 0x00, 0x00
	.byte 0x04, 0x00, 0x00, 0x00, 0xFE, 0xFF, 0xFF, 0xFF, 0x4D, 0x00, 0x00, 0x00, 0x96, 0x00, 0x00, 0x00
	.byte 0x9D, 0x00, 0x00, 0x00, 0xCF, 0x00, 0x00, 0x00, 0xFF, 0xFF, 0xFF, 0xFF, 0x09, 0x00, 0x00, 0x00
	.byte 0x00, 0x00, 0x00, 0x00, 0x07, 0x00, 0x00, 0x00, 0x0F, 0x00, 0x00, 0x00, 0x0B, 0x00, 0x00, 0x00
	.byte 0x00, 0x00, 0x00, 0x00, 0x00, 0x00, 0x0F, 0x00, 0x0B, 0x00, 0x00, 0x00, 0x0B, 0x00, 0x00, 0x00
	.byte 0x00, 0x00, 0x00, 0x00, 0x07, 0x00, 0x00, 0x00, 0x07, 0x00, 0x00, 0x00, 0x00, 0x00, 0x00, 0x00
	.byte 0xB4, 0x00, 0x00, 0x00, 0x04, 0x00, 0x00, 0x00, 0x04, 0x00, 0x00, 0x00, 0x02, 0x00, 0x00, 0x00
	.byte 0x4C, 0x00, 0x00, 0x00, 0x02, 0x00, 0x00, 0x00, 0x04, 0x00, 0x00, 0x00, 0xFE, 0xFF, 0xFF, 0xFF
	.byte 0x4D, 0x00, 0x00, 0x00, 0x0F, 0x00, 0x00, 0x00, 0x00, 0x00, 0x00, 0x00, 0x01, 0x00, 0x00, 0x00
	.byte 0x06, 0x00, 0x00, 0x00, 0x0F, 0x00, 0x00, 0x00, 0x00, 0x00, 0x00, 0x00, 0x02, 0x00, 0x00, 0x00
	.byte 0x02, 0x00, 0x00, 0x00, 0x4C, 0x00, 0x00, 0x00, 0x02, 0x00, 0x00, 0x00, 0x04, 0x00, 0x00, 0x00
	.byte 0x01, 0x00, 0x00, 0x00, 0x4D, 0x00, 0x00, 0x00, 0x05, 0x00, 0x00, 0x00, 0x00, 0x00, 0x00, 0x00
	.byte 0x1E, 0x00, 0x00, 0x00, 0x0A, 0x00, 0x00, 0x00, 0x43, 0x00, 0x00, 0x00, 0x01, 0x00, 0x00, 0x00
	.byte 0x12, 0x00, 0x00, 0x00, 0x00, 0x00, 0x00, 0x00, 0x05, 0x00, 0x00, 0x00, 0x00, 0x00, 0x00, 0x00
	.byte 0xB4, 0x00, 0x00, 0x00, 0x02, 0x00, 0x00, 0x00, 0x04, 0x00, 0x00, 0x00, 0x01, 0x00, 0x00, 0x00
	.byte 0x4D, 0x00, 0x00, 0x00, 0x05, 0x00, 0x00, 0x00, 0x00, 0x00, 0x00, 0x00, 0x46, 0x00, 0x00, 0x00
	.byte 0x13, 0x00, 0x00, 0x00, 0x24, 0x00, 0x00, 0x00, 0x01, 0x00, 0x00, 0x00, 0x08, 0x00, 0x00, 0x00
	.byte 0x06, 0x00, 0x00, 0x00, 0x01, 0x00, 0x00, 0x00, 0x28, 0x00, 0x00, 0x00, 0x0C, 0x00, 0x00, 0x00
	.byte 0x04, 0x00, 0x00, 0x00, 0x01, 0x00, 0x00, 0x00, 0x4C, 0x00, 0x00, 0x00, 0x0A, 0x00, 0x00, 0x00
	.byte 0x06, 0x00, 0x00, 0x00, 0x01, 0x00, 0x00, 0x00, 0x32, 0x00, 0x00, 0x00, 0x04, 0x00, 0x00, 0x00
	.byte 0x04, 0x00, 0x00, 0x00, 0x01, 0x00, 0x00, 0x00, 0x4C, 0x00, 0x00, 0x00, 0x02, 0x00, 0x00, 0x00
	.byte 0x04, 0x00, 0x00, 0x00, 0xFF, 0xFF, 0xFF, 0xFF, 0x4D, 0x00, 0x00, 0x00, 0x2B, 0x00, 0x00, 0x00
	.byte 0x00, 0x00, 0x00, 0x00, 0x13, 0x00, 0x00, 0x00, 0x2B, 0x00, 0x00, 0x00, 0x0A, 0x00, 0x00, 0x00
	.byte 0x10, 0x00, 0x00, 0x00, 0x2B, 0x00, 0x00, 0x00, 0x14, 0x00, 0x00, 0x00, 0x0D, 0x00, 0x00, 0x00
	.byte 0x24, 0x00, 0x00, 0x00, 0x01, 0x00, 0x00, 0x00, 0x06, 0x00, 0x00, 0x00, 0x06, 0x00, 0x00, 0x00
	.byte 0x00, 0x00, 0x00, 0x00, 0x32, 0x00, 0x00, 0x00, 0x08, 0x00, 0x00, 0x00, 0x4C, 0x00, 0x00, 0x00
	.byte 0x04, 0x00, 0x00, 0x00, 0x06, 0x00, 0x00, 0x00, 0x00, 0x00, 0x00, 0x00, 0x46, 0x00, 0x00, 0x00
	.byte 0x02, 0x00, 0x00, 0x00, 0x04, 0x00, 0x00, 0x00, 0xFF, 0xFF, 0xFF, 0xFF, 0x4D, 0x00, 0x00, 0x00
	.byte 0x43, 0x00, 0x00, 0x00, 0x01, 0x00, 0x00, 0x00, 0x12, 0x00, 0x00, 0x00, 0x00, 0x00, 0x00, 0x00
	.byte 0x05, 0x00, 0x00, 0x00, 0x00, 0x00, 0x00, 0x00, 0x64, 0x00, 0x00, 0x00, 0x02, 0x00, 0x00, 0x00
	.byte 0x04, 0x00, 0x00, 0x00, 0x02, 0x00, 0x00, 0x00, 0x4D, 0x00, 0x00, 0x00, 0x05, 0x00, 0x00, 0x00
	.byte 0x00, 0x00, 0x00, 0x00, 0x32, 0x00, 0x00, 0x00, 0x02, 0x00, 0x00, 0x00, 0x4C, 0x00, 0x00, 0x00
	.byte 0x02, 0x00, 0x00, 0x00, 0x04, 0x00, 0x00, 0x00, 0xFF, 0xFF, 0xFF, 0xFF, 0x4D, 0x00, 0x00, 0x00
	.byte 0x43, 0x00, 0x00, 0x00, 0x01, 0x00, 0x00, 0x00, 0x13, 0x00, 0x00, 0x00, 0x01, 0x00, 0x00, 0x00
	.byte 0x21, 0x00, 0x00, 0x00, 0x00, 0x00, 0x00, 0x00, 0x1E, 0x00, 0x00, 0x00, 0x31, 0x00, 0x00, 0x00
	.byte 0x24, 0x00, 0x00, 0x00, 0x01, 0x00, 0x00, 0x00, 0x0D, 0x00, 0x00, 0x00, 0x08, 0x00, 0x00, 0x00
	.byte 0x01, 0x00, 0x00, 0x00, 0x64, 0x00, 0x00, 0x00, 0x25, 0x00, 0x00, 0x00, 0x05, 0x00, 0x00, 0x00
	.byte 0x00, 0x00, 0x00, 0x00, 0x46, 0x00, 0x00, 0x00, 0x21, 0x00, 0x00, 0x00, 0x00, 0x00, 0x00, 0x00
	.byte 0x3C, 0x00, 0x00, 0x00, 0x23, 0x00, 0x00, 0x00, 0x4C, 0x00, 0x00, 0x00, 0x1C, 0x00, 0x00, 0x00
	.byte 0x06, 0x00, 0x00, 0x00, 0x00, 0x00, 0x00, 0x00, 0x19, 0x00, 0x00, 0x00, 0x18, 0x00, 0x00, 0x00
	.byte 0x39, 0x00, 0x00, 0x00, 0x00, 0x00, 0x00, 0x00, 0x20, 0x00, 0x00, 0x00, 0x06, 0x00, 0x00, 0x00
	.byte 0x39, 0x00, 0x00, 0x00, 0x00, 0x00, 0x00, 0x00, 0x9C, 0x00, 0x00, 0x00, 0x02, 0x00, 0x00, 0x00
	.byte 0x4C, 0x00, 0x00, 0x00, 0x07, 0x00, 0x00, 0x00, 0x00, 0x00, 0x00, 0x00, 0x96, 0x00, 0x00, 0x00
	.byte 0x10, 0x00, 0x00, 0x00, 0x04, 0x00, 0x00, 0x00, 0x02, 0x00, 0x00, 0x00, 0x4C, 0x00, 0x00, 0x00
	.byte 0x0C, 0x00, 0x00, 0x00, 0x00, 0x00, 0x00, 0x00, 0xE6, 0x00, 0x00, 0x00, 0x04, 0x00, 0x00, 0x00
	.byte 0x04, 0x00, 0x00, 0x00, 0x01, 0x00, 0x00, 0x00, 0x4C, 0x00, 0x00, 0x00, 0x05, 0x00, 0x00, 0x00
	.byte 0x00, 0x00, 0x00, 0x00, 0x1E, 0x00, 0x00, 0x00, 0x02, 0x00, 0x00, 0x00, 0x04, 0x00, 0x00, 0x00
	.byte 0xFE, 0xFF, 0xFF, 0xFF, 0x4D, 0x00, 0x00, 0x00, 0x05, 0x00, 0x00, 0x00, 0x01, 0x00, 0x00, 0x00
	.byte 0x32, 0x00, 0x00, 0x00, 0x10, 0x00, 0x00, 0x00, 0x1E, 0x00, 0x00, 0x00, 0x00, 0x00, 0x00, 0x00
	.byte 0x13, 0x00, 0x00, 0x00, 0x0D, 0x00, 0x00, 0x00, 0x07, 0x00, 0x00, 0x00, 0x1E, 0x00, 0x00, 0x00
	.byte 0x02, 0x00, 0x00, 0x00, 0x13, 0x00, 0x00, 0x00, 0x0D, 0x00, 0x00, 0x00, 0x02, 0x00, 0x00, 0x00
	.byte 0x4C, 0x00, 0x00, 0x00, 0x04, 0x00, 0x00, 0x00, 0x04, 0x00, 0x00, 0x00, 0x01, 0x00, 0x00, 0x00
	.byte 0x4C, 0x00, 0x00, 0x00, 0x02, 0x00, 0x00, 0x00, 0x04, 0x00, 0x00, 0x00, 0xFF, 0xFF, 0xFF, 0xFF
	.byte 0x4D, 0x00, 0x00, 0x00, 0x2B, 0x00, 0x00, 0x00, 0x00, 0x00, 0x00, 0x00, 0x13, 0x00, 0x00, 0x00
	.byte 0x2B, 0x00, 0x00, 0x00, 0x0A, 0x00, 0x00, 0x00, 0x10, 0x00, 0x00, 0x00, 0x2B, 0x00, 0x00, 0x00
	.byte 0x14, 0x00, 0x00, 0x00, 0x0D, 0x00, 0x00, 0x00, 0x24, 0x00, 0x00, 0x00, 0x01, 0x00, 0x00, 0x00
	.byte 0x06, 0x00, 0x00, 0x00, 0x06, 0x00, 0x00, 0x00, 0x01, 0x00, 0x00, 0x00, 0x3C, 0x00, 0x00, 0x00
	.byte 0x08, 0x00, 0x00, 0x00, 0x4C, 0x00, 0x00, 0x00, 0x04, 0x00, 0x00, 0x00, 0x06, 0x00, 0x00, 0x00
	.byte 0x01, 0x00, 0x00, 0x00, 0x50, 0x00, 0x00, 0x00, 0x02, 0x00, 0x00, 0x00, 0x04, 0x00, 0x00, 0x00
	.byte 0xFF, 0xFF, 0xFF, 0xFF, 0x4D, 0x00, 0x00, 0x00, 0x05, 0x00, 0x00, 0x00, 0x01, 0x00, 0x00, 0x00
	.byte 0x32, 0x00, 0x00, 0x00, 0x10, 0x00, 0x00, 0x00, 0x1E, 0x00, 0x00, 0x00, 0x00, 0x00, 0x00, 0x00
	.byte 0x13, 0x00, 0x00, 0x00, 0x0A, 0x00, 0x00, 0x00, 0x07, 0x00, 0x00, 0x00, 0x1E, 0x00, 0x00, 0x00
	.byte 0x02, 0x00, 0x00, 0x00, 0x13, 0x00, 0x00, 0x00, 0x0A, 0x00, 0x00, 0x00, 0x02, 0x00, 0x00, 0x00
	.byte 0x4C, 0x00, 0x00, 0x00, 0x04, 0x00, 0x00, 0x00, 0x04, 0x00, 0x00, 0x00, 0x01, 0x00, 0x00, 0x00
	.byte 0x4C, 0x00, 0x00, 0x00, 0x02, 0x00, 0x00, 0x00, 0x04, 0x00, 0x00, 0x00, 0xFF, 0xFF, 0xFF, 0xFF
	.byte 0x4D, 0x00, 0x00, 0x00, 0x24, 0x00, 0x00, 0x00, 0x01, 0x00, 0x00, 0x00, 0x0B, 0x00, 0x00, 0x00
	.byte 0x06, 0x00, 0x00, 0x00, 0x01, 0x00, 0x00, 0x00, 0x32, 0x00, 0x00, 0x00, 0x0C, 0x00, 0x00, 0x00
	.byte 0x00, 0x00, 0x00, 0x00, 0x46, 0x00, 0x00, 0x00, 0x09, 0x00, 0x00, 0x00, 0x04, 0x00, 0x00, 0x00
	.byte 0xFF, 0xFF, 0xFF, 0xFF, 0x4C, 0x00, 0x00, 0x00, 0x05, 0x00, 0x00, 0x00, 0x00, 0x00, 0x00, 0x00
	.byte 0x80, 0x00, 0x00, 0x00, 0x02, 0x00, 0x00, 0x00, 0x04, 0x00, 0x00, 0x00, 0x01, 0x00, 0x00, 0x00
	.byte 0x4D, 0x00, 0x00, 0x00, 0x29, 0x00, 0x00, 0x00, 0x00, 0x00, 0x00, 0x00, 0x13, 0x00, 0x00, 0x00
	.byte 0x1A, 0x00, 0x00, 0x00, 0x17, 0x00, 0x00, 0x00, 0x0D, 0x00, 0x00, 0x00, 0x00, 0x00, 0x00, 0x00
	.byte 0x00, 0x00, 0x00, 0x08, 0x13, 0x00, 0x00, 0x00, 0x1E, 0x00, 0x00, 0x00, 0x00, 0x00, 0x00, 0x00
	.byte 0x13, 0x00, 0x00, 0x00, 0x02, 0x00, 0x00, 0x00, 0x0E, 0x00, 0x00, 0x00, 0x1E, 0x00, 0x00, 0x00
	.byte 0x02, 0x00, 0x00, 0x00, 0x13, 0x00, 0x00, 0x00, 0x02, 0x00, 0x00, 0x00, 0x09, 0x00, 0x00, 0x00
	.byte 0x05, 0x00, 0x00, 0x00, 0x01, 0x00, 0x00, 0x00, 0x3C, 0x00, 0x00, 0x00, 0x0A, 0x00, 0x00, 0x00
	.byte 0x00, 0x00, 0x00, 0x00, 0x80, 0x00, 0x00, 0x00, 0x02, 0x00, 0x00, 0x00, 0x4C, 0x00, 0x00, 0x00
	.byte 0x05, 0x00, 0x00, 0x00, 0x00, 0x00, 0x00, 0x00, 0x40, 0x00, 0x00, 0x00, 0x02, 0x00, 0x00, 0x00
	.byte 0x04, 0x00, 0x00, 0x00, 0x01, 0x00, 0x00, 0x00, 0x4D, 0x00, 0x00, 0x00, 0x1E, 0x00, 0x00, 0x00
	.byte 0x00, 0x00, 0x00, 0x00, 0x13, 0x00, 0x00, 0x00, 0x11, 0x00, 0x00, 0x00, 0x0D, 0x00, 0x00, 0x00
	.byte 0x1E, 0x00, 0x00, 0x00, 0x02, 0x00, 0x00, 0x00, 0x13, 0x00, 0x00, 0x00, 0x11, 0x00, 0x00, 0x00
	.byte 0x08, 0x00, 0x00, 0x00, 0x32, 0x00, 0x00, 0x00, 0x00, 0x00, 0x00, 0x00, 0x07, 0x00, 0x00, 0x00
	.byte 0x08, 0x00, 0x00, 0x00, 0x06, 0x00, 0x00, 0x00, 0x04, 0x00, 0x00, 0x00, 0xFE, 0xFF, 0xFF, 0xFF
	.byte 0x4D, 0x00, 0x00, 0x00, 0x00, 0x00, 0x00, 0x00, 0x50, 0x00, 0x00, 0x00, 0x05, 0x00, 0x00, 0x00
	.byte 0x00, 0x00, 0x00, 0x00, 0x50, 0x00, 0x00, 0x00, 0x02, 0x00, 0x00, 0x00, 0x04, 0x00, 0x00, 0x00
	.byte 0x02, 0x00, 0x00, 0x00, 0x4D, 0x00, 0x00, 0x00, 0x2B, 0x00, 0x00, 0x00, 0x00, 0x00, 0x00, 0x00
	.byte 0x0C, 0x00, 0x00, 0x00, 0x2B, 0x00, 0x00, 0x00, 0x14, 0x00, 0x00, 0x00, 0x09, 0x00, 0x00, 0x00
	.byte 0x2B, 0x00, 0x00, 0x00, 0x0A, 0x00, 0x00, 0x00, 0x06, 0x00, 0x00, 0x00, 0x09, 0x00, 0x00, 0x00
	.byte 0x00, 0x00, 0x00, 0x00, 0x07, 0x00, 0x00, 0x00, 0x06, 0x00, 0x00, 0x00, 0x4C, 0x00, 0x00, 0x00
	.byte 0x06, 0x00, 0x00, 0x00, 0x04, 0x00, 0x00, 0x00, 0xFF, 0xFF, 0xFF, 0xFF, 0x4C, 0x00, 0x00, 0x00
	.byte 0x02, 0x00, 0x00, 0x00, 0x04, 0x00, 0x00, 0x00, 0x01, 0x00, 0x00, 0x00, 0x4D, 0x00, 0x00, 0x00
	.byte 0x2B, 0x00, 0x00, 0x00, 0x00, 0x00, 0x00, 0x00, 0x0B, 0x00, 0x00, 0x00, 0x2B, 0x00, 0x00, 0x00
	.byte 0x14, 0x00, 0x00, 0x00, 0x08, 0x00, 0x00, 0x00, 0x2B, 0x00, 0x00, 0x00, 0x0A, 0x00, 0x00, 0x00
	.byte 0x05, 0x00, 0x00, 0x00, 0x24, 0x00, 0x00, 0x00, 0x01, 0x00, 0x00, 0x00, 0x05, 0x00, 0x00, 0x00
	.byte 0x4C, 0x00, 0x00, 0x00, 0x05, 0x00, 0x00, 0x00, 0x04, 0x00, 0x00, 0x00, 0xFF, 0xFF, 0xFF, 0xFF
	.byte 0x4D, 0x00, 0x00, 0x00, 0x04, 0x00, 0x00, 0x00, 0x01, 0x00, 0x00, 0x00, 0x4D, 0x00, 0x00, 0x00
	.byte 0x4D, 0x00, 0x00, 0x00, 0x2B, 0x00, 0x00, 0x00, 0x00, 0x00, 0x00, 0x00, 0x13, 0x00, 0x00, 0x00
	.byte 0x2B, 0x00, 0x00, 0x00, 0x14, 0x00, 0x00, 0x00, 0x10, 0x00, 0x00, 0x00, 0x2B, 0x00, 0x00, 0x00
	.byte 0x0A, 0x00, 0x00, 0x00, 0x0D, 0x00, 0x00, 0x00, 0x06, 0x00, 0x00, 0x00, 0x00, 0x00, 0x00, 0x00
	.byte 0x32, 0x00, 0x00, 0x00, 0x0B, 0x00, 0x00, 0x00, 0x04, 0x00, 0x00, 0x00, 0x01, 0x00, 0x00, 0x00
	.byte 0x00, 0x00, 0x00, 0x00, 0x80, 0x00, 0x00, 0x00, 0x06, 0x00, 0x00, 0x00, 0x04, 0x00, 0x00, 0x00
	.byte 0x01, 0x00, 0x00, 0x00, 0x4C, 0x00, 0x00, 0x00, 0x02, 0x00, 0x00, 0x00, 0x04, 0x00, 0x00, 0x00
	.byte 0xFF, 0xFF, 0xFF, 0xFF, 0x4D, 0x00, 0x00, 0x00, 0x39, 0x00, 0x00, 0x00, 0x00, 0x00, 0x00, 0x00
	.byte 0x6F, 0x00, 0x00, 0x00, 0x05, 0x00, 0x00, 0x00, 0x00, 0x00, 0x00, 0x00, 0x40, 0x00, 0x00, 0x00
	.byte 0x02, 0x00, 0x00, 0x00, 0x4C, 0x00, 0x00, 0x00, 0x41, 0x00, 0x00, 0x00, 0x09, 0x00, 0x00, 0x00
	.byte 0x01, 0x00, 0x00, 0x00, 0x80, 0x00, 0x00, 0x00, 0x1D, 0x00, 0x00, 0x00, 0x0B, 0x00, 0x00, 0x00
	.byte 0x01, 0x00, 0x00, 0x00, 0x00, 0x00, 0x00, 0x10, 0x19, 0x00, 0x00, 0x00, 0x0D, 0x00, 0x00, 0x00
	.byte 0x01, 0x00, 0x00, 0x00, 0x20, 0x00, 0x00, 0x00, 0x15, 0x00, 0x00, 0x00, 0x0B, 0x00, 0x00, 0x00
	.byte 0x01, 0x00, 0x00, 0x00, 0x00, 0x00, 0x0F, 0x00, 0x11, 0x00, 0x00, 0x00, 0x0D, 0x00, 0x00, 0x00
	.byte 0x01, 0x00, 0x00, 0x00, 0x04, 0x00, 0x00, 0x00, 0x0D, 0x00, 0x00, 0x00, 0x0D, 0x00, 0x00, 0x00
	.byte 0x01, 0x00, 0x00, 0x00, 0x00, 0x18, 0x00, 0x00, 0x09, 0x00, 0x00, 0x00, 0x07, 0x00, 0x00, 0x00
	.byte 0x00, 0x00, 0x00, 0x00, 0x64, 0x00, 0x00, 0x00, 0x0A, 0x00, 0x00, 0x00, 0x41, 0x00, 0x00, 0x00
	.byte 0x00, 0x00, 0x00, 0x00, 0x1A, 0x00, 0x00, 0x00, 0x21, 0x00, 0x00, 0x00, 0x05, 0x00, 0x00, 0x00
	.byte 0x00, 0x00, 0x00, 0x00, 0x80, 0x00, 0x00, 0x00, 0x02, 0x00, 0x00, 0x00, 0x04, 0x00, 0x00, 0x00
	.byte 0x01, 0x00, 0x00, 0x00, 0x4A, 0x00, 0x00, 0x00, 0x00, 0x00, 0x00, 0x00, 0x13, 0x00, 0x00, 0x00
	.byte 0x00, 0x00, 0x00, 0x00, 0x06, 0x00, 0x00, 0x00, 0x13, 0x00, 0x00, 0x00, 0x01, 0x00, 0x00, 0x00
	.byte 0x0A, 0x00, 0x00, 0x00, 0x12, 0x00, 0x00, 0x00, 0x02, 0x00, 0x00, 0x00, 0x0E, 0x00, 0x00, 0x00
	.byte 0x00, 0x00, 0x00, 0x00, 0x80, 0x00, 0x00, 0x00, 0x0D, 0x00, 0x00, 0x00, 0x04, 0x00, 0x00, 0x00
	.byte 0x01, 0x00, 0x00, 0x00, 0x4C, 0x00, 0x00, 0x00, 0x09, 0x00, 0x00, 0x00, 0x00, 0x00, 0x00, 0x00
	.byte 0xC0, 0x00, 0x00, 0x00, 0x06, 0x00, 0x00, 0x00, 0x04, 0x00, 0x00, 0x00, 0x01, 0x00, 0x00, 0x00
	.byte 0x4C, 0x00, 0x00, 0x00, 0x02, 0x00, 0x00, 0x00, 0x04, 0x00, 0x00, 0x00, 0xFE, 0xFF, 0xFF, 0xFF
	.byte 0x4D, 0x00, 0x00, 0x00, 0x45, 0x00, 0x00, 0x00, 0x6D, 0x00, 0x00, 0x00, 0xFF, 0xFF, 0xFF, 0xFF
	.byte 0x2B, 0x00, 0x00, 0x00, 0x00, 0x00, 0x00, 0x00, 0x17, 0x00, 0x00, 0x00, 0x2B, 0x00, 0x00, 0x00
	.byte 0x14, 0x00, 0x00, 0x00, 0x14, 0x00, 0x00, 0x00, 0x2B, 0x00, 0x00, 0x00, 0x0A, 0x00, 0x00, 0x00
	.byte 0x11, 0x00, 0x00, 0x00, 0x43, 0x00, 0x00, 0x00, 0x01, 0x00, 0x00, 0x00, 0x13, 0x00, 0x00, 0x00
	.byte 0x00, 0x00, 0x00, 0x00, 0x05, 0x00, 0x00, 0x00, 0x00, 0x00, 0x00, 0x00, 0x40, 0x00, 0x00, 0x00
	.byte 0x02, 0x00, 0x00, 0x00, 0x04, 0x00, 0x00, 0x00, 0x01, 0x00, 0x00, 0x00, 0x00, 0x00, 0x00, 0x00
	.byte 0x80, 0x00, 0x00, 0x00, 0x06, 0x00, 0x00, 0x00, 0x04, 0x00, 0x00, 0x00, 0x01, 0x00, 0x00, 0x00
	.byte 0x4C, 0x00, 0x00, 0x00, 0x02, 0x00, 0x00, 0x00, 0x04, 0x00, 0x00, 0x00, 0xFF, 0xFF, 0xFF, 0xFF
	.byte 0x4D, 0x00, 0x00, 0x00, 0x00, 0x00, 0x00, 0x00, 0x40, 0x00, 0x00, 0x00, 0x14, 0x00, 0x00, 0x00
	.byte 0x24, 0x00, 0x00, 0x00, 0x00, 0x00, 0x00, 0x00, 0x0F, 0x00, 0x00, 0x00, 0x05, 0x00, 0x00, 0x00
	.byte 0x01, 0x00, 0x00, 0x00, 0x1F, 0x00, 0x00, 0x00, 0x0B, 0x00, 0x00, 0x00, 0x06, 0x00, 0x00, 0x00
	.byte 0x01, 0x00, 0x00, 0x00, 0x4B, 0x00, 0x00, 0x00, 0x03, 0x00, 0x00, 0x00, 0x00, 0x00, 0x00, 0x00
	.byte 0x40, 0x00, 0x00, 0x00, 0x06, 0x00, 0x00, 0x00, 0x04, 0x00, 0x00, 0x00, 0x01, 0x00, 0x00, 0x00
	.byte 0x4C, 0x00, 0x00, 0x00, 0x02, 0x00, 0x00, 0x00, 0x04, 0x00, 0x00, 0x00, 0xFF, 0xFF, 0xFF, 0xFF
	.byte 0x4D, 0x00, 0x00, 0x00, 0x05, 0x00, 0x00, 0x00, 0x01, 0x00, 0x00, 0x00, 0x33, 0x00, 0x00, 0x00
	.byte 0x0E, 0x00, 0x00, 0x00, 0x06, 0x00, 0x00, 0x00, 0x01, 0x00, 0x00, 0x00, 0x5A, 0x00, 0x00, 0x00
	.byte 0x03, 0x00, 0x00, 0x00, 0x00, 0x00, 0x00, 0x00, 0x80, 0x00, 0x00, 0x00, 0x09, 0x00, 0x00, 0x00
	.byte 0x00, 0x00, 0x00, 0x00, 0x40, 0x00, 0x00, 0x00, 0x06, 0x00, 0x00, 0x00, 0x04, 0x00, 0x00, 0x00
	.byte 0x01, 0x00, 0x00, 0x00, 0x4C, 0x00, 0x00, 0x00, 0x02, 0x00, 0x00, 0x00, 0x04, 0x00, 0x00, 0x00
	.byte 0xFF, 0xFF, 0xFF, 0xFF, 0x4D, 0x00, 0x00, 0x00, 0x09, 0x00, 0x00, 0x00, 0x00, 0x00, 0x00, 0x00
	.byte 0x07, 0x00, 0x00, 0x00, 0x41, 0x00, 0x00, 0x00, 0x0B, 0x00, 0x00, 0x00, 0x00, 0x00, 0x00, 0x00
	.byte 0x00, 0x00, 0x0F, 0x00, 0x3D, 0x00, 0x00, 0x00, 0x0B, 0x00, 0x00, 0x00, 0x00, 0x00, 0x00, 0x00
	.byte 0x07, 0x00, 0x00, 0x00, 0x39, 0x00, 0x00, 0x00, 0x39, 0x00, 0x00, 0x00, 0x00, 0x00, 0x00, 0x00
	.byte 0xB9, 0x00, 0x00, 0x00, 0x35, 0x00, 0x00, 0x00, 0x39, 0x00, 0x00, 0x00, 0x00, 0x00, 0x00, 0x00
	.byte 0xAA, 0x00, 0x00, 0x00, 0x31, 0x00, 0x00, 0x00, 0x39, 0x00, 0x00, 0x00, 0x00, 0x00, 0x00, 0x00
	.byte 0x4E, 0x00, 0x00, 0x00, 0x2D, 0x00, 0x00, 0x00, 0x06, 0x00, 0x00, 0x00, 0x01, 0x00, 0x00, 0x00
	.byte 0x1E, 0x00, 0x00, 0x00, 0x05, 0x00, 0x00, 0x00, 0x00, 0x00, 0x00, 0x00, 0x0A, 0x00, 0x00, 0x00
	.byte 0x02, 0x00, 0x00, 0x00, 0x04, 0x00, 0x00, 0x00, 0xFF, 0xFF, 0xFF, 0xFF, 0x06, 0x00, 0x00, 0x00
	.byte 0x01, 0x00, 0x00, 0x00, 0x32, 0x00, 0x00, 0x00, 0x05, 0x00, 0x00, 0x00, 0x00, 0x00, 0x00, 0x00
	.byte 0x64, 0x00, 0x00, 0x00, 0x02, 0x00, 0x00, 0x00, 0x04, 0x00, 0x00, 0x00, 0xFF, 0xFF, 0xFF, 0xFF
	.byte 0x00, 0x00, 0x00, 0x00, 0xC0, 0x00, 0x00, 0x00, 0x02, 0x00, 0x00, 0x00, 0x04, 0x00, 0x00, 0x00
	.byte 0x01, 0x00, 0x00, 0x00, 0x21, 0x00, 0x00, 0x00, 0x00, 0x00, 0x00, 0x00, 0x48, 0x00, 0x00, 0x00
	.byte 0x13, 0x00, 0x00, 0x00, 0x00, 0x00, 0x00, 0x00, 0x07, 0x00, 0x00, 0x00, 0x50, 0x00, 0x00, 0x00
	.byte 0x05, 0x00, 0x00, 0x00, 0x00, 0x00, 0x00, 0x00, 0x64, 0x00, 0x00, 0x00, 0x02, 0x00, 0x00, 0x00
	.byte 0x04, 0x00, 0x00, 0x00, 0x01, 0x00, 0x00, 0x00, 0x50, 0x00, 0x00, 0x00, 0x09, 0x00, 0x00, 0x00
	.byte 0x00, 0x00, 0x00, 0x00, 0x64, 0x00, 0x00, 0x00, 0x06, 0x00, 0x00, 0x00, 0x04, 0x00, 0x00, 0x00
	.byte 0x01, 0x00, 0x00, 0x00, 0x4C, 0x00, 0x00, 0x00, 0x02, 0x00, 0x00, 0x00, 0x04, 0x00, 0x00, 0x00
	.byte 0xFF, 0xFF, 0xFF, 0xFF, 0x4D, 0x00, 0x00, 0x00, 0x2B, 0x00, 0x00, 0x00, 0x00, 0x00, 0x00, 0x00
	.byte 0x0F, 0x00, 0x00, 0x00, 0x2B, 0x00, 0x00, 0x00, 0x0A, 0x00, 0x00, 0x00, 0x0C, 0x00, 0x00, 0x00
	.byte 0x2B, 0x00, 0x00, 0x00, 0x14, 0x00, 0x00, 0x00, 0x09, 0x00, 0x00, 0x00, 0x26, 0x00, 0x00, 0x00
	.byte 0x01, 0x00, 0x00, 0x00, 0x13, 0x00, 0x00, 0x00, 0x00, 0x00, 0x00, 0x00, 0x36, 0x00, 0x00, 0x00
	.byte 0x62, 0x00, 0x00, 0x00, 0x06, 0x00, 0x00, 0x00, 0x4C, 0x00, 0x00, 0x00, 0x09, 0x00, 0x00, 0x00
	.byte 0x04, 0x00, 0x00, 0x00, 0xFF, 0xFF, 0xFF, 0xFF, 0x4C, 0x00, 0x00, 0x00, 0x2E, 0x00, 0x00, 0x00
	.byte 0x00, 0x00, 0x00, 0x00, 0x40, 0x00, 0x00, 0x00, 0x02, 0x00, 0x00, 0x00, 0x04, 0x00, 0x00, 0x00
	.byte 0xFE, 0xFF, 0xFF, 0xFF, 0x61, 0x00, 0x00, 0x00, 0x00, 0x00, 0x00, 0x00, 0x07, 0x00, 0x00, 0x00
	.byte 0x00, 0x00, 0x00, 0x00, 0x40, 0x00, 0x00, 0x00, 0x04, 0x00, 0x00, 0x00, 0x04, 0x00, 0x00, 0x00
	.byte 0xFE, 0xFF, 0xFF, 0xFF, 0x4C, 0x00, 0x00, 0x00, 0x1F, 0x00, 0x00, 0x00, 0x06, 0x00, 0x00, 0x00
	.byte 0x00, 0x00, 0x00, 0x00, 0x46, 0x00, 0x00, 0x00, 0x09, 0x00, 0x00, 0x00, 0x06, 0x00, 0x00, 0x00
	.byte 0x00, 0x00, 0x00, 0x00, 0x1E, 0x00, 0x00, 0x00, 0x0A, 0x00, 0x00, 0x00, 0x00, 0x00, 0x00, 0x00
	.byte 0x80, 0x00, 0x00, 0x00, 0x0C, 0x00, 0x00, 0x00, 0x4C, 0x00, 0x00, 0x00, 0x05, 0x00, 0x00, 0x00
	.byte 0x00, 0x00, 0x00, 0x00, 0x40, 0x00, 0x00, 0x00, 0x02, 0x00, 0x00, 0x00, 0x04, 0x00, 0x00, 0x00
	.byte 0x01, 0x00, 0x00, 0x00, 0x00, 0x00, 0x00, 0x00, 0x80, 0x00, 0x00, 0x00, 0x02, 0x00, 0x00, 0x00
	.byte 0x04, 0x00, 0x00, 0x00, 0x01, 0x00, 0x00, 0x00, 0x24, 0x00, 0x00, 0x00, 0x00, 0x00, 0x00, 0x00
	.byte 0x03, 0x00, 0x00, 0x00, 0x00, 0x00, 0x00, 0x00, 0x80, 0x00, 0x00, 0x00, 0x02, 0x00, 0x00, 0x00
	.byte 0x04, 0x00, 0x00, 0x00, 0x01, 0x00, 0x00, 0x00, 0x4D, 0x00, 0x00, 0x00, 0x2B, 0x00, 0x00, 0x00
	.byte 0x00, 0x00, 0x00, 0x00, 0x13, 0x00, 0x00, 0x00, 0x2B, 0x00, 0x00, 0x00, 0x0A, 0x00, 0x00, 0x00
	.byte 0x10, 0x00, 0x00, 0x00, 0x2B, 0x00, 0x00, 0x00, 0x14, 0x00, 0x00, 0x00, 0x0D, 0x00, 0x00, 0x00
	.byte 0x24, 0x00, 0x00, 0x00, 0x01, 0x00, 0x00, 0x00, 0x06, 0x00, 0x00, 0x00, 0x06, 0x00, 0x00, 0x00
	.byte 0x01, 0x00, 0x00, 0x00, 0x3C, 0x00, 0x00, 0x00, 0x08, 0x00, 0x00, 0x00, 0x4C, 0x00, 0x00, 0x00
	.byte 0x04, 0x00, 0x00, 0x00, 0x06, 0x00, 0x00, 0x00, 0x01, 0x00, 0x00, 0x00, 0x50, 0x00, 0x00, 0x00
	.byte 0x02, 0x00, 0x00, 0x00, 0x04, 0x00, 0x00, 0x00, 0xFF, 0xFF, 0xFF, 0xFF, 0x4D, 0x00, 0x00, 0x00
	.byte 0x2B, 0x00, 0x00, 0x00, 0x00, 0x00, 0x00, 0x00, 0x13, 0x00, 0x00, 0x00, 0x2B, 0x00, 0x00, 0x00
	.byte 0x14, 0x00, 0x00, 0x00, 0x10, 0x00, 0x00, 0x00, 0x2B, 0x00, 0x00, 0x00, 0x0A, 0x00, 0x00, 0x00
	.byte 0x0D, 0x00, 0x00, 0x00, 0x24, 0x00, 0x00, 0x00, 0x00, 0x00, 0x00, 0x00, 0x0C, 0x00, 0x00, 0x00
	.byte 0x05, 0x00, 0x00, 0x00, 0x01, 0x00, 0x00, 0x00, 0x1E, 0x00, 0x00, 0x00, 0x08, 0x00, 0x00, 0x00
	.byte 0x00, 0x00, 0x00, 0x00, 0x40, 0x00, 0x00, 0x00, 0x05, 0x00, 0x00, 0x00, 0x04, 0x00, 0x00, 0x00
	.byte 0x01, 0x00, 0x00, 0x00, 0x4D, 0x00, 0x00, 0x00, 0x04, 0x00, 0x00, 0x00, 0xFF, 0xFF, 0xFF, 0xFF
	.byte 0x4D, 0x00, 0x00, 0x00, 0x2B, 0x00, 0x00, 0x00, 0x00, 0x00, 0x00, 0x00, 0x18, 0x00, 0x00, 0x00
	.byte 0x2B, 0x00, 0x00, 0x00, 0x14, 0x00, 0x00, 0x00, 0x15, 0x00, 0x00, 0x00, 0x2B, 0x00, 0x00, 0x00
	.byte 0x0A, 0x00, 0x00, 0x00, 0x12, 0x00, 0x00, 0x00, 0x24, 0x00, 0x00, 0x00, 0x00, 0x00, 0x00, 0x00
	.byte 0x18, 0x00, 0x00, 0x00, 0x29, 0x00, 0x00, 0x00, 0x01, 0x00, 0x00, 0x00, 0x13, 0x00, 0x00, 0x00
	.byte 0x18, 0x00, 0x00, 0x00, 0x0E, 0x00, 0x00, 0x00, 0x41, 0x00, 0x00, 0x00, 0x01, 0x00, 0x00, 0x00
	.byte 0x19, 0x00, 0x00, 0x00, 0x0F, 0x00, 0x00, 0x00, 0x09, 0x00, 0x00, 0x00, 0x00, 0x00, 0x00, 0x00
	.byte 0x80, 0x00, 0x00, 0x00, 0x06, 0x00, 0x00, 0x00, 0x4C, 0x00, 0x00, 0x00, 0x09, 0x00, 0x00, 0x00
	.byte 0x04, 0x00, 0x00, 0x00, 0xFF, 0xFF, 0xFF, 0xFF, 0x4C, 0x00, 0x00, 0x00, 0x05, 0x00, 0x00, 0x00
	.byte 0x00, 0x00, 0x00, 0x00, 0x80, 0x00, 0x00, 0x00, 0x02, 0x00, 0x00, 0x00, 0x04, 0x00, 0x00, 0x00
	.byte 0x01, 0x00, 0x00, 0x00, 0x4D, 0x00, 0x00, 0x00, 0xD3, 0x00, 0x00, 0x00, 0xD4, 0x00, 0x00, 0x00
	.byte 0xFF, 0xFF, 0xFF, 0xFF, 0x00, 0x00, 0x00, 0x00, 0x80, 0x00, 0x00, 0x00, 0x02, 0x00, 0x00, 0x00
	.byte 0x04, 0x00, 0x00, 0x00, 0x01, 0x00, 0x00, 0x00, 0x4D, 0x00, 0x00, 0x00, 0x2B, 0x00, 0x00, 0x00
	.byte 0x00, 0x00, 0x00, 0x00, 0x32, 0x00, 0x00, 0x00, 0x2B, 0x00, 0x00, 0x00, 0x14, 0x00, 0x00, 0x00
	.byte 0x2F, 0x00, 0x00, 0x00, 0x2B, 0x00, 0x00, 0x00, 0x0A, 0x00, 0x00, 0x00, 0x2C, 0x00, 0x00, 0x00
	.byte 0x5A, 0x00, 0x00, 0x00, 0x01, 0x00, 0x00, 0x00, 0x11, 0x00, 0x00, 0x00, 0x1E, 0x00, 0x00, 0x00
	.byte 0x0D, 0x00, 0x00, 0x00, 0x12, 0x00, 0x00, 0x00, 0x5A, 0x00, 0x00, 0x00, 0x0E, 0x00, 0x00, 0x00
	.byte 0x12, 0x00, 0x00, 0x00, 0x3C, 0x00, 0x00, 0x00, 0x1A, 0x00, 0x00, 0x00, 0x00, 0x00, 0x00, 0x00
	.byte 0x80, 0x00, 0x00, 0x00, 0x25, 0x00, 0x00, 0x00, 0x04, 0x00, 0x00, 0x00, 0xFF, 0xFF, 0xFF, 0xFF
	.byte 0x4C, 0x00, 0x00, 0x00, 0x21, 0x00, 0x00, 0x00, 0x04, 0x00, 0x00, 0x00, 0xFE, 0xFF, 0xFF, 0xFF
	.byte 0x4C, 0x00, 0x00, 0x00, 0x1D, 0x00, 0x00, 0x00, 0x2B, 0x00, 0x00, 0x00, 0x50, 0x00, 0x00, 0x00
	.byte 0x0A, 0x00, 0x00, 0x00, 0x2B, 0x00, 0x00, 0x00, 0xA0, 0x00, 0x00, 0x00, 0x07, 0x00, 0x00, 0x00
	.byte 0x00, 0x00, 0x00, 0x00, 0x80, 0x00, 0x00, 0x00, 0x06, 0x00, 0x00, 0x00, 0x04, 0x00, 0x00, 0x00
	.byte 0x01, 0x00, 0x00, 0x00, 0x4C, 0x00, 0x00, 0x00, 0x02, 0x00, 0x00, 0x00, 0x04, 0x00, 0x00, 0x00
	.byte 0x04, 0x00, 0x00, 0x00, 0x00, 0x00, 0x00, 0x00, 0x40, 0x00, 0x00, 0x00, 0x0B, 0x00, 0x00, 0x00
	.byte 0x04, 0x00, 0x00, 0x00, 0x01, 0x00, 0x00, 0x00, 0x4C, 0x00, 0x00, 0x00, 0x07, 0x00, 0x00, 0x00
	.byte 0x41, 0x00, 0x00, 0x00, 0x01, 0x00, 0x00, 0x00, 0x19, 0x00, 0x00, 0x00, 0x03, 0x00, 0x00, 0x00
	.byte 0x02, 0x00, 0x00, 0x00, 0x04, 0x00, 0x00, 0x00, 0xFF, 0xFF, 0xFF, 0xFF, 0x4D, 0x00, 0x00, 0x00
	.byte 0x38, 0x00, 0x00, 0x00, 0x50, 0x00, 0x00, 0x00, 0x64, 0x00, 0x00, 0x00, 0x65, 0x00, 0x00, 0x00
	.byte 0x47, 0x00, 0x00, 0x00, 0xFF, 0xFF, 0xFF, 0xFF, 0x0A, 0x00, 0x00, 0x00, 0x01, 0x00, 0x00, 0x00
	.byte 0xFF, 0x00, 0x00, 0x00, 0xB7, 0xED, 0xFF, 0xFF, 0x00, 0x00, 0x00, 0x00, 0x80, 0x00, 0x00, 0x00
	.byte 0x06, 0x00, 0x00, 0x00, 0x05, 0x00, 0x00, 0x00, 0x00, 0x00, 0x00, 0x00, 0x1E, 0x00, 0x00, 0x00
	.byte 0x02, 0x00, 0x00, 0x00, 0x04, 0x00, 0x00, 0x00, 0x01, 0x00, 0x00, 0x00, 0x4D, 0x00, 0x00, 0x00
	.byte 0x2B, 0x00, 0x00, 0x00, 0x00, 0x00, 0x00, 0x00, 0x3D, 0x00, 0x00, 0x00, 0x2B, 0x00, 0x00, 0x00
	.byte 0x14, 0x00, 0x00, 0x00, 0x3A, 0x00, 0x00, 0x00, 0x2B, 0x00, 0x00, 0x00, 0x0A, 0x00, 0x00, 0x00
	.byte 0x37, 0x00, 0x00, 0x00, 0x5B, 0x00, 0x00, 0x00, 0x13, 0x00, 0x00, 0x00, 0x01, 0x00, 0x00, 0x00
	.byte 0x2F, 0x00, 0x00, 0x00, 0x13, 0x00, 0x00, 0x00, 0x02, 0x00, 0x00, 0x00, 0x23, 0x00, 0x00, 0x00
	.byte 0x13, 0x00, 0x00, 0x00, 0x03, 0x00, 0x00, 0x00, 0x22, 0x00, 0x00, 0x00, 0x29, 0x00, 0x00, 0x00
	.byte 0x00, 0x00, 0x00, 0x00, 0x14, 0x00, 0x00, 0x00, 0x2E, 0x00, 0x00, 0x00, 0x05, 0x00, 0x00, 0x00
	.byte 0x00, 0x00, 0x00, 0x00, 0x1E, 0x00, 0x00, 0x00, 0x02, 0x00, 0x00, 0x00, 0x04, 0x00, 0x00, 0x00
	.byte 0x01, 0x00, 0x00, 0x00, 0x32, 0x00, 0x00, 0x00, 0x00, 0x00, 0x00, 0x00, 0x07, 0x00, 0x00, 0x00
	.byte 0x0A, 0x00, 0x00, 0x00, 0x11, 0x00, 0x00, 0x00, 0x31, 0x00, 0x00, 0x00, 0x01, 0x00, 0x00, 0x00
	.byte 0x06, 0x00, 0x00, 0x00, 0x02, 0x00, 0x00, 0x00, 0x0C, 0x00, 0x00, 0x00, 0x32, 0x00, 0x00, 0x00
	.byte 0x00, 0x00, 0x00, 0x00, 0x07, 0x00, 0x00, 0x00, 0x08, 0x00, 0x00, 0x00, 0x09, 0x00, 0x00, 0x00
	.byte 0x31, 0x00, 0x00, 0x00, 0x01, 0x00, 0x00, 0x00, 0x06, 0x00, 0x00, 0x00, 0x04, 0x00, 0x00, 0x00
	.byte 0x04, 0x00, 0x00, 0x00, 0x4C, 0x00, 0x00, 0x00, 0x0F, 0x00, 0x00, 0x00, 0x04, 0x00, 0x00, 0x00
	.byte 0x01, 0x00, 0x00, 0x00, 0x00, 0x00, 0x00, 0x00, 0x64, 0x00, 0x00, 0x00, 0x0A, 0x00, 0x00, 0x00
	.byte 0x04, 0x00, 0x00, 0x00, 0x01, 0x00, 0x00, 0x00, 0x4C, 0x00, 0x00, 0x00, 0x06, 0x00, 0x00, 0x00
	.byte 0x04, 0x00, 0x00, 0x00, 0x03, 0x00, 0x00, 0x00, 0x4C, 0x00, 0x00, 0x00, 0x02, 0x00, 0x00, 0x00
	.byte 0x04, 0x00, 0x00, 0x00, 0xFF, 0xFF, 0xFF, 0xFF, 0x4D, 0x00, 0x00, 0x00, 0x39, 0x00, 0x00, 0x00
	.byte 0x00, 0x00, 0x00, 0x00, 0x08, 0x00, 0x00, 0x00, 0x41, 0x00, 0x00, 0x00, 0x39, 0x00, 0x00, 0x00
	.byte 0x00, 0x00, 0x00, 0x00, 0x20, 0x00, 0x00, 0x00, 0x3D, 0x00, 0x00, 0x00, 0x39, 0x00, 0x00, 0x00
	.byte 0x00, 0x00, 0x00, 0x00, 0xD6, 0x00, 0x00, 0x00, 0x39, 0x00, 0x00, 0x00, 0x39, 0x00, 0x00, 0x00
	.byte 0x00, 0x00, 0x00, 0x00, 0x9D, 0x00, 0x00, 0x00, 0x35, 0x00, 0x00, 0x00, 0x39, 0x00, 0x00, 0x00
	.byte 0x00, 0x00, 0x00, 0x00, 0x84, 0x00, 0x00, 0x00, 0x31, 0x00, 0x00, 0x00, 0x39, 0x00, 0x00, 0x00
	.byte 0x00, 0x00, 0x00, 0x00, 0x25, 0x00, 0x00, 0x00, 0x2D, 0x00, 0x00, 0x00, 0x39, 0x00, 0x00, 0x00
	.byte 0x00, 0x00, 0x00, 0x00, 0xA2, 0x00, 0x00, 0x00, 0x29, 0x00, 0x00, 0x00, 0x39, 0x00, 0x00, 0x00
	.byte 0x00, 0x00, 0x00, 0x00, 0x03, 0x00, 0x00, 0x00, 0x25, 0x00, 0x00, 0x00, 0x39, 0x00, 0x00, 0x00
	.byte 0x00, 0x00, 0x00, 0x00, 0xB5, 0x00, 0x00, 0x00, 0x21, 0x00, 0x00, 0x00, 0x39, 0x00, 0x00, 0x00
	.byte 0x00, 0x00, 0x00, 0x00, 0xFB, 0x00, 0x00, 0x00, 0x1D, 0x00, 0x00, 0x00, 0x39, 0x00, 0x00, 0x00
	.byte 0x00, 0x00, 0x00, 0x00, 0x54, 0x00, 0x00, 0x00, 0x19, 0x00, 0x00, 0x00, 0x39, 0x00, 0x00, 0x00
	.byte 0x00, 0x00, 0x00, 0x00, 0xDC, 0x00, 0x00, 0x00, 0x15, 0x00, 0x00, 0x00, 0x39, 0x00, 0x00, 0x00
	.byte 0x00, 0x00, 0x00, 0x00, 0x0E, 0x01, 0x00, 0x00, 0x11, 0x00, 0x00, 0x00, 0x0D, 0x00, 0x00, 0x00
	.byte 0x01, 0x00, 0x00, 0x00, 0x04, 0x00, 0x00, 0x00, 0x0D, 0x00, 0x00, 0x00, 0x0D, 0x00, 0x00, 0x00
	.byte 0x00, 0x00, 0x00, 0x00, 0x00, 0x00, 0x00, 0x01, 0x09, 0x00, 0x00, 0x00, 0x0D, 0x00, 0x00, 0x00
	.byte 0x00, 0x00, 0x00, 0x00, 0x00, 0x04, 0x00, 0x00, 0x05, 0x00, 0x00, 0x00, 0x00, 0x00, 0x00, 0x00
	.byte 0x60, 0x00, 0x00, 0x00, 0x02, 0x00, 0x00, 0x00, 0x4C, 0x00, 0x00, 0x00, 0x05, 0x00, 0x00, 0x00
	.byte 0x00, 0x00, 0x00, 0x00, 0x19, 0x00, 0x00, 0x00, 0x02, 0x00, 0x00, 0x00, 0x04, 0x00, 0x00, 0x00
	.byte 0x01, 0x00, 0x00, 0x00, 0x4D, 0x00, 0x00, 0x00, 0x2B, 0x00, 0x00, 0x00, 0x00, 0x00, 0x00, 0x00
	.byte 0x22, 0x00, 0x00, 0x00, 0x2B, 0x00, 0x00, 0x00, 0x14, 0x00, 0x00, 0x00, 0x1F, 0x00, 0x00, 0x00
	.byte 0x2B, 0x00, 0x00, 0x00, 0x0A, 0x00, 0x00, 0x00, 0x1C, 0x00, 0x00, 0x00, 0x05, 0x00, 0x00, 0x00
	.byte 0x00, 0x00, 0x00, 0x00, 0x32, 0x00, 0x00, 0x00, 0x18, 0x00, 0x00, 0x00, 0x07, 0x00, 0x00, 0x00
	.byte 0x00, 0x00, 0x00, 0x00, 0x64, 0x00, 0x00, 0x00, 0x06, 0x00, 0x00, 0x00, 0x06, 0x00, 0x00, 0x00
	.byte 0x00, 0x00, 0x00, 0x00, 0x55, 0x00, 0x00, 0x00, 0x09, 0x00, 0x00, 0x00, 0x4C, 0x00, 0x00, 0x00
	.byte 0x10, 0x00, 0x00, 0x00, 0x24, 0x00, 0x00, 0x00, 0x01, 0x00, 0x00, 0x00, 0x02, 0x00, 0x00, 0x00
	.byte 0x04, 0x00, 0x00, 0x00, 0x01, 0x00, 0x00, 0x00, 0x04, 0x00, 0x00, 0x00, 0x01, 0x00, 0x00, 0x00
	.byte 0x00, 0x00, 0x00, 0x00, 0x19, 0x00, 0x00, 0x00, 0x06, 0x00, 0x00, 0x00, 0x04, 0x00, 0x00, 0x00
	.byte 0x01, 0x00, 0x00, 0x00, 0x4C, 0x00, 0x00, 0x00, 0x02, 0x00, 0x00, 0x00, 0x04, 0x00, 0x00, 0x00
	.byte 0xFF, 0xFF, 0xFF, 0xFF, 0x4D, 0x00, 0x00, 0x00, 0x06, 0x00, 0x00, 0x00, 0x01, 0x00, 0x00, 0x00
	.byte 0x5A, 0x00, 0x00, 0x00, 0x0A, 0x00, 0x00, 0x00, 0x06, 0x00, 0x00, 0x00, 0x01, 0x00, 0x00, 0x00
	.byte 0x3C, 0x00, 0x00, 0x00, 0x0D, 0x00, 0x00, 0x00, 0x06, 0x00, 0x00, 0x00, 0x01, 0x00, 0x00, 0x00
	.byte 0x1E, 0x00, 0x00, 0x00, 0x10, 0x00, 0x00, 0x00, 0x4C, 0x00, 0x00, 0x00, 0xDA, 0xEC, 0xFF, 0xFF
	.byte 0x00, 0x00, 0x00, 0x00, 0x60, 0x00, 0x00, 0x00, 0x12, 0x00, 0x00, 0x00, 0x04, 0x00, 0x00, 0x00
	.byte 0x01, 0x00, 0x00, 0x00, 0x4C, 0x00, 0x00, 0x00, 0x0E, 0x00, 0x00, 0x00, 0x00, 0x00, 0x00, 0x00
	.byte 0x80, 0x00, 0x00, 0x00, 0x0B, 0x00, 0x00, 0x00, 0x04, 0x00, 0x00, 0x00, 0x01, 0x00, 0x00, 0x00
	.byte 0x4C, 0x00, 0x00, 0x00, 0x07, 0x00, 0x00, 0x00, 0x00, 0x00, 0x00, 0x00, 0xA4, 0x00, 0x00, 0x00
	.byte 0x04, 0x00, 0x00, 0x00, 0x04, 0x00, 0x00, 0x00, 0x01, 0x00, 0x00, 0x00, 0x4C, 0x00, 0x00, 0x00
	.byte 0x00, 0x00, 0x00, 0x00, 0x4D, 0x00, 0x00, 0x00, 0x00, 0x00, 0x00, 0x00, 0x40, 0x00, 0x00, 0x00
	.byte 0x17, 0x00, 0x00, 0x00, 0x04, 0x00, 0x00, 0x00, 0x01, 0x00, 0x00, 0x00, 0x06, 0x00, 0x00, 0x00
	.byte 0x00, 0x00, 0x00, 0x00, 0x46, 0x00, 0x00, 0x00, 0x11, 0x00, 0x00, 0x00, 0x00, 0x00, 0x00, 0x00
	.byte 0x80, 0x00, 0x00, 0x00, 0x02, 0x00, 0x00, 0x00, 0x04, 0x00, 0x00, 0x00, 0xFF, 0xFF, 0xFF, 0xFF
	.byte 0x06, 0x00, 0x00, 0x00, 0x00, 0x00, 0x00, 0x00, 0x32, 0x00, 0x00, 0x00, 0x08, 0x00, 0x00, 0x00
	.byte 0x04, 0x00, 0x00, 0x00, 0xFF, 0xFF, 0xFF, 0xFF, 0x06, 0x00, 0x00, 0x00, 0x00, 0x00, 0x00, 0x00
	.byte 0x1E, 0x00, 0x00, 0x00, 0x02, 0x00, 0x00, 0x00, 0x04, 0x00, 0x00, 0x00, 0xFF, 0xFF, 0xFF, 0xFF
	.byte 0x4D, 0x00, 0x00, 0x00, 0x05, 0x00, 0x00, 0x00, 0x01, 0x00, 0x00, 0x00, 0x46, 0x00, 0x00, 0x00
	.byte 0x15, 0x00, 0x00, 0x00, 0x39, 0x00, 0x00, 0x00, 0x00, 0x00, 0x00, 0x00, 0x2B, 0x00, 0x00, 0x00
	.byte 0x0D, 0x00, 0x00, 0x00, 0x39, 0x00, 0x00, 0x00, 0x00, 0x00, 0x00, 0x00, 0xC8, 0x00, 0x00, 0x00
	.byte 0x09, 0x00, 0x00, 0x00, 0x39, 0x00, 0x00, 0x00, 0x00, 0x00, 0x00, 0x00, 0xD1, 0x00, 0x00, 0x00
	.byte 0x05, 0x00, 0x00, 0x00, 0x00, 0x00, 0x00, 0x00, 0x40, 0x00, 0x00, 0x00, 0x02, 0x00, 0x00, 0x00
	.byte 0x4C, 0x00, 0x00, 0x00, 0x06, 0x00, 0x00, 0x00, 0x04, 0x00, 0x00, 0x00, 0x01, 0x00, 0x00, 0x00
	.byte 0x4C, 0x00, 0x00, 0x00, 0x02, 0x00, 0x00, 0x00, 0x04, 0x00, 0x00, 0x00, 0xFF, 0xFF, 0xFF, 0xFF
	.byte 0x4D, 0x00, 0x00, 0x00, 0x24, 0x00, 0x00, 0x00, 0x01, 0x00, 0x00, 0x00, 0x1B, 0x00, 0x00, 0x00
	.byte 0x63, 0x00, 0x00, 0x00, 0x00, 0x00, 0x00, 0x00, 0x00, 0x00, 0x00, 0x00, 0x02, 0x00, 0x00, 0x00
	.byte 0x4C, 0x00, 0x00, 0x00, 0x05, 0x00, 0x00, 0x00, 0x00, 0x00, 0x00, 0x00, 0x20, 0x00, 0x00, 0x00
	.byte 0x02, 0x00, 0x00, 0x00, 0x04, 0x00, 0x00, 0x00, 0x01, 0x00, 0x00, 0x00, 0x5E, 0x00, 0x00, 0x00
	.byte 0x13, 0x00, 0x00, 0x00, 0x02, 0x00, 0x00, 0x00, 0x05, 0x00, 0x00, 0x00, 0x00, 0x00, 0x00, 0x00
	.byte 0x80, 0x00, 0x00, 0x00, 0x0B, 0x00, 0x00, 0x00, 0x04, 0x00, 0x00, 0x00, 0x01, 0x00, 0x00, 0x00
	.byte 0x00, 0x00, 0x00, 0x00, 0x40, 0x00, 0x00, 0x00, 0x06, 0x00, 0x00, 0x00, 0x04, 0x00, 0x00, 0x00
	.byte 0x01, 0x00, 0x00, 0x00, 0x4C, 0x00, 0x00, 0x00, 0x02, 0x00, 0x00, 0x00, 0x04, 0x00, 0x00, 0x00
	.byte 0xFE, 0xFF, 0xFF, 0xFF, 0x4D, 0x00, 0x00, 0x00, 0x24, 0x00, 0x00, 0x00, 0x01, 0x00, 0x00, 0x00
	.byte 0x17, 0x00, 0x00, 0x00, 0x63, 0x00, 0x00, 0x00, 0x00, 0x00, 0x00, 0x00, 0x00, 0x00, 0x00, 0x00
	.byte 0x0C, 0x00, 0x00, 0x00, 0x21, 0x00, 0x00, 0x00, 0x00, 0x00, 0x00, 0x00, 0x1A, 0x00, 0x00, 0x00
	.byte 0x1D, 0x00, 0x00, 0x00, 0x0E, 0x00, 0x00, 0x00, 0x00, 0x00, 0x00, 0x00, 0x80, 0x00, 0x00, 0x00
	.byte 0x19, 0x00, 0x00, 0x00, 0x04, 0x00, 0x00, 0x00, 0x02, 0x00, 0x00, 0x00, 0x4C, 0x00, 0x00, 0x00
	.byte 0x15, 0x00, 0x00, 0x00, 0x00, 0x00, 0x00, 0x00, 0x20, 0x00, 0x00, 0x00, 0x12, 0x00, 0x00, 0x00
	.byte 0x04, 0x00, 0x00, 0x00, 0x02, 0x00, 0x00, 0x00, 0x4C, 0x00, 0x00, 0x00, 0x0E, 0x00, 0x00, 0x00
	.byte 0x63, 0x00, 0x00, 0x00, 0x00, 0x00, 0x00, 0x00, 0x00, 0x00, 0x00, 0x00, 0x0A, 0x00, 0x00, 0x00
	.byte 0x21, 0x00, 0x00, 0x00, 0x00, 0x00, 0x00, 0x00, 0x19, 0x00, 0x00, 0x00, 0x06, 0x00, 0x00, 0x00
	.byte 0x05, 0x00, 0x00, 0x00, 0x00, 0x00, 0x00, 0x00, 0x50, 0x00, 0x00, 0x00, 0x02, 0x00, 0x00, 0x00
	.byte 0x04, 0x00, 0x00, 0x00, 0xFF, 0xFF, 0xFF, 0xFF, 0x4D, 0x00, 0x00, 0x00, 0x4F, 0x00, 0x00, 0x00
	.byte 0x8E, 0x00, 0x00, 0x00, 0x93, 0x00, 0x00, 0x00, 0x5F, 0x00, 0x00, 0x00, 0x2F, 0x00, 0x00, 0x00
	.byte 0x40, 0x01, 0x00, 0x00, 0x45, 0x01, 0x00, 0x00, 0x1C, 0x00, 0x00, 0x00, 0x6C, 0x00, 0x00, 0x00
	.byte 0x5C, 0x00, 0x00, 0x00, 0x0C, 0x00, 0x00, 0x00, 0x20, 0x00, 0x00, 0x00, 0x5A, 0x00, 0x00, 0x00
	.byte 0x49, 0x01, 0x00, 0x00, 0xEE, 0x00, 0x00, 0x00, 0xB1, 0x00, 0x00, 0x00, 0x6D, 0x00, 0x00, 0x00
	.byte 0xBA, 0x00, 0x00, 0x00, 0x67, 0x00, 0x00, 0x00, 0xB2, 0x00, 0x00, 0x00, 0xB8, 0x00, 0x00, 0x00
	.byte 0x39, 0x01, 0x00, 0x00, 0x3F, 0x01, 0x00, 0x00, 0x56, 0x00, 0x00, 0x00, 0x89, 0x00, 0x00, 0x00
	.byte 0x4D, 0x00, 0x00, 0x00, 0xF7, 0x00, 0x00, 0x00, 0xDF, 0x00, 0x00, 0x00, 0x3F, 0x00, 0x00, 0x00
	.byte 0xF5, 0x00, 0x00, 0x00, 0xA8, 0x00, 0x00, 0x00, 0x57, 0x01, 0x00, 0x00, 0xD5, 0x00, 0x00, 0x00
	.byte 0xCF, 0x00, 0x00, 0x00, 0x03, 0x01, 0x00, 0x00, 0x04, 0x01, 0x00, 0x00, 0x0F, 0x01, 0x00, 0x00
	.byte 0x14, 0x01, 0x00, 0x00, 0x1D, 0x01, 0x00, 0x00, 0x77, 0x01, 0x00, 0x00, 0x80, 0x01, 0x00, 0x00
	.byte 0x81, 0x01, 0x00, 0x00, 0x85, 0x01, 0x00, 0x00, 0x87, 0x01, 0x00, 0x00, 0x9F, 0x01, 0x00, 0x00
	.byte 0xBD, 0x01, 0x00, 0x00, 0xD0, 0x01, 0x00, 0x00, 0xFF, 0xFF, 0xFF, 0xFF, 0x65, 0x00, 0x00, 0x00
	.byte 0x00, 0x00, 0x00, 0x00, 0x01, 0x00, 0x00, 0x00, 0x12, 0x00, 0x00, 0x00, 0x03, 0x00, 0x00, 0x00
	.byte 0x0B, 0x00, 0x00, 0x00, 0x12, 0x00, 0x00, 0x00, 0x01, 0x00, 0x00, 0x00, 0x16, 0x00, 0x00, 0x00
	.byte 0x12, 0x00, 0x00, 0x00, 0x00, 0x00, 0x00, 0x00, 0x21, 0x00, 0x00, 0x00, 0x13, 0x00, 0x00, 0x00
	.byte 0x00, 0x00, 0x00, 0x00, 0x2C, 0x00, 0x00, 0x00, 0x4C, 0x00, 0x00, 0x00, 0x5B, 0x00, 0x00, 0x00
	.byte 0x65, 0x00, 0x00, 0x00, 0x00, 0x00, 0x00, 0x00, 0x04, 0x00, 0x00, 0x00, 0x12, 0x00, 0x00, 0x00
	.byte 0x03, 0x00, 0x00, 0x00, 0x32, 0x00, 0x00, 0x00, 0x12, 0x00, 0x00, 0x00, 0x01, 0x00, 0x00, 0x00
	.byte 0x36, 0x00, 0x00, 0x00, 0x13, 0x00, 0x00, 0x00, 0x00, 0x00, 0x00, 0x00, 0x3A, 0x00, 0x00, 0x00
	.byte 0x4C, 0x00, 0x00, 0x00, 0x4D, 0x00, 0x00, 0x00, 0x65, 0x00, 0x00, 0x00, 0x00, 0x00, 0x00, 0x00
	.byte 0x04, 0x00, 0x00, 0x00, 0x12, 0x00, 0x00, 0x00, 0x03, 0x00, 0x00, 0x00, 0x2B, 0x00, 0x00, 0x00
	.byte 0x12, 0x00, 0x00, 0x00, 0x01, 0x00, 0x00, 0x00, 0x2F, 0x00, 0x00, 0x00, 0x13, 0x00, 0x00, 0x00
	.byte 0x00, 0x00, 0x00, 0x00, 0x33, 0x00, 0x00, 0x00, 0x4C, 0x00, 0x00, 0x00, 0x3F, 0x00, 0x00, 0x00
	.byte 0x65, 0x00, 0x00, 0x00, 0x00, 0x00, 0x00, 0x00, 0x04, 0x00, 0x00, 0x00, 0x12, 0x00, 0x00, 0x00
	.byte 0x03, 0x00, 0x00, 0x00, 0x24, 0x00, 0x00, 0x00, 0x12, 0x00, 0x00, 0x00, 0x01, 0x00, 0x00, 0x00
	.byte 0x28, 0x00, 0x00, 0x00, 0x13, 0x00, 0x00, 0x00, 0x00, 0x00, 0x00, 0x00, 0x2C, 0x00, 0x00, 0x00
	.byte 0x4C, 0x00, 0x00, 0x00, 0x31, 0x00, 0x00, 0x00, 0x65, 0x00, 0x00, 0x00, 0x00, 0x00, 0x00, 0x00
	.byte 0x04, 0x00, 0x00, 0x00, 0x12, 0x00, 0x00, 0x00, 0x03, 0x00, 0x00, 0x00, 0x16, 0x00, 0x00, 0x00
	.byte 0x12, 0x00, 0x00, 0x00, 0x01, 0x00, 0x00, 0x00, 0x1A, 0x00, 0x00, 0x00, 0x12, 0x00, 0x00, 0x00
	.byte 0x00, 0x00, 0x00, 0x00, 0x1E, 0x00, 0x00, 0x00, 0x4C, 0x00, 0x00, 0x00, 0x23, 0x00, 0x00, 0x00
	.byte 0x00, 0x00, 0x00, 0x00, 0x80, 0x00, 0x00, 0x00, 0x04, 0x00, 0x00, 0x00, 0x04, 0x00, 0x00, 0x00
	.byte 0x05, 0x00, 0x00, 0x00, 0x4C, 0x00, 0x00, 0x00, 0x1C, 0x00, 0x00, 0x00, 0x00, 0x00, 0x00, 0x00
	.byte 0x80, 0x00, 0x00, 0x00, 0x04, 0x00, 0x00, 0x00, 0x04, 0x00, 0x00, 0x00, 0x04, 0x00, 0x00, 0x00
	.byte 0x4C, 0x00, 0x00, 0x00, 0x15, 0x00, 0x00, 0x00, 0x00, 0x00, 0x00, 0x00, 0x80, 0x00, 0x00, 0x00
	.byte 0x04, 0x00, 0x00, 0x00, 0x04, 0x00, 0x00, 0x00, 0x03, 0x00, 0x00, 0x00, 0x4C, 0x00, 0x00, 0x00
	.byte 0x0E, 0x00, 0x00, 0x00, 0x00, 0x00, 0x00, 0x00, 0x80, 0x00, 0x00, 0x00, 0x04, 0x00, 0x00, 0x00
	.byte 0x04, 0x00, 0x00, 0x00, 0x02, 0x00, 0x00, 0x00, 0x4C, 0x00, 0x00, 0x00, 0x07, 0x00, 0x00, 0x00
	.byte 0x00, 0x00, 0x00, 0x00, 0x80, 0x00, 0x00, 0x00, 0x04, 0x00, 0x00, 0x00, 0x04, 0x00, 0x00, 0x00
	.byte 0x01, 0x00, 0x00, 0x00, 0x4C, 0x00, 0x00, 0x00, 0x00, 0x00, 0x00, 0x00, 0x4D, 0x00, 0x00, 0x00
	.byte 0x65, 0x00, 0x00, 0x00, 0x00, 0x00, 0x00, 0x00, 0x02, 0x00, 0x00, 0x00, 0x12, 0x00, 0x00, 0x00
	.byte 0x03, 0x00, 0x00, 0x00, 0x0B, 0x00, 0x00, 0x00, 0x12, 0x00, 0x00, 0x00, 0x01, 0x00, 0x00, 0x00
	.byte 0x16, 0x00, 0x00, 0x00, 0x12, 0x00, 0x00, 0x00, 0x00, 0x00, 0x00, 0x00, 0x21, 0x00, 0x00, 0x00
	.byte 0x13, 0x00, 0x00, 0x00, 0x00, 0x00, 0x00, 0x00, 0x2C, 0x00, 0x00, 0x00, 0x4C, 0x00, 0x00, 0x00
	.byte 0x5B, 0x00, 0x00, 0x00, 0x65, 0x00, 0x00, 0x00, 0x00, 0x00, 0x00, 0x00, 0x05, 0x00, 0x00, 0x00
	.byte 0x12, 0x00, 0x00, 0x00, 0x03, 0x00, 0x00, 0x00, 0x32, 0x00, 0x00, 0x00, 0x12, 0x00, 0x00, 0x00
	.byte 0x01, 0x00, 0x00, 0x00, 0x36, 0x00, 0x00, 0x00, 0x13, 0x00, 0x00, 0x00, 0x00, 0x00, 0x00, 0x00
	.byte 0x3A, 0x00, 0x00, 0x00, 0x4C, 0x00, 0x00, 0x00, 0x4D, 0x00, 0x00, 0x00, 0x65, 0x00, 0x00, 0x00
	.byte 0x00, 0x00, 0x00, 0x00, 0x05, 0x00, 0x00, 0x00, 0x12, 0x00, 0x00, 0x00, 0x03, 0x00, 0x00, 0x00
	.byte 0x2B, 0x00, 0x00, 0x00, 0x12, 0x00, 0x00, 0x00, 0x01, 0x00, 0x00, 0x00, 0x2F, 0x00, 0x00, 0x00
	.byte 0x13, 0x00, 0x00, 0x00, 0x00, 0x00, 0x00, 0x00, 0x33, 0x00, 0x00, 0x00, 0x4C, 0x00, 0x00, 0x00
	.byte 0x3F, 0x00, 0x00, 0x00, 0x65, 0x00, 0x00, 0x00, 0x00, 0x00, 0x00, 0x00, 0x05, 0x00, 0x00, 0x00
	.byte 0x12, 0x00, 0x00, 0x00, 0x03, 0x00, 0x00, 0x00, 0x24, 0x00, 0x00, 0x00, 0x12, 0x00, 0x00, 0x00
	.byte 0x01, 0x00, 0x00, 0x00, 0x28, 0x00, 0x00, 0x00, 0x13, 0x00, 0x00, 0x00, 0x00, 0x00, 0x00, 0x00
	.byte 0x2C, 0x00, 0x00, 0x00, 0x4C, 0x00, 0x00, 0x00, 0x31, 0x00, 0x00, 0x00, 0x65, 0x00, 0x00, 0x00
	.byte 0x00, 0x00, 0x00, 0x00, 0x05, 0x00, 0x00, 0x00, 0x12, 0x00, 0x00, 0x00, 0x03, 0x00, 0x00, 0x00
	.byte 0x16, 0x00, 0x00, 0x00, 0x12, 0x00, 0x00, 0x00, 0x01, 0x00, 0x00, 0x00, 0x1A, 0x00, 0x00, 0x00
	.byte 0x12, 0x00, 0x00, 0x00, 0x00, 0x00, 0x00, 0x00, 0x1E, 0x00, 0x00, 0x00, 0x4C, 0x00, 0x00, 0x00
	.byte 0x23, 0x00, 0x00, 0x00, 0x00, 0x00, 0x00, 0x00, 0x80, 0x00, 0x00, 0x00, 0x04, 0x00, 0x00, 0x00
	.byte 0x04, 0x00, 0x00, 0x00, 0x05, 0x00, 0x00, 0x00, 0x4C, 0x00, 0x00, 0x00, 0x1C, 0x00, 0x00, 0x00
	.byte 0x00, 0x00, 0x00, 0x00, 0x80, 0x00, 0x00, 0x00, 0x04, 0x00, 0x00, 0x00, 0x04, 0x00, 0x00, 0x00
	.byte 0x04, 0x00, 0x00, 0x00, 0x4C, 0x00, 0x00, 0x00, 0x15, 0x00, 0x00, 0x00, 0x00, 0x00, 0x00, 0x00
	.byte 0x80, 0x00, 0x00, 0x00, 0x04, 0x00, 0x00, 0x00, 0x04, 0x00, 0x00, 0x00, 0x03, 0x00, 0x00, 0x00
	.byte 0x4C, 0x00, 0x00, 0x00, 0x0E, 0x00, 0x00, 0x00, 0x00, 0x00, 0x00, 0x00, 0x80, 0x00, 0x00, 0x00
	.byte 0x04, 0x00, 0x00, 0x00, 0x04, 0x00, 0x00, 0x00, 0x02, 0x00, 0x00, 0x00, 0x4C, 0x00, 0x00, 0x00
	.byte 0x07, 0x00, 0x00, 0x00, 0x00, 0x00, 0x00, 0x00, 0x80, 0x00, 0x00, 0x00, 0x04, 0x00, 0x00, 0x00
	.byte 0x04, 0x00, 0x00, 0x00, 0x01, 0x00, 0x00, 0x00, 0x4C, 0x00, 0x00, 0x00, 0x00, 0x00, 0x00, 0x00
	.byte 0x4D, 0x00, 0x00, 0x00, 0x2B, 0x00, 0x00, 0x00, 0x00, 0x00, 0x00, 0x00, 0x2D, 0x00, 0x00, 0x00
	.byte 0x2B, 0x00, 0x00, 0x00, 0x14, 0x00, 0x00, 0x00, 0x2A, 0x00, 0x00, 0x00, 0x2B, 0x00, 0x00, 0x00
	.byte 0x0A, 0x00, 0x00, 0x00, 0x27, 0x00, 0x00, 0x00, 0x64, 0x00, 0x00, 0x00, 0x00, 0x00, 0x00, 0x00
	.byte 0x12, 0x00, 0x00, 0x00, 0x06, 0x00, 0x00, 0x00, 0x0E, 0x00, 0x00, 0x00, 0x12, 0x00, 0x00, 0x00
	.byte 0x05, 0x00, 0x00, 0x00, 0x10, 0x00, 0x00, 0x00, 0x12, 0x00, 0x00, 0x00, 0x04, 0x00, 0x00, 0x00
	.byte 0x12, 0x00, 0x00, 0x00, 0x12, 0x00, 0x00, 0x00, 0x03, 0x00, 0x00, 0x00, 0x14, 0x00, 0x00, 0x00
	.byte 0x12, 0x00, 0x00, 0x00, 0x02, 0x00, 0x00, 0x00, 0x11, 0x00, 0x00, 0x00, 0x4C, 0x00, 0x00, 0x00
	.byte 0x14, 0x00, 0x00, 0x00, 0x00, 0x00, 0x00, 0x00, 0x80, 0x00, 0x00, 0x00, 0x02, 0x00, 0x00, 0x00
	.byte 0x04, 0x00, 0x00, 0x00, 0x04, 0x00, 0x00, 0x00, 0x00, 0x00, 0x00, 0x00, 0x80, 0x00, 0x00, 0x00
	.byte 0x02, 0x00, 0x00, 0x00, 0x04, 0x00, 0x00, 0x00, 0x03, 0x00, 0x00, 0x00, 0x00, 0x00, 0x00, 0x00
	.byte 0x80, 0x00, 0x00, 0x00, 0x02, 0x00, 0x00, 0x00, 0x04, 0x00, 0x00, 0x00, 0x02, 0x00, 0x00, 0x00
	.byte 0x00, 0x00, 0x00, 0x00, 0x80, 0x00, 0x00, 0x00, 0x02, 0x00, 0x00, 0x00, 0x04, 0x00, 0x00, 0x00
	.byte 0x01, 0x00, 0x00, 0x00, 0x4D, 0x00, 0x00, 0x00, 0x2B, 0x00, 0x00, 0x00, 0x00, 0x00, 0x00, 0x00
	.byte 0x0B, 0x00, 0x00, 0x00, 0x2B, 0x00, 0x00, 0x00, 0x14, 0x00, 0x00, 0x00, 0x08, 0x00, 0x00, 0x00
	.byte 0x2B, 0x00, 0x00, 0x00, 0x0A, 0x00, 0x00, 0x00, 0x05, 0x00, 0x00, 0x00, 0x5C, 0x00, 0x00, 0x00
	.byte 0x01, 0x00, 0x00, 0x00, 0x06, 0x00, 0x00, 0x00, 0x4C, 0x00, 0x00, 0x00, 0x06, 0x00, 0x00, 0x00
	.byte 0x04, 0x00, 0x00, 0x00, 0xFF, 0xFF, 0xFF, 0xFF, 0x4C, 0x00, 0x00, 0x00, 0x02, 0x00, 0x00, 0x00
	.byte 0x04, 0x00, 0x00, 0x00, 0x01, 0x00, 0x00, 0x00, 0x4D, 0x00, 0x00, 0x00, 0x38, 0x00, 0x00, 0x00
	.byte 0x00, 0x00, 0x00, 0x00, 0x9C, 0x00, 0x00, 0x00, 0x02, 0x00, 0x00, 0x00, 0x04, 0x00, 0x00, 0x00
	.byte 0x01, 0x00, 0x00, 0x00, 0x05, 0x00, 0x00, 0x00, 0x01, 0x00, 0x00, 0x00, 0x32, 0x00, 0x00, 0x00
	.byte 0x05, 0x00, 0x00, 0x00, 0x00, 0x00, 0x00, 0x00, 0x80, 0x00, 0x00, 0x00, 0x02, 0x00, 0x00, 0x00
	.byte 0x04, 0x00, 0x00, 0x00, 0x01, 0x00, 0x00, 0x00, 0x00, 0x00, 0x00, 0x00, 0x40, 0x00, 0x00, 0x00
	.byte 0x04, 0x00, 0x00, 0x00, 0x04, 0x00, 0x00, 0x00, 0x01, 0x00, 0x00, 0x00, 0x4C, 0x00, 0x00, 0x00
	.byte 0x00, 0x00, 0x00, 0x00, 0x4D, 0x00, 0x00, 0x00, 0x2B, 0x00, 0x00, 0x00, 0x00, 0x00, 0x00, 0x00
	.byte 0x0D, 0x00, 0x00, 0x00, 0x2B, 0x00, 0x00, 0x00, 0x14, 0x00, 0x00, 0x00, 0x0A, 0x00, 0x00, 0x00
	.byte 0x2B, 0x00, 0x00, 0x00, 0x0A, 0x00, 0x00, 0x00, 0x07, 0x00, 0x00, 0x00, 0x00, 0x00, 0x00, 0x00
	.byte 0x40, 0x00, 0x00, 0x00, 0x06, 0x00, 0x00, 0x00, 0x04, 0x00, 0x00, 0x00, 0x01, 0x00, 0x00, 0x00
	.byte 0x4C, 0x00, 0x00, 0x00, 0x02, 0x00, 0x00, 0x00, 0x04, 0x00, 0x00, 0x00, 0xFF, 0xFF, 0xFF, 0xFF
	.byte 0x4D, 0x00, 0x00, 0x00, 0x00, 0x00, 0x00, 0x00, 0x80, 0x00, 0x00, 0x00, 0x11, 0x00, 0x00, 0x00
	.byte 0x04, 0x00, 0x00, 0x00, 0x01, 0x00, 0x00, 0x00, 0x37, 0x00, 0x00, 0x00, 0x01, 0x00, 0x00, 0x00
	.byte 0x2E, 0x00, 0x00, 0x00, 0x06, 0x00, 0x00, 0x00, 0x37, 0x00, 0x00, 0x00, 0x01, 0x00, 0x00, 0x00
	.byte 0x12, 0x00, 0x00, 0x00, 0x02, 0x00, 0x00, 0x00, 0x4C, 0x00, 0x00, 0x00, 0x05, 0x00, 0x00, 0x00
	.byte 0x00, 0x00, 0x00, 0x00, 0x40, 0x00, 0x00, 0x00, 0x02, 0x00, 0x00, 0x00, 0x04, 0x00, 0x00, 0x00
	.byte 0x01, 0x00, 0x00, 0x00, 0x4D, 0x00, 0x00, 0x00, 0x32, 0x00, 0x00, 0x00, 0x00, 0x00, 0x00, 0x00
	.byte 0x01, 0x00, 0x00, 0x00, 0x07, 0x00, 0x00, 0x00, 0x1A, 0x00, 0x00, 0x00, 0x32, 0x00, 0x00, 0x00
	.byte 0x00, 0x00, 0x00, 0x00, 0x02, 0x00, 0x00, 0x00, 0x07, 0x00, 0x00, 0x00, 0x15, 0x00, 0x00, 0x00
	.byte 0x32, 0x00, 0x00, 0x00, 0x00, 0x00, 0x00, 0x00, 0x04, 0x00, 0x00, 0x00, 0x07, 0x00, 0x00, 0x00
	.byte 0x10, 0x00, 0x00, 0x00, 0x32, 0x00, 0x00, 0x00, 0x00, 0x00, 0x00, 0x00, 0x05, 0x00, 0x00, 0x00
	.byte 0x07, 0x00, 0x00, 0x00, 0x0B, 0x00, 0x00, 0x00, 0x32, 0x00, 0x00, 0x00, 0x00, 0x00, 0x00, 0x00
	.byte 0x07, 0x00, 0x00, 0x00, 0x07, 0x00, 0x00, 0x00, 0x06, 0x00, 0x00, 0x00, 0x0B, 0x00, 0x00, 0x00
	.byte 0x00, 0x00, 0x00, 0x00, 0x00, 0x00, 0x10, 0x00, 0x02, 0x00, 0x00, 0x00, 0x4C, 0x00, 0x00, 0x00
	.byte 0x27, 0x00, 0x00, 0x00, 0x31, 0x00, 0x00, 0x00, 0x01, 0x00, 0x00, 0x00, 0x01, 0x00, 0x00, 0x00
	.byte 0x07, 0x00, 0x00, 0x00, 0x1F, 0x00, 0x00, 0x00, 0x31, 0x00, 0x00, 0x00, 0x01, 0x00, 0x00, 0x00
	.byte 0x02, 0x00, 0x00, 0x00, 0x07, 0x00, 0x00, 0x00, 0x1A, 0x00, 0x00, 0x00, 0x31, 0x00, 0x00, 0x00
	.byte 0x01, 0x00, 0x00, 0x00, 0x04, 0x00, 0x00, 0x00, 0x07, 0x00, 0x00, 0x00, 0x15, 0x00, 0x00, 0x00
	.byte 0x31, 0x00, 0x00, 0x00, 0x01, 0x00, 0x00, 0x00, 0x05, 0x00, 0x00, 0x00, 0x07, 0x00, 0x00, 0x00
	.byte 0x10, 0x00, 0x00, 0x00, 0x31, 0x00, 0x00, 0x00, 0x01, 0x00, 0x00, 0x00, 0x07, 0x00, 0x00, 0x00
	.byte 0x07, 0x00, 0x00, 0x00, 0x09, 0x00, 0x00, 0x00, 0x0C, 0x00, 0x00, 0x00, 0x01, 0x00, 0x00, 0x00
	.byte 0x00, 0x00, 0x10, 0x00, 0x07, 0x00, 0x00, 0x00, 0x00, 0x00, 0x00, 0x00, 0x32, 0x00, 0x00, 0x00
	.byte 0x09, 0x00, 0x00, 0x00, 0x4C, 0x00, 0x00, 0x00, 0x05, 0x00, 0x00, 0x00, 0x04, 0x00, 0x00, 0x00
	.byte 0x01, 0x00, 0x00, 0x00, 0x04, 0x00, 0x00, 0x00, 0x01, 0x00, 0x00, 0x00, 0x4D, 0x00, 0x00, 0x00
	.byte 0x04, 0x00, 0x00, 0x00, 0xFE, 0xFF, 0xFF, 0xFF, 0x4D, 0x00, 0x00, 0x00, 0x05, 0x00, 0x00, 0x00
	.byte 0x01, 0x00, 0x00, 0x00, 0x1E, 0x00, 0x00, 0x00, 0x05, 0x00, 0x00, 0x00, 0x00, 0x00, 0x00, 0x00
	.byte 0x80, 0x00, 0x00, 0x00, 0x02, 0x00, 0x00, 0x00, 0x04, 0x00, 0x00, 0x00, 0x01, 0x00, 0x00, 0x00
	.byte 0x4D, 0x00, 0x00, 0x00, 0x05, 0x00, 0x00, 0x00, 0x01, 0x00, 0x00, 0x00, 0x32, 0x00, 0x00, 0x00
	.byte 0x1F, 0x00, 0x00, 0x00, 0x37, 0x00, 0x00, 0x00, 0x00, 0x00, 0x00, 0x00, 0x59, 0x00, 0x00, 0x00
	.byte 0x0A, 0x00, 0x00, 0x00, 0x37, 0x00, 0x00, 0x00, 0x00, 0x00, 0x00, 0x00, 0x9E, 0x01, 0x00, 0x00
	.byte 0x06, 0x00, 0x00, 0x00, 0x37, 0x00, 0x00, 0x00, 0x00, 0x00, 0x00, 0x00, 0x5A, 0x00, 0x00, 0x00
	.byte 0x02, 0x00, 0x00, 0x00, 0x4C, 0x00, 0x00, 0x00, 0x02, 0x00, 0x00, 0x00, 0x04, 0x00, 0x00, 0x00
	.byte 0x01, 0x00, 0x00, 0x00, 0x1E, 0x00, 0x00, 0x00, 0x00, 0x00, 0x00, 0x00, 0x13, 0x00, 0x00, 0x00
	.byte 0x04, 0x00, 0x00, 0x00, 0x08, 0x00, 0x00, 0x00, 0x1E, 0x00, 0x00, 0x00, 0x02, 0x00, 0x00, 0x00
	.byte 0x13, 0x00, 0x00, 0x00, 0x04, 0x00, 0x00, 0x00, 0x03, 0x00, 0x00, 0x00, 0x00, 0x00, 0x00, 0x00
	.byte 0x80, 0x00, 0x00, 0x00, 0x02, 0x00, 0x00, 0x00, 0x04, 0x00, 0x00, 0x00, 0x01, 0x00, 0x00, 0x00
	.byte 0x4D, 0x00, 0x00, 0x00, 0x4D, 0x00, 0x00, 0x00, 0x4D, 0x00, 0x00, 0x00, 0x4D, 0x00, 0x00, 0x00
	.byte 0x4D, 0x00, 0x00, 0x00, 0x0F, 0x00, 0x00, 0x00, 0x00, 0x00, 0x00, 0x00, 0x02, 0x00, 0x00, 0x00
	.byte 0x12, 0x00, 0x00, 0x00, 0x0F, 0x00, 0x00, 0x00, 0x00, 0x00, 0x00, 0x00, 0x01, 0x00, 0x00, 0x00
	.byte 0x0E, 0x00, 0x00, 0x00, 0x0F, 0x00, 0x00, 0x00, 0x00, 0x00, 0x00, 0x00, 0x04, 0x00, 0x00, 0x00
	.byte 0x28, 0x00, 0x00, 0x00, 0x0F, 0x00, 0x00, 0x00, 0x00, 0x00, 0x00, 0x00, 0x80, 0x00, 0x00, 0x00
	.byte 0x24, 0x00, 0x00, 0x00, 0x0F, 0x00, 0x00, 0x00, 0x00, 0x00, 0x00, 0x00, 0x00, 0x04, 0x00, 0x00
	.byte 0x20, 0x00, 0x00, 0x00, 0x4C, 0x00, 0x00, 0x00, 0x29, 0x00, 0x00, 0x00, 0x06, 0x00, 0x00, 0x00
	.byte 0x01, 0x00, 0x00, 0x00, 0x1E, 0x00, 0x00, 0x00, 0x05, 0x00, 0x00, 0x00, 0x26, 0x00, 0x00, 0x00
	.byte 0x01, 0x00, 0x00, 0x00, 0x13, 0x00, 0x00, 0x00, 0x00, 0x00, 0x00, 0x00, 0x29, 0x00, 0x00, 0x00
	.byte 0x04, 0x00, 0x00, 0x00, 0x01, 0x00, 0x00, 0x00, 0x26, 0x00, 0x00, 0x00, 0x00, 0x00, 0x00, 0x00
	.byte 0x13, 0x00, 0x00, 0x00, 0x00, 0x00, 0x00, 0x00, 0x2D, 0x00, 0x00, 0x00, 0x0F, 0x00, 0x00, 0x00
	.byte 0x00, 0x00, 0x00, 0x00, 0x04, 0x00, 0x00, 0x00, 0x0E, 0x00, 0x00, 0x00, 0x0F, 0x00, 0x00, 0x00
	.byte 0x00, 0x00, 0x00, 0x00, 0x80, 0x00, 0x00, 0x00, 0x0A, 0x00, 0x00, 0x00, 0x0F, 0x00, 0x00, 0x00
	.byte 0x00, 0x00, 0x00, 0x00, 0x00, 0x04, 0x00, 0x00, 0x06, 0x00, 0x00, 0x00, 0x4C, 0x00, 0x00, 0x00
	.byte 0x0B, 0x00, 0x00, 0x00, 0x04, 0x00, 0x00, 0x00, 0xFE, 0xFF, 0xFF, 0xFF, 0x4C, 0x00, 0x00, 0x00
	.byte 0x07, 0x00, 0x00, 0x00, 0x00, 0x00, 0x00, 0x00, 0x80, 0x00, 0x00, 0x00, 0x04, 0x00, 0x00, 0x00
	.byte 0x04, 0x00, 0x00, 0x00, 0xFF, 0xFF, 0xFF, 0xFF, 0x4C, 0x00, 0x00, 0x00, 0x00, 0x00, 0x00, 0x00
	.byte 0x05, 0x00, 0x00, 0x00, 0x01, 0x00, 0x00, 0x00, 0x46, 0x00, 0x00, 0x00, 0x05, 0x00, 0x00, 0x00
	.byte 0x32, 0x00, 0x00, 0x00, 0x00, 0x00, 0x00, 0x00, 0x07, 0x00, 0x00, 0x00, 0x03, 0x00, 0x00, 0x00
	.byte 0x05, 0x00, 0x00, 0x00, 0x00, 0x00, 0x00, 0x00, 0x32, 0x00, 0x00, 0x00, 0x02, 0x00, 0x00, 0x00
	.byte 0x04, 0x00, 0x00, 0x00, 0xFE, 0xFF, 0xFF, 0xFF, 0x06, 0x00, 0x00, 0x00, 0x00, 0x00, 0x00, 0x00
	.byte 0x46, 0x00, 0x00, 0x00, 0x02, 0x00, 0x00, 0x00, 0x04, 0x00, 0x00, 0x00, 0xFE, 0xFF, 0xFF, 0xFF
	.byte 0x4D, 0x00, 0x00, 0x00, 0x45, 0x00, 0x00, 0x00, 0x15, 0x00, 0x00, 0x00, 0x02, 0x00, 0x00, 0x00
	.byte 0x15, 0x00, 0x00, 0x00, 0x06, 0x00, 0x00, 0x00, 0x01, 0x00, 0x00, 0x00, 0x1E, 0x00, 0x00, 0x00
	.byte 0x05, 0x00, 0x00, 0x00, 0x26, 0x00, 0x00, 0x00, 0x01, 0x00, 0x00, 0x00, 0x13, 0x00, 0x00, 0x00
	.byte 0x00, 0x00, 0x00, 0x00, 0x0C, 0x00, 0x00, 0x00, 0x24, 0x00, 0x00, 0x00, 0x01, 0x00, 0x00, 0x00
	.byte 0x04, 0x00, 0x00, 0x00, 0x04, 0x00, 0x00, 0x00, 0xFF, 0xFF, 0xFF, 0xFF, 0x4C, 0x00, 0x00, 0x00
	.byte 0x05, 0x00, 0x00, 0x00, 0x00, 0x00, 0x00, 0x00, 0x40, 0x00, 0x00, 0x00, 0x02, 0x00, 0x00, 0x00
	.byte 0x04, 0x00, 0x00, 0x00, 0x03, 0x00, 0x00, 0x00, 0x4D, 0x00, 0x00, 0x00, 0x2B, 0x00, 0x00, 0x00
	.byte 0x00, 0x00, 0x00, 0x00, 0x0E, 0x00, 0x00, 0x00, 0x2B, 0x00, 0x00, 0x00, 0x14, 0x00, 0x00, 0x00
	.byte 0x0B, 0x00, 0x00, 0x00, 0x2B, 0x00, 0x00, 0x00, 0x0A, 0x00, 0x00, 0x00, 0x08, 0x00, 0x00, 0x00
	.byte 0x2E, 0x00, 0x00, 0x00, 0x14, 0x00, 0x00, 0x00, 0x04, 0x00, 0x00, 0x00, 0x09, 0x00, 0x00, 0x00
	.byte 0x04, 0x00, 0x00, 0x00, 0x01, 0x00, 0x00, 0x00, 0x4C, 0x00, 0x00, 0x00, 0x05, 0x00, 0x00, 0x00
	.byte 0x00, 0x00, 0x00, 0x00, 0x32, 0x00, 0x00, 0x00, 0x02, 0x00, 0x00, 0x00, 0x04, 0x00, 0x00, 0x00
	.byte 0xFD, 0xFF, 0xFF, 0xFF, 0x4D, 0x00, 0x00, 0x00, 0x4D, 0x00, 0x00, 0x00, 0x33, 0x00, 0x00, 0x00
	.byte 0x00, 0x00, 0x00, 0x00, 0x04, 0x00, 0x00, 0x00, 0x06, 0x00, 0x00, 0x00, 0x12, 0x00, 0x00, 0x00
	.byte 0x04, 0x00, 0x00, 0x00, 0xFF, 0xFF, 0xFF, 0xFF, 0x06, 0x00, 0x00, 0x00, 0x01, 0x00, 0x00, 0x00
	.byte 0x5A, 0x00, 0x00, 0x00, 0x02, 0x00, 0x00, 0x00, 0x04, 0x00, 0x00, 0x00, 0xFF, 0xFF, 0xFF, 0xFF
	.byte 0x32, 0x00, 0x00, 0x00, 0x00, 0x00, 0x00, 0x00, 0x04, 0x00, 0x00, 0x00, 0x03, 0x00, 0x00, 0x00
	.byte 0x05, 0x00, 0x00, 0x00, 0x00, 0x00, 0x00, 0x00, 0x32, 0x00, 0x00, 0x00, 0x02, 0x00, 0x00, 0x00
	.byte 0x04, 0x00, 0x00, 0x00, 0xFE, 0xFF, 0xFF, 0xFF, 0x06, 0x00, 0x00, 0x00, 0x00, 0x00, 0x00, 0x00
	.byte 0x46, 0x00, 0x00, 0x00, 0x02, 0x00, 0x00, 0x00, 0x04, 0x00, 0x00, 0x00, 0xFE, 0xFF, 0xFF, 0xFF
	.byte 0x5E, 0x00, 0x00, 0x00, 0x14, 0x00, 0x00, 0x00, 0x00, 0x00, 0x00, 0x00, 0x05, 0x00, 0x00, 0x00
	.byte 0x00, 0x00, 0x00, 0x00, 0x40, 0x00, 0x00, 0x00, 0x02, 0x00, 0x00, 0x00, 0x04, 0x00, 0x00, 0x00
	.byte 0xFF, 0xFF, 0xFF, 0xFF, 0x4D, 0x00, 0x00, 0x00, 0x00, 0x00, 0x00, 0x00, 0x80, 0x00, 0x00, 0x00
	.byte 0x11, 0x00, 0x00, 0x00, 0x04, 0x00, 0x00, 0x00, 0x01, 0x00, 0x00, 0x00, 0x37, 0x00, 0x00, 0x00
	.byte 0x01, 0x00, 0x00, 0x00, 0x2E, 0x00, 0x00, 0x00, 0x06, 0x00, 0x00, 0x00, 0x37, 0x00, 0x00, 0x00
	.byte 0x01, 0x00, 0x00, 0x00, 0x12, 0x00, 0x00, 0x00, 0x02, 0x00, 0x00, 0x00, 0x4C, 0x00, 0x00, 0x00
	.byte 0x05, 0x00, 0x00, 0x00, 0x00, 0x00, 0x00, 0x00, 0x40, 0x00, 0x00, 0x00, 0x02, 0x00, 0x00, 0x00
	.byte 0x04, 0x00, 0x00, 0x00, 0x01, 0x00, 0x00, 0x00, 0x4D, 0x00, 0x00, 0x00, 0x4D, 0x00, 0x00, 0x00
	.byte 0x4D, 0x00, 0x00, 0x00, 0x2B, 0x00, 0x00, 0x00, 0x00, 0x00, 0x00, 0x00, 0x12, 0x00, 0x00, 0x00
	.byte 0x2B, 0x00, 0x00, 0x00, 0x14, 0x00, 0x00, 0x00, 0x0F, 0x00, 0x00, 0x00, 0x2B, 0x00, 0x00, 0x00
	.byte 0x0A, 0x00, 0x00, 0x00, 0x0C, 0x00, 0x00, 0x00, 0x29, 0x00, 0x00, 0x00, 0x01, 0x00, 0x00, 0x00
	.byte 0x13, 0x00, 0x00, 0x00, 0x45, 0x00, 0x00, 0x00, 0x05, 0x00, 0x00, 0x00, 0x13, 0x00, 0x00, 0x00
	.byte 0x62, 0x00, 0x00, 0x00, 0x02, 0x00, 0x00, 0x00, 0x4C, 0x00, 0x00, 0x00, 0x02, 0x00, 0x00, 0x00
	.byte 0x04, 0x00, 0x00, 0x00, 0x01, 0x00, 0x00, 0x00, 0x4D, 0x00, 0x00, 0x00, 0x05, 0x00, 0x00, 0x00
	.byte 0x01, 0x00, 0x00, 0x00, 0x50, 0x00, 0x00, 0x00, 0x08, 0x00, 0x00, 0x00, 0x24, 0x00, 0x00, 0x00
	.byte 0x01, 0x00, 0x00, 0x00, 0x05, 0x00, 0x00, 0x00, 0x00, 0x00, 0x00, 0x00, 0xC0, 0x00, 0x00, 0x00
	.byte 0x2C, 0x00, 0x00, 0x00, 0x4C, 0x00, 0x00, 0x00, 0x59, 0xE9, 0xFF, 0xFF, 0x06, 0x00, 0x00, 0x00
	.byte 0x01, 0x00, 0x00, 0x00, 0x32, 0x00, 0x00, 0x00, 0x21, 0x00, 0x00, 0x00, 0x00, 0x00, 0x00, 0x00
	.byte 0xC0, 0x00, 0x00, 0x00, 0x13, 0x00, 0x00, 0x00, 0x04, 0x00, 0x00, 0x00, 0x01, 0x00, 0x00, 0x00
	.byte 0x62, 0x00, 0x00, 0x00, 0x05, 0x00, 0x00, 0x00, 0x00, 0x00, 0x00, 0x00, 0xC0, 0x00, 0x00, 0x00
	.byte 0x02, 0x00, 0x00, 0x00, 0x04, 0x00, 0x00, 0x00, 0x01, 0x00, 0x00, 0x00, 0x61, 0x00, 0x00, 0x00
	.byte 0x00, 0x00, 0x00, 0x00, 0x02, 0x00, 0x00, 0x00, 0x4C, 0x00, 0x00, 0x00, 0x05, 0x00, 0x00, 0x00
	.byte 0x00, 0x00, 0x00, 0x00, 0x80, 0x00, 0x00, 0x00, 0x02, 0x00, 0x00, 0x00, 0x04, 0x00, 0x00, 0x00
	.byte 0x01, 0x00, 0x00, 0x00, 0x06, 0x00, 0x00, 0x00, 0x01, 0x00, 0x00, 0x00, 0x1E, 0x00, 0x00, 0x00
	.byte 0x0C, 0x00, 0x00, 0x00, 0x00, 0x00, 0x00, 0x00, 0x80, 0x00, 0x00, 0x00, 0x09, 0x00, 0x00, 0x00
	.byte 0x04, 0x00, 0x00, 0x00, 0x01, 0x00, 0x00, 0x00, 0x4C, 0x00, 0x00, 0x00, 0x05, 0x00, 0x00, 0x00
	.byte 0x00, 0x00, 0x00, 0x00, 0x32, 0x00, 0x00, 0x00, 0x02, 0x00, 0x00, 0x00, 0x04, 0x00, 0x00, 0x00
	.byte 0xFF, 0xFF, 0xFF, 0xFF, 0x4D, 0x00, 0x00, 0x00, 0x51, 0x00, 0x00, 0x00, 0xC9, 0x08, 0x00, 0x00
	.byte 0x35, 0x00, 0x00, 0x00, 0x00, 0x00, 0x00, 0x00, 0x1F, 0x00, 0x00, 0x00, 0x20, 0x00, 0x00, 0x00
	.byte 0x00, 0x00, 0x00, 0x00, 0x13, 0x00, 0x00, 0x00, 0x01, 0x00, 0x00, 0x00, 0x1B, 0xE9, 0xFF, 0xFF
	.byte 0x2F, 0x00, 0x00, 0x00, 0x07, 0x00, 0x00, 0x00, 0x08, 0x00, 0x00, 0x00, 0x2F, 0x00, 0x00, 0x00
	.byte 0xAA, 0x00, 0x00, 0x00, 0x05, 0x00, 0x00, 0x00, 0x2F, 0x00, 0x00, 0x00, 0xF8, 0x00, 0x00, 0x00
	.byte 0x02, 0x00, 0x00, 0x00, 0x4C, 0x00, 0x00, 0x00, 0x05, 0x00, 0x00, 0x00, 0x00, 0x00, 0x00, 0x00
	.byte 0x33, 0x00, 0x00, 0x00, 0x02, 0x00, 0x00, 0x00, 0x04, 0x00, 0x00, 0x00, 0xFE, 0xFF, 0xFF, 0xFF
	.byte 0x2B, 0x00, 0x00, 0x00, 0xA0, 0x00, 0x00, 0x00, 0x01, 0x00, 0x00, 0x00, 0x4D, 0x00, 0x00, 0x00
	.byte 0x00, 0x00, 0x00, 0x00, 0x50, 0x00, 0x00, 0x00, 0x1D, 0x00, 0x00, 0x00, 0x04, 0x00, 0x00, 0x00
	.byte 0x02, 0x00, 0x00, 0x00, 0x4D, 0x00, 0x00, 0x00, 0x2F, 0x00, 0x00, 0x00, 0x07, 0x00, 0x00, 0x00
	.byte 0x17, 0x00, 0x00, 0x00, 0x2F, 0x00, 0x00, 0x00, 0xAA, 0x00, 0x00, 0x00, 0x0B, 0x00, 0x00, 0x00
	.byte 0x2F, 0x00, 0x00, 0x00, 0xF8, 0x00, 0x00, 0x00, 0x08, 0x00, 0x00, 0x00, 0x2F, 0x00, 0x00, 0x00
	.byte 0x94, 0x00, 0x00, 0x00, 0x05, 0x00, 0x00, 0x00, 0x2F, 0x00, 0x00, 0x00, 0x67, 0x00, 0x00, 0x00
	.byte 0x07, 0x00, 0x00, 0x00, 0x4C, 0x00, 0x00, 0x00, 0x07, 0x00, 0x00, 0x00, 0x00, 0x00, 0x00, 0x00
	.byte 0xAA, 0x00, 0x00, 0x00, 0x06, 0x00, 0x00, 0x00, 0x4C, 0x00, 0x00, 0x00, 0x02, 0x00, 0x00, 0x00
	.byte 0x04, 0x00, 0x00, 0x00, 0x02, 0x00, 0x00, 0x00, 0x04, 0x00, 0x00, 0x00, 0x04, 0x00, 0x00, 0x00
	.byte 0x4D, 0x00, 0x00, 0x00, 0x51, 0x00, 0x00, 0x00, 0x8A, 0x08, 0x00, 0x00, 0x1D, 0x00, 0x00, 0x00
	.byte 0x14, 0x00, 0x00, 0x00, 0x00, 0x00, 0x00, 0x00, 0x09, 0x00, 0x00, 0x00, 0x28, 0x00, 0x00, 0x00
	.byte 0x1A, 0x00, 0x00, 0x00, 0x06, 0x00, 0x00, 0x00, 0x05, 0x00, 0x00, 0x00, 0x00, 0x00, 0x00, 0x00
	.byte 0x50, 0x00, 0x00, 0x00, 0x02, 0x00, 0x00, 0x00, 0x04, 0x00, 0x00, 0x00, 0x02, 0x00, 0x00, 0x00
	.byte 0x4D, 0x00, 0x00, 0x00, 0x0A, 0x00, 0x00, 0x00, 0x0B, 0x00, 0x00, 0x00, 0x0C, 0x00, 0x00, 0x00
	.byte 0x0D, 0x00, 0x00, 0x00, 0x0E, 0x00, 0x00, 0x00, 0x0F, 0x00, 0x00, 0x00, 0x10, 0x00, 0x00, 0x00
	.byte 0x12, 0x00, 0x00, 0x00, 0x13, 0x00, 0x00, 0x00, 0x14, 0x00, 0x00, 0x00, 0x15, 0x00, 0x00, 0x00
	.byte 0x16, 0x00, 0x00, 0x00, 0x17, 0x00, 0x00, 0x00, 0x18, 0x00, 0x00, 0x00, 0x1E, 0x00, 0x00, 0x00
	.byte 0x23, 0x00, 0x00, 0x00, 0x36, 0x00, 0x00, 0x00, 0x2F, 0x00, 0x00, 0x00, 0x31, 0x00, 0x00, 0x00
	.byte 0x32, 0x00, 0x00, 0x00, 0x33, 0x00, 0x00, 0x00, 0x34, 0x00, 0x00, 0x00, 0x35, 0x00, 0x00, 0x00
	.byte 0x36, 0x00, 0x00, 0x00, 0x37, 0x00, 0x00, 0x00, 0x38, 0x00, 0x00, 0x00, 0x3A, 0x00, 0x00, 0x00
	.byte 0x3B, 0x00, 0x00, 0x00, 0x3C, 0x00, 0x00, 0x00, 0x3D, 0x00, 0x00, 0x00, 0x3E, 0x00, 0x00, 0x00
	.byte 0x3F, 0x00, 0x00, 0x00, 0x40, 0x00, 0x00, 0x00, 0x41, 0x00, 0x00, 0x00, 0x42, 0x00, 0x00, 0x00
	.byte 0x43, 0x00, 0x00, 0x00, 0x4F, 0x00, 0x00, 0x00, 0x54, 0x00, 0x00, 0x00, 0x6C, 0x00, 0x00, 0x00
	.byte 0x6D, 0x00, 0x00, 0x00, 0x76, 0x00, 0x00, 0x00, 0xD5, 0x00, 0x00, 0x00, 0xBB, 0x00, 0x00, 0x00
	.byte 0x9C, 0x00, 0x00, 0x00, 0xA5, 0x00, 0x00, 0x00, 0xA6, 0x00, 0x00, 0x00, 0xA7, 0x00, 0x00, 0x00
	.byte 0xB5, 0x00, 0x00, 0x00, 0xC0, 0x00, 0x00, 0x00, 0xC7, 0x00, 0x00, 0x00, 0xCD, 0x00, 0x00, 0x00
	.byte 0xCE, 0x00, 0x00, 0x00, 0xD0, 0x00, 0x00, 0x00, 0xD3, 0x00, 0x00, 0x00, 0xD5, 0x00, 0x00, 0x00
	.byte 0xE1, 0x00, 0x00, 0x00, 0xE2, 0x00, 0x00, 0x00, 0xF0, 0x00, 0x00, 0x00, 0xFC, 0x00, 0x00, 0x00
	.byte 0x02, 0x01, 0x00, 0x00, 0x05, 0x01, 0x00, 0x00, 0xFF, 0xFF, 0xFF, 0xFF, 0x51, 0x00, 0x00, 0x00
	.byte 0x3C, 0x08, 0x00, 0x00, 0x20, 0x00, 0x00, 0x00, 0x00, 0x00, 0x00, 0x00, 0x14, 0x00, 0x00, 0x00
	.byte 0x00, 0x00, 0x00, 0x00, 0x05, 0x00, 0x00, 0x00, 0x00, 0x00, 0x00, 0x00, 0x64, 0x00, 0x00, 0x00
	.byte 0x02, 0x00, 0x00, 0x00, 0x04, 0x00, 0x00, 0x00, 0x02, 0x00, 0x00, 0x00, 0x4D, 0x00, 0x00, 0x00
	.byte 0x51, 0x00, 0x00, 0x00, 0x2F, 0x08, 0x00, 0x00, 0x28, 0x00, 0x00, 0x00, 0x1A, 0x00, 0x00, 0x00
	.byte 0x06, 0x00, 0x00, 0x00, 0x05, 0x00, 0x00, 0x00, 0x00, 0x00, 0x00, 0x00, 0x80, 0x00, 0x00, 0x00
	.byte 0x02, 0x00, 0x00, 0x00, 0x04, 0x00, 0x00, 0x00, 0x02, 0x00, 0x00, 0x00, 0x4D, 0x00, 0x00, 0x00
	.byte 0x01, 0x00, 0x00, 0x00, 0x07, 0x00, 0x00, 0x00, 0x09, 0x00, 0x00, 0x00, 0x26, 0x00, 0x00, 0x00
	.byte 0x2B, 0x00, 0x00, 0x00, 0x31, 0x00, 0x00, 0x00, 0x53, 0x00, 0x00, 0x00, 0x58, 0x00, 0x00, 0x00
	.byte 0x59, 0x00, 0x00, 0x00, 0x62, 0x00, 0x00, 0x00, 0x76, 0x00, 0x00, 0x00, 0x78, 0x00, 0x00, 0x00
	.byte 0x7A, 0x00, 0x00, 0x00, 0x8C, 0x00, 0x00, 0x00, 0x8E, 0x00, 0x00, 0x00, 0x90, 0x00, 0x00, 0x00
	.byte 0xAA, 0x00, 0x00, 0x00, 0xB9, 0x00, 0x00, 0x00, 0xC7, 0x00, 0x00, 0x00, 0xDB, 0x00, 0x00, 0x00
	.byte 0xE2, 0x00, 0x00, 0x00, 0xE3, 0x00, 0x00, 0x00, 0xE6, 0x00, 0x00, 0x00, 0xF1, 0x00, 0x00, 0x00
	.byte 0xF8, 0x00, 0x00, 0x00, 0xFF, 0xFF, 0xFF, 0xFF, 0x51, 0x00, 0x00, 0x00, 0x09, 0x08, 0x00, 0x00
	.byte 0x26, 0x00, 0x00, 0x00, 0x01, 0x00, 0x00, 0x00, 0x13, 0x00, 0x00, 0x00, 0x00, 0x00, 0x00, 0x00
	.byte 0x5B, 0x00, 0x00, 0x00, 0x20, 0x00, 0x00, 0x00, 0x00, 0x00, 0x00, 0x00, 0x14, 0x00, 0x00, 0x00
	.byte 0x00, 0x00, 0x00, 0x00, 0x56, 0x00, 0x00, 0x00, 0x39, 0x00, 0x00, 0x00, 0x01, 0x00, 0x00, 0x00
	.byte 0x7F, 0x00, 0x00, 0x00, 0x03, 0x00, 0x00, 0x00, 0x00, 0x00, 0x00, 0x00, 0x50, 0x00, 0x00, 0x00
	.byte 0xD2, 0xFF, 0xFF, 0xFF, 0x17, 0x00, 0x00, 0x00, 0x0E, 0x00, 0x00, 0x00, 0x14, 0x00, 0x00, 0x00
	.byte 0x17, 0x00, 0x00, 0x00, 0x5D, 0x01, 0x00, 0x00, 0x11, 0x00, 0x00, 0x00, 0x17, 0x00, 0x00, 0x00
	.byte 0x5B, 0x01, 0x00, 0x00, 0x0E, 0x00, 0x00, 0x00, 0x17, 0x00, 0x00, 0x00, 0xA1, 0x01, 0x00, 0x00
	.byte 0x0B, 0x00, 0x00, 0x00, 0x2F, 0x00, 0x00, 0x00, 0x6F, 0x00, 0x00, 0x00, 0x12, 0x00, 0x00, 0x00
	.byte 0x17, 0x00, 0x00, 0x00, 0xE2, 0x00, 0x00, 0x00, 0x1A, 0x00, 0x00, 0x00, 0x00, 0x00, 0x00, 0x00
	.byte 0x14, 0x00, 0x00, 0x00, 0xBD, 0xFF, 0xFF, 0xFF, 0x04, 0x00, 0x00, 0x00, 0x03, 0x00, 0x00, 0x00
	.byte 0x1D, 0x00, 0x00, 0x00, 0x13, 0x00, 0x00, 0x00, 0x00, 0x00, 0x00, 0x00, 0x5B, 0xE8, 0xFF, 0xFF
	.byte 0x05, 0x00, 0x00, 0x00, 0x01, 0x00, 0x00, 0x00, 0x3C, 0x00, 0x00, 0x00, 0x45, 0xE8, 0xFF, 0xFF
	.byte 0x4C, 0x00, 0x00, 0x00, 0x4C, 0xE8, 0xFF, 0xFF, 0x21, 0x00, 0x00, 0x00, 0x01, 0x00, 0x00, 0x00
	.byte 0x19, 0x00, 0x00, 0x00, 0x03, 0x00, 0x00, 0x00, 0x2F, 0xE8, 0xFF, 0xFF, 0x04, 0x00, 0x00, 0x00
	.byte 0x02, 0x00, 0x00, 0x00, 0x4D, 0x00, 0x00, 0x00, 0xB6, 0x00, 0x00, 0x00, 0xC5, 0x00, 0x00, 0x00
	.byte 0xFF, 0xFF, 0xFF, 0xFF, 0x1D, 0x00, 0x00, 0x00, 0x13, 0x00, 0x00, 0x00, 0x00, 0x00, 0x00, 0x00
	.byte 0x25, 0xE8, 0xFF, 0xFF, 0x32, 0x00, 0x00, 0x00, 0x01, 0x00, 0x00, 0x00, 0x01, 0x00, 0x00, 0x00
	.byte 0x08, 0x00, 0x00, 0x00, 0x3E, 0xE8, 0xFF, 0xFF, 0x32, 0x00, 0x00, 0x00, 0x01, 0x00, 0x00, 0x00
	.byte 0x01, 0x00, 0x00, 0x00, 0x07, 0x00, 0x00, 0x00, 0x36, 0xE8, 0xFF, 0xFF, 0x32, 0x00, 0x00, 0x00
	.byte 0x01, 0x00, 0x00, 0x00, 0x01, 0x00, 0x00, 0x00, 0x06, 0x00, 0x00, 0x00, 0x2E, 0xE8, 0xFF, 0xFF
	.byte 0x32, 0x00, 0x00, 0x00, 0x01, 0x00, 0x00, 0x00, 0x04, 0x00, 0x00, 0x00, 0x08, 0x00, 0x00, 0x00
	.byte 0x2F, 0xE8, 0xFF, 0xFF, 0x32, 0x00, 0x00, 0x00, 0x01, 0x00, 0x00, 0x00, 0x04, 0x00, 0x00, 0x00
	.byte 0x07, 0x00, 0x00, 0x00, 0x27, 0xE8, 0xFF, 0xFF, 0x32, 0x00, 0x00, 0x00, 0x01, 0x00, 0x00, 0x00
	.byte 0x04, 0x00, 0x00, 0x00, 0x06, 0x00, 0x00, 0x00, 0x1F, 0xE8, 0xFF, 0xFF, 0x4D, 0x00, 0x00, 0x00
	.byte 0x4D, 0x00, 0x00, 0x00, 0x51, 0x00, 0x00, 0x00, 0xF2, 0x03, 0x00, 0x00, 0x20, 0x00, 0x00, 0x00
	.byte 0x00, 0x00, 0x00, 0x00, 0x13, 0x00, 0x00, 0x00, 0x00, 0x00, 0x00, 0x00, 0x71, 0x00, 0x00, 0x00
	.byte 0x2F, 0x00, 0x00, 0x00, 0x26, 0x00, 0x00, 0x00, 0x30, 0x00, 0x00, 0x00, 0x2F, 0x00, 0x00, 0x00
	.byte 0x29, 0x00, 0x00, 0x00, 0x2D, 0x00, 0x00, 0x00, 0x2F, 0x00, 0x00, 0x00, 0x57, 0x00, 0x00, 0x00
	.byte 0x2A, 0x00, 0x00, 0x00, 0x2F, 0x00, 0x00, 0x00, 0x58, 0x00, 0x00, 0x00, 0x27, 0x00, 0x00, 0x00
	.byte 0x2F, 0x00, 0x00, 0x00, 0x82, 0x00, 0x00, 0x00, 0x24, 0x00, 0x00, 0x00, 0x2B, 0x00, 0x00, 0x00
	.byte 0x14, 0x00, 0x00, 0x00, 0x05, 0x00, 0x00, 0x00, 0x2B, 0x00, 0x00, 0x00, 0x0A, 0x00, 0x00, 0x00
	.byte 0x10, 0x00, 0x00, 0x00, 0x4C, 0x00, 0x00, 0x00, 0x1C, 0x00, 0x00, 0x00, 0x35, 0x00, 0x00, 0x00
	.byte 0x00, 0x00, 0x00, 0x00, 0x19, 0x00, 0x00, 0x00, 0x07, 0x00, 0x00, 0x00, 0x02, 0x00, 0x00, 0x00
	.byte 0x00, 0x00, 0x00, 0x00, 0x15, 0x00, 0x00, 0x00, 0x00, 0x00, 0x00, 0x00, 0x40, 0x00, 0x00, 0x00
	.byte 0x12, 0x00, 0x00, 0x00, 0x04, 0x00, 0x00, 0x00, 0xFF, 0xFF, 0xFF, 0xFF, 0x4C, 0x00, 0x00, 0x00
	.byte 0x0E, 0x00, 0x00, 0x00, 0x35, 0x00, 0x00, 0x00, 0x00, 0x00, 0x00, 0x00, 0x0B, 0x00, 0x00, 0x00
	.byte 0x07, 0x00, 0x00, 0x00, 0x02, 0x00, 0x00, 0x00, 0x00, 0x00, 0x00, 0x00, 0x07, 0x00, 0x00, 0x00
	.byte 0x00, 0x00, 0x00, 0x00, 0x40, 0x00, 0x00, 0x00, 0x04, 0x00, 0x00, 0x00, 0x04, 0x00, 0x00, 0x00
	.byte 0xFE, 0xFF, 0xFF, 0xFF, 0x4C, 0x00, 0x00, 0x00, 0x00, 0x00, 0x00, 0x00, 0x69, 0x00, 0x00, 0x00
	.byte 0x00, 0x00, 0x00, 0x00, 0x14, 0x00, 0x00, 0x00, 0x02, 0x00, 0x00, 0x00, 0x14, 0x00, 0x00, 0x00
	.byte 0x2F, 0x00, 0x00, 0x00, 0x07, 0x00, 0x00, 0x00, 0x36, 0x00, 0x00, 0x00, 0x2F, 0x00, 0x00, 0x00
	.byte 0x67, 0x00, 0x00, 0x00, 0x07, 0x00, 0x00, 0x00, 0x00, 0x00, 0x00, 0x00, 0x80, 0x00, 0x00, 0x00
	.byte 0x0B, 0x00, 0x00, 0x00, 0x04, 0x00, 0x00, 0x00, 0x01, 0x00, 0x00, 0x00, 0x4C, 0x00, 0x00, 0x00
	.byte 0x2C, 0x00, 0x00, 0x00, 0x00, 0x00, 0x00, 0x00, 0x32, 0x00, 0x00, 0x00, 0x04, 0x00, 0x00, 0x00
	.byte 0x04, 0x00, 0x00, 0x00, 0x01, 0x00, 0x00, 0x00, 0x4C, 0x00, 0x00, 0x00, 0x25, 0x00, 0x00, 0x00
	.byte 0x2F, 0x00, 0x00, 0x00, 0x26, 0x00, 0x00, 0x00, 0x22, 0x00, 0x00, 0x00, 0x2F, 0x00, 0x00, 0x00
	.byte 0x29, 0x00, 0x00, 0x00, 0x1F, 0x00, 0x00, 0x00, 0x2F, 0x00, 0x00, 0x00, 0x57, 0x00, 0x00, 0x00
	.byte 0x1C, 0x00, 0x00, 0x00, 0x2F, 0x00, 0x00, 0x00, 0x58, 0x00, 0x00, 0x00, 0x19, 0x00, 0x00, 0x00
	.byte 0x2F, 0x00, 0x00, 0x00, 0x82, 0x00, 0x00, 0x00, 0x16, 0x00, 0x00, 0x00, 0x2B, 0x00, 0x00, 0x00
	.byte 0x50, 0x00, 0x00, 0x00, 0x05, 0x00, 0x00, 0x00, 0x2B, 0x00, 0x00, 0x00, 0xA0, 0x00, 0x00, 0x00
	.byte 0x09, 0x00, 0x00, 0x00, 0x4C, 0x00, 0x00, 0x00, 0x0E, 0x00, 0x00, 0x00, 0x00, 0x00, 0x00, 0x00
	.byte 0x64, 0x00, 0x00, 0x00, 0x0B, 0x00, 0x00, 0x00, 0x04, 0x00, 0x00, 0x00, 0x01, 0x00, 0x00, 0x00
	.byte 0x4C, 0x00, 0x00, 0x00, 0x07, 0x00, 0x00, 0x00, 0x00, 0x00, 0x00, 0x00, 0x40, 0x00, 0x00, 0x00
	.byte 0x04, 0x00, 0x00, 0x00, 0x04, 0x00, 0x00, 0x00, 0x01, 0x00, 0x00, 0x00, 0x4C, 0x00, 0x00, 0x00
	.byte 0x00, 0x00, 0x00, 0x00, 0x17, 0x00, 0x00, 0x00, 0x1D, 0x01, 0x00, 0x00, 0xAE, 0x02, 0x00, 0x00
	.byte 0x1E, 0x00, 0x00, 0x00, 0x04, 0x00, 0x00, 0x00, 0x17, 0x00, 0x00, 0x00, 0x59, 0x00, 0x00, 0x00
	.byte 0x35, 0x02, 0x00, 0x00, 0x17, 0x00, 0x00, 0x00, 0xDE, 0x00, 0x00, 0x00, 0x32, 0x02, 0x00, 0x00
	.byte 0x17, 0x00, 0x00, 0x00, 0xF8, 0x00, 0x00, 0x00, 0x59, 0x02, 0x00, 0x00, 0x17, 0x00, 0x00, 0x00
	.byte 0x61, 0x01, 0x00, 0x00, 0x56, 0x02, 0x00, 0x00, 0x17, 0x00, 0x00, 0x00, 0xF0, 0x00, 0x00, 0x00
	.byte 0x22, 0x00, 0x00, 0x00, 0x17, 0x00, 0x00, 0x00, 0xF1, 0x00, 0x00, 0x00, 0x48, 0x00, 0x00, 0x00
	.byte 0x17, 0x00, 0x00, 0x00, 0x02, 0x01, 0x00, 0x00, 0xA6, 0x00, 0x00, 0x00, 0x17, 0x00, 0x00, 0x00
	.byte 0xC9, 0x00, 0x00, 0x00, 0xC8, 0x00, 0x00, 0x00, 0x17, 0x00, 0x00, 0x00, 0x64, 0x01, 0x00, 0x00
	.byte 0xEF, 0x00, 0x00, 0x00, 0x17, 0x00, 0x00, 0x00, 0xB1, 0x01, 0x00, 0x00, 0x4E, 0x01, 0x00, 0x00
	.byte 0x17, 0x00, 0x00, 0x00, 0x0A, 0x01, 0x00, 0x00, 0x93, 0x01, 0x00, 0x00, 0x1E, 0x00, 0x00, 0x00
	.byte 0x04, 0x00, 0x00, 0x00, 0x13, 0x00, 0x00, 0x00, 0x0D, 0x00, 0x00, 0x00, 0xAC, 0x02, 0x00, 0x00
	.byte 0x13, 0x00, 0x00, 0x00, 0x0A, 0x00, 0x00, 0x00, 0x1B, 0x03, 0x00, 0x00, 0x13, 0x00, 0x00, 0x00
	.byte 0x0B, 0x00, 0x00, 0x00, 0xE7, 0x02, 0x00, 0x00, 0x37, 0x00, 0x00, 0x00, 0x03, 0x00, 0x00, 0x00
	.byte 0x0E, 0x01, 0x00, 0x00, 0xE3, 0x01, 0x00, 0x00, 0x4D, 0x00, 0x00, 0x00, 0x29, 0x00, 0x00, 0x00
	.byte 0x01, 0x00, 0x00, 0x00, 0x13, 0x00, 0x00, 0x00, 0x5D, 0x00, 0x00, 0x00, 0x05, 0x00, 0x00, 0x00
	.byte 0x13, 0x00, 0x00, 0x00, 0x57, 0x00, 0x00, 0x00, 0x06, 0x00, 0x00, 0x00, 0x4C, 0x00, 0x00, 0x00
	.byte 0x08, 0x00, 0x00, 0x00, 0x0A, 0x00, 0x00, 0x00, 0x01, 0x00, 0x00, 0x00, 0xFF, 0x00, 0x00, 0x00
	.byte 0x04, 0x00, 0x00, 0x00, 0x04, 0x00, 0x00, 0x00, 0x02, 0x00, 0x00, 0x00, 0x4C, 0x00, 0x00, 0x00
	.byte 0x00, 0x00, 0x00, 0x00, 0x53, 0x00, 0x00, 0x00, 0x03, 0x00, 0x00, 0x00, 0x5D, 0x00, 0x00, 0x00
	.byte 0x13, 0x00, 0x00, 0x00, 0x01, 0x00, 0x00, 0x00, 0x08, 0x00, 0x00, 0x00, 0x53, 0x00, 0x00, 0x00
	.byte 0x03, 0x00, 0x00, 0x00, 0x57, 0x00, 0x00, 0x00, 0x13, 0x00, 0x00, 0x00, 0x01, 0x00, 0x00, 0x00
	.byte 0x06, 0x00, 0x00, 0x00, 0x4C, 0x00, 0x00, 0x00, 0x08, 0x00, 0x00, 0x00, 0x0A, 0x00, 0x00, 0x00
	.byte 0x03, 0x00, 0x00, 0x00, 0xFF, 0x00, 0x00, 0x00, 0x04, 0x00, 0x00, 0x00, 0x04, 0x00, 0x00, 0x00
	.byte 0x02, 0x00, 0x00, 0x00, 0x4C, 0x00, 0x00, 0x00, 0x00, 0x00, 0x00, 0x00, 0x4D, 0x00, 0x00, 0x00
	.byte 0x29, 0x00, 0x00, 0x00, 0x01, 0x00, 0x00, 0x00, 0x13, 0x00, 0x00, 0x00, 0x66, 0x00, 0x00, 0x00
	.byte 0x0B, 0x00, 0x00, 0x00, 0x13, 0x00, 0x00, 0x00, 0x7A, 0x00, 0x00, 0x00, 0x10, 0x00, 0x00, 0x00
	.byte 0x13, 0x00, 0x00, 0x00, 0x57, 0x00, 0x00, 0x00, 0x11, 0x00, 0x00, 0x00, 0x13, 0x00, 0x00, 0x00
	.byte 0x5E, 0x00, 0x00, 0x00, 0x12, 0x00, 0x00, 0x00, 0x4C, 0x00, 0x00, 0x00, 0x1B, 0x00, 0x00, 0x00
	.byte 0x09, 0x00, 0x00, 0x00, 0x01, 0x00, 0x00, 0x00, 0xFF, 0x00, 0x00, 0x00, 0x17, 0x00, 0x00, 0x00
	.byte 0x05, 0x00, 0x00, 0x00, 0x01, 0x00, 0x00, 0x00, 0x1E, 0x00, 0x00, 0x00, 0x13, 0x00, 0x00, 0x00
	.byte 0x04, 0x00, 0x00, 0x00, 0x02, 0x00, 0x00, 0x00, 0x4C, 0x00, 0x00, 0x00, 0x0F, 0x00, 0x00, 0x00
	.byte 0x04, 0x00, 0x00, 0x00, 0xFE, 0xFF, 0xFF, 0xFF, 0x4C, 0x00, 0x00, 0x00, 0x0B, 0x00, 0x00, 0x00
	.byte 0x05, 0x00, 0x00, 0x00, 0x01, 0x00, 0x00, 0x00, 0x32, 0x00, 0x00, 0x00, 0x02, 0x00, 0x00, 0x00
	.byte 0x04, 0x00, 0x00, 0x00, 0x01, 0x00, 0x00, 0x00, 0x00, 0x00, 0x00, 0x00, 0x80, 0x00, 0x00, 0x00
	.byte 0x02, 0x00, 0x00, 0x00, 0x04, 0x00, 0x00, 0x00, 0xFE, 0xFF, 0xFF, 0xFF, 0x53, 0x00, 0x00, 0x00
	.byte 0x03, 0x00, 0x00, 0x00, 0x66, 0x00, 0x00, 0x00, 0x13, 0x00, 0x00, 0x00, 0x01, 0x00, 0x00, 0x00
	.byte 0x14, 0x00, 0x00, 0x00, 0x53, 0x00, 0x00, 0x00, 0x03, 0x00, 0x00, 0x00, 0x7A, 0x00, 0x00, 0x00
	.byte 0x13, 0x00, 0x00, 0x00, 0x01, 0x00, 0x00, 0x00, 0x16, 0x00, 0x00, 0x00, 0x53, 0x00, 0x00, 0x00
	.byte 0x03, 0x00, 0x00, 0x00, 0x57, 0x00, 0x00, 0x00, 0x13, 0x00, 0x00, 0x00, 0x01, 0x00, 0x00, 0x00
	.byte 0x14, 0x00, 0x00, 0x00, 0x53, 0x00, 0x00, 0x00, 0x03, 0x00, 0x00, 0x00, 0x5E, 0x00, 0x00, 0x00
	.byte 0x13, 0x00, 0x00, 0x00, 0x01, 0x00, 0x00, 0x00, 0x12, 0x00, 0x00, 0x00, 0x4C, 0x00, 0x00, 0x00
	.byte 0x1B, 0x00, 0x00, 0x00, 0x09, 0x00, 0x00, 0x00, 0x03, 0x00, 0x00, 0x00, 0xFF, 0x00, 0x00, 0x00
	.byte 0x17, 0x00, 0x00, 0x00, 0x05, 0x00, 0x00, 0x00, 0x03, 0x00, 0x00, 0x00, 0x1E, 0x00, 0x00, 0x00
	.byte 0x13, 0x00, 0x00, 0x00, 0x04, 0x00, 0x00, 0x00, 0x02, 0x00, 0x00, 0x00, 0x4C, 0x00, 0x00, 0x00
	.byte 0x0F, 0x00, 0x00, 0x00, 0x04, 0x00, 0x00, 0x00, 0xFE, 0xFF, 0xFF, 0xFF, 0x4C, 0x00, 0x00, 0x00
	.byte 0x0B, 0x00, 0x00, 0x00, 0x05, 0x00, 0x00, 0x00, 0x03, 0x00, 0x00, 0x00, 0x32, 0x00, 0x00, 0x00
	.byte 0x02, 0x00, 0x00, 0x00, 0x04, 0x00, 0x00, 0x00, 0x01, 0x00, 0x00, 0x00, 0x00, 0x00, 0x00, 0x00
	.byte 0x80, 0x00, 0x00, 0x00, 0x02, 0x00, 0x00, 0x00, 0x04, 0x00, 0x00, 0x00, 0xFE, 0xFF, 0xFF, 0xFF
	.byte 0x4D, 0x00, 0x00, 0x00, 0x29, 0x00, 0x00, 0x00, 0x01, 0x00, 0x00, 0x00, 0x13, 0x00, 0x00, 0x00
	.byte 0x73, 0x00, 0x00, 0x00, 0x09, 0x00, 0x00, 0x00, 0x13, 0x00, 0x00, 0x00, 0x51, 0x00, 0x00, 0x00
	.byte 0x06, 0x00, 0x00, 0x00, 0x37, 0x00, 0x00, 0x00, 0x01, 0x00, 0x00, 0x00, 0x3B, 0x00, 0x00, 0x00
	.byte 0x02, 0x00, 0x00, 0x00, 0x4C, 0x00, 0x00, 0x00, 0x02, 0x00, 0x00, 0x00, 0x04, 0x00, 0x00, 0x00
	.byte 0x02, 0x00, 0x00, 0x00, 0x53, 0x00, 0x00, 0x00, 0x03, 0x00, 0x00, 0x00, 0x73, 0x00, 0x00, 0x00
	.byte 0x13, 0x00, 0x00, 0x00, 0x01, 0x00, 0x00, 0x00, 0x0C, 0x00, 0x00, 0x00, 0x53, 0x00, 0x00, 0x00
	.byte 0x03, 0x00, 0x00, 0x00, 0x51, 0x00, 0x00, 0x00, 0x13, 0x00, 0x00, 0x00, 0x01, 0x00, 0x00, 0x00
	.byte 0x06, 0x00, 0x00, 0x00, 0x37, 0x00, 0x00, 0x00, 0x03, 0x00, 0x00, 0x00, 0x3B, 0x00, 0x00, 0x00
	.byte 0x02, 0x00, 0x00, 0x00, 0x4C, 0x00, 0x00, 0x00, 0x02, 0x00, 0x00, 0x00, 0x04, 0x00, 0x00, 0x00
	.byte 0x02, 0x00, 0x00, 0x00, 0x4D, 0x00, 0x00, 0x00, 0x29, 0x00, 0x00, 0x00, 0x01, 0x00, 0x00, 0x00
	.byte 0x13, 0x00, 0x00, 0x00, 0x08, 0x00, 0x00, 0x00, 0x0C, 0x00, 0x00, 0x00, 0x1E, 0x00, 0x00, 0x00
	.byte 0x01, 0x00, 0x00, 0x00, 0x13, 0x00, 0x00, 0x00, 0x05, 0x00, 0x00, 0x00, 0x07, 0x00, 0x00, 0x00
	.byte 0x1E, 0x00, 0x00, 0x00, 0x03, 0x00, 0x00, 0x00, 0x13, 0x00, 0x00, 0x00, 0x05, 0x00, 0x00, 0x00
	.byte 0x02, 0x00, 0x00, 0x00, 0x4C, 0x00, 0x00, 0x00, 0x04, 0x00, 0x00, 0x00, 0x04, 0x00, 0x00, 0x00
	.byte 0x02, 0x00, 0x00, 0x00, 0x4C, 0x00, 0x00, 0x00, 0x00, 0x00, 0x00, 0x00, 0x53, 0x00, 0x00, 0x00
	.byte 0x03, 0x00, 0x00, 0x00, 0x08, 0x00, 0x00, 0x00, 0x13, 0x00, 0x00, 0x00, 0x01, 0x00, 0x00, 0x00
	.byte 0x0C, 0x00, 0x00, 0x00, 0x1E, 0x00, 0x00, 0x00, 0x06, 0x00, 0x00, 0x00, 0x13, 0x00, 0x00, 0x00
	.byte 0x05, 0x00, 0x00, 0x00, 0x07, 0x00, 0x00, 0x00, 0x1E, 0x00, 0x00, 0x00, 0x08, 0x00, 0x00, 0x00
	.byte 0x13, 0x00, 0x00, 0x00, 0x05, 0x00, 0x00, 0x00, 0x02, 0x00, 0x00, 0x00, 0x4C, 0x00, 0x00, 0x00
	.byte 0x02, 0x00, 0x00, 0x00, 0x04, 0x00, 0x00, 0x00, 0x02, 0x00, 0x00, 0x00, 0x4D, 0x00, 0x00, 0x00
	.byte 0x56, 0x00, 0x00, 0x00, 0x00, 0x70, 0x00, 0x00, 0x77, 0x04, 0x00, 0x00, 0x53, 0x00, 0x00, 0x00
	.byte 0x01, 0x00, 0x00, 0x00, 0x1A, 0x00, 0x00, 0x00, 0x13, 0x00, 0x00, 0x00, 0x01, 0x00, 0x00, 0x00
	.byte 0x0C, 0x00, 0x00, 0x00, 0x52, 0x00, 0x00, 0x00, 0x01, 0x00, 0x00, 0x00, 0x02, 0x00, 0x00, 0x00
	.byte 0x13, 0x00, 0x00, 0x00, 0x01, 0x00, 0x00, 0x00, 0x06, 0x00, 0x00, 0x00, 0x0D, 0x00, 0x00, 0x00
	.byte 0x01, 0x00, 0x00, 0x00, 0x00, 0x00, 0x00, 0x08, 0x02, 0x00, 0x00, 0x00, 0x4C, 0x00, 0x00, 0x00
	.byte 0x04, 0x00, 0x00, 0x00, 0x04, 0x00, 0x00, 0x00, 0xFB, 0xFF, 0xFF, 0xFF, 0x4C, 0x00, 0x00, 0x00
	.byte 0x00, 0x00, 0x00, 0x00, 0x53, 0x00, 0x00, 0x00, 0x03, 0x00, 0x00, 0x00, 0x1A, 0x00, 0x00, 0x00
	.byte 0x13, 0x00, 0x00, 0x00, 0x01, 0x00, 0x00, 0x00, 0x0C, 0x00, 0x00, 0x00, 0x52, 0x00, 0x00, 0x00
	.byte 0x03, 0x00, 0x00, 0x00, 0x02, 0x00, 0x00, 0x00, 0x13, 0x00, 0x00, 0x00, 0x01, 0x00, 0x00, 0x00
	.byte 0x06, 0x00, 0x00, 0x00, 0x0D, 0x00, 0x00, 0x00, 0x03, 0x00, 0x00, 0x00, 0x00, 0x00, 0x00, 0x08
	.byte 0x02, 0x00, 0x00, 0x00, 0x4C, 0x00, 0x00, 0x00, 0x04, 0x00, 0x00, 0x00, 0x04, 0x00, 0x00, 0x00
	.byte 0xFB, 0xFF, 0xFF, 0xFF, 0x4C, 0x00, 0x00, 0x00, 0x00, 0x00, 0x00, 0x00, 0x53, 0x00, 0x00, 0x00
	.byte 0x00, 0x00, 0x00, 0x00, 0x1A, 0x00, 0x00, 0x00, 0x13, 0x00, 0x00, 0x00, 0x01, 0x00, 0x00, 0x00
	.byte 0x0C, 0x00, 0x00, 0x00, 0x52, 0x00, 0x00, 0x00, 0x00, 0x00, 0x00, 0x00, 0x02, 0x00, 0x00, 0x00
	.byte 0x13, 0x00, 0x00, 0x00, 0x01, 0x00, 0x00, 0x00, 0x06, 0x00, 0x00, 0x00, 0x0D, 0x00, 0x00, 0x00
	.byte 0x00, 0x00, 0x00, 0x00, 0x00, 0x00, 0x00, 0x08, 0x02, 0x00, 0x00, 0x00, 0x4C, 0x00, 0x00, 0x00
	.byte 0x07, 0x00, 0x00, 0x00, 0x00, 0x00, 0x00, 0x00, 0x40, 0x00, 0x00, 0x00, 0x04, 0x00, 0x00, 0x00
	.byte 0x04, 0x00, 0x00, 0x00, 0x03, 0x00, 0x00, 0x00, 0x4C, 0x00, 0x00, 0x00, 0x00, 0x00, 0x00, 0x00
	.byte 0x53, 0x00, 0x00, 0x00, 0x02, 0x00, 0x00, 0x00, 0x1A, 0x00, 0x00, 0x00, 0x13, 0x00, 0x00, 0x00
	.byte 0x01, 0x00, 0x00, 0x00, 0x0C, 0x00, 0x00, 0x00, 0x52, 0x00, 0x00, 0x00, 0x02, 0x00, 0x00, 0x00
	.byte 0x02, 0x00, 0x00, 0x00, 0x13, 0x00, 0x00, 0x00, 0x01, 0x00, 0x00, 0x00, 0x06, 0x00, 0x00, 0x00
	.byte 0x0D, 0x00, 0x00, 0x00, 0x02, 0x00, 0x00, 0x00, 0x00, 0x00, 0x00, 0x08, 0x02, 0x00, 0x00, 0x00
	.byte 0x4C, 0x00, 0x00, 0x00, 0x07, 0x00, 0x00, 0x00, 0x00, 0x00, 0x00, 0x00, 0x40, 0x00, 0x00, 0x00
	.byte 0x04, 0x00, 0x00, 0x00, 0x04, 0x00, 0x00, 0x00, 0x03, 0x00, 0x00, 0x00, 0x4C, 0x00, 0x00, 0x00
	.byte 0x00, 0x00, 0x00, 0x00, 0x4D, 0x00, 0x00, 0x00, 0x07, 0x00, 0x00, 0x00, 0x03, 0x00, 0x00, 0x00
	.byte 0x00, 0x00, 0x00, 0x00, 0x2D, 0xE6, 0xFF, 0xFF, 0x07, 0x00, 0x00, 0x00, 0x02, 0x00, 0x00, 0x00
	.byte 0x00, 0x00, 0x00, 0x00, 0x29, 0xE6, 0xFF, 0xFF, 0x07, 0x00, 0x00, 0x00, 0x00, 0x00, 0x00, 0x00
	.byte 0x00, 0x00, 0x00, 0x00, 0x25, 0xE6, 0xFF, 0xFF, 0x5F, 0x00, 0x00, 0x00, 0x01, 0x00, 0x00, 0x00
	.byte 0x13, 0x00, 0x00, 0x00, 0x00, 0x00, 0x00, 0x00, 0x0B, 0x00, 0x00, 0x00, 0x13, 0x00, 0x00, 0x00
	.byte 0x01, 0x00, 0x00, 0x00, 0x12, 0x00, 0x00, 0x00, 0x13, 0x00, 0x00, 0x00, 0x02, 0x00, 0x00, 0x00
	.byte 0x16, 0x00, 0x00, 0x00, 0x13, 0x00, 0x00, 0x00, 0x03, 0x00, 0x00, 0x00, 0x1F, 0x00, 0x00, 0x00
	.byte 0x4C, 0x00, 0x00, 0x00, 0x2B, 0x00, 0x00, 0x00, 0x5F, 0x00, 0x00, 0x00, 0x03, 0x00, 0x00, 0x00
	.byte 0x13, 0x00, 0x00, 0x00, 0x01, 0x00, 0x00, 0x00, 0x10, 0xE6, 0xFF, 0xFF, 0x13, 0x00, 0x00, 0x00
	.byte 0x00, 0x00, 0x00, 0x00, 0x0D, 0xE6, 0xFF, 0xFF, 0x4C, 0x00, 0x00, 0x00, 0x1F, 0x00, 0x00, 0x00
	.byte 0x5F, 0x00, 0x00, 0x00, 0x03, 0x00, 0x00, 0x00, 0x13, 0x00, 0x00, 0x00, 0x00, 0x00, 0x00, 0x00
	.byte 0x06, 0xE6, 0xFF, 0xFF, 0x4C, 0x00, 0x00, 0x00, 0x18, 0x00, 0x00, 0x00, 0x5F, 0x00, 0x00, 0x00
	.byte 0x03, 0x00, 0x00, 0x00, 0x14, 0x00, 0x00, 0x00, 0x03, 0x00, 0x00, 0x00, 0x13, 0x00, 0x00, 0x00
	.byte 0x00, 0x00, 0x00, 0x00, 0x40, 0x00, 0x00, 0x00, 0x10, 0x00, 0x00, 0x00, 0x04, 0x00, 0x00, 0x00
	.byte 0x05, 0x00, 0x00, 0x00, 0x4C, 0x00, 0x00, 0x00, 0x0E, 0x00, 0x00, 0x00, 0x5F, 0x00, 0x00, 0x00
	.byte 0x03, 0x00, 0x00, 0x00, 0x14, 0x00, 0x00, 0x00, 0x02, 0x00, 0x00, 0x00, 0x07, 0x00, 0x00, 0x00
	.byte 0x00, 0x00, 0x00, 0x00, 0x40, 0x00, 0x00, 0x00, 0x04, 0x00, 0x00, 0x00, 0x04, 0x00, 0x00, 0x00
	.byte 0x05, 0x00, 0x00, 0x00, 0x4C, 0x00, 0x00, 0x00, 0x02, 0x00, 0x00, 0x00, 0x04, 0x00, 0x00, 0x00
	.byte 0xFB, 0xFF, 0xFF, 0xFF, 0x4D, 0x00, 0x00, 0x00, 0x06, 0x00, 0x00, 0x00, 0x01, 0x00, 0x00, 0x00
	.byte 0x5A, 0x00, 0x00, 0x00, 0x0D, 0x00, 0x00, 0x00, 0x06, 0x00, 0x00, 0x00, 0x01, 0x00, 0x00, 0x00
	.byte 0x32, 0x00, 0x00, 0x00, 0x17, 0x00, 0x00, 0x00, 0x06, 0x00, 0x00, 0x00, 0x01, 0x00, 0x00, 0x00
	.byte 0x1E, 0x00, 0x00, 0x00, 0x21, 0x00, 0x00, 0x00, 0x00, 0x00, 0x00, 0x00, 0x40, 0x00, 0x00, 0x00
	.byte 0x4F, 0x00, 0x00, 0x00, 0x4C, 0x00, 0x00, 0x00, 0xC9, 0xE5, 0xFF, 0xFF, 0x06, 0x00, 0x00, 0x00
	.byte 0x03, 0x00, 0x00, 0x00, 0x5A, 0x00, 0x00, 0x00, 0x26, 0x00, 0x00, 0x00, 0x06, 0x00, 0x00, 0x00
	.byte 0x03, 0x00, 0x00, 0x00, 0x32, 0x00, 0x00, 0x00, 0x30, 0x00, 0x00, 0x00, 0x06, 0x00, 0x00, 0x00
	.byte 0x03, 0x00, 0x00, 0x00, 0x1E, 0x00, 0x00, 0x00, 0x33, 0x00, 0x00, 0x00, 0x4C, 0x00, 0x00, 0x00
	.byte 0x38, 0x00, 0x00, 0x00, 0x06, 0x00, 0x00, 0x00, 0x03, 0x00, 0x00, 0x00, 0x5A, 0x00, 0x00, 0x00
	.byte 0x1F, 0x00, 0x00, 0x00, 0x06, 0x00, 0x00, 0x00, 0x03, 0x00, 0x00, 0x00, 0x32, 0x00, 0x00, 0x00
	.byte 0x14, 0x00, 0x00, 0x00, 0x06, 0x00, 0x00, 0x00, 0x03, 0x00, 0x00, 0x00, 0x1E, 0x00, 0x00, 0x00
	.byte 0x1E, 0x00, 0x00, 0x00, 0x4C, 0x00, 0x00, 0x00, 0x23, 0x00, 0x00, 0x00, 0x06, 0x00, 0x00, 0x00
	.byte 0x03, 0x00, 0x00, 0x00, 0x5A, 0x00, 0x00, 0x00, 0x11, 0x00, 0x00, 0x00, 0x06, 0x00, 0x00, 0x00
	.byte 0x03, 0x00, 0x00, 0x00, 0x32, 0x00, 0x00, 0x00, 0x0D, 0x00, 0x00, 0x00, 0x06, 0x00, 0x00, 0x00
	.byte 0x03, 0x00, 0x00, 0x00, 0x1E, 0x00, 0x00, 0x00, 0x10, 0x00, 0x00, 0x00, 0x4C, 0x00, 0x00, 0x00
	.byte 0x15, 0x00, 0x00, 0x00, 0x00, 0x00, 0x00, 0x00, 0x40, 0x00, 0x00, 0x00, 0x20, 0x00, 0x00, 0x00
	.byte 0x04, 0x00, 0x00, 0x00, 0xFF, 0xFF, 0xFF, 0xFF, 0x4C, 0x00, 0x00, 0x00, 0x1C, 0x00, 0x00, 0x00
	.byte 0x00, 0x00, 0x00, 0x00, 0x40, 0x00, 0x00, 0x00, 0x19, 0x00, 0x00, 0x00, 0x04, 0x00, 0x00, 0x00
	.byte 0xFE, 0xFF, 0xFF, 0xFF, 0x4C, 0x00, 0x00, 0x00, 0x15, 0x00, 0x00, 0x00, 0x00, 0x00, 0x00, 0x00
	.byte 0x40, 0x00, 0x00, 0x00, 0x12, 0x00, 0x00, 0x00, 0x04, 0x00, 0x00, 0x00, 0x01, 0x00, 0x00, 0x00
	.byte 0x4C, 0x00, 0x00, 0x00, 0x0E, 0x00, 0x00, 0x00, 0x00, 0x00, 0x00, 0x00, 0x40, 0x00, 0x00, 0x00
	.byte 0x0B, 0x00, 0x00, 0x00, 0x04, 0x00, 0x00, 0x00, 0x02, 0x00, 0x00, 0x00, 0x4C, 0x00, 0x00, 0x00
	.byte 0x07, 0x00, 0x00, 0x00, 0x00, 0x00, 0x00, 0x00, 0x40, 0x00, 0x00, 0x00, 0x04, 0x00, 0x00, 0x00
	.byte 0x04, 0x00, 0x00, 0x00, 0x03, 0x00, 0x00, 0x00, 0x4C, 0x00, 0x00, 0x00, 0x00, 0x00, 0x00, 0x00
	.byte 0x4D, 0x00, 0x00, 0x00, 0x2F, 0x00, 0x00, 0x00, 0x26, 0x00, 0x00, 0x00, 0x11, 0x00, 0x00, 0x00
	.byte 0x2F, 0x00, 0x00, 0x00, 0x29, 0x00, 0x00, 0x00, 0x0E, 0x00, 0x00, 0x00, 0x2F, 0x00, 0x00, 0x00
	.byte 0x57, 0x00, 0x00, 0x00, 0x0B, 0x00, 0x00, 0x00, 0x2F, 0x00, 0x00, 0x00, 0x58, 0x00, 0x00, 0x00
	.byte 0x08, 0x00, 0x00, 0x00, 0x2F, 0x00, 0x00, 0x00, 0x82, 0x00, 0x00, 0x00, 0x05, 0x00, 0x00, 0x00
	.byte 0x20, 0x00, 0x00, 0x00, 0x00, 0x00, 0x00, 0x00, 0x14, 0x00, 0x00, 0x00, 0x00, 0x00, 0x00, 0x00
	.byte 0x79, 0xE5, 0xFF, 0xFF, 0x4D, 0x00, 0x00, 0x00, 0x09, 0x00, 0x00, 0x00, 0x01, 0x00, 0x00, 0x00
	.byte 0xFF, 0x00, 0x00, 0x00, 0x01, 0x00, 0x00, 0x00, 0x4D, 0x00, 0x00, 0x00, 0x20, 0x00, 0x00, 0x00
	.byte 0x00, 0x00, 0x00, 0x00, 0x13, 0x00, 0x00, 0x00, 0x00, 0x00, 0x00, 0x00, 0x5C, 0xE5, 0xFF, 0xFF
	.byte 0x04, 0x00, 0x00, 0x00, 0x01, 0x00, 0x00, 0x00, 0x13, 0x00, 0x00, 0x00, 0x02, 0x00, 0x00, 0x00
	.byte 0x6C, 0xE5, 0xFF, 0xFF, 0x4D, 0x00, 0x00, 0x00, 0x0D, 0x00, 0x00, 0x00, 0x03, 0x00, 0x00, 0x00
	.byte 0x00, 0x00, 0x00, 0x08, 0x67, 0xE5, 0xFF, 0xFF, 0x53, 0x00, 0x00, 0x00, 0x03, 0x00, 0x00, 0x00
	.byte 0x1A, 0x00, 0x00, 0x00, 0x13, 0x00, 0x00, 0x00, 0x01, 0x00, 0x00, 0x00, 0x61, 0xE5, 0xFF, 0xFF
	.byte 0x52, 0x00, 0x00, 0x00, 0x03, 0x00, 0x00, 0x00, 0x02, 0x00, 0x00, 0x00, 0x13, 0x00, 0x00, 0x00
	.byte 0x01, 0x00, 0x00, 0x00, 0x5B, 0xE5, 0xFF, 0xFF, 0x52, 0x00, 0x00, 0x00, 0x03, 0x00, 0x00, 0x00
	.byte 0x0A, 0x00, 0x00, 0x00, 0x13, 0x00, 0x00, 0x00, 0x01, 0x00, 0x00, 0x00, 0x49, 0xE5, 0xFF, 0xFF
	.byte 0x52, 0x00, 0x00, 0x00, 0x03, 0x00, 0x00, 0x00, 0x0D, 0x00, 0x00, 0x00, 0x13, 0x00, 0x00, 0x00
	.byte 0x01, 0x00, 0x00, 0x00, 0x43, 0xE5, 0xFF, 0xFF, 0x52, 0x00, 0x00, 0x00, 0x03, 0x00, 0x00, 0x00
	.byte 0x03, 0x00, 0x00, 0x00, 0x13, 0x00, 0x00, 0x00, 0x01, 0x00, 0x00, 0x00, 0x3D, 0xE5, 0xFF, 0xFF
	.byte 0x52, 0x00, 0x00, 0x00, 0x03, 0x00, 0x00, 0x00, 0x05, 0x00, 0x00, 0x00, 0x13, 0x00, 0x00, 0x00
	.byte 0x01, 0x00, 0x00, 0x00, 0x37, 0xE5, 0xFF, 0xFF, 0x4C, 0x00, 0x00, 0x00, 0x29, 0xE5, 0xFF, 0xFF
	.byte 0x07, 0x00, 0x00, 0x00, 0x03, 0x00, 0x00, 0x00, 0x00, 0x00, 0x00, 0x00, 0x45, 0x00, 0x00, 0x00
	.byte 0x37, 0x00, 0x00, 0x00, 0x03, 0x00, 0x00, 0x00, 0xF8, 0x00, 0x00, 0x00, 0x06, 0x00, 0x00, 0x00
	.byte 0x37, 0x00, 0x00, 0x00, 0x03, 0x00, 0x00, 0x00, 0x61, 0x01, 0x00, 0x00, 0x02, 0x00, 0x00, 0x00
	.byte 0x4C, 0x00, 0x00, 0x00, 0x3B, 0x00, 0x00, 0x00, 0x5F, 0x00, 0x00, 0x00, 0x01, 0x00, 0x00, 0x00
	.byte 0x13, 0x00, 0x00, 0x00, 0x03, 0x00, 0x00, 0x00, 0x16, 0xE5, 0xFF, 0xFF, 0x13, 0x00, 0x00, 0x00
	.byte 0x02, 0x00, 0x00, 0x00, 0x08, 0x00, 0x00, 0x00, 0x13, 0x00, 0x00, 0x00, 0x01, 0x00, 0x00, 0x00
	.byte 0x17, 0x00, 0x00, 0x00, 0x13, 0x00, 0x00, 0x00, 0x00, 0x00, 0x00, 0x00, 0x23, 0x00, 0x00, 0x00
	.byte 0x4C, 0x00, 0x00, 0x00, 0x2B, 0x00, 0x00, 0x00, 0x5F, 0x00, 0x00, 0x00, 0x03, 0x00, 0x00, 0x00
	.byte 0x13, 0x00, 0x00, 0x00, 0x00, 0x00, 0x00, 0x00, 0x06, 0xE5, 0xFF, 0xFF, 0x13, 0x00, 0x00, 0x00
	.byte 0x01, 0x00, 0x00, 0x00, 0x03, 0xE5, 0xFF, 0xFF, 0x00, 0x00, 0x00, 0x00, 0x80, 0x00, 0x00, 0x00
	.byte 0x20, 0x00, 0x00, 0x00, 0x5F, 0x00, 0x00, 0x00, 0x03, 0x00, 0x00, 0x00, 0x13, 0x00, 0x00, 0x00
	.byte 0x02, 0x00, 0x00, 0x00, 0xFB, 0xE4, 0xFF, 0xFF, 0x4C, 0x00, 0x00, 0x00, 0x19, 0x00, 0x00, 0x00
	.byte 0x5F, 0x00, 0x00, 0x00, 0x03, 0x00, 0x00, 0x00, 0x13, 0x00, 0x00, 0x00, 0x00, 0x00, 0x00, 0x00
	.byte 0xF4, 0xE4, 0xFF, 0xFF, 0x00, 0x00, 0x00, 0x00, 0x80, 0x00, 0x00, 0x00, 0x11, 0x00, 0x00, 0x00
	.byte 0x5F, 0x00, 0x00, 0x00, 0x03, 0x00, 0x00, 0x00, 0x13, 0x00, 0x00, 0x00, 0x01, 0x00, 0x00, 0x00
	.byte 0xEC, 0xE4, 0xFF, 0xFF, 0x4C, 0x00, 0x00, 0x00, 0x0A, 0x00, 0x00, 0x00, 0x00, 0x00, 0x00, 0x00
	.byte 0x80, 0x00, 0x00, 0x00, 0x07, 0x00, 0x00, 0x00, 0x5F, 0x00, 0x00, 0x00, 0x03, 0x00, 0x00, 0x00
	.byte 0x13, 0x00, 0x00, 0x00, 0x00, 0x00, 0x00, 0x00, 0xE2, 0xE4, 0xFF, 0xFF, 0x4C, 0x00, 0x00, 0x00
	.byte 0x00, 0x00, 0x00, 0x00, 0x4D, 0x00, 0x00, 0x00, 0x29, 0x00, 0x00, 0x00, 0x01, 0x00, 0x00, 0x00
	.byte 0x13, 0x00, 0x00, 0x00, 0x36, 0x00, 0x00, 0x00, 0xF8, 0xE4, 0xFF, 0xFF, 0x13, 0x00, 0x00, 0x00
	.byte 0x70, 0x00, 0x00, 0x00, 0xF5, 0xE4, 0xFF, 0xFF, 0x13, 0x00, 0x00, 0x00, 0x64, 0x00, 0x00, 0x00
	.byte 0xF2, 0xE4, 0xFF, 0xFF, 0x13, 0x00, 0x00, 0x00, 0x67, 0x00, 0x00, 0x00, 0xEF, 0xE4, 0xFF, 0xFF
	.byte 0x29, 0x00, 0x00, 0x00, 0x00, 0x00, 0x00, 0x00, 0x13, 0x00, 0x00, 0x00, 0x17, 0x00, 0x00, 0x00
	.byte 0xE4, 0xE4, 0xFF, 0xFF, 0x13, 0x00, 0x00, 0x00, 0x4A, 0x00, 0x00, 0x00, 0xE1, 0xE4, 0xFF, 0xFF
	.byte 0x13, 0x00, 0x00, 0x00, 0x25, 0x00, 0x00, 0x00, 0xDE, 0xE4, 0xFF, 0xFF, 0x13, 0x00, 0x00, 0x00
	.byte 0x68, 0x00, 0x00, 0x00, 0xDB, 0xE4, 0xFF, 0xFF, 0x13, 0x00, 0x00, 0x00, 0x74, 0x00, 0x00, 0x00
	.byte 0xD8, 0xE4, 0xFF, 0xFF, 0x13, 0x00, 0x00, 0x00, 0x6F, 0x00, 0x00, 0x00, 0xD5, 0xE4, 0xFF, 0xFF
	.byte 0x13, 0x00, 0x00, 0x00, 0x7A, 0x00, 0x00, 0x00, 0xD2, 0xE4, 0xFF, 0xFF, 0x4D, 0x00, 0x00, 0x00
	.byte 0x17, 0x00, 0x00, 0x00, 0xB3, 0x01, 0x00, 0x00, 0x1D, 0x00, 0x00, 0x00, 0x53, 0x00, 0x00, 0x00
	.byte 0x02, 0x00, 0x00, 0x00, 0x1F, 0x00, 0x00, 0x00, 0x13, 0x00, 0x00, 0x00, 0x01, 0x00, 0x00, 0x00
	.byte 0x02, 0x00, 0x00, 0x00, 0x4C, 0x00, 0x00, 0x00, 0x0A, 0x00, 0x00, 0x00, 0x04, 0x00, 0x00, 0x00
	.byte 0xFF, 0xFF, 0xFF, 0xFF, 0x52, 0x00, 0x00, 0x00, 0x02, 0x00, 0x00, 0x00, 0x04, 0x00, 0x00, 0x00
	.byte 0x13, 0x00, 0x00, 0x00, 0x00, 0x00, 0x00, 0x00, 0x02, 0x00, 0x00, 0x00, 0x04, 0x00, 0x00, 0x00
	.byte 0xF8, 0xFF, 0xFF, 0xFF, 0x53, 0x00, 0x00, 0x00, 0x03, 0x00, 0x00, 0x00, 0x1F, 0x00, 0x00, 0x00
	.byte 0x13, 0x00, 0x00, 0x00, 0x01, 0x00, 0x00, 0x00, 0xAA, 0xE4, 0xFF, 0xFF, 0x17, 0x00, 0x00, 0x00
	.byte 0xB3, 0x01, 0x00, 0x00, 0x02, 0x00, 0x00, 0x00, 0x4C, 0x00, 0x00, 0x00, 0x20, 0x00, 0x00, 0x00
	.byte 0x53, 0x00, 0x00, 0x00, 0x03, 0x00, 0x00, 0x00, 0x4E, 0x00, 0x00, 0x00, 0x13, 0x00, 0x00, 0x00
	.byte 0x01, 0x00, 0x00, 0x00, 0xAE, 0xE4, 0xFF, 0xFF, 0x53, 0x00, 0x00, 0x00, 0x03, 0x00, 0x00, 0x00
	.byte 0x0A, 0x00, 0x00, 0x00, 0x13, 0x00, 0x00, 0x00, 0x01, 0x00, 0x00, 0x00, 0xA8, 0xE4, 0xFF, 0xFF
	.byte 0x52, 0x00, 0x00, 0x00, 0x03, 0x00, 0x00, 0x00, 0x0B, 0x00, 0x00, 0x00, 0x13, 0x00, 0x00, 0x00
	.byte 0x01, 0x00, 0x00, 0x00, 0x93, 0xE4, 0xFF, 0xFF, 0x52, 0x00, 0x00, 0x00, 0x03, 0x00, 0x00, 0x00
	.byte 0x02, 0x00, 0x00, 0x00, 0x13, 0x00, 0x00, 0x00, 0x01, 0x00, 0x00, 0x00, 0x8D, 0xE4, 0xFF, 0xFF
	.byte 0x52, 0x00, 0x00, 0x00, 0x03, 0x00, 0x00, 0x00, 0x04, 0x00, 0x00, 0x00, 0x13, 0x00, 0x00, 0x00
	.byte 0x01, 0x00, 0x00, 0x00, 0x96, 0xE4, 0xFF, 0xFF, 0x04, 0x00, 0x00, 0x00, 0xFD, 0xFF, 0xFF, 0xFF
	.byte 0x4D, 0x00, 0x00, 0x00, 0x17, 0x00, 0x00, 0x00, 0x39, 0x00, 0x00, 0x00, 0x13, 0x00, 0x00, 0x00
	.byte 0x53, 0x00, 0x00, 0x00, 0x02, 0x00, 0x00, 0x00, 0x72, 0x00, 0x00, 0x00, 0x13, 0x00, 0x00, 0x00
	.byte 0x00, 0x00, 0x00, 0x00, 0x02, 0x00, 0x00, 0x00, 0x04, 0x00, 0x00, 0x00, 0xFF, 0xFF, 0xFF, 0xFF
	.byte 0x53, 0x00, 0x00, 0x00, 0x03, 0x00, 0x00, 0x00, 0x72, 0x00, 0x00, 0x00, 0x13, 0x00, 0x00, 0x00
	.byte 0x01, 0x00, 0x00, 0x00, 0x73, 0xE4, 0xFF, 0xFF, 0x17, 0x00, 0x00, 0x00, 0x39, 0x00, 0x00, 0x00
	.byte 0x02, 0x00, 0x00, 0x00, 0x4C, 0x00, 0x00, 0x00, 0x1A, 0x00, 0x00, 0x00, 0x53, 0x00, 0x00, 0x00
	.byte 0x03, 0x00, 0x00, 0x00, 0x57, 0x00, 0x00, 0x00, 0x13, 0x00, 0x00, 0x00, 0x01, 0x00, 0x00, 0x00
	.byte 0x77, 0xE4, 0xFF, 0xFF, 0x53, 0x00, 0x00, 0x00, 0x03, 0x00, 0x00, 0x00, 0x0B, 0x00, 0x00, 0x00
	.byte 0x13, 0x00, 0x00, 0x00, 0x01, 0x00, 0x00, 0x00, 0x71, 0xE4, 0xFF, 0xFF, 0x52, 0x00, 0x00, 0x00
	.byte 0x03, 0x00, 0x00, 0x00, 0x04, 0x00, 0x00, 0x00, 0x13, 0x00, 0x00, 0x00, 0x01, 0x00, 0x00, 0x00
	.byte 0x5C, 0xE4, 0xFF, 0xFF, 0x52, 0x00, 0x00, 0x00, 0x03, 0x00, 0x00, 0x00, 0x0A, 0x00, 0x00, 0x00
	.byte 0x13, 0x00, 0x00, 0x00, 0x01, 0x00, 0x00, 0x00, 0x56, 0xE4, 0xFF, 0xFF, 0x04, 0x00, 0x00, 0x00
	.byte 0xFD, 0xFF, 0xFF, 0xFF, 0x4D, 0x00, 0x00, 0x00, 0x54, 0x00, 0x00, 0x00, 0x01, 0x00, 0x00, 0x00
	.byte 0x02, 0x00, 0x00, 0x00, 0x4C, 0x00, 0x00, 0x00, 0x02, 0x00, 0x00, 0x00, 0x04, 0x00, 0x00, 0x00
	.byte 0x01, 0x00, 0x00, 0x00, 0x17, 0x00, 0x00, 0x00, 0xB4, 0x01, 0x00, 0x00, 0x02, 0x00, 0x00, 0x00
	.byte 0x4C, 0x00, 0x00, 0x00, 0x26, 0x00, 0x00, 0x00, 0x53, 0x00, 0x00, 0x00, 0x03, 0x00, 0x00, 0x00
	.byte 0x57, 0x00, 0x00, 0x00, 0x13, 0x00, 0x00, 0x00, 0x01, 0x00, 0x00, 0x00, 0x35, 0xE4, 0xFF, 0xFF
	.byte 0x53, 0x00, 0x00, 0x00, 0x03, 0x00, 0x00, 0x00, 0x12, 0x00, 0x00, 0x00, 0x13, 0x00, 0x00, 0x00
	.byte 0x01, 0x00, 0x00, 0x00, 0x4A, 0xE4, 0xFF, 0xFF, 0x52, 0x00, 0x00, 0x00, 0x03, 0x00, 0x00, 0x00
	.byte 0x0C, 0x00, 0x00, 0x00, 0x13, 0x00, 0x00, 0x00, 0x01, 0x00, 0x00, 0x00, 0x35, 0xE4, 0xFF, 0xFF
	.byte 0x52, 0x00, 0x00, 0x00, 0x03, 0x00, 0x00, 0x00, 0x08, 0x00, 0x00, 0x00, 0x13, 0x00, 0x00, 0x00
	.byte 0x01, 0x00, 0x00, 0x00, 0x2F, 0xE4, 0xFF, 0xFF, 0x52, 0x00, 0x00, 0x00, 0x03, 0x00, 0x00, 0x00
	.byte 0x0F, 0x00, 0x00, 0x00, 0x13, 0x00, 0x00, 0x00, 0x01, 0x00, 0x00, 0x00, 0x29, 0xE4, 0xFF, 0xFF
	.byte 0x52, 0x00, 0x00, 0x00, 0x03, 0x00, 0x00, 0x00, 0x06, 0x00, 0x00, 0x00, 0x13, 0x00, 0x00, 0x00
	.byte 0x01, 0x00, 0x00, 0x00, 0x23, 0xE4, 0xFF, 0xFF, 0x04, 0x00, 0x00, 0x00, 0xFD, 0xFF, 0xFF, 0xFF
	.byte 0x4D, 0x00, 0x00, 0x00, 0x6A, 0x00, 0x00, 0x00, 0x03, 0x00, 0x00, 0x00, 0x0A, 0x02, 0x00, 0x00
	.byte 0x20, 0x00, 0x00, 0x00, 0x00, 0x00, 0x00, 0x00, 0x13, 0x00, 0x00, 0x00, 0x00, 0x00, 0x00, 0x00
	.byte 0x87, 0x00, 0x00, 0x00, 0x1E, 0x00, 0x00, 0x00, 0x04, 0x00, 0x00, 0x00, 0x13, 0x00, 0x00, 0x00
	.byte 0x0A, 0x00, 0x00, 0x00, 0x0B, 0x00, 0x00, 0x00, 0x13, 0x00, 0x00, 0x00, 0x0D, 0x00, 0x00, 0x00
	.byte 0x15, 0x00, 0x00, 0x00, 0x13, 0x00, 0x00, 0x00, 0x0B, 0x00, 0x00, 0x00, 0x4C, 0x00, 0x00, 0x00
	.byte 0x17, 0x00, 0x00, 0x00, 0x76, 0x01, 0x00, 0x00, 0x7E, 0x01, 0x00, 0x00, 0x4C, 0x00, 0x00, 0x00
	.byte 0x0E, 0xE4, 0xFF, 0xFF, 0x53, 0x00, 0x00, 0x00, 0x03, 0x00, 0x00, 0x00, 0x12, 0x00, 0x00, 0x00
	.byte 0x13, 0x00, 0x00, 0x00, 0x01, 0x00, 0x00, 0x00, 0x02, 0x00, 0x00, 0x00, 0x4C, 0x00, 0x00, 0x00
	.byte 0xF6, 0xFF, 0xFF, 0xFF, 0x54, 0x00, 0x00, 0x00, 0x03, 0x00, 0x00, 0x00, 0xF3, 0xFF, 0xFF, 0xFF
	.byte 0x4C, 0x00, 0x00, 0x00, 0x0A, 0xE4, 0xFF, 0xFF, 0x53, 0x00, 0x00, 0x00, 0x03, 0x00, 0x00, 0x00
	.byte 0x4E, 0x00, 0x00, 0x00, 0x13, 0x00, 0x00, 0x00, 0x01, 0x00, 0x00, 0x00, 0x08, 0x00, 0x00, 0x00
	.byte 0x53, 0x00, 0x00, 0x00, 0x03, 0x00, 0x00, 0x00, 0x0A, 0x00, 0x00, 0x00, 0x13, 0x00, 0x00, 0x00
	.byte 0x01, 0x00, 0x00, 0x00, 0x0C, 0x00, 0x00, 0x00, 0x4C, 0x00, 0x00, 0x00, 0xE3, 0xFF, 0xFF, 0xFF
	.byte 0x00, 0x00, 0x00, 0x00, 0xA0, 0x00, 0x00, 0x00, 0x28, 0x00, 0x00, 0x00, 0x33, 0x00, 0x00, 0x00
	.byte 0x03, 0x00, 0x00, 0x00, 0x03, 0x00, 0x00, 0x00, 0x0C, 0x00, 0x00, 0x00, 0xDB, 0xFF, 0xFF, 0xFF
	.byte 0x4C, 0x00, 0x00, 0x00, 0xF2, 0xE3, 0xFF, 0xFF, 0x07, 0x00, 0x00, 0x00, 0x03, 0x00, 0x00, 0x00
	.byte 0x64, 0x00, 0x00, 0x00, 0xDF, 0xE3, 0xFF, 0xFF, 0x06, 0x00, 0x00, 0x00, 0x03, 0x00, 0x00, 0x00
	.byte 0x5A, 0x00, 0x00, 0x00, 0x19, 0x00, 0x00, 0x00, 0x06, 0x00, 0x00, 0x00, 0x03, 0x00, 0x00, 0x00
	.byte 0x4B, 0x00, 0x00, 0x00, 0x06, 0x00, 0x00, 0x00, 0x06, 0x00, 0x00, 0x00, 0x03, 0x00, 0x00, 0x00
	.byte 0x32, 0x00, 0x00, 0x00, 0x07, 0x00, 0x00, 0x00, 0x4C, 0x00, 0x00, 0x00, 0x0A, 0x00, 0x00, 0x00
	.byte 0x00, 0x00, 0x00, 0x00, 0x40, 0x00, 0x00, 0x00, 0xDD, 0xE3, 0xFF, 0xFF, 0x4C, 0x00, 0x00, 0x00
	.byte 0x0A, 0x00, 0x00, 0x00, 0x00, 0x00, 0x00, 0x00, 0x80, 0x00, 0x00, 0x00, 0xD8, 0xE3, 0xFF, 0xFF
	.byte 0x4C, 0x00, 0x00, 0x00, 0x05, 0x00, 0x00, 0x00, 0x00, 0x00, 0x00, 0x00, 0xC0, 0x00, 0x00, 0x00
	.byte 0xD3, 0xE3, 0xFF, 0xFF, 0x4C, 0x00, 0x00, 0x00, 0x00, 0x00, 0x00, 0x00, 0x4D, 0x00, 0x00, 0x00
	.byte 0x53, 0x00, 0x00, 0x00, 0x03, 0x00, 0x00, 0x00, 0x0B, 0x00, 0x00, 0x00, 0x13, 0x00, 0x00, 0x00
	.byte 0x01, 0x00, 0x00, 0x00, 0x08, 0x00, 0x00, 0x00, 0x53, 0x00, 0x00, 0x00, 0x03, 0x00, 0x00, 0x00
	.byte 0x57, 0x00, 0x00, 0x00, 0x13, 0x00, 0x00, 0x00, 0x01, 0x00, 0x00, 0x00, 0x02, 0x00, 0x00, 0x00
	.byte 0x4C, 0x00, 0x00, 0x00, 0xA9, 0xFF, 0xFF, 0xFF, 0x07, 0x00, 0x00, 0x00, 0x03, 0x00, 0x00, 0x00
	.byte 0x64, 0x00, 0x00, 0x00, 0xAF, 0xE3, 0xFF, 0xFF, 0x06, 0x00, 0x00, 0x00, 0x03, 0x00, 0x00, 0x00
	.byte 0x5A, 0x00, 0x00, 0x00, 0x19, 0x00, 0x00, 0x00, 0x06, 0x00, 0x00, 0x00, 0x03, 0x00, 0x00, 0x00
	.byte 0x4B, 0x00, 0x00, 0x00, 0x06, 0x00, 0x00, 0x00, 0x06, 0x00, 0x00, 0x00, 0x03, 0x00, 0x00, 0x00
	.byte 0x32, 0x00, 0x00, 0x00, 0x07, 0x00, 0x00, 0x00, 0x4C, 0x00, 0x00, 0x00, 0x0A, 0x00, 0x00, 0x00
	.byte 0x00, 0x00, 0x00, 0x00, 0x40, 0x00, 0x00, 0x00, 0xAD, 0xE3, 0xFF, 0xFF, 0x4C, 0x00, 0x00, 0x00
	.byte 0x0A, 0x00, 0x00, 0x00, 0x00, 0x00, 0x00, 0x00, 0x80, 0x00, 0x00, 0x00, 0xA8, 0xE3, 0xFF, 0xFF
	.byte 0x4C, 0x00, 0x00, 0x00, 0x05, 0x00, 0x00, 0x00, 0x00, 0x00, 0x00, 0x00, 0xC0, 0x00, 0x00, 0x00
	.byte 0xA3, 0xE3, 0xFF, 0xFF, 0x4C, 0x00, 0x00, 0x00, 0x00, 0x00, 0x00, 0x00, 0x4D, 0x00, 0x00, 0x00
	.byte 0x17, 0x00, 0x00, 0x00, 0x1D, 0x01, 0x00, 0x00, 0x20, 0x00, 0x00, 0x00, 0x17, 0x00, 0x00, 0x00
	.byte 0x05, 0x01, 0x00, 0x00, 0x84, 0x00, 0x00, 0x00, 0x17, 0x00, 0x00, 0x00, 0x56, 0x00, 0x00, 0x00
	.byte 0xA9, 0x00, 0x00, 0x00, 0x2F, 0x00, 0x00, 0x00, 0x21, 0x00, 0x00, 0x00, 0xBE, 0x00, 0x00, 0x00
	.byte 0x2F, 0x00, 0x00, 0x00, 0x42, 0x00, 0x00, 0x00, 0xBB, 0x00, 0x00, 0x00, 0x17, 0x00, 0x00, 0x00
	.byte 0x0E, 0x01, 0x00, 0x00, 0xCC, 0x00, 0x00, 0x00, 0x17, 0x00, 0x00, 0x00, 0xCF, 0x00, 0x00, 0x00
	.byte 0xDE, 0x00, 0x00, 0x00, 0x17, 0x00, 0x00, 0x00, 0x0F, 0x01, 0x00, 0x00, 0xED, 0x00, 0x00, 0x00
	.byte 0x17, 0x00, 0x00, 0x00, 0x9F, 0x01, 0x00, 0x00, 0xEA, 0x00, 0x00, 0x00, 0x17, 0x00, 0x00, 0x00
	.byte 0x7C, 0x01, 0x00, 0x00, 0xE8, 0x00, 0x00, 0x00, 0x17, 0x00, 0x00, 0x00, 0x6F, 0x01, 0x00, 0x00
	.byte 0xFA, 0x00, 0x00, 0x00, 0x4C, 0x00, 0x00, 0x00, 0x5B, 0x01, 0x00, 0x00, 0x29, 0x00, 0x00, 0x00
	.byte 0x00, 0x00, 0x00, 0x00, 0x13, 0x00, 0x00, 0x00, 0x36, 0x00, 0x00, 0x00, 0x7E, 0xE3, 0xFF, 0xFF
	.byte 0x13, 0x00, 0x00, 0x00, 0x70, 0x00, 0x00, 0x00, 0x7B, 0xE3, 0xFF, 0xFF, 0x29, 0x00, 0x00, 0x00
	.byte 0x01, 0x00, 0x00, 0x00, 0x14, 0x00, 0x00, 0x00, 0x1A, 0x00, 0x00, 0x00, 0x14, 0x00, 0x00, 0x00
	.byte 0x29, 0x00, 0x00, 0x00, 0x00, 0x00, 0x00, 0x00, 0x13, 0x00, 0x00, 0x00, 0x1A, 0x00, 0x00, 0x00
	.byte 0x49, 0x01, 0x00, 0x00, 0x1E, 0x00, 0x00, 0x00, 0x00, 0x00, 0x00, 0x00, 0x14, 0x00, 0x00, 0x00
	.byte 0x0D, 0x00, 0x00, 0x00, 0x0A, 0x00, 0x00, 0x00, 0x04, 0x00, 0x00, 0x00, 0x01, 0x00, 0x00, 0x00
	.byte 0x1E, 0x00, 0x00, 0x00, 0x02, 0x00, 0x00, 0x00, 0x14, 0x00, 0x00, 0x00, 0x0D, 0x00, 0x00, 0x00
	.byte 0x03, 0x00, 0x00, 0x00, 0x04, 0x00, 0x00, 0x00, 0x01, 0x00, 0x00, 0x00, 0x4D, 0x00, 0x00, 0x00
	.byte 0x29, 0x00, 0x00, 0x00, 0x01, 0x00, 0x00, 0x00, 0x13, 0x00, 0x00, 0x00, 0x0E, 0x00, 0x00, 0x00
	.byte 0x05, 0x00, 0x00, 0x00, 0x13, 0x00, 0x00, 0x00, 0x63, 0x00, 0x00, 0x00, 0x02, 0x00, 0x00, 0x00
	.byte 0x4C, 0x00, 0x00, 0x00, 0x30, 0x01, 0x00, 0x00, 0x37, 0x00, 0x00, 0x00, 0x03, 0x00, 0x00, 0x00
	.byte 0x7E, 0x00, 0x00, 0x00, 0x36, 0x00, 0x00, 0x00, 0x37, 0x00, 0x00, 0x00, 0x03, 0x00, 0x00, 0x00
	.byte 0x57, 0x00, 0x00, 0x00, 0x32, 0x00, 0x00, 0x00, 0x37, 0x00, 0x00, 0x00, 0x03, 0x00, 0x00, 0x00
	.byte 0xEE, 0x00, 0x00, 0x00, 0x2E, 0x00, 0x00, 0x00, 0x37, 0x00, 0x00, 0x00, 0x03, 0x00, 0x00, 0x00
	.byte 0x38, 0x00, 0x00, 0x00, 0x2A, 0x00, 0x00, 0x00, 0x37, 0x00, 0x00, 0x00, 0x03, 0x00, 0x00, 0x00
	.byte 0xDF, 0x00, 0x00, 0x00, 0x26, 0x00, 0x00, 0x00, 0x37, 0x00, 0x00, 0x00, 0x03, 0x00, 0x00, 0x00
	.byte 0x3B, 0x00, 0x00, 0x00, 0x22, 0x00, 0x00, 0x00, 0x37, 0x00, 0x00, 0x00, 0x03, 0x00, 0x00, 0x00
	.byte 0xC0, 0x00, 0x00, 0x00, 0x1E, 0x00, 0x00, 0x00, 0x37, 0x00, 0x00, 0x00, 0x03, 0x00, 0x00, 0x00
	.byte 0xE0, 0x00, 0x00, 0x00, 0x1A, 0x00, 0x00, 0x00, 0x37, 0x00, 0x00, 0x00, 0x03, 0x00, 0x00, 0x00
	.byte 0x9B, 0x01, 0x00, 0x00, 0x16, 0x00, 0x00, 0x00, 0x37, 0x00, 0x00, 0x00, 0x03, 0x00, 0x00, 0x00
	.byte 0xB9, 0x01, 0x00, 0x00, 0x12, 0x00, 0x00, 0x00, 0x37, 0x00, 0x00, 0x00, 0x03, 0x00, 0x00, 0x00
	.byte 0xCF, 0x01, 0x00, 0x00, 0x0E, 0x00, 0x00, 0x00, 0x37, 0x00, 0x00, 0x00, 0x03, 0x00, 0x00, 0x00
	.byte 0xB6, 0x01, 0x00, 0x00, 0x0A, 0x00, 0x00, 0x00, 0x37, 0x00, 0x00, 0x00, 0x03, 0x00, 0x00, 0x00
	.byte 0xD1, 0x01, 0x00, 0x00, 0x06, 0x00, 0x00, 0x00, 0x37, 0x00, 0x00, 0x00, 0x03, 0x00, 0x00, 0x00
	.byte 0xC9, 0x01, 0x00, 0x00, 0x02, 0x00, 0x00, 0x00, 0x4C, 0x00, 0x00, 0x00, 0xF6, 0x00, 0x00, 0x00
	.byte 0x4C, 0x00, 0x00, 0x00, 0x16, 0xE3, 0xFF, 0xFF, 0x53, 0x00, 0x00, 0x00, 0x03, 0x00, 0x00, 0x00
	.byte 0x12, 0x00, 0x00, 0x00, 0x13, 0x00, 0x00, 0x00, 0x01, 0x00, 0x00, 0x00, 0xF9, 0xFE, 0xFF, 0xFF
	.byte 0x53, 0x00, 0x00, 0x00, 0x03, 0x00, 0x00, 0x00, 0x3E, 0x00, 0x00, 0x00, 0x14, 0x00, 0x00, 0x00
	.byte 0x01, 0x00, 0x00, 0x00, 0xE8, 0x00, 0x00, 0x00, 0x09, 0x00, 0x00, 0x00, 0x03, 0x00, 0x00, 0x00
	.byte 0xFF, 0x00, 0x00, 0x00, 0xE4, 0x00, 0x00, 0x00, 0x1E, 0x00, 0x00, 0x00, 0x00, 0x00, 0x00, 0x00
	.byte 0x13, 0x00, 0x00, 0x00, 0x0A, 0x00, 0x00, 0x00, 0xDF, 0x00, 0x00, 0x00, 0x1E, 0x00, 0x00, 0x00
	.byte 0x02, 0x00, 0x00, 0x00, 0x13, 0x00, 0x00, 0x00, 0x0A, 0x00, 0x00, 0x00, 0xDA, 0x00, 0x00, 0x00
	.byte 0x55, 0x00, 0x00, 0x00, 0x03, 0x00, 0x00, 0x00, 0x11, 0x01, 0x00, 0x00, 0xD6, 0x00, 0x00, 0x00
	.byte 0x55, 0x00, 0x00, 0x00, 0x03, 0x00, 0x00, 0x00, 0x10, 0x01, 0x00, 0x00, 0xD2, 0x00, 0x00, 0x00
	.byte 0x05, 0x00, 0x00, 0x00, 0x03, 0x00, 0x00, 0x00, 0x51, 0x00, 0x00, 0x00, 0xCE, 0x00, 0x00, 0x00
	.byte 0x4C, 0x00, 0x00, 0x00, 0xF1, 0xE2, 0xFF, 0xFF, 0x1E, 0x00, 0x00, 0x00, 0x00, 0x00, 0x00, 0x00
	.byte 0x13, 0x00, 0x00, 0x00, 0x04, 0x00, 0x00, 0x00, 0xC7, 0x00, 0x00, 0x00, 0x1E, 0x00, 0x00, 0x00
	.byte 0x02, 0x00, 0x00, 0x00, 0x13, 0x00, 0x00, 0x00, 0x04, 0x00, 0x00, 0x00, 0xC2, 0x00, 0x00, 0x00
	.byte 0x53, 0x00, 0x00, 0x00, 0x03, 0x00, 0x00, 0x00, 0x4E, 0x00, 0x00, 0x00, 0x13, 0x00, 0x00, 0x00
	.byte 0x01, 0x00, 0x00, 0x00, 0xD4, 0xFE, 0xFF, 0xFF, 0x53, 0x00, 0x00, 0x00, 0x03, 0x00, 0x00, 0x00
	.byte 0x0A, 0x00, 0x00, 0x00, 0x13, 0x00, 0x00, 0x00, 0x01, 0x00, 0x00, 0x00, 0xCE, 0xFE, 0xFF, 0xFF
	.byte 0x4C, 0x00, 0x00, 0x00, 0xB4, 0x00, 0x00, 0x00, 0x53, 0x00, 0x00, 0x00, 0x03, 0x00, 0x00, 0x00
	.byte 0x5A, 0x00, 0x00, 0x00, 0x14, 0x00, 0x00, 0x00, 0x01, 0x00, 0x00, 0x00, 0xAE, 0x00, 0x00, 0x00
	.byte 0x09, 0x00, 0x00, 0x00, 0x00, 0x00, 0x00, 0x00, 0xFF, 0x00, 0x00, 0x00, 0xAA, 0x00, 0x00, 0x00
	.byte 0x55, 0x00, 0x00, 0x00, 0x03, 0x00, 0x00, 0x00, 0x10, 0x01, 0x00, 0x00, 0xA6, 0x00, 0x00, 0x00
	.byte 0x06, 0x00, 0x00, 0x00, 0x03, 0x00, 0x00, 0x00, 0x5B, 0x00, 0x00, 0x00, 0xA2, 0x00, 0x00, 0x00
	.byte 0x4C, 0x00, 0x00, 0x00, 0xC5, 0xE2, 0xFF, 0xFF, 0x07, 0x00, 0x00, 0x00, 0x03, 0x00, 0x00, 0x00
	.byte 0x00, 0x00, 0x00, 0x00, 0xB5, 0xE2, 0xFF, 0xFF, 0x06, 0x00, 0x00, 0x00, 0x03, 0x00, 0x00, 0x00
	.byte 0x32, 0x00, 0x00, 0x00, 0x07, 0x00, 0x00, 0x00, 0x5F, 0x00, 0x00, 0x00, 0x03, 0x00, 0x00, 0x00
	.byte 0x11, 0x00, 0x00, 0x00, 0x01, 0x00, 0x00, 0x00, 0x02, 0x00, 0x00, 0x00, 0x4C, 0x00, 0x00, 0x00
	.byte 0x05, 0x00, 0x00, 0x00, 0x00, 0x00, 0x00, 0x00, 0x40, 0x00, 0x00, 0x00, 0x8F, 0xE2, 0xFF, 0xFF
	.byte 0x04, 0x00, 0x00, 0x00, 0x02, 0x00, 0x00, 0x00, 0x4D, 0x00, 0x00, 0x00, 0x55, 0x00, 0x00, 0x00
	.byte 0x00, 0x00, 0x00, 0x00, 0x9C, 0x00, 0x00, 0x00, 0x06, 0x00, 0x00, 0x00, 0x55, 0x00, 0x00, 0x00
	.byte 0x00, 0x00, 0x00, 0x00, 0x9D, 0x00, 0x00, 0x00, 0x02, 0x00, 0x00, 0x00, 0x4C, 0x00, 0x00, 0x00
	.byte 0x81, 0x00, 0x00, 0x00, 0x32, 0x00, 0x00, 0x00, 0x00, 0x00, 0x00, 0x00, 0x01, 0x00, 0x00, 0x00
	.byte 0x07, 0x00, 0x00, 0x00, 0x02, 0x00, 0x00, 0x00, 0x04, 0x00, 0x00, 0x00, 0x03, 0x00, 0x00, 0x00
	.byte 0x4D, 0x00, 0x00, 0x00, 0x4D, 0x00, 0x00, 0x00, 0x0D, 0x00, 0x00, 0x00, 0x03, 0x00, 0x00, 0x00
	.byte 0x00, 0x00, 0x20, 0x00, 0x74, 0x00, 0x00, 0x00, 0x53, 0x00, 0x00, 0x00, 0x03, 0x00, 0x00, 0x00
	.byte 0x36, 0x00, 0x00, 0x00, 0x13, 0x00, 0x00, 0x00, 0x01, 0x00, 0x00, 0x00, 0x08, 0x00, 0x00, 0x00
	.byte 0x53, 0x00, 0x00, 0x00, 0x03, 0x00, 0x00, 0x00, 0x70, 0x00, 0x00, 0x00, 0x13, 0x00, 0x00, 0x00
	.byte 0x01, 0x00, 0x00, 0x00, 0x02, 0x00, 0x00, 0x00, 0x4C, 0x00, 0x00, 0x00, 0x02, 0x00, 0x00, 0x00
	.byte 0x04, 0x00, 0x00, 0x00, 0x05, 0x00, 0x00, 0x00, 0x4D, 0x00, 0x00, 0x00, 0x53, 0x00, 0x00, 0x00
	.byte 0x03, 0x00, 0x00, 0x00, 0x56, 0x00, 0x00, 0x00, 0x13, 0x00, 0x00, 0x00, 0x01, 0x00, 0x00, 0x00
	.byte 0x25, 0x00, 0x00, 0x00, 0x33, 0x00, 0x00, 0x00, 0x03, 0x00, 0x00, 0x00, 0x01, 0x00, 0x00, 0x00
	.byte 0x0C, 0x00, 0x00, 0x00, 0x58, 0x00, 0x00, 0x00, 0x33, 0x00, 0x00, 0x00, 0x03, 0x00, 0x00, 0x00
	.byte 0x02, 0x00, 0x00, 0x00, 0x0C, 0x00, 0x00, 0x00, 0x53, 0x00, 0x00, 0x00, 0x33, 0x00, 0x00, 0x00
	.byte 0x03, 0x00, 0x00, 0x00, 0x03, 0x00, 0x00, 0x00, 0x0C, 0x00, 0x00, 0x00, 0x4E, 0x00, 0x00, 0x00
	.byte 0x33, 0x00, 0x00, 0x00, 0x03, 0x00, 0x00, 0x00, 0x04, 0x00, 0x00, 0x00, 0x0C, 0x00, 0x00, 0x00
	.byte 0x49, 0x00, 0x00, 0x00, 0x33, 0x00, 0x00, 0x00, 0x03, 0x00, 0x00, 0x00, 0x05, 0x00, 0x00, 0x00
	.byte 0x0C, 0x00, 0x00, 0x00, 0x44, 0x00, 0x00, 0x00, 0x33, 0x00, 0x00, 0x00, 0x03, 0x00, 0x00, 0x00
	.byte 0x07, 0x00, 0x00, 0x00, 0x0C, 0x00, 0x00, 0x00, 0x3F, 0x00, 0x00, 0x00, 0x33, 0x00, 0x00, 0x00
	.byte 0x03, 0x00, 0x00, 0x00, 0x06, 0x00, 0x00, 0x00, 0x0C, 0x00, 0x00, 0x00, 0x3A, 0x00, 0x00, 0x00
	.byte 0x4C, 0x00, 0x00, 0x00, 0x23, 0x00, 0x00, 0x00, 0x32, 0x00, 0x00, 0x00, 0x03, 0x00, 0x00, 0x00
	.byte 0x01, 0x00, 0x00, 0x00, 0x08, 0x00, 0x00, 0x00, 0x46, 0xE2, 0xFF, 0xFF, 0x32, 0x00, 0x00, 0x00
	.byte 0x03, 0x00, 0x00, 0x00, 0x02, 0x00, 0x00, 0x00, 0x08, 0x00, 0x00, 0x00, 0x41, 0xE2, 0xFF, 0xFF
	.byte 0x32, 0x00, 0x00, 0x00, 0x03, 0x00, 0x00, 0x00, 0x03, 0x00, 0x00, 0x00, 0x08, 0x00, 0x00, 0x00
	.byte 0x3C, 0xE2, 0xFF, 0xFF, 0x32, 0x00, 0x00, 0x00, 0x03, 0x00, 0x00, 0x00, 0x04, 0x00, 0x00, 0x00
	.byte 0x08, 0x00, 0x00, 0x00, 0x37, 0xE2, 0xFF, 0xFF, 0x32, 0x00, 0x00, 0x00, 0x03, 0x00, 0x00, 0x00
	.byte 0x05, 0x00, 0x00, 0x00, 0x08, 0x00, 0x00, 0x00, 0x32, 0xE2, 0xFF, 0xFF, 0x32, 0x00, 0x00, 0x00
	.byte 0x03, 0x00, 0x00, 0x00, 0x07, 0x00, 0x00, 0x00, 0x08, 0x00, 0x00, 0x00, 0x2D, 0xE2, 0xFF, 0xFF
	.byte 0x32, 0x00, 0x00, 0x00, 0x03, 0x00, 0x00, 0x00, 0x06, 0x00, 0x00, 0x00, 0x08, 0x00, 0x00, 0x00
	.byte 0x28, 0xE2, 0xFF, 0xFF, 0x05, 0x00, 0x00, 0x00, 0x03, 0x00, 0x00, 0x00, 0x33, 0x00, 0x00, 0x00
	.byte 0x0E, 0x00, 0x00, 0x00, 0x06, 0x00, 0x00, 0x00, 0x03, 0x00, 0x00, 0x00, 0x5A, 0x00, 0x00, 0x00
	.byte 0x03, 0x00, 0x00, 0x00, 0x00, 0x00, 0x00, 0x00, 0x80, 0x00, 0x00, 0x00, 0x09, 0x00, 0x00, 0x00
	.byte 0x00, 0x00, 0x00, 0x00, 0x50, 0x00, 0x00, 0x00, 0x06, 0x00, 0x00, 0x00, 0x04, 0x00, 0x00, 0x00
	.byte 0x02, 0x00, 0x00, 0x00, 0x4C, 0x00, 0x00, 0x00, 0x02, 0x00, 0x00, 0x00, 0x04, 0x00, 0x00, 0x00
	.byte 0xFF, 0xFF, 0xFF, 0xFF, 0x4D, 0x00, 0x00, 0x00, 0x04, 0x00, 0x00, 0x00, 0xE2, 0xFF, 0xFF, 0xFF
	.byte 0x4D, 0x00, 0x00, 0x00, 0x51, 0x00, 0x00, 0x00, 0xEE, 0xFD, 0xFF, 0xFF, 0x06, 0x00, 0x00, 0x00
	.byte 0x01, 0x00, 0x00, 0x00, 0x46, 0x00, 0x00, 0x00, 0x0A, 0x00, 0x00, 0x00, 0x06, 0x00, 0x00, 0x00
	.byte 0x01, 0x00, 0x00, 0x00, 0x1E, 0x00, 0x00, 0x00, 0x0C, 0x00, 0x00, 0x00, 0x28, 0x00, 0x00, 0x00
	.byte 0x19, 0x00, 0x00, 0x00, 0x6F, 0x00, 0x00, 0x00, 0x0E, 0x00, 0x00, 0x00, 0x4C, 0x00, 0x00, 0x00
	.byte 0x11, 0x00, 0x00, 0x00, 0x28, 0x00, 0x00, 0x00, 0x19, 0x00, 0x00, 0x00, 0x2D, 0x00, 0x00, 0x00
	.byte 0x08, 0x00, 0x00, 0x00, 0x4C, 0x00, 0x00, 0x00, 0x0B, 0x00, 0x00, 0x00, 0x28, 0x00, 0x00, 0x00
	.byte 0x19, 0x00, 0x00, 0x00, 0x34, 0x00, 0x00, 0x00, 0x02, 0x00, 0x00, 0x00, 0x4C, 0x00, 0x00, 0x00
	.byte 0x05, 0x00, 0x00, 0x00, 0x00, 0x00, 0x00, 0x00, 0x32, 0x00, 0x00, 0x00, 0x02, 0x00, 0x00, 0x00
	.byte 0x04, 0x00, 0x00, 0x00, 0xFE, 0xFF, 0xFF, 0xFF, 0x06, 0x00, 0x00, 0x00, 0x00, 0x00, 0x00, 0x00
	.byte 0x46, 0x00, 0x00, 0x00, 0x0A, 0x00, 0x00, 0x00, 0x06, 0x00, 0x00, 0x00, 0x00, 0x00, 0x00, 0x00
	.byte 0x1E, 0x00, 0x00, 0x00, 0x0C, 0x00, 0x00, 0x00, 0x28, 0x00, 0x00, 0x00, 0x19, 0x00, 0x00, 0x00
	.byte 0xB0, 0x00, 0x00, 0x00, 0x0E, 0x00, 0x00, 0x00, 0x4C, 0x00, 0x00, 0x00, 0x11, 0x00, 0x00, 0x00
	.byte 0x28, 0x00, 0x00, 0x00, 0x19, 0x00, 0x00, 0x00, 0x7E, 0x00, 0x00, 0x00, 0x08, 0x00, 0x00, 0x00
	.byte 0x4C, 0x00, 0x00, 0x00, 0x0B, 0x00, 0x00, 0x00, 0x28, 0x00, 0x00, 0x00, 0x19, 0x00, 0x00, 0x00
	.byte 0x79, 0x00, 0x00, 0x00, 0x02, 0x00, 0x00, 0x00, 0x4C, 0x00, 0x00, 0x00, 0x05, 0x00, 0x00, 0x00
	.byte 0x00, 0x00, 0x00, 0x00, 0x32, 0x00, 0x00, 0x00, 0x02, 0x00, 0x00, 0x00, 0x04, 0x00, 0x00, 0x00
	.byte 0xFE, 0xFF, 0xFF, 0xFF, 0x4D, 0x00, 0x00, 0x00, 0x07, 0x00, 0x00, 0x00, 0x20, 0x00, 0x00, 0x00
	.byte 0x25, 0x00, 0x00, 0x00, 0x62, 0x00, 0x00, 0x00, 0x63, 0x00, 0x00, 0x00, 0x74, 0x00, 0x00, 0x00
	.byte 0x84, 0x00, 0x00, 0x00, 0xA8, 0x00, 0x00, 0x00, 0xC2, 0x00, 0x00, 0x00, 0xD6, 0x00, 0x00, 0x00
	.byte 0xDC, 0x00, 0x00, 0x00, 0x0E, 0x01, 0x00, 0x00, 0xFF, 0xFF, 0xFF, 0xFF, 0x07, 0x00, 0x00, 0x00
	.byte 0x0A, 0x00, 0x00, 0x00, 0x0B, 0x00, 0x00, 0x00, 0x0C, 0x00, 0x00, 0x00, 0x0D, 0x00, 0x00, 0x00
	.byte 0x0E, 0x00, 0x00, 0x00, 0x0F, 0x00, 0x00, 0x00, 0x10, 0x00, 0x00, 0x00, 0x12, 0x00, 0x00, 0x00
	.byte 0x13, 0x00, 0x00, 0x00, 0x14, 0x00, 0x00, 0x00, 0x15, 0x00, 0x00, 0x00, 0x16, 0x00, 0x00, 0x00
	.byte 0x17, 0x00, 0x00, 0x00, 0x18, 0x00, 0x00, 0x00, 0x1A, 0x00, 0x00, 0x00, 0x1E, 0x00, 0x00, 0x00
	.byte 0x23, 0x00, 0x00, 0x00, 0x2E, 0x00, 0x00, 0x00, 0x2F, 0x00, 0x00, 0x00, 0x32, 0x00, 0x00, 0x00
	.byte 0x33, 0x00, 0x00, 0x00, 0x34, 0x00, 0x00, 0x00, 0x35, 0x00, 0x00, 0x00, 0x36, 0x00, 0x00, 0x00
	.byte 0x37, 0x00, 0x00, 0x00, 0x38, 0x00, 0x00, 0x00, 0x3A, 0x00, 0x00, 0x00, 0x3B, 0x00, 0x00, 0x00
	.byte 0x3C, 0x00, 0x00, 0x00, 0x3D, 0x00, 0x00, 0x00, 0x3E, 0x00, 0x00, 0x00, 0x3F, 0x00, 0x00, 0x00
	.byte 0x40, 0x00, 0x00, 0x00, 0x5D, 0x00, 0x00, 0x00, 0x7C, 0x00, 0x00, 0x00, 0x8E, 0x00, 0x00, 0x00
	.byte 0xCD, 0x00, 0x00, 0x00, 0xCE, 0x00, 0x00, 0x00, 0xD0, 0x00, 0x00, 0x00, 0xD3, 0x00, 0x00, 0x00
	.byte 0xD4, 0x00, 0x00, 0x00, 0xF0, 0x00, 0x00, 0x00, 0xF3, 0x00, 0x00, 0x00, 0xF4, 0x00, 0x00, 0x00
	.byte 0x09, 0x01, 0x00, 0x00, 0xFF, 0xFF, 0xFF, 0xFF, 0x0A, 0x00, 0x00, 0x00, 0x0B, 0x00, 0x00, 0x00
	.byte 0x0C, 0x00, 0x00, 0x00, 0x0D, 0x00, 0x00, 0x00, 0x0E, 0x00, 0x00, 0x00, 0x0F, 0x00, 0x00, 0x00
	.byte 0x10, 0x00, 0x00, 0x00, 0x12, 0x00, 0x00, 0x00, 0x13, 0x00, 0x00, 0x00, 0x14, 0x00, 0x00, 0x00
	.byte 0x15, 0x00, 0x00, 0x00, 0x16, 0x00, 0x00, 0x00, 0x17, 0x00, 0x00, 0x00, 0x18, 0x00, 0x00, 0x00
	.byte 0x1A, 0x00, 0x00, 0x00, 0x1E, 0x00, 0x00, 0x00, 0x23, 0x00, 0x00, 0x00, 0x2E, 0x00, 0x00, 0x00
	.byte 0x2F, 0x00, 0x00, 0x00, 0x32, 0x00, 0x00, 0x00, 0x33, 0x00, 0x00, 0x00, 0x34, 0x00, 0x00, 0x00
	.byte 0x35, 0x00, 0x00, 0x00, 0x36, 0x00, 0x00, 0x00, 0x37, 0x00, 0x00, 0x00, 0x38, 0x00, 0x00, 0x00
	.byte 0x3A, 0x00, 0x00, 0x00, 0x3B, 0x00, 0x00, 0x00, 0x3C, 0x00, 0x00, 0x00, 0x3D, 0x00, 0x00, 0x00
	.byte 0x3E, 0x00, 0x00, 0x00, 0x3F, 0x00, 0x00, 0x00, 0x40, 0x00, 0x00, 0x00, 0x51, 0x00, 0x00, 0x00
	.byte 0x5D, 0x00, 0x00, 0x00, 0x5E, 0x00, 0x00, 0x00, 0x7C, 0x00, 0x00, 0x00, 0x8E, 0x00, 0x00, 0x00
	.byte 0x8F, 0x00, 0x00, 0x00, 0x90, 0x00, 0x00, 0x00, 0xBE, 0x00, 0x00, 0x00, 0xCD, 0x00, 0x00, 0x00
	.byte 0xCE, 0x00, 0x00, 0x00, 0xD0, 0x00, 0x00, 0x00, 0xD3, 0x00, 0x00, 0x00, 0xD4, 0x00, 0x00, 0x00
	.byte 0xC9, 0x00, 0x00, 0x00, 0xD2, 0x00, 0x00, 0x00, 0xE2, 0x00, 0x00, 0x00, 0xE3, 0x00, 0x00, 0x00
	.byte 0x09, 0x01, 0x00, 0x00, 0xFF, 0xFF, 0xFF, 0xFF, 0xFF, 0xFF, 0xFF, 0xFF, 0x0A, 0x00, 0x00, 0x00
	.byte 0x0B, 0x00, 0x00, 0x00, 0x0C, 0x00, 0x00, 0x00, 0x0D, 0x00, 0x00, 0x00, 0x0E, 0x00, 0x00, 0x00
	.byte 0x0F, 0x00, 0x00, 0x00, 0x10, 0x00, 0x00, 0x00, 0x12, 0x00, 0x00, 0x00, 0x13, 0x00, 0x00, 0x00
	.byte 0x14, 0x00, 0x00, 0x00, 0x15, 0x00, 0x00, 0x00, 0x16, 0x00, 0x00, 0x00, 0x17, 0x00, 0x00, 0x00
	.byte 0x18, 0x00, 0x00, 0x00, 0x2E, 0x00, 0x00, 0x00, 0x2F, 0x00, 0x00, 0x00, 0x32, 0x00, 0x00, 0x00
	.byte 0x33, 0x00, 0x00, 0x00, 0x34, 0x00, 0x00, 0x00, 0x35, 0x00, 0x00, 0x00, 0x36, 0x00, 0x00, 0x00
	.byte 0x37, 0x00, 0x00, 0x00, 0x38, 0x00, 0x00, 0x00, 0x3A, 0x00, 0x00, 0x00, 0x3B, 0x00, 0x00, 0x00
	.byte 0x3C, 0x00, 0x00, 0x00, 0x3D, 0x00, 0x00, 0x00, 0x3E, 0x00, 0x00, 0x00, 0x3F, 0x00, 0x00, 0x00
	.byte 0x40, 0x00, 0x00, 0x00, 0x42, 0x00, 0x00, 0x00, 0x5B, 0x00, 0x00, 0x00, 0x72, 0x00, 0x00, 0x00
	.byte 0x7C, 0x00, 0x00, 0x00, 0xCD, 0x00, 0x00, 0x00, 0xCE, 0x00, 0x00, 0x00, 0xD0, 0x00, 0x00, 0x00
	.byte 0xD3, 0x00, 0x00, 0x00, 0xD4, 0x00, 0x00, 0x00, 0xE2, 0x00, 0x00, 0x00, 0xED, 0x00, 0x00, 0x00
	.byte 0x09, 0x01, 0x00, 0x00, 0xFF, 0xFF, 0xFF, 0xFF, 0x01, 0x00, 0x00, 0x00, 0x07, 0x00, 0x00, 0x00
	.byte 0x0A, 0x00, 0x00, 0x00, 0x0B, 0x00, 0x00, 0x00, 0x0C, 0x00, 0x00, 0x00, 0x0D, 0x00, 0x00, 0x00
	.byte 0x0E, 0x00, 0x00, 0x00, 0x0F, 0x00, 0x00, 0x00, 0x10, 0x00, 0x00, 0x00, 0x12, 0x00, 0x00, 0x00
	.byte 0x13, 0x00, 0x00, 0x00, 0x14, 0x00, 0x00, 0x00, 0x15, 0x00, 0x00, 0x00, 0x16, 0x00, 0x00, 0x00
	.byte 0x17, 0x00, 0x00, 0x00, 0x18, 0x00, 0x00, 0x00, 0x1A, 0x00, 0x00, 0x00, 0x1E, 0x00, 0x00, 0x00
	.byte 0x21, 0x00, 0x00, 0x00, 0x23, 0x00, 0x00, 0x00, 0x26, 0x00, 0x00, 0x00, 0x28, 0x00, 0x00, 0x00
	.byte 0x28, 0x00, 0x00, 0x00, 0x2E, 0x00, 0x00, 0x00, 0x2F, 0x00, 0x00, 0x00, 0x31, 0x00, 0x00, 0x00
	.byte 0x32, 0x00, 0x00, 0x00, 0x33, 0x00, 0x00, 0x00, 0x34, 0x00, 0x00, 0x00, 0x35, 0x00, 0x00, 0x00
	.byte 0x36, 0x00, 0x00, 0x00, 0x37, 0x00, 0x00, 0x00, 0x38, 0x00, 0x00, 0x00, 0x3A, 0x00, 0x00, 0x00
	.byte 0x3B, 0x00, 0x00, 0x00, 0x3C, 0x00, 0x00, 0x00, 0x3D, 0x00, 0x00, 0x00, 0x3E, 0x00, 0x00, 0x00
	.byte 0x3F, 0x00, 0x00, 0x00, 0x40, 0x00, 0x00, 0x00, 0x42, 0x00, 0x00, 0x00, 0x43, 0x00, 0x00, 0x00
	.byte 0x5B, 0x00, 0x00, 0x00, 0x5D, 0x00, 0x00, 0x00, 0x5E, 0x00, 0x00, 0x00, 0x64, 0x00, 0x00, 0x00
	.byte 0x72, 0x00, 0x00, 0x00, 0x76, 0x00, 0x00, 0x00, 0x77, 0x00, 0x00, 0x00, 0x78, 0x00, 0x00, 0x00
	.byte 0x7C, 0x00, 0x00, 0x00, 0x8F, 0x00, 0x00, 0x00, 0x90, 0x00, 0x00, 0x00, 0xA7, 0x00, 0x00, 0x00
	.byte 0xCD, 0x00, 0x00, 0x00, 0xCE, 0x00, 0x00, 0x00, 0xD0, 0x00, 0x00, 0x00, 0xD3, 0x00, 0x00, 0x00
	.byte 0xD4, 0x00, 0x00, 0x00, 0xE2, 0x00, 0x00, 0x00, 0xED, 0x00, 0x00, 0x00, 0x09, 0x01, 0x00, 0x00
	.byte 0xFF, 0xFF, 0xFF, 0xFF, 0x51, 0x00, 0x00, 0x00, 0x86, 0x00, 0x00, 0x00, 0x1D, 0x00, 0x00, 0x00
	.byte 0x14, 0x00, 0x00, 0x00, 0x00, 0x00, 0x00, 0x00, 0x2B, 0x00, 0x00, 0x00, 0x2F, 0x00, 0x00, 0x00
	.byte 0x89, 0x00, 0x00, 0x00, 0x09, 0x00, 0x00, 0x00, 0x2F, 0x00, 0x00, 0x00, 0x88, 0x00, 0x00, 0x00
	.byte 0x0C, 0x00, 0x00, 0x00, 0x2F, 0x00, 0x00, 0x00, 0x73, 0x00, 0x00, 0x00, 0x0F, 0x00, 0x00, 0x00
	.byte 0x2F, 0x00, 0x00, 0x00, 0xA4, 0x00, 0x00, 0x00, 0x12, 0x00, 0x00, 0x00, 0x2E, 0x00, 0x00, 0x00
	.byte 0x13, 0x00, 0x00, 0x00, 0x01, 0x00, 0x00, 0x00, 0x1B, 0x00, 0x00, 0x00, 0x4C, 0x00, 0x00, 0x00
	.byte 0x12, 0x00, 0x00, 0x00, 0x2E, 0x00, 0x00, 0x00, 0x13, 0x00, 0x00, 0x00, 0x02, 0x00, 0x00, 0x00
	.byte 0x15, 0x00, 0x00, 0x00, 0x4C, 0x00, 0x00, 0x00, 0x0C, 0x00, 0x00, 0x00, 0x2E, 0x00, 0x00, 0x00
	.byte 0x13, 0x00, 0x00, 0x00, 0x03, 0x00, 0x00, 0x00, 0x0F, 0x00, 0x00, 0x00, 0x4C, 0x00, 0x00, 0x00
	.byte 0x06, 0x00, 0x00, 0x00, 0x2E, 0x00, 0x00, 0x00, 0x13, 0x00, 0x00, 0x00, 0x04, 0x00, 0x00, 0x00
	.byte 0x09, 0x00, 0x00, 0x00, 0x4C, 0x00, 0x00, 0x00, 0x00, 0x00, 0x00, 0x00, 0x43, 0x00, 0x00, 0x00
	.byte 0x01, 0x00, 0x00, 0x00, 0x13, 0x00, 0x00, 0x00, 0x00, 0x00, 0x00, 0x00, 0x02, 0x00, 0x00, 0x00
	.byte 0x04, 0x00, 0x00, 0x00, 0x05, 0x00, 0x00, 0x00, 0x4D, 0x00, 0x00, 0x00, 0x51, 0x00, 0x00, 0x00
	.byte 0x54, 0x00, 0x00, 0x00, 0x28, 0x00, 0x00, 0x00, 0x1A, 0x00, 0x00, 0x00, 0x06, 0x00, 0x00, 0x00
	.byte 0x05, 0x00, 0x00, 0x00, 0x00, 0x00, 0x00, 0x00, 0x80, 0x00, 0x00, 0x00, 0x02, 0x00, 0x00, 0x00
	.byte 0x04, 0x00, 0x00, 0x00, 0x02, 0x00, 0x00, 0x00, 0x4D, 0x00, 0x00, 0x00, 0x01, 0x00, 0x00, 0x00
	.byte 0x12, 0x00, 0x00, 0x00, 0x13, 0x00, 0x00, 0x00, 0x17, 0x00, 0x00, 0x00, 0x18, 0x00, 0x00, 0x00
	.byte 0x31, 0x00, 0x00, 0x00, 0x3A, 0x00, 0x00, 0x00, 0x3B, 0x00, 0x00, 0x00, 0x3C, 0x00, 0x00, 0x00
	.byte 0x3E, 0x00, 0x00, 0x00, 0x42, 0x00, 0x00, 0x00, 0x43, 0x00, 0x00, 0x00, 0x54, 0x00, 0x00, 0x00
	.byte 0x5A, 0x00, 0x00, 0x00, 0x64, 0x00, 0x00, 0x00, 0x70, 0x00, 0x00, 0x00, 0x76, 0x00, 0x00, 0x00
	.byte 0x78, 0x00, 0x00, 0x00, 0xA5, 0x00, 0x00, 0x00, 0xA6, 0x00, 0x00, 0x00, 0xA7, 0x00, 0x00, 0x00
	.byte 0xAD, 0x00, 0x00, 0x00, 0xBB, 0x00, 0x00, 0x00, 0xBC, 0x00, 0x00, 0x00, 0xC0, 0x00, 0x00, 0x00
	.byte 0xC5, 0x00, 0x00, 0x00, 0xC7, 0x00, 0x00, 0x00, 0xCD, 0x00, 0x00, 0x00, 0xD5, 0x00, 0x00, 0x00
	.byte 0xE8, 0x00, 0x00, 0x00, 0xEA, 0x00, 0x00, 0x00, 0xF9, 0x00, 0x00, 0x00, 0x02, 0x01, 0x00, 0x00
	.byte 0x09, 0x01, 0x00, 0x00, 0xFF, 0xFF, 0xFF, 0xFF, 0x0B, 0x00, 0x00, 0x00, 0x01, 0x00, 0x00, 0x00
	.byte 0x00, 0xE0, 0x00, 0x00, 0x14, 0x00, 0x00, 0x00, 0x0B, 0x00, 0x00, 0x00, 0x01, 0x00, 0x00, 0x00
	.byte 0x00, 0x00, 0x00, 0x04, 0x10, 0x00, 0x00, 0x00, 0x6C, 0x00, 0x00, 0x00, 0x00, 0x00, 0x00, 0x00
	.byte 0x13, 0x00, 0x00, 0x00, 0x17, 0x00, 0x00, 0x00, 0x0B, 0x00, 0x00, 0x00, 0x6C, 0x00, 0x00, 0x00
	.byte 0x01, 0x00, 0x00, 0x00, 0x13, 0x00, 0x00, 0x00, 0x1A, 0x00, 0x00, 0x00, 0x05, 0x00, 0x00, 0x00
	.byte 0x6C, 0x00, 0x00, 0x00, 0x00, 0x00, 0x00, 0x00, 0x13, 0x00, 0x00, 0x00, 0x47, 0x00, 0x00, 0x00
	.byte 0x01, 0x00, 0x00, 0x00, 0x3D, 0x00, 0x00, 0x00, 0x4D, 0x00, 0x00, 0x00, 0x3E, 0x00, 0x00, 0x00
	.byte 0x01, 0x00, 0x00, 0x00, 0x3F, 0x00, 0x00, 0x00, 0x3D, 0x00, 0x00, 0x00, 0x07, 0x00, 0x00, 0x00
	.byte 0x00, 0x00, 0x00, 0x00, 0x14, 0x00, 0x00, 0x00, 0x05, 0x00, 0x00, 0x00, 0x05, 0x00, 0x00, 0x00
	.byte 0x00, 0x00, 0x00, 0x00, 0x14, 0x00, 0x00, 0x00, 0x01, 0x00, 0x00, 0x00, 0x4D, 0x00, 0x00, 0x00
	.byte 0x3D, 0x00, 0x00, 0x00, 0x4D, 0x00, 0x00, 0x00

ov10_0222B068: ; 0x0222B068
	.byte 0x64, 0x00

ov10_0222B06A: ; 0x0222B06A
	.byte 0x14, 0x00, 0xFA, 0x00, 0x28, 0x00
	.byte 0xF4, 0x01, 0x3C, 0x00, 0xE8, 0x03, 0x50, 0x00, 0xD0, 0x07, 0x64, 0x00, 0xFF, 0xFF, 0xFF, 0xFF

