manifest	line	declaration	enabled	region	source_symbol	address	payload	conditions	resolved_address	newgold_definition	original_function	target_file	target_line	original_state	target_section	target_start	mapping	category	current_port_state	dependency	validation	map_line	notes
hooks	8	0012 LoadMegaOam 0226715C 1	True	0012	LoadMegaOam	0x0226715C	1		0x0226715C	asm/battle/battle_hooks.s:41	BattleInput_CreateMainMenuObjects	src/battle/battle_input.c	1875	C	OVY_12	0x02266F84	SYMBOL RANGE	executable logic	MAPPED	Feature-level semantic/dependency analysis required	NOT RUN	85175	-
hooks	9	0012 MegaButtonCheck 02267F04 2	True	0012	MegaButtonCheck	0x02267F04	2		0x02267F04	asm/battle/battle_hooks.s:69	BattleInput_TouchCallback_FightMenu	src/battle/battle_input.c	2366	C	OVY_12	0x02267EF0	SYMBOL RANGE	executable logic	MAPPED	Feature-level semantic/dependency analysis required	NOT RUN	85217	-
hooks	10	0012 load_mega_button 0802FBFC 1	True	0012	load_mega_button	0x0802FBFC	1		0x022674BC	asm/battle/battle_hooks.s:55	BattleInput_CreateFightMenuObjects	src/battle/battle_input.c	2042	C	OVY_12	0x0226748C	SYMBOL RANGE	executable logic	MAPPED	Feature-level semantic/dependency analysis required	NOT RUN	85190	-
hooks	11	0012 Sub_PokeIconResourceLoad 080308D4 1	True	0012	Sub_PokeIconResourceLoad	0x080308D4	1		0x02268194	src/battle/battle_input.c:169	BattleInput_LoadPokemonIconResources	src/battle/battle_input.c	2531	C	OVY_12	0x02268194	SYMBOL RANGE	executable logic	MAPPED	Feature-level semantic/dependency analysis required	NOT RUN	85229	-
hooks	12	0012 Sub_PokeIconResourceFree 08030954 1	True	0012	Sub_PokeIconResourceFree	0x08030954	1		0x02268214	src/battle/battle_input.c:228	BattleInput_FreePokemonIconResources	src/battle/battle_input.c	2545	C	OVY_12	0x02268214	SYMBOL RANGE	executable logic	MAPPED	Feature-level semantic/dependency analysis required	NOT RUN	85232	-
hooks	13	0012 ServerBeforeAct 08011A4C 2	True	0012	ServerBeforeAct	0x08011A4C	2		0x0224930C	src/battle/battle_start.c:82	BattleControllerPlayer_BeforeTurn	src/battle/battle_controller_player.c	724	C	OVY_12	0x0224930C	SYMBOL RANGE	executable logic	MAPPED	Feature-level semantic/dependency analysis required	NOT RUN	81341	-
hooks	14	0012 ServerWazaBefore 08014ACC 2	True	0012	ServerWazaBefore	0x08014ACC	2		0x0224C38C	src/battle/battle_start.c:137	ov12_0224C38C	src/battle/battle_controller_player.c	2647	C	OVY_12	0x0224C38C	SYMBOL RANGE	executable logic	MAPPED	Feature-level semantic/dependency analysis required	NOT RUN	81426	-
hooks	16	0012 set_proper_mega_status 0802E8C4 0	True	0012	set_proper_mega_status	0x0802E8C4	0		0x02266184	asm/battle/battle_hooks.s:127	BattleInput_NewInit	src/battle/battle_input.c	1286	C	OVY_12	0x022660D0	SYMBOL RANGE	executable logic	MAPPED	Feature-level semantic/dependency analysis required	NOT RUN	85119	-
hooks	18	0012 shift_cancel_over 0802FD6C 0	True	0012	shift_cancel_over	0x0802FD6C	0		0x0226762C	asm/battle/battle_hooks.s:155	BattleInput_CreateFightMenuObjects	src/battle/battle_input.c	2042	C	OVY_12	0x0226748C	SYMBOL RANGE	executable logic	MAPPED	Feature-level semantic/dependency analysis required	NOT RUN	85190	-
hooks	20	0012 ServerHPCalc 08014DD0 2	True	0012	ServerHPCalc	0x08014DD0	2		0x0224C690	src/battle/other_battle_calculators.c:1793;src/individual/ServerHPCalc.c:23	BattleControllerPlayer_HpCalc	src/battle/battle_controller_player.c	2802	C	OVY_12	0x0224C690	SYMBOL RANGE	executable logic	MAPPED	Feature-level semantic/dependency analysis required	NOT RUN	81439	-
hooks	22	arm9 PokePicLoad 080701EC 1	True	arm9	PokePicLoad	0x080701EC	1		0x020701EC	asm/other_hook.s:7	GetMonSpriteCharAndPlttNarcIdsEx	src/pokemon.c	2186	C	main	0x020701E4	SYMBOL RANGE	executable logic	MAPPED	Feature-level semantic/dependency analysis required	NOT RUN	36708	-
hooks	23	arm9 PokeOtherFormMonsNoGet 08072634 2	True	arm9	PokeOtherFormMonsNoGet	0x08072634	2		0x02072634	src/pokemon.c:89	ResolveMonForm	src/pokemon.c	3992	C	main	0x02072634	SYMBOL RANGE	executable logic	MAPPED	Feature-level semantic/dependency analysis required	NOT RUN	36929	-
hooks	24	arm9 PokeIconIndexGetByMonsNumber 080741BC 3	True	arm9	PokeIconIndexGetByMonsNumber	0x080741BC	3		0x020741BC	src/pokemon.c:199	GetMonIconNaixEx	src/pokemon_icon_idx.c	31	C	main	0x020741BC	SYMBOL RANGE	executable logic	MAPPED	Feature-level semantic/dependency analysis required	NOT RUN	37107	-
hooks	25	arm9 PokeIconCgxPatternGet 080742CC 1	True	arm9	PokeIconCgxPatternGet	0x080742CC	1		0x020742CC	src/pokemon.c:268	BoxMonGetForm	src/pokemon_icon_idx.c	85	C	main	0x020742CC	SYMBOL RANGE	executable logic	MAPPED	Feature-level semantic/dependency analysis required	NOT RUN	37113	-
hooks	26	arm9 IconPalGet 08074364 2	True	arm9	IconPalGet	0x08074364	2		0x02074364	asm/other_hook.s:35	GetMonIconPaletteEx	src/pokemon_icon_idx.c	650	C	main	0x02074364	SYMBOL RANGE	executable logic	MAPPED	Feature-level semantic/dependency analysis required	NOT RUN	37116	-
hooks	27	arm9 ItemDataTableLoad 08078138 1	True	arm9	ItemDataTableLoad	0x08078138	1		0x02078138	src/item.c:490	LoadAllItemData	src/item.c	1036	C	main	0x02078138	SYMBOL RANGE	executable logic	MAPPED	Feature-level semantic/dependency analysis required	NOT RUN	38146	-
hooks	28	arm9 CreateBoxMonData 0206DED0	True	arm9	CreateBoxMonData	0x0206DED0			0x0206DED0	src/pokemon.c:1355	CreateBoxMon	src/pokemon.c	188	C	main	0x0206DED0	SYMBOL RANGE	executable logic	MAPPED	Feature-level semantic/dependency analysis required	NOT RUN	36584	-
hooks	29	arm9 LoadEggMoves 0806C488 2	True	arm9	LoadEggMoves	0x0806C488	2		0x0206C488	src/pokemon.c:1055	LoadEggMoves	src/get_egg.c	358	C	main	0x0206C488	SYMBOL RANGE	executable logic	MAPPED	Feature-level semantic/dependency analysis required	NOT RUN	36457	-
hooks	30	arm9 InheritMoves 0206C510 3	True	arm9	InheritMoves	0x0206C510	3		0x0206C510	src/pokemon.c:1068	InheritMoves	src/get_egg.c	391	C	main	0x0206C510	SYMBOL RANGE	executable logic	MAPPED	Feature-level semantic/dependency analysis required	NOT RUN	36460	-
hooks	31	arm9 GetMonEvolution 02070E34	True	arm9	GetMonEvolution	0x02070E34			0x02070E34	src/pokemon.c:1132;src/pokemon.c:1162	GetMonEvolution	src/pokemon.c	2782	C	main	0x02070E34	SYMBOL RANGE	executable logic	MAPPED	Feature-level semantic/dependency analysis required	NOT RUN	36753	-
hooks	32	0007 hook_7_spriteOffsetSpecies 08018A48 3	True	0007	hook_7_spriteOffsetSpecies	0x08018A48	3		0x02234868	asm/other_hook.s:115	ov07_0223476C	asm/overlay_07.s	50840	ASM	OVY_7	0x0223476C	SYMBOL RANGE	executable logic	MAPPED	Feature-level semantic/dependency analysis required	NOT RUN	75561	-
hooks	33	0007 ov07_0221FB7C 0221FB7C 2	True	0007	ov07_0221FB7C	0x0221FB7C	2		0x0221FB7C	src/battle/battle_input.c:916	ov07_0221FB7C	asm/overlay_07.s	8474	ASM	OVY_7	0x0221FB7C	SYMBOL RANGE	executable logic	MAPPED	Feature-level semantic/dependency analysis required	NOT RUN	69456	-
hooks	34	0012 hook_12_spriteOffsetSpecies 08022154 2	True	0012	hook_12_spriteOffsetSpecies	0x08022154	2		0x02259A14	asm/other_hook.s:137	ov12_02259968	asm/overlay_12_battle_controller_opponent.s	2336	ASM	OVY_12	0x02259968	SYMBOL RANGE	executable logic	MAPPED	Feature-level semantic/dependency analysis required	NOT RUN	82345	-
hooks	35	0012 hook_12_spriteOffsetSpecies_escapeFromBall 02259DBC 2	True	0012	hook_12_spriteOffsetSpecies_escapeFromBall	0x02259DBC	2		0x02259DBC	asm/other_hook.s:158	ov12_02259D48	asm/overlay_12_battle_controller_opponent.s	2806	ASM	OVY_12	0x02259D48	SYMBOL RANGE	executable logic	MAPPED	Feature-level semantic/dependency analysis required	NOT RUN	82392	-
hooks	36	0012 fix_double_spriteOffsetSpecies 02259C0C 2	True	0012	fix_double_spriteOffsetSpecies	0x02259C0C	2		0x02259C0C	asm/other_hook.s:179	ov12_02259BA8	asm/overlay_12_battle_controller_opponent.s	2606	ASM	OVY_12	0x02259BA8	SYMBOL RANGE	executable logic	MAPPED	Feature-level semantic/dependency analysis required	NOT RUN	82373	-
hooks	37	0012 Battle_End 08000B90 1	True	0012	Battle_End	0x08000B90	1		0x02238450	asm/battle/battle_hooks.s:26	ov12_0223843C	asm/overlay_12_022378C0.s	817	ASM	OVY_12	0x0223843C	SYMBOL RANGE	executable logic	MAPPED	Feature-level semantic/dependency analysis required	NOT RUN	79632	-
hooks	38	0012 TryRevertFormChange_hook 080069AC 2	True	0012	TryRevertFormChange_hook	0x080069AC	2		0x0223E26C	asm/battle/battle_hooks.s:10	BtlCmd_TryFaintMon	src/battle/battle_command.c	978	C	OVY_12	0x0223E22C	SYMBOL RANGE	executable logic	MAPPED	Feature-level semantic/dependency analysis required	NOT RUN	80699	-
hooks	39	0012 CheckCanTakeItem 02241334 0	True	0012	CheckCanTakeItem	0x02241334	0		0x02241334	asm/battle/battle_hooks.s:96	BtlCmd_TryStealItem	src/battle/battle_command.c	3088	C	OVY_12	0x02241290	SYMBOL RANGE	executable logic	MAPPED	Feature-level semantic/dependency analysis required	NOT RUN	80885	-
hooks	42	arm9 GetItemIndex 08077C18 2	True	arm9	GetItemIndex	0x08077C18	2		0x02077C18	src/item.c:414	GetItemIndexMapping	src/item.c	706	C	main	0x02077C18	SYMBOL RANGE	executable logic	MAPPED	Feature-level semantic/dependency analysis required	NOT RUN	38098	-
hooks	43	arm9 GetItemNarcData 08077CE8 3	True	arm9	GetItemNarcData	0x08077CE8	3		0x02077CE8	src/item.c:459	LoadItemDataOrGfx	src/item.c	759	C	main	0x02077CE8	SYMBOL RANGE	executable logic	MAPPED	Feature-level semantic/dependency analysis required	NOT RUN	38108	-
hooks	46	arm9 GetPokemonOwNum 0206A304 1	True	arm9	GetPokemonOwNum	0x0206A304	1		0x0206A304	src/pokemon.c:376	SpeciesToOverworldModelIndexOffset	src/follow_mon.c	1997	C	main	0x0206A304	SYMBOL RANGE	executable logic	MAPPED	Feature-level semantic/dependency analysis required	NOT RUN	36293	-
hooks	47	arm9 GetMonIconPalette 02074364 3	True	arm9	GetMonIconPalette	0x02074364	3		0x02074364	src/pokemon.c:363	GetMonIconPaletteEx	src/pokemon_icon_idx.c	650	C	main	0x02074364	SYMBOL RANGE	executable logic	MAPPED	Feature-level semantic/dependency analysis required	NOT RUN	37116	-
hooks	48	arm9 sub_02097F6C 02097F6C 3	True	arm9	sub_02097F6C	0x02097F6C	3		0x02097F6C	src/swarms.c:36	sub_02097F6C	src/unk_02097F6C.c	39	C	main	0x02097F6C	SYMBOL RANGE	executable logic	MAPPED	Feature-level semantic/dependency analysis required	NOT RUN	43951	-
hooks	49	arm9 GetSwarmInfoFromRand 02097F9C 3	True	arm9	GetSwarmInfoFromRand	0x02097F9C	3		0x02097F9C	src/swarms.c:49	GetSwarmInfoFromRand	src/unk_02097F6C.c	49	C	main	0x02097F9C	SYMBOL RANGE	executable logic	MAPPED	Feature-level semantic/dependency analysis required	NOT RUN	43954	-
hooks	52	arm9 GetBoxMonData_EditedCases_hook 0206E6E0 3	True	arm9	GetBoxMonData_EditedCases_hook	0x0206E6E0	3		0x0206E6E0	asm/other_hook.s:706	GetBoxMonDataInternal	src/pokemon.c	481	C	main	0x0206E6A0	SYMBOL RANGE	executable logic	MAPPED	Feature-level semantic/dependency analysis required	NOT RUN	36605	-
hooks	53	arm9 SetBoxMonData_EditedCases_hook 0206EE28 0	True	arm9	SetBoxMonData_EditedCases_hook	0x0206EE28	0		0x0206EE28	asm/other_hook.s:744	SetBoxMonDataInternal	src/pokemon.c	972	C	main	0x0206EDE8	SYMBOL RANGE	executable logic	MAPPED	Feature-level semantic/dependency analysis required	NOT RUN	36615	-
hooks	54	arm9 AddBoxMonData_EditedCases_hook 0206F67C 0	True	arm9	AddBoxMonData_EditedCases_hook	0x0206F67C	0		0x0206F67C	asm/other_hook.s:771	AddBoxMonDataInternal	src/pokemon.c	1402	C	main	0x0206F640	SYMBOL RANGE	executable logic	MAPPED	Feature-level semantic/dependency analysis required	NOT RUN	36624	-
hooks	58	0002 get_form_out_of_encounter_species_rare 02247910 4	True	0002	get_form_out_of_encounter_species_rare	0x02247910	4		0x02247910	asm/other_hook.s:51	generateWildShinyAndAddToParty	src/field/encounter_check.c	766	C	OVY_2	0x02247910	SYMBOL RANGE	executable logic	MAPPED	Feature-level semantic/dependency analysis required	NOT RUN	63958	-
hooks	60	0002 modify_species_encounter_data_rare 02247A00 1	True	0002	modify_species_encounter_data_rare	0x02247A00	1		0x02247A00	asm/other_hook.s:81	generateWildShinyAndAddToParty	src/field/encounter_check.c	766	C	OVY_2	0x02247910	SYMBOL RANGE	executable logic	MAPPED	Feature-level semantic/dependency analysis required	NOT RUN	63958	-
hooks	62	0002 get_form_out_of_encounter_species 02247A1C 4	True	0002	get_form_out_of_encounter_species	0x02247A1C	4		0x02247A1C	asm/other_hook.s:206	generateWildNonShinyAndAddToParty	src/field/encounter_check.c	822	C	OVY_2	0x02247A18	SYMBOL RANGE	executable logic	MAPPED	Feature-level semantic/dependency analysis required	NOT RUN	63960	-
hooks	64	0002 modify_species_encounter_data 02247B42 3	True	0002	modify_species_encounter_data	0x02247B42	3		0x02247B42	asm/other_hook.s:238	generateWildNonShinyAndAddToParty	src/field/encounter_check.c	822	C	OVY_2	0x02247A18	SYMBOL RANGE	executable logic	MAPPED	Feature-level semantic/dependency analysis required	NOT RUN	63960	-
hooks	66	arm9 set_starter_hidden_ability_hook 02096158 5	True	arm9	set_starter_hidden_ability_hook	0x02096158	5		0x02096158	asm/general_hooks.s:6	CreateStarter	src/choose_starter.c	28	C	main	0x0209602C	SYMBOL RANGE	executable logic	MAPPED	Feature-level semantic/dependency analysis required	NOT RUN	43376	-
hooks	67	arm9 CreateStarter_SetStarterSpecies_hook 02096094 3	True	arm9	CreateStarter_SetStarterSpecies_hook	0x02096094	3		0x02096094	asm/other_hook.s:852	CreateStarter	src/choose_starter.c	28	C	main	0x0209602C	SYMBOL RANGE	executable logic	MAPPED	Feature-level semantic/dependency analysis required	NOT RUN	43376	-
hooks	68	arm9 CreateStarterMon_hook 020960E6 1	True	arm9	CreateStarterMon_hook	0x020960E6	1		0x020960E6	asm/other_hook.s:871	CreateStarter	src/choose_starter.c	28	C	main	0x0209602C	SYMBOL RANGE	executable logic	MAPPED	Feature-level semantic/dependency analysis required	NOT RUN	43376	-
hooks	69	0061 CreateMonSprites_hook 021E7098 3	True	0061	CreateMonSprites_hook	0x021E7098	3		0x021E7098	asm/other_hook.s:887	createMonSprites	src/choose_starter_app.c	1166	C	OVY_61	0x021E6FC4	SYMBOL RANGE	executable logic	MAPPED	Feature-level semantic/dependency analysis required	NOT RUN	136344	-
hooks	72	0012 CalcBaseDamage 02256FF8	True	0012	CalcBaseDamage	0x02256FF8			0x02256FF8	src/battle/battle_calc_damage.c:24;src/individual/CalcBaseDamage.c:18	CalcMoveDamage	src/battle/overlay_12_0224E4FC.c	5537	C	OVY_12	0x02256FF8	SYMBOL RANGE	executable logic	MAPPED	Feature-level semantic/dependency analysis required	NOT RUN	81853	-
hooks	73	0012 CalcDamageOverall 0223DCE0 2	True	0012	CalcDamageOverall	0x0223DCE0	2		0x0223DCE0	src/battle/battle_calc_damage.c:227	DamageCalcDefault	src/battle/battle_command.c	747	C	OVY_12	0x0223DCE0	SYMBOL RANGE	executable logic	MAPPED	Feature-level semantic/dependency analysis required	NOT RUN	80663	-
hooks	74	0012 AdjustDamageForRoll 02257C30 3	True	0012	AdjustDamageForRoll	0x02257C30	3		0x02257C30	src/battle/battle_calc_damage.c:994	ApplyDamageRange	src/battle/overlay_12_0224E4FC.c	5949	C	OVY_12	0x02257C30	SYMBOL RANGE	executable logic	MAPPED	Feature-level semantic/dependency analysis required	NOT RUN	81860	-
hooks	76	0012 MoveCheckDamageNegatingAbilities 0801B608 3	True	0012	MoveCheckDamageNegatingAbilities	0x0801B608	3		0x02252EC8	src/battle/ability.c:41	BattleContext_CheckMoveImmunityFromAbility	src/battle/overlay_12_0224E4FC.c	3017	C	OVY_12	0x02252EC8	SYMBOL RANGE	executable logic	MAPPED	Feature-level semantic/dependency analysis required	NOT RUN	81729	-
hooks	78	0012 SwitchInAbilityCheck 0801B8D4 2	True	0012	SwitchInAbilityCheck	0x0801B8D4	2		0x02253194	src/battle/ability.c:216;src/individual/SwitchInAbilityCheck.c:32	TryAbilityOnEntry	src/battle/overlay_12_0224E4FC.c	3132	C	OVY_12	0x02253194	SYMBOL RANGE	executable logic	MAPPED	Feature-level semantic/dependency analysis required	NOT RUN	81736	-
hooks	83	0012 MoveHitDefenderAbilityCheck 0801C544 3	True	0012	MoveHitDefenderAbilityCheck	0x0801C544	3		0x02253E04	src/battle/ability.c:510;src/battle/ability.c:866;src/battle/ability.c:956;src/individual/ServerDoPostMoveEffects.c:2348	CheckAbilityEffectOnHit	src/battle/overlay_12_0224E4FC.c	3577	C	OVY_12	0x02253E04	SYMBOL RANGE	executable logic	MAPPED	Feature-level semantic/dependency analysis required	NOT RUN	81749	-
hooks	84	0012 CalcAccuracy 0224BCC4	True	0012	CalcAccuracy	0x0224BCC4			0x0224BCC4	src/battle/other_battle_calculators.c:806	BattleSystem_CheckMoveHit	src/battle/battle_controller_player.c	2415	C	OVY_12	0x0224BCC4	SYMBOL RANGE	executable logic	MAPPED	Feature-level semantic/dependency analysis required	NOT RUN	81415	-
hooks	85	0012 CalcSpeed 0224FC48	True	0012	CalcSpeed	0x0224FC48			0x0224FC48	src/battle/other_battle_calculators.c:1083;src/battle/other_battle_calculators.c:1605;src/battle/other_battle_calculators.c:1622;src/individual/CalcBaseDamage.c:723	CheckSortSpeed	src/battle/overlay_12_0224E4FC.c	963	C	OVY_12	0x0224FC48	SYMBOL RANGE	executable logic	MAPPED	Feature-level semantic/dependency analysis required	NOT RUN	81569	-
hooks	86	0012 CalcCritical 02257C5C	True	0012	CalcCritical	0x02257C5C			0x02257C5C	src/battle/other_battle_calculators.c:1728	TryCriticalHit	src/battle/overlay_12_0224E4FC.c	5964	C	OVY_12	0x02257C5C	SYMBOL RANGE	executable logic	MAPPED	Feature-level semantic/dependency analysis required	NOT RUN	81863	-
hooks	88	0012 GetBattleMonItem 0801DD2C 2	True	0012	GetBattleMonItem	0x0801DD2C	2		0x022555EC	src/battle/battle_calc_damage.c:199;src/battle/battle_script_commands.c:1909;src/battle/other_battle_calculators.c:2917;src/individual/SwitchInAbilityCheck.c:909	GetBattlerHeldItem	src/battle/overlay_12_0224E4FC.c	4505	C	OVY_12	0x022555EC	SYMBOL RANGE	executable logic	MAPPED	Feature-level semantic/dependency analysis required	NOT RUN	81780	-
hooks	89	0012 MoldBreakerAbilityCheck 02252834	True	0012	MoldBreakerAbilityCheck	0x02252834			0x02252834	src/battle/ability.c:58;src/battle/ability.c:66;src/battle/ability.c:76;src/battle/ability.c:85;src/battle/ability.c:95;src/battle/ability.c:103;src/battle/ability.c:110;src/battle/ability.c:120;src/battle/ability.c:127;src/battle/ability.c:139;src/battle/ability.c:146;src/battle/ability.c:153;src/battle/ability.c:163;src/battle/ability.c:174;src/battle/ability.c:184;src/battle/ability.c:197;src/battle/ability.c:573;src/battle/battle_calc_damage.c:702;src/battle/battle_calc_damage.c:728;src/battle/battle_calc_damage.c:751;src/battle/battle_calc_damage.c:763;src/battle/battle_calc_damage.c:775;src/battle/battle_calc_damage.c:788;src/battle/battle_script_commands.c:1634;src/battle/battle_script_commands.c:1859;src/battle/battle_script_commands.c:1902;src/battle/battle_script_commands.c:1970;src/battle/battle_script_commands.c:4029;src/battle/battle_script_commands.c:4129;src/battle/battle_script_commands.c:5661;src/battle/other_battle_calculators.c:857;src/battle/other_battle_calculators.c:893;src/battle/other_battle_calculators.c:912;src/battle/other_battle_calculators.c:920;src/battle/other_battle_calculators.c:1003;src/battle/other_battle_calculators.c:1009;src/battle/other_battle_calculators.c:1770;src/battle/other_battle_calculators.c:2201;src/individual/BattleController_BeforeMove.c:2829;src/individual/BattleController_BeforeMove.c:2891;src/individual/BattleController_BeforeMove.c:2943;src/individual/BattleController_BeforeMove.c:2980;src/individual/BattleController_BeforeMove.c:3356;src/individual/BattleController_BeforeMove.c:3376;src/individual/BattleController_BeforeMove.c:3457;src/individual/BattleController_BeforeMove.c:3497;src/individual/BattleController_BeforeMove.c:3582;src/individual/BattleController_BeforeMove.c:3609;src/individual/BattleController_BeforeMove.c:3616;src/individual/BattleController_BeforeMove.c:3621;src/individual/BattleController_BeforeMove.c:3626;src/individual/BattleController_BeforeMove.c:3630;src/individual/BattleController_BeforeMove.c:3634;src/individual/BattleController_BeforeMove.c:3638;src/individual/BattleController_BeforeMove.c:3648;src/individual/BattleController_BeforeMove.c:3688;src/individual/BattleController_BeforeMove.c:4590;src/individual/CalcBaseDamage.c:306;src/individual/CalcBaseDamage.c:791;src/individual/CalcBaseDamage.c:1142;src/individual/CalcBaseDamage.c:1435;src/individual/CalcBaseDamage.c:1473;src/individual/CheckDefenderItemEffectOnHit.c:83;src/individual/CheckDefenderItemEffectOnHit.c:113;src/individual/CheckDefenderItemEffectOnHit.c:153;src/individual/CheckDefenderItemEffectOnHit.c:172;src/individual/CheckDefenderItemEffectOnHit.c:189;src/individual/MoveHitDefenderAbilityCheck.c:40;src/individual/MoveHitDefenderAbilityCheck.c:53;src/individual/MoveHitDefenderAbilityCheck.c:149;src/individual/MoveHitDefenderAbilityCheck.c:218;src/individual/MoveHitDefenderAbilityCheck.c:311;src/individual/ServerDoPostMoveEffects.c:1861;src/individual/ServerDoPostMoveEffects.c:1878;src/individual/ServerDoPostMoveEffects.c:1912;src/individual/ServerDoPostMoveEffects.c:2006;src/individual/ServerDoPostMoveEffects.c:2038;src/individual/ServerDoPostMoveEffects.c:2079;src/individual/ServerDoPostMoveEffects.c:2638;src/individual/ServerHPCalc.c:90;src/individual/ServerHPCalc.c:94;src/individual/btl_scr_cmd_33_statbuffchange.c:103;src/individual/btl_scr_cmd_33_statbuffchange.c:107;src/individual/btl_scr_cmd_33_statbuffchange.c:268	CheckBattlerAbilityIfNotIgnored	src/battle/overlay_12_0224E4FC.c	2268	C	OVY_12	0x02252834	SYMBOL RANGE	executable logic	MAPPED	Feature-level semantic/dependency analysis required	NOT RUN	81691	-
hooks	91	0012 SynchroniseAbilityCheck 02254580 3	True	0012	SynchroniseAbilityCheck	0x02254580	3		0x02254580	src/battle/ability.c:586	TrySyncronizeStatus	src/battle/overlay_12_0224E4FC.c	3787	C	OVY_12	0x02254580	SYMBOL RANGE	executable logic	MAPPED	Feature-level semantic/dependency analysis required	NOT RUN	81760	-
hooks	93	0012 BattleFormChangeCheck 0801F054 3	True	0012	BattleFormChangeCheck	0x0801F054	3		0x02256914	src/battle/battle_pokemon.c:229;src/individual/BattleFormChangeCheck.c:25;src/individual/SwitchInAbilityCheck.c:922	Battler_CheckWeatherFormChange	src/battle/overlay_12_0224E4FC.c	3503	C	OVY_12	0x02256914	SYMBOL RANGE	executable logic	MAPPED	Feature-level semantic/dependency analysis required	NOT RUN	81843	-
hooks	95	0012 ServerWazaOutAfterMessage 080151E4 3	True	0012	ServerWazaOutAfterMessage	0x080151E4	3		0x0224CAA4	src/battle/ability.c:779	ov12_0224CAA4	src/battle/battle_controller_player.c	2903	C	OVY_12	0x0224CAA4	SYMBOL RANGE	executable logic	MAPPED	Feature-level semantic/dependency analysis required	NOT RUN	81444	-
hooks	97	0012 ServerFlinchCheck 080167B8 3	True	0012	ServerFlinchCheck	0x080167B8	3		0x0224E078	src/battle/ability.c:706;src/battle/ability.c:877;src/battle/ability.c:974;src/individual/ServerDoPostMoveEffects.c:2236	TryItemFlinch	src/battle/battle_controller_player.c	2957	C	OVY_12	0x0224E078	SYMBOL RANGE	executable logic	MAPPED	Feature-level semantic/dependency analysis required	NOT RUN	81516	-
hooks	99	0012 ServerWazaKoyuuCheck 08014944 2	True	0012	ServerWazaKoyuuCheck	0x08014944	2		0x0224C204	src/battle/ability.c:997	ov12_0224C204	src/battle/battle_controller_player.c	2596	C	OVY_12	0x0224C204	SYMBOL RANGE	executable logic	MAPPED	Feature-level semantic/dependency analysis required	NOT RUN	81421	-
hooks	101	0012 ov12_022506D4 022506D4	True	0012	ov12_022506D4	0x022506D4			0x022506D4	src/battle/other_battle_calculators.c:4508	ov12_022506D4	src/battle/overlay_12_0224E4FC.c	1357	C	OVY_12	0x022506D4	SYMBOL RANGE	executable logic	MAPPED	Feature-level semantic/dependency analysis required	NOT RUN	81586	-
hooks	103	0012 CheckLegalMimicMove 02257D6C 1	True	0012	CheckLegalMimicMove	0x02257D6C	1		0x02257D6C	src/battle/other_battle_calculators.c:4244	CheckLegalMimicMove	src/battle/overlay_12_0224E4FC.c	6028	C	OVY_12	0x02257D6C	SYMBOL RANGE	executable logic	MAPPED	Feature-level semantic/dependency analysis required	NOT RUN	81866	-
hooks	104	0012 CheckLegalMetronomeMove 02257DA4 4	True	0012	CheckLegalMetronomeMove	0x02257DA4	4		0x02257DA4	src/battle/battle_script_commands.c:5721;src/battle/other_battle_calculators.c:4258	CheckLegalMetronomeMove	src/battle/overlay_12_0224E4FC.c	6041	C	OVY_12	0x02257DA4	SYMBOL RANGE	executable logic	MAPPED	Feature-level semantic/dependency analysis required	NOT RUN	81869	-
hooks	109	0012 btl_scr_cmd_24_jumptocurmoveeffectscript 08006CA8 3	True	0012	btl_scr_cmd_24_jumptocurmoveeffectscript	0x08006CA8	3		0x0223E568	src/battle/battle_script_commands.c:1018	BtlCmd_GoToEffectScript	src/battle/battle_command.c	1176	C	OVY_12	0x0223E568	SYMBOL RANGE	executable logic	MAPPED	Feature-level semantic/dependency analysis required	NOT RUN	80718	-
hooks	111	0012 btl_scr_cmd_33_statbuffchange 080074B8 3	True	0012	btl_scr_cmd_33_statbuffchange	0x080074B8	3		0x0223ED78	src/battle/battle_script_commands.c:1603;src/individual/btl_scr_cmd_33_statbuffchange.c:26	BtlCmd_ChangeStatStage	src/battle/battle_command.c	1567	C	OVY_12	0x0223ED78	SYMBOL RANGE	executable logic	MAPPED	Feature-level semantic/dependency analysis required	NOT RUN	80759	-
hooks	113	0012 btl_scr_cmd_54_ohko_move_handle 08008C20 3	True	0012	btl_scr_cmd_54_ohko_move_handle	0x08008C20	3		0x022404E0	src/battle/battle_script_commands.c:1627	BtlCmd_TryOHKOMove	src/battle/battle_command.c	2619	C	OVY_12	0x022404E0	SYMBOL RANGE	executable logic	MAPPED	Feature-level semantic/dependency analysis required	NOT RUN	80842	-
hooks	114	0012 CheckMoveIsChargeMove 022525AC 2	True	0012	CheckMoveIsChargeMove	0x022525AC	2		0x022525AC	src/battle/battle_script_commands.c:1685;src/battle/battle_script_commands.c:1733;src/individual/BattleController_BeforeMove.c:1746	BattleCtx_IsIdenticalToCurrentMove	src/battle/overlay_12_0224E4FC.c	2544	C	OVY_12	0x022525AC	SYMBOL RANGE	executable logic	MAPPED	Feature-level semantic/dependency analysis required	NOT RUN	81665	-
hooks	115	0012 btl_scr_cmd_5f_trysleeptalk 02240F7C 3	True	0012	btl_scr_cmd_5f_trysleeptalk	0x02240F7C	3		0x02240F7C	src/battle/battle_script_commands.c:1752	BtlCmd_TrySleepTalk	src/battle/battle_command.c	2961	C	OVY_12	0x02240F7C	SYMBOL RANGE	executable logic	MAPPED	Feature-level semantic/dependency analysis required	NOT RUN	80873	-
hooks	117	0012 btl_scr_cmd_6f_fury_cutter_damage_calc 02241F10 3	True	0012	btl_scr_cmd_6f_fury_cutter_damage_calc	0x02241F10	3		0x02241F10	src/battle/battle_script_commands.c:1790	BtlCmd_CalcFuryCutterPower	src/battle/battle_command.c	3485	C	OVY_12	0x02241F10	SYMBOL RANGE	executable logic	MAPPED	Feature-level semantic/dependency analysis required	NOT RUN	80919	-
hooks	119	0012 btl_scr_cmd_7c_beat_up_hit_count 0800AE50 3	True	0012	btl_scr_cmd_7c_beat_up_hit_count	0x0800AE50	3		0x02242710	src/battle/battle_script_commands.c:1820	BtlCmd_BeatUp	src/battle/battle_command.c	3762	C	OVY_12	0x02242710	SYMBOL RANGE	executable logic	MAPPED	Feature-level semantic/dependency analysis required	NOT RUN	80956	-
hooks	121	0012 btl_scr_cmd_8c_lowkickdamagecalc 0800B98C 3	True	0012	btl_scr_cmd_8c_lowkickdamagecalc	0x0800B98C	3		0x0224324C	src/battle/battle_script_commands.c:1923	BtlCmd_CalcWeightBasedPower	src/battle/battle_command.c	4168	C	OVY_12	0x0224324C	SYMBOL RANGE	executable logic	MAPPED	Feature-level semantic/dependency analysis required	NOT RUN	81003	-
hooks	123	0012 btl_scr_cmd_d0_checkshouldleavewith1hp 0800D748 3	True	0012	btl_scr_cmd_d0_checkshouldleavewith1hp	0x0800D748	3		0x02245008	src/battle/battle_script_commands.c:1957	BtlCmd_CheckHoldOnWith1HP	src/battle/battle_command.c	5529	C	OVY_12	0x02245008	SYMBOL RANGE	executable logic	MAPPED	Feature-level semantic/dependency analysis required	NOT RUN	81175	-
hooks	125	0012 btl_scr_cmd_17_playanimation 08006744 3	True	0012	btl_scr_cmd_17_playanimation	0x08006744	3		0x0223E004	src/battle/battle_script_commands.c:941	BtlCmd_PlayMoveAnimation	src/battle/battle_command.c	879	C	OVY_12	0x0223E004	SYMBOL RANGE	executable logic	MAPPED	Feature-level semantic/dependency analysis required	NOT RUN	80685	-
hooks	127	0012 btl_scr_cmd_18_playanimation2 080067C0 3	True	0012	btl_scr_cmd_18_playanimation2	0x080067C0	3		0x0223E080	src/battle/battle_script_commands.c:977	BtlCmd_PlayMoveAnimationOnMons	src/battle/battle_command.c	903	C	OVY_12	0x0223E080	SYMBOL RANGE	executable logic	MAPPED	Feature-level semantic/dependency analysis required	NOT RUN	80688	-
hooks	129	0012 btl_scr_cmd_27_shouldgetexp 08006DE0 3	True	0012	btl_scr_cmd_27_shouldgetexp	0x08006DE0	3		0x0223E6A0	src/battle/battle_script_commands.c:1220	BtlCmd_CalcExpGain	src/battle/battle_command.c	1222	C	OVY_12	0x0223E6A0	SYMBOL RANGE	executable logic	MAPPED	Feature-level semantic/dependency analysis required	NOT RUN	80727	-
hooks	130	0012 btl_scr_cmd_0E_waitmessage 0223DCAC 3	True	0012	btl_scr_cmd_0E_waitmessage	0x0223DCAC	3		0x0223DCAC	src/battle/battle_script_commands.c:921	BtlCmd_Wait	src/battle/battle_command.c	735	C	OVY_12	0x0223DCAC	SYMBOL RANGE	executable logic	MAPPED	Feature-level semantic/dependency analysis required	NOT RUN	80660	-
hooks	131	0012 Link_QueueIsEmpty 0224ED48 1	True	0012	Link_QueueIsEmpty	0x0224ED48	1		0x0224ED48	src/battle/battle_script_commands.c:876;src/battle/battle_script_commands.c:923	Link_QueueNotEmpty	src/battle/overlay_12_0224E4FC.c	242	C	OVY_12	0x0224ED48	SYMBOL RANGE	executable logic	MAPPED	Feature-level semantic/dependency analysis required	NOT RUN	81549	-
hooks	132	0012 btl_scr_cmd_87_tryknockoff 02242EB4 3	True	0012	btl_scr_cmd_87_tryknockoff	0x02242EB4	3		0x02242EB4	src/battle/battle_script_commands.c:1849	BtlCmd_TryKnockOff	src/battle/battle_command.c	4034	C	OVY_12	0x02242EB4	SYMBOL RANGE	executable logic	MAPPED	Feature-level semantic/dependency analysis required	NOT RUN	80988	-
hooks	133	0012 BtlCmd_CompareMonDataToValue 0223E474 3	True	0012	BtlCmd_CompareMonDataToValue	0x0223E474	3		0x0223E474	src/battle/battle_script_commands.c:1119	BtlCmd_CompareMonDataToValue	src/battle/battle_command.c	1104	C	OVY_12	0x0223E474	SYMBOL RANGE	executable logic	MAPPED	Feature-level semantic/dependency analysis required	NOT RUN	80711	-
hooks	134	0012 BtlCmd_GoToMoveScript 0223E594 3	True	0012	BtlCmd_GoToMoveScript	0x0223E594	3		0x0223E594	src/battle/battle_script_commands.c:1180	BtlCmd_GoToMoveScript	src/battle/battle_command.c	1184	C	OVY_12	0x0223E594	SYMBOL RANGE	executable logic	MAPPED	Feature-level semantic/dependency analysis required	NOT RUN	80721	-
hooks	135	0012 BtlCmd_WeatherHPRecovery 02242380 3	True	0012	BtlCmd_WeatherHPRecovery	0x02242380	3		0x02242380	src/battle/battle_script_commands.c:3289	BtlCmd_WeatherHPRecovery	src/battle/battle_command.c	3662	C	OVY_12	0x02242380	SYMBOL RANGE	executable logic	MAPPED	Feature-level semantic/dependency analysis required	NOT RUN	80939	-
hooks	136	0012 BtlCmd_CalcWeatherBallParams 022432AC 3	True	0012	BtlCmd_CalcWeatherBallParams	0x022432AC	3		0x022432AC	src/battle/battle_script_commands.c:3319	BtlCmd_CalcWeatherBallParams	src/battle/battle_command.c	4190	C	OVY_12	0x022432AC	SYMBOL RANGE	executable logic	MAPPED	Feature-level semantic/dependency analysis required	NOT RUN	81006	-
hooks	137	0012 BtlCmd_EndOfTurnWeatherEffect 02241B30 3	True	0012	BtlCmd_EndOfTurnWeatherEffect	0x02241B30	3		0x02241B30	src/battle/battle_script_commands.c:3355	BtlCmd_EndOfTurnWeatherEffect	src/battle/battle_command.c	3388	C	OVY_12	0x02241B30	SYMBOL RANGE	executable logic	MAPPED	Feature-level semantic/dependency analysis required	NOT RUN	80913	-
hooks	138	0012 BtlCmd_TryProtection 022413B4 3	True	0012	BtlCmd_TryProtection	0x022413B4	3		0x022413B4	src/battle/battle_script_commands.c:3536	BtlCmd_TryProtection	src/battle/battle_command.c	3120	C	OVY_12	0x022413B4	SYMBOL RANGE	executable logic	MAPPED	Feature-level semantic/dependency analysis required	NOT RUN	80888	-
hooks	139	0012 BtlCmd_TrySubstitute 022414F0 3	True	0012	BtlCmd_TrySubstitute	0x022414F0	3		0x022414F0	src/battle/battle_script_commands.c:3584	BtlCmd_TrySubstitute	src/battle/battle_command.c	3163	C	OVY_12	0x022414F0	SYMBOL RANGE	executable logic	MAPPED	Feature-level semantic/dependency analysis required	NOT RUN	80891	-
hooks	140	0012 BtlCmd_RapidSpin 02242238 3	True	0012	BtlCmd_RapidSpin	0x02242238	3		0x02242238	src/battle/battle_script_commands.c:3604	BtlCmd_RapidSpin	src/battle/battle_command.c	3610	C	OVY_12	0x02242238	SYMBOL RANGE	executable logic	MAPPED	Feature-level semantic/dependency analysis required	NOT RUN	80936	-
hooks	141	0012 BtlCmd_CheckSubstitute 0224514C 3	True	0012	BtlCmd_CheckSubstitute	0x0224514C	3		0x0224514C	src/battle/battle_script_commands.c:3707	BtlCmd_CheckSubstitute	src/battle/battle_command.c	5576	C	OVY_12	0x0224514C	SYMBOL RANGE	executable logic	MAPPED	Feature-level semantic/dependency analysis required	NOT RUN	81181	-
hooks	142	0012 BtlCmd_TrySwapItems 02242A50 3	True	0012	BtlCmd_TrySwapItems	0x02242A50	3		0x02242A50	src/battle/battle_script_commands.c:3979	BtlCmd_TrySwapItems	src/battle/battle_command.c	3872	C	OVY_12	0x02242A50	SYMBOL RANGE	executable logic	MAPPED	Feature-level semantic/dependency analysis required	NOT RUN	80965	-
hooks	143	0012 BtlCmd_TryWish 02242B58 3	True	0012	BtlCmd_TryWish	0x02242B58	3		0x02242B58	src/battle/battle_script_commands.c:3423	BtlCmd_TryWish	src/battle/battle_command.c	3895	C	OVY_12	0x02242B58	SYMBOL RANGE	executable logic	MAPPED	Feature-level semantic/dependency analysis required	NOT RUN	80968	-
hooks	144	0012 BtlCmd_TryFutureSight 02242570 3	True	0012	BtlCmd_TryFutureSight	0x02242570	3		0x02242570	src/battle/battle_script_commands.c:3448	BtlCmd_TryFutureSight	src/battle/battle_command.c	3706	C	OVY_12	0x02242570	SYMBOL RANGE	executable logic	MAPPED	Feature-level semantic/dependency analysis required	NOT RUN	80948	-
hooks	145	0012 BtlCmd_SetMultiHit 0223EC10 3	True	0012	BtlCmd_SetMultiHit	0x0223EC10	3		0x0223EC10	src/battle/battle_script_commands.c:3478	BtlCmd_SetMultiHit	src/battle/battle_command.c	1478	C	OVY_12	0x0223EC10	SYMBOL RANGE	executable logic	MAPPED	Feature-level semantic/dependency analysis required	NOT RUN	80754	-
hooks	146	0012 BtlCmd_GenerateEndOfBattleItem 022440A0 3	True	0012	BtlCmd_GenerateEndOfBattleItem	0x022440A0	3		0x022440A0	src/battle/battle_script_commands.c:3854	BtlCmd_GenerateEndOfBattleItem	src/battle/battle_command.c	4746	C	OVY_12	0x022440A0	SYMBOL RANGE	executable logic	MAPPED	Feature-level semantic/dependency analysis required	NOT RUN	81067	-
hooks	147	0012 BtlCmd_TryPluck 022444D0 3	True	0012	BtlCmd_TryPluck	0x022444D0	3		0x022444D0	src/battle/battle_script_commands.c:4118	BtlCmd_TryPluck	src/battle/battle_command.c	4945	C	OVY_12	0x022444D0	SYMBOL RANGE	executable logic	MAPPED	Feature-level semantic/dependency analysis required	NOT RUN	81092	-
hooks	148	0012 BtlCmd_PlayFaintAnimation 0223E290 3	True	0012	BtlCmd_PlayFaintAnimation	0x0223E290	3		0x0223E290	src/battle/battle_script_commands.c:4169	BtlCmd_PlayFaintAnimation	src/battle/battle_command.c	993	C	OVY_12	0x0223E290	SYMBOL RANGE	executable logic	MAPPED	Feature-level semantic/dependency analysis required	NOT RUN	80702	-
hooks	149	0012 BtlCmd_TryBreakScreens 02242E00 3	True	0012	BtlCmd_TryBreakScreens	0x02242E00	3		0x02242E00	src/battle/battle_script_commands.c:4211	BtlCmd_TryBreakScreens	src/battle/battle_command.c	4004	C	OVY_12	0x02242E00	SYMBOL RANGE	executable logic	MAPPED	Feature-level semantic/dependency analysis required	NOT RUN	80983	-
hooks	150	0012 BtlCmd_ResetAllStatChanges 0223FA1C 3	True	0012	BtlCmd_ResetAllStatChanges	0x0223FA1C	3		0x0223FA1C	src/battle/battle_script_commands.c:4240	BtlCmd_ResetAllStatChanges	src/battle/battle_command.c	2102	C	OVY_12	0x0223FA1C	SYMBOL RANGE	executable logic	MAPPED	Feature-level semantic/dependency analysis required	NOT RUN	80788	-
hooks	151	0012 BtlCmd_CheckToxicSpikes 02243E6C 3	True	0012	BtlCmd_CheckToxicSpikes	0x02243E6C	3		0x02243E6C	src/battle/battle_script_commands.c:4651	BtlCmd_CheckToxicSpikes	src/battle/battle_command.c	4656	C	OVY_12	0x02243E6C	SYMBOL RANGE	executable logic	MAPPED	Feature-level semantic/dependency analysis required	NOT RUN	81059	-
hooks	152	0012 BtlCmd_TryFling 0224454C 3	True	0012	BtlCmd_TryFling	0x0224454C	3		0x0224454C	src/battle/battle_script_commands.c:4151	BtlCmd_TryFling	src/battle/battle_command.c	4960	C	OVY_12	0x0224454C	SYMBOL RANGE	executable logic	MAPPED	Feature-level semantic/dependency analysis required	NOT RUN	81094	-
hooks	153	0012 BtlCmd_CopyStatStages 02242510 3	True	0012	BtlCmd_CopyStatStages	0x02242510	3		0x02242510	src/battle/battle_script_commands.c:5158	BtlCmd_CopyStatStages	src/battle/battle_command.c	3692	C	OVY_12	0x02242510	SYMBOL RANGE	executable logic	MAPPED	Feature-level semantic/dependency analysis required	NOT RUN	80945	-
hooks	154	0012 BtlCmd_TryFaintMon 0223E22C 3	True	0012	BtlCmd_TryFaintMon	0x0223E22C	3		0x0223E22C	src/battle/battle_script_commands.c:5220	BtlCmd_TryFaintMon	src/battle/battle_command.c	978	C	OVY_12	0x0223E22C	SYMBOL RANGE	executable logic	MAPPED	Feature-level semantic/dependency analysis required	NOT RUN	80699	-
hooks	155	0012 BtlCmd_TryRestoreStatusOnSwitch 022450B0 3	True	0012	BtlCmd_TryRestoreStatusOnSwitch	0x022450B0	3		0x022450B0	src/battle/battle_script_commands.c:2019	BtlCmd_TryRestoreStatusOnSwitch	src/battle/battle_command.c	5555	C	OVY_12	0x022450B0	SYMBOL RANGE	executable logic	MAPPED	Feature-level semantic/dependency analysis required	NOT RUN	81178	-
hooks	156	0012 BtlCmd_TryConversion2 02240C98 3	True	0012	BtlCmd_TryConversion2	0x02240C98	3		0x02240C98	src/battle/battle_script_commands.c:5250	BtlCmd_TryConversion2	src/battle/battle_command.c	2878	C	OVY_12	0x02240C98	SYMBOL RANGE	executable logic	MAPPED	Feature-level semantic/dependency analysis required	NOT RUN	80867	-
hooks	157	0012 BtlCmd_TryConversion2 02240C98 3	True	0012	BtlCmd_TryConversion2	0x02240C98	3		0x02240C98	src/battle/battle_script_commands.c:5250	BtlCmd_TryConversion2	src/battle/battle_command.c	2878	C	OVY_12	0x02240C98	SYMBOL RANGE	executable logic	MAPPED	Feature-level semantic/dependency analysis required	NOT RUN	80867	-
hooks	158	0012 BtlCmd_Transform 02241708 3	True	0012	BtlCmd_Transform	0x02241708	3		0x02241708	src/battle/battle_script_commands.c:5350	BtlCmd_Transform	src/battle/battle_command.c	3256	C	OVY_12	0x02241708	SYMBOL RANGE	executable logic	MAPPED	Feature-level semantic/dependency analysis required	NOT RUN	80897	-
hooks	159	0012 BtlCmd_TryPursuit 0224336C 3	True	0012	BtlCmd_TryPursuit	0x0224336C	3		0x0224336C	src/battle/battle_script_commands.c:5387	BtlCmd_TryPursuit	src/battle/battle_command.c	4216	C	OVY_12	0x0224336C	SYMBOL RANGE	executable logic	MAPPED	Feature-level semantic/dependency analysis required	NOT RUN	81009	-
hooks	160	0012 BtlCmd_MagicCoat 02242CDC 3	True	0012	BtlCmd_MagicCoat	0x02242CDC	3		0x02242CDC	src/battle/battle_script_commands.c:5582	BtlCmd_MagicCoat	src/battle/battle_command.c	3966	C	OVY_12	0x02242CDC	SYMBOL RANGE	executable logic	MAPPED	Feature-level semantic/dependency analysis required	NOT RUN	80977	-
hooks	161	0012 BtlCmd_TryFeint 02243D20 3	True	0012	BtlCmd_TryFeint	0x02243D20	3		0x02243D20	src/battle/battle_script_commands.c:5604	BtlCmd_TryFeint	src/battle/battle_command.c	4600	C	OVY_12	0x02243D20	SYMBOL RANGE	executable logic	MAPPED	Feature-level semantic/dependency analysis required	NOT RUN	81048	-
hooks	162	0012 BtlCmd_TryPerishSong 02241A04 3	True	0012	BtlCmd_TryPerishSong	0x02241A04	3		0x02241A04	src/battle/battle_script_commands.c:5647	BtlCmd_TryPerishSong	src/battle/battle_command.c	3338	C	OVY_12	0x02241A04	SYMBOL RANGE	executable logic	MAPPED	Feature-level semantic/dependency analysis required	NOT RUN	80905	-
hooks	163	0012 BtlCmd_Metronome 0224089C 3	True	0012	BtlCmd_Metronome	0x0224089C	3		0x0224089C	src/battle/battle_script_commands.c:5701	BtlCmd_Metronome	src/battle/battle_command.c	2743	C	OVY_12	0x0224089C	SYMBOL RANGE	executable logic	MAPPED	Feature-level semantic/dependency analysis required	NOT RUN	80852	-
hooks	166	arm9 MakeTrainerPokemonParty 08073604 3	True	arm9	MakeTrainerPokemonParty	0x08073604	3		0x02073604	src/field/enemy_party.c:68	CreateNPCTrainerParty	src/trainer_data.c	271	C	main	0x02073604	SYMBOL RANGE	executable logic	MAPPED	Feature-level semantic/dependency analysis required	NOT RUN	37017	-
hooks	167	arm9 TT_TrainerTypeSexGet 020735F8 1	True	arm9	TT_TrainerTypeSexGet	0x020735F8	1		0x020735F8	src/pokemon.c:2211	TrainerClass_GetGenderOrTrainerCount	src/trainer_data.c	264	C	main	0x020735F8	SYMBOL RANGE	executable logic	MAPPED	Feature-level semantic/dependency analysis required	NOT RUN	37015	-
hooks	170	0012 fix_money_calc 0800829E 0	True	0012	fix_money_calc	0x0800829E	0		0x0223FB5E	asm/battle/battle_hooks.s:173	CalcPrizeMoney	src/battle/battle_command.c	2159	C	OVY_12	0x0223FB34	SYMBOL RANGE	executable logic	MAPPED	Feature-level semantic/dependency analysis required	NOT RUN	80799	-
hooks	174	0012 ClientPokemonEncount 08021620 2	True	0012	ClientPokemonEncount	0x08021620	2		0x02258EE0	src/battle/battle_pokemon.c:283	ov12_02258EE0	asm/overlay_12_battle_controller_opponent.s	907	ASM	OVY_12	0x02258EE0	SYMBOL RANGE	executable logic	MAPPED	Feature-level semantic/dependency analysis required	NOT RUN	82026	-
hooks	176	0012 ClientPokemonEncountAppear 08021634 2	True	0012	ClientPokemonEncountAppear	0x08021634	2		0x02258EF4	src/battle/battle_pokemon.c:334	ov12_02258EF4	asm/overlay_12_battle_controller_opponent.s	919	ASM	OVY_12	0x02258EF4	SYMBOL RANGE	executable logic	MAPPED	Feature-level semantic/dependency analysis required	NOT RUN	82029	-
hooks	178	0012 ClientPokemonAppear 08021648 2	True	0012	ClientPokemonAppear	0x08021648	2		0x02258F08	src/battle/battle_pokemon.c:385	ov12_02258F08	asm/overlay_12_battle_controller_opponent.s	931	ASM	OVY_12	0x02258F08	SYMBOL RANGE	executable logic	MAPPED	Feature-level semantic/dependency analysis required	NOT RUN	82032	-
hooks	180	0012 MessageParam_GetNickname 08010800 3	True	0012	MessageParam_GetNickname	0x08010800	3		0x022480C0	src/battle/battle_pokemon.c:437	ov12_022480C0	src/battle/battle_command.c	7884	C	OVY_12	0x022480C0	SYMBOL RANGE	executable logic	MAPPED	Feature-level semantic/dependency analysis required	NOT RUN	81262	-
hooks	181	0012 CT_SwitchInMessageParamMake 02261464	True	0012	CT_SwitchInMessageParamMake	0x02261464			0x02261464	src/battle/battle_pokemon.c:670	ov12_02261464	asm/overlay_12_battle_controller_opponent.s	17674	ASM	OVY_12	0x02261464	SYMBOL RANGE	executable logic	MAPPED	Feature-level semantic/dependency analysis required	NOT RUN	84280	-
hooks	182	0012 CT_EncountSendOutMessageParamMake 022615F0	True	0012	CT_EncountSendOutMessageParamMake	0x022615F0			0x022615F0	src/battle/battle_pokemon.c:745	ov12_022615F0	asm/overlay_12_battle_controller_opponent.s	17878	ASM	OVY_12	0x022615F0	SYMBOL RANGE	executable logic	MAPPED	Feature-level semantic/dependency analysis required	NOT RUN	84293	-
hooks	186	0012 remap_move_effect_to_subscript_table 08020ADA 0	True	0012	remap_move_effect_to_subscript_table	0x08020ADA	0		0x0225839A	asm/battle/battle_hooks.s:117	GetMoveStatusChangeScript	src/battle/overlay_12_0224E4FC.c	6432	C	OVY_12	0x02258348	SYMBOL RANGE	executable logic	MAPPED	Feature-level semantic/dependency analysis required	NOT RUN	81903	-
hooks	190	0012 BattleScriptCommandHandler 080056A8 2	True	0012	BattleScriptCommandHandler	0x080056A8	2		0x0223CF68	src/battle/battle_script_commands.c:568	RunBattleScript	src/battle/battle_command.c	86	C	OVY_12	0x0223CF68	SYMBOL RANGE	executable logic	MAPPED	Feature-level semantic/dependency analysis required	NOT RUN	80618	-
hooks	194	0012 ClearBattleMonFlags_hook 0224E6B2 0	True	0012	ClearBattleMonFlags_hook	0x0224E6B2	0		0x0224E6B2	asm/battle/battle_hooks.s:184	BattleSystem_GetBattleMon	src/battle/overlay_12_0224E4FC.c	46	C	OVY_12	0x0224E4FC	SYMBOL RANGE	executable logic	MAPPED	Feature-level semantic/dependency analysis required	NOT RUN	81531	-
hooks	196	0012 ClearBattleMonFlags_hook2 0225155C 0	True	0012	ClearBattleMonFlags_hook2	0x0225155C	0		0x0225155C	asm/battle/battle_hooks.s:198	InitFaintedWork	src/battle/overlay_12_0224E4FC.c	1871	C	OVY_12	0x022514C4	SYMBOL RANGE	executable logic	MAPPED	Feature-level semantic/dependency analysis required	NOT RUN	81623	-
hooks	199	arm9 SetBoxMonAbility 080722DC 1	True	arm9	SetBoxMonAbility	0x080722DC	1		0x020722DC		UpdateBoxMonAbility	src/pokemon.c	3809	C	main	0x020722DC	SYMBOL RANGE	executable logic	MAPPED	Feature-level semantic/dependency analysis required	NOT RUN	36902	-
hooks	200	arm9 GiveMon 020541DC 5	True	arm9	GiveMon	0x020541DC	5		0x020541DC	src/pokemon.c:1295	GiveMon	src/script_pokemon_util.c	21	C	main	0x020541DC	SYMBOL RANGE	executable logic	MAPPED	Feature-level semantic/dependency analysis required	NOT RUN	28617	-
hooks	203	0002 AddWildPartyPokemon 0224855C	True	0002	AddWildPartyPokemon	0x0224855C			0x0224855C	src/field/enemy_party.c:433	addGeneratedMonToBattleSetupParty	src/field/encounter_check.c	1350	C	OVY_2	0x0224855C	SYMBOL RANGE	executable logic	MAPPED	Feature-level semantic/dependency analysis required	NOT RUN	64006	-
hooks	205	arm9 ScrCmd_GiveEgg 0204D248 1	True	arm9	ScrCmd_GiveEgg	0x0204D248	1		0x0204D248	src/field/script_commands.c:46	ScrCmd_GiveEgg	src/scrcmd_party.c	80	C	main	0x0204D248	SYMBOL RANGE	executable logic	MAPPED	Feature-level semantic/dependency analysis required	NOT RUN	27940	-
hooks	206	0001 ScrCmd_GiveTogepiEgg 022020CC 1	True	0001	ScrCmd_GiveTogepiEgg	0x022020CC	1		0x022020CC	src/field/script_commands.c:215	ScrCmd_GiveTogepiEgg	src/field/scrcmd_pokemon_misc.c	1034	C	field	0x022020CC	SYMBOL RANGE	executable logic	MAPPED	Feature-level semantic/dependency analysis required	NOT RUN	62386	-
hooks	207	arm9 sub_0206D328 0206D328 2	True	arm9	sub_0206D328	0x0206D328	2		0x0206D328	src/pokemon.c:1525	sub_0206D328	src/get_egg.c	983	C	main	0x0206D328	SYMBOL RANGE	executable logic	MAPPED	Feature-level semantic/dependency analysis required	NOT RUN	36512	-
hooks	209	arm9 HiddenItemGetUnk3 02040578 1	True	arm9	HiddenItemGetUnk3	0x02040578	1		0x02040578	src/field/hidden_items.c:55	sub_02040578	src/script_manager.c	464	C	main	0x02040578	SYMBOL RANGE	executable logic	MAPPED	Feature-level semantic/dependency analysis required	NOT RUN	26138	-
hooks	210	arm9 GetHiddenItemParams 020405AC 2	True	arm9	GetHiddenItemParams	0x020405AC	2		0x020405AC	src/field/hidden_items.c:67	GetHiddenItemParams	src/script_manager.c	482	C	main	0x020405AC	SYMBOL RANGE	executable logic	MAPPED	Feature-level semantic/dependency analysis required	NOT RUN	26141	-
hooks	211	arm9 AllocAndFetchNearbyHiddenItems 02040614 2	True	arm9	AllocAndFetchNearbyHiddenItems	0x02040614	2		0x02040614	src/field/hidden_items.c:89	AllocAndFetchNearbyHiddenItems	src/script_manager.c	512	C	main	0x02040614	SYMBOL RANGE	executable logic	MAPPED	Feature-level semantic/dependency analysis required	NOT RUN	26143	-
hooks	214	0063 grab_overworld_a081_index 080025E4 3	True	0063	grab_overworld_a081_index	0x080025E4	3		0x0221E404	src/field/overworld_table.c:1721	RegisterHallOfFame_GetMmodelBySpeciesFormGender	src/register_hall_of_fame.c	2069	C	OVY_63	0x0221E404	SYMBOL RANGE	executable logic	MAPPED	Feature-level semantic/dependency analysis required	NOT RUN	136682	-
hooks	215	0064 grab_overworld_a081_index 021E6E30 3	True	0064	grab_overworld_a081_index	0x021E6E30	3		0x021E6E30	src/field/overworld_table.c:1721	ov64_021E6E30	asm/overlay_64.s	2606	ASM	OVY_64	0x021E6E30	SYMBOL RANGE	executable logic	MAPPED	Feature-level semantic/dependency analysis required	NOT RUN	137200	-
hooks	216	0096 grab_overworld_a081_index 080038B8 3	True	0096	grab_overworld_a081_index	0x080038B8	3		0x021E91B8	src/field/overworld_table.c:1721	ov96_021E91B8	asm/overlay_96.s	6636	ASM	OVY_96	0x021E91B8	SYMBOL RANGE	executable logic	MAPPED	Feature-level semantic/dependency analysis required	NOT RUN	178130	-
hooks	217	0112 grab_overworld_a081_index 021F0E14 3	True	0112	grab_overworld_a081_index	0x021F0E14	3		0x021F0E14	src/field/overworld_table.c:1721	ov112_021F0E14	asm/overlay_112.s	22511	ASM	OVY_112	0x021F0E14	SYMBOL RANGE	executable logic	MAPPED	Feature-level semantic/dependency analysis required	NOT RUN	203657	-
hooks	218	arm9 get_mon_ow_tag 08069D70 3	True	arm9	get_mon_ow_tag	0x08069D70	3		0x02069D70	src/pokemon.c:1239	FollowMon_GetSpriteID	src/follow_mon.c	1642	C	main	0x02069D70	SYMBOL RANGE	executable logic	MAPPED	Feature-level semantic/dependency analysis required	NOT RUN	36224	-
hooks	219	arm9 OverworldModelLookupHasFemaleForm 0206A338 3	True	arm9	OverworldModelLookupHasFemaleForm	0x0206A338	3		0x0206A338	src/pokemon.c:1274	OverworldModelLookupHasFemaleForm	src/follow_mon.c	1649	C	main	0x0206A338	SYMBOL RANGE	executable logic	MAPPED	Feature-level semantic/dependency analysis required	NOT RUN	36299	-
hooks	222	arm9 ArceusBoxPokemonFormeChange 08071BD0 3	True	arm9	ArceusBoxPokemonFormeChange	0x08071BD0	3		0x02071BD0	src/pokemon.c:704	BoxMon_UpdateArceusForm	src/pokemon.c	3447	C	main	0x02071BD0	SYMBOL RANGE	executable logic	MAPPED	Feature-level semantic/dependency analysis required	NOT RUN	36842	-
hooks	224	0014 HandleBoxPokemonFormeChanges 08000BD0 3	True	0014	HandleBoxPokemonFormeChanges	0x08000BD0	3		0x021E64D0	src/pokemon.c:731	ov14_021E64D0	asm/overlay_14.s	1508	ASM	OVY_14	0x021E64D0	SYMBOL RANGE	executable logic	MAPPED	Feature-level semantic/dependency analysis required	NOT RUN	89980	-
hooks	226	0014 BoxDisplayMon_StoreAbility 021E73B0 0	True	0014	BoxDisplayMon_StoreAbility	0x021E73B0	0		0x021E73B0	asm/other_hook.s:806	ov14_021E7358	asm/overlay_14.s	3443	ASM	OVY_14	0x021E7358	SYMBOL RANGE	executable logic	MAPPED	Feature-level semantic/dependency analysis required	NOT RUN	90147	-
hooks	227	0014 BoxDisplayMon_GrabAbility 021F52AE 1	True	0014	BoxDisplayMon_GrabAbility	0x021F52AE	1		0x021F52AE	asm/other_hook.s:818	ov14_021F528C	asm/overlay_14.s	31497	ASM	OVY_14	0x021F528C	SYMBOL RANGE	executable logic	MAPPED	Feature-level semantic/dependency analysis required	NOT RUN	94982	-
hooks	230	0094 UseItemMonAttrLoadDiffMessage_hook 021E5A6A 1	True	0094	UseItemMonAttrLoadDiffMessage_hook	0x021E5A6A	1		0x021E5A6A	asm/other_hook.s:274	PartyMenu_AnimateIconFormChange	src/overlay_94.c	51	C	OVY_94	0x021E593C	SYMBOL RANGE	executable logic	MAPPED	Feature-level semantic/dependency analysis required	NOT RUN	176462	-
hooks	231	0094 LoadIconChangeAnim_hook 021E5980 0	True	0094	LoadIconChangeAnim_hook	0x021E5980	0		0x021E5980	asm/other_hook.s:302	PartyMenu_AnimateIconFormChange	src/overlay_94.c	51	C	OVY_94	0x021E593C	SYMBOL RANGE	executable logic	MAPPED	Feature-level semantic/dependency analysis required	NOT RUN	176462	-
hooks	232	0094 _EmitParticles 021E5BA0 1	True	0094	_EmitParticles	0x021E5BA0	1		0x021E5BA0	src/pokemon.c:799	_EmitParticles	src/overlay_94.c	161	C	OVY_94	0x021E5BA0	SYMBOL RANGE	executable logic	MAPPED	Feature-level semantic/dependency analysis required	NOT RUN	176476	-
hooks	236	arm9 Sav2_Misc_sizeof 0802A8B4 0	True	arm9	Sav2_Misc_sizeof	0x0802A8B4	0	ALLOW_SAVE_CHANGES	0x0202A8B4	src/save.c:19	Save_Misc_sizeof	src/save_misc.c	25	C	main	0x0202A8B4	SYMBOL RANGE	executable logic	MAPPED	Feature-level semantic/dependency analysis required	NOT RUN	19914	-
hooks	237	arm9 Sav2_Misc_init_new_fields_hook 0802A8CC 0	True	arm9	Sav2_Misc_init_new_fields_hook	0x0802A8CC	0	ALLOW_SAVE_CHANGES	0x0202A8CC	asm/other_hook.s:315	Save_Misc_Init	src/save_misc.c	29	C	main	0x0202A8BC	SYMBOL RANGE	executable logic	MAPPED	Feature-level semantic/dependency analysis required	NOT RUN	19917	-
hooks	241	arm9 Sav2_Bag_sizeof 08078180 0	True	arm9	Sav2_Bag_sizeof	0x08078180	0	ALLOW_SAVE_CHANGES && ITEM_POCKET_EXPANSION	0x02078180	src/bag.c:53	Save_Bag_sizeof	src/bag.c	20	C	main	0x02078180	SYMBOL RANGE	executable logic	MAPPED	Feature-level semantic/dependency analysis required	NOT RUN	38154	-
hooks	242	arm9 Sav2_Bag_new 08078188 1	True	arm9	Sav2_Bag_new	0x08078188	1	ALLOW_SAVE_CHANGES && ITEM_POCKET_EXPANSION	0x02078188	src/bag.c:58	Save_Bag_New	src/bag.c	24	C	main	0x02078188	SYMBOL RANGE	executable logic	MAPPED	Feature-level semantic/dependency analysis required	NOT RUN	38157	-
hooks	243	arm9 Sav2_Bag_init 080781A0 1	True	arm9	Sav2_Bag_init	0x080781A0	1	ALLOW_SAVE_CHANGES && ITEM_POCKET_EXPANSION	0x020781A0	src/bag.c:65	Save_Bag_Init	src/bag.c	30	C	main	0x020781A0	SYMBOL RANGE	executable logic	MAPPED	Feature-level semantic/dependency analysis required	NOT RUN	38160	-
hooks	244	arm9 Sav2_Bag_copy 080781B4 2	True	arm9	Sav2_Bag_copy	0x080781B4	2	ALLOW_SAVE_CHANGES && ITEM_POCKET_EXPANSION	0x020781B4	src/bag.c:71	Save_Bag_Copy	src/bag.c	34	C	main	0x020781B4	SYMBOL RANGE	executable logic	MAPPED	Feature-level semantic/dependency analysis required	NOT RUN	38163	-
hooks	245	arm9 Bag_GetRegisteredItemSlot1 080781C4 1	True	arm9	Bag_GetRegisteredItemSlot1	0x080781C4	1	ALLOW_SAVE_CHANGES && ITEM_POCKET_EXPANSION	0x020781C4	src/bag.c:77	Bag_GetRegisteredItem1	src/bag.c	38	C	main	0x020781C4	SYMBOL RANGE	executable logic	MAPPED	Feature-level semantic/dependency analysis required	NOT RUN	38166	-
hooks	246	arm9 Bag_GetRegisteredItemSlot2 080781D0 1	True	arm9	Bag_GetRegisteredItemSlot2	0x080781D0	1	ALLOW_SAVE_CHANGES && ITEM_POCKET_EXPANSION	0x020781D0	src/bag.c:82	Bag_GetRegisteredItem2	src/bag.c	42	C	main	0x020781D0	SYMBOL RANGE	executable logic	MAPPED	Feature-level semantic/dependency analysis required	NOT RUN	38169	-
hooks	247	arm9 Bag_TryRegisterItem 080781DC 2	True	arm9	Bag_TryRegisterItem	0x080781DC	2	ALLOW_SAVE_CHANGES && ITEM_POCKET_EXPANSION	0x020781DC	src/bag.c:87	Bag_TryRegisterItem	src/bag.c	46	C	main	0x020781DC	SYMBOL RANGE	executable logic	MAPPED	Feature-level semantic/dependency analysis required	NOT RUN	38172	-
hooks	248	arm9 Bag_UnregisterItem 08078208 2	True	arm9	Bag_UnregisterItem	0x08078208	2	ALLOW_SAVE_CHANGES && ITEM_POCKET_EXPANSION	0x02078208	src/bag.c:101	Bag_UnregisterItem	src/bag.c	59	C	main	0x02078208	SYMBOL RANGE	executable logic	MAPPED	Feature-level semantic/dependency analysis required	NOT RUN	38175	-
hooks	251	arm9 Bag_GetItemPocket 02078240	True	arm9	Bag_GetItemPocket	0x02078240		ALLOW_SAVE_CHANGES && ITEM_POCKET_EXPANSION	0x02078240	src/bag.c:115	Bag_GetItemPocket	src/bag.c	72	C	main	0x02078240	SYMBOL RANGE	executable logic	MAPPED	Feature-level semantic/dependency analysis required	NOT RUN	38177	-
hooks	252	arm9 Pocket_GetItemSlotForAdd 020782DC	True	arm9	Pocket_GetItemSlotForAdd	0x020782DC		ALLOW_SAVE_CHANGES && ITEM_POCKET_EXPANSION	0x020782DC	src/bag.c:155	Pocket_GetItemSlotForAdd	src/bag.c	110	C	main	0x020782DC	SYMBOL RANGE	executable logic	MAPPED	Feature-level semantic/dependency analysis required	NOT RUN	38179	-
hooks	253	arm9 Bag_GetItemSlotForAdd 02078340	True	arm9	Bag_GetItemSlotForAdd	0x02078340		ALLOW_SAVE_CHANGES && ITEM_POCKET_EXPANSION	0x02078340	src/bag.c:180	Bag_GetItemSlotForAdd	src/bag.c	133	C	main	0x02078340	SYMBOL RANGE	executable logic	MAPPED	Feature-level semantic/dependency analysis required	NOT RUN	38182	-
hooks	254	arm9 Bag_HasSpaceForItem_hook 02078388 5	True	arm9	Bag_HasSpaceForItem_hook	0x02078388	5	ALLOW_SAVE_CHANGES && ITEM_POCKET_EXPANSION	0x02078388	asm/general_hooks.s:60	Bag_HasSpaceForItem	src/bag.c	144	C	main	0x02078384	SYMBOL RANGE	executable logic	MAPPED	Feature-level semantic/dependency analysis required	NOT RUN	38184	-
hooks	255	arm9 Bag_AddItem 02078398	True	arm9	Bag_AddItem	0x02078398		ALLOW_SAVE_CHANGES && ITEM_POCKET_EXPANSION	0x02078398	src/bag.c:205;src/field/script_commands.c:293	Bag_AddItem	src/bag.c	148	C	main	0x02078398	SYMBOL RANGE	executable logic	MAPPED	Feature-level semantic/dependency analysis required	NOT RUN	38186	-
hooks	256	arm9 Pocket_GetItemSlotForRemove 020783E0	True	arm9	Pocket_GetItemSlotForRemove	0x020783E0		ALLOW_SAVE_CHANGES && ITEM_POCKET_EXPANSION	0x020783E0	src/bag.c:228	Pocket_GetItemSlotForRemove	src/bag.c	163	C	main	0x020783E0	SYMBOL RANGE	executable logic	MAPPED	Feature-level semantic/dependency analysis required	NOT RUN	38188	-
hooks	257	arm9 Bag_GetItemSlotForRemove 02078410	True	arm9	Bag_GetItemSlotForRemove	0x02078410		ALLOW_SAVE_CHANGES && ITEM_POCKET_EXPANSION	0x02078410	src/bag.c:243	Bag_GetItemSlotForRemove	src/bag.c	175	C	main	0x02078410	SYMBOL RANGE	executable logic	MAPPED	Feature-level semantic/dependency analysis required	NOT RUN	38190	-
hooks	258	arm9 Bag_TakeItem 02078434	True	arm9	Bag_TakeItem	0x02078434		ALLOW_SAVE_CHANGES && ITEM_POCKET_EXPANSION	0x02078434	src/bag.c:253;src/repel.c:53	Bag_TakeItem	src/bag.c	182	C	main	0x02078434	SYMBOL RANGE	executable logic	MAPPED	Feature-level semantic/dependency analysis required	NOT RUN	38192	-
hooks	259	arm9 Pocket_TakeItem 02078480	True	arm9	Pocket_TakeItem	0x02078480		ALLOW_SAVE_CHANGES && ITEM_POCKET_EXPANSION	0x02078480	src/bag.c:273	Pocket_TakeItem	src/bag.c	197	C	main	0x02078480	SYMBOL RANGE	executable logic	MAPPED	Feature-level semantic/dependency analysis required	NOT RUN	38194	-
hooks	260	arm9 Bag_HasItem_hook 020784B4 5	True	arm9	Bag_HasItem_hook	0x020784B4	5	ALLOW_SAVE_CHANGES && ITEM_POCKET_EXPANSION	0x020784B4	asm/general_hooks.s:78	Bag_HasItem	src/bag.c	210	C	main	0x020784B0	SYMBOL RANGE	executable logic	MAPPED	Feature-level semantic/dependency analysis required	NOT RUN	38196	-
hooks	263	arm9 Bag_PocketNotEmpty 080784C4 2	True	arm9	Bag_PocketNotEmpty	0x080784C4	2	ALLOW_SAVE_CHANGES && ITEM_POCKET_EXPANSION	0x020784C4	src/bag.c:292	Bag_PocketNotEmpty	src/bag.c	214	C	main	0x020784C4	SYMBOL RANGE	executable logic	MAPPED	Feature-level semantic/dependency analysis required	NOT RUN	38198	-
hooks	264	arm9 Bag_GetQuantity 08078550 3	True	arm9	Bag_GetQuantity	0x08078550	3	ALLOW_SAVE_CHANGES && ITEM_POCKET_EXPANSION	0x02078550	src/bag.c:343	Bag_GetQuantity	src/bag.c	262	C	main	0x02078550	SYMBOL RANGE	executable logic	MAPPED	Feature-level semantic/dependency analysis required	NOT RUN	38200	-
hooks	265	arm9 Pocket_GetQuantity 08078568 3	True	arm9	Pocket_GetQuantity	0x08078568	3	ALLOW_SAVE_CHANGES && ITEM_POCKET_EXPANSION	0x02078568	src/bag.c:352	Pocket_GetQuantity	src/bag.c	270	C	main	0x02078568	SYMBOL RANGE	executable logic	MAPPED	Feature-level semantic/dependency analysis required	NOT RUN	38202	-
hooks	266	arm9 SwapItemSlots 0807857C 2	True	arm9	SwapItemSlots	0x0807857C	2	ALLOW_SAVE_CHANGES && ITEM_POCKET_EXPANSION	0x0207857C	src/bag.c:361	SwapItemSlots	src/bag.c	278	C	main	0x0207857C	SYMBOL RANGE	executable logic	MAPPED	Feature-level semantic/dependency analysis required	NOT RUN	38204	-
hooks	267	arm9 PocketCompaction 080785A0 2	True	arm9	PocketCompaction	0x080785A0	2	ALLOW_SAVE_CHANGES && ITEM_POCKET_EXPANSION	0x020785A0	src/bag.c:368	PocketCompaction	src/bag.c	284	C	main	0x020785A0	SYMBOL RANGE	executable logic	MAPPED	Feature-level semantic/dependency analysis required	NOT RUN	38206	-
hooks	268	arm9 SortPocket 080785EC 2	True	arm9	SortPocket	0x080785EC	2	ALLOW_SAVE_CHANGES && ITEM_POCKET_EXPANSION	0x020785EC	src/bag.c:380	SortPocket	src/bag.c	294	C	main	0x020785EC	SYMBOL RANGE	executable logic	MAPPED	Feature-level semantic/dependency analysis required	NOT RUN	38208	-
hooks	269	arm9 CreateBagView 08078644 3	True	arm9	CreateBagView	0x08078644	3	ALLOW_SAVE_CHANGES && ITEM_POCKET_EXPANSION	0x02078644	src/bag.c:418	Bag_CreateView	src/bag.c	304	C	main	0x02078644	SYMBOL RANGE	executable logic	MAPPED	Feature-level semantic/dependency analysis required	NOT RUN	38210	-
hooks	270	arm9 Bag_GetPocketSlotN 08078724 3	True	arm9	Bag_GetPocketSlotN	0x08078724	3	ALLOW_SAVE_CHANGES && ITEM_POCKET_EXPANSION	0x02078724	src/bag.c:453	Bag_GetPocketSlotN	src/bag.c	337	C	main	0x02078724	SYMBOL RANGE	executable logic	MAPPED	Feature-level semantic/dependency analysis required	NOT RUN	38212	-
hooks	277	arm9 Party_TryResetShaymin 08071E78 3	True	arm9	Party_TryResetShaymin	0x08071E78	3		0x02071E78	src/pokemon.c:1014	Party_TryResetShaymin	src/pokemon.c	3590	C	main	0x02071E78	SYMBOL RANGE	executable logic	MAPPED	Feature-level semantic/dependency analysis required	NOT RUN	36864	-
hooks	280	arm9 GetBoxMonSex 0806FF90 1	True	arm9	GetBoxMonSex	0x0806FF90	1		0x0206FF90	src/pokemon.c:1218	GetBoxMonGender	src/pokemon.c	2079	C	main	0x0206FF90	SYMBOL RANGE	executable logic	MAPPED	Feature-level semantic/dependency analysis required	NOT RUN	36681	-
hooks	281	arm9 grab_sex_for_GetBoxMonData 0806EA1A 1	True	arm9	grab_sex_for_GetBoxMonData	0x0806EA1A	1		0x0206EA1A	asm/other_hook.s:329	GetBoxMonDataInternal	src/pokemon.c	481	C	main	0x0206E6A0	SYMBOL RANGE	executable logic	MAPPED	Feature-level semantic/dependency analysis required	NOT RUN	36605	-
hooks	284	0012 MoveHitUTurnHeldItemEffectCheck 080206E0 3	True	0012	MoveHitUTurnHeldItemEffectCheck	0x080206E0	3		0x02257FA0	src/battle/battle_item.c:35	CheckItemEffectOnUTurn	src/battle/overlay_12_0224E4FC.c	6171	C	OVY_12	0x02257FA0	SYMBOL RANGE	executable logic	MAPPED	Feature-level semantic/dependency analysis required	NOT RUN	81889	-
hooks	286	0012 ServerWazaHitAfterCheckAct 080168FC 2	True	0012	ServerWazaHitAfterCheckAct	0x080168FC	2		0x0224E1BC	src/battle/battle_item.c:134	ov12_0224E1BC	src/battle/battle_controller_player.c	3274	C	OVY_12	0x0224E1BC	SYMBOL RANGE	executable logic	MAPPED	Feature-level semantic/dependency analysis required	NOT RUN	81522	-
hooks	288	0012 ServerDoPostMoveEffects 0224CC88 2	True	0012	ServerDoPostMoveEffects	0x0224CC88	2		0x0224CC88	src/battle/ability.c:1042	ov12_0224CC88	src/battle/battle_controller_player.c	3033	C	OVY_12	0x0224CC88	SYMBOL RANGE	executable logic	MAPPED	Feature-level semantic/dependency analysis required	NOT RUN	81449	-
hooks	290	0012 CheckDefenderItemEffectOnHit 02255634 3	True	0012	CheckDefenderItemEffectOnHit	0x02255634	3		0x02255634	src/battle/battle_item.c:233;src/individual/CheckDefenderItemEffectOnHit.c:27;src/individual/ServerDoPostMoveEffects.c:822;src/individual/ServerDoPostMoveEffects.c:2373	CheckItemEffectOnHit	src/battle/overlay_12_0224E4FC.c	4519	C	OVY_12	0x02255634	SYMBOL RANGE	executable logic	MAPPED	Feature-level semantic/dependency analysis required	NOT RUN	81786	-
hooks	292	arm9 GetMoveDataTable 02073300 1	True	arm9	GetMoveDataTable	0x02073300	1		0x02073300	src/moves.c:233	LoadMoveTbl	src/move.c	9	C	main	0x02073300	SYMBOL RANGE	executable logic	MAPPED	Feature-level semantic/dependency analysis required	NOT RUN	36988	-
hooks	295	arm9 HandleLoadOverlay 02006FF8 2	True	arm9	HandleLoadOverlay	0x02006FF8	2		0x02006FF8	src/overlay.c:96	HandleLoadOverlay	src/poke_overlay.c	62	C	main	0x02006FF8	SYMBOL RANGE	executable logic	MAPPED	Feature-level semantic/dependency analysis required	NOT RUN	13141	-
hooks	296	arm9 UnloadOverlayByID 02006F7C 1	True	arm9	UnloadOverlayByID	0x02006F7C	1		0x02006F7C	src/overlay.c:47	UnloadOverlayByID	src/poke_overlay.c	33	C	main	0x02006F7C	SYMBOL RANGE	executable logic	MAPPED	Feature-level semantic/dependency analysis required	NOT RUN	13136	-
hooks	298	arm9 GF_Snd_LoadSeq 02004764 1	True	arm9	GF_Snd_LoadSeq	0x02004764	1		0x02004764	src/sound.c:7	GF_Snd_LoadSeq	src/sound.c	377	C	main	0x02004764	SYMBOL RANGE	executable logic	MAPPED	Feature-level semantic/dependency analysis required	NOT RUN	11975	-
hooks	299	arm9 GF_Snd_LoadSeqEx 02004784 2	True	arm9	GF_Snd_LoadSeqEx	0x02004784	2		0x02004784	src/sound.c:31	GF_Snd_LoadSeqEx	src/sound.c	387	C	main	0x02004784	SYMBOL RANGE	executable logic	MAPPED	Feature-level semantic/dependency analysis required	NOT RUN	11977	-
hooks	301	arm9 StoreFieldSysPtr 0203E028 1	True	arm9	StoreFieldSysPtr	0x0203E028	1		0x0203E028	asm/other_hook.s:342	FieldSystem_New	src/field_system.c	139	C	main	0x0203DFE0	SYMBOL RANGE	executable logic	MAPPED	Feature-level semantic/dependency analysis required	NOT RUN	25701	-
hooks	303	arm9 GetItemFieldUseFunc 02064980 2	True	arm9	GetItemFieldUseFunc	0x02064980	2		0x02064980	src/item.c:393	GetItemFieldUseFunc	src/field_use_item.c	136	C	main	0x02064980	SYMBOL RANGE	executable logic	MAPPED	Feature-level semantic/dependency analysis required	NOT RUN	34501	-
hooks	308	arm9 FUN_GDMI 02023174 3	True	arm9	FUN_GDMI	0x02023174	3	IMPLEMENT_BDHCAM_ROUTINE	0x02023174	asm/field/bdhcam_routine.s:30	Camera_PushLookAtToNNSGlb	src/camera.c	157	C	main	0x02023154	SYMBOL RANGE	executable logic	MAPPED	Feature-level semantic/dependency analysis required	NOT RUN	18415	-
hooks	309	0001 FUN_RHDtaArc 021FB04C 3	True	0001	FUN_RHDtaArc	0x021FB04C	3	IMPLEMENT_BDHCAM_ROUTINE	0x021FB04C	asm/field/bdhcam_routine.s:794	ov01_021FB04C	asm/overlay_01_021FB04C.s	18	ASM	field	0x021FB04C	SYMBOL RANGE	executable logic	MAPPED	Feature-level semantic/dependency analysis required	NOT RUN	59905	-
hooks	310	0001 FUN_ReadEntryDataArc 021FB164 3	True	0001	FUN_ReadEntryDataArc	0x021FB164	3	IMPLEMENT_BDHCAM_ROUTINE	0x021FB164	asm/field/bdhcam_routine.s:751	ov01_021FB164	asm/overlay_01_021FB04C.s	177	ASM	field	0x021FB164	SYMBOL RANGE	executable logic	MAPPED	Feature-level semantic/dependency analysis required	NOT RUN	59934	-
hooks	311	arm9 IsPlayerOnIce 0205B828 1	True	arm9	IsPlayerOnIce	0x0205B828	1	IMPLEMENT_BDHCAM_ROUTINE	0x0205B828		MetatileBehavior_IsIce	src/metatile_behavior.c	370	C	main	0x0205B828	SYMBOL RANGE	executable logic	MAPPED	Feature-level semantic/dependency analysis required	NOT RUN	30830	-
hooks	319	arm9 Tr_TextBox 0205B564 2	False	arm9	Tr_TextBox	0x0205B564	2	IMPLEMENT_TRANSPARENT_TEXTBOXES	0x0205B564	src/textbox.c:7	DialogBox_LoadFrame	src/dialog_box.c	37	C	main	0x0205B564	SYMBOL RANGE	executable logic	MAPPED	Feature-level semantic/dependency analysis required	NOT RUN	30760	-
hooks	320	arm9 FieldMsgPrintInit 0205B4EC 2	False	arm9	FieldMsgPrintInit	0x0205B4EC	2	IMPLEMENT_TRANSPARENT_TEXTBOXES	0x0205B4EC	src/textbox.c:23	FieldMessage_LoadTextPalettes	src/dialog_box.c	21	C	main	0x0205B4EC	SYMBOL RANGE	executable logic	MAPPED	Feature-level semantic/dependency analysis required	NOT RUN	30754	-
hooks	321	arm9 WindowClose 02041190 0	False	arm9	WindowClose	0x02041190	0	IMPLEMENT_TRANSPARENT_TEXTBOXES	0x02041190	asm/other_hook.s:357	ScrCmd_CloseMsg	src/scrcmd_c.c	695	C	main	0x02041168	SYMBOL RANGE	executable logic	MAPPED	Feature-level semantic/dependency analysis required	NOT RUN	26291	-
hooks	325	arm9 GrabCryNumSpeciesForm 02006A0C 2	True	arm9	GrabCryNumSpeciesForm	0x02006A0C	2		0x02006A0C	src/pokemon.c:1631	sub_02006A0C	asm/unk_02005D10.s	1619	ASM	main	0x02006A0C	SYMBOL RANGE	executable logic	MAPPED	Feature-level semantic/dependency analysis required	NOT RUN	13026	-
hooks	330	0002 WildEncSingle 02247424 0	False	0002	WildEncSingle	0x02247424	0	IMPLEMENT_WILD_DOUBLE_BATTLES	0x02247424	src/pokemon.c:1735	FieldSystem_GenerateLandRegularEncounter	src/field/encounter_check.c	520	C	OVY_2	0x02247424	SYMBOL RANGE	executable logic	MAPPED	Feature-level semantic/dependency analysis required	NOT RUN	63917	-
hooks	331	0002 WildWaterEncSingle 022474E0	False	0002	WildWaterEncSingle	0x022474E0		IMPLEMENT_WILD_DOUBLE_BATTLES	0x022474E0	src/pokemon.c:1762	FieldSystem_GenerateSurfingEncounter	src/field/encounter_check.c	545	C	OVY_2	0x022474E0	SYMBOL RANGE	executable logic	MAPPED	Feature-level semantic/dependency analysis required	NOT RUN	63926	-
hooks	334	0002 TryTriggerWildDoubleBattle 02246E0E 0	False	0002	TryTriggerWildDoubleBattle	0x02246E0E	0	IMPLEMENT_WILD_DOUBLE_BATTLES	0x02246E0E	asm/other_hook.s:373	FieldSystem_PerformLandOrSurfEncounterCheck	src/field/encounter_check.c	215	C	OVY_2	0x02246C8C	SYMBOL RANGE	executable logic	MAPPED	Feature-level semantic/dependency analysis required	NOT RUN	63907	-
hooks	335	0012 KeepPlayerPaletteIntact 022607BC 1	False	0012	KeepPlayerPaletteIntact	0x022607BC	1	IMPLEMENT_WILD_DOUBLE_BATTLES	0x022607BC	asm/other_hook.s:457	ov12_02260668	asm/overlay_12_battle_controller_opponent.s	15907	ASM	OVY_12	0x02260668	SYMBOL RANGE	executable logic	MAPPED	Feature-level semantic/dependency analysis required	NOT RUN	84071	-
hooks	336	0012 MakeSureDoublesBitIsSet 0226328E 0	False	0012	MakeSureDoublesBitIsSet	0x0226328E	0	IMPLEMENT_WILD_DOUBLE_BATTLES	0x0226328E	asm/battle/battle_hooks.s:297	ov12_02263138	asm/overlay_12_battle_controller.s	2163	ASM	OVY_12	0x02263138	SYMBOL RANGE	executable logic	MAPPED	Feature-level semantic/dependency analysis required	NOT RUN	84623	-
hooks	337	0008 ReleaseDoubleBattleWhenOnlyOneMon 02222CBC 1	False	0008	ReleaseDoubleBattleWhenOnlyOneMon	0x02222CBC	1	IMPLEMENT_WILD_DOUBLE_BATTLES	0x02222CBC	asm/other_hook.s:429	ov08_02222B8C	asm/overlay_08.s	13426	ASM	OVY_8	0x02222B8C	SYMBOL RANGE	executable logic	MAPPED	Feature-level semantic/dependency analysis required	NOT RUN	77590	-
hooks	343	0012 Task_DistributeExp_capture_experience_hook 0224688A 0	True	0012	Task_DistributeExp_capture_experience_hook	0x0224688A	0	IMPLEMENT_CAPTURE_EXPERIENCE	0x0224688A	asm/battle/battle_hooks.s:211	Task_GetPokemon	src/battle/battle_command.c	6645	C	OVY_12	0x022465A8	SYMBOL RANGE	executable logic	MAPPED	Feature-level semantic/dependency analysis required	NOT RUN	81238	-
hooks	344	0012 DontFreeMemoryIfCatchExp 022463A0 0	True	0012	DontFreeMemoryIfCatchExp	0x022463A0	0	IMPLEMENT_CAPTURE_EXPERIENCE	0x022463A0	asm/battle/battle_hooks.s:257	Task_GetExp	src/battle/battle_command.c	5992	C	OVY_12	0x02245898	SYMBOL RANGE	executable logic	MAPPED	Feature-level semantic/dependency analysis required	NOT RUN	81228	-
hooks	349	0012 CalculateBallShakes 02247228 2	True	0012	CalculateBallShakes	0x02247228	2		0x02247228	src/battle/battle_script_commands.c:3740	BattleSystem_CalculateBallShakes	src/battle/battle_command.c	7180	C	OVY_12	0x02247228	SYMBOL RANGE	executable logic	MAPPED	Feature-level semantic/dependency analysis required	NOT RUN	81248	-
hooks	351	0012 DealWithCriticalCaptureShakes_hook 02246758 1	True	0012	DealWithCriticalCaptureShakes_hook	0x02246758	1	IMPLEMENT_CRITICAL_CAPTURE	0x02246758	asm/battle/battle_hooks.s:284	Task_GetPokemon	src/battle/battle_command.c	6645	C	OVY_12	0x022465A8	SYMBOL RANGE	executable logic	MAPPED	Feature-level semantic/dependency analysis required	NOT RUN	81238	-
hooks	352	0007 LoadCaptureSuccessSPA 0223261C 1	True	0007	LoadCaptureSuccessSPA	0x0223261C	1	IMPLEMENT_CRITICAL_CAPTURE	0x0223261C	src/battle/battle_script_commands.c:3804	ov07_0223261C	asm/overlay_07.s	46259	ASM	OVY_7	0x0223261C	SYMBOL RANGE	executable logic	MAPPED	Feature-level semantic/dependency analysis required	NOT RUN	74991	-
hooks	353	0007 LoadCaptureSuccessSPAStarEmitter 02232644 1	True	0007	LoadCaptureSuccessSPAStarEmitter	0x02232644	1	IMPLEMENT_CRITICAL_CAPTURE	0x02232644	src/battle/battle_script_commands.c:3821	ov07_02232644	asm/overlay_07.s	46285	ASM	OVY_7	0x02232644	SYMBOL RANGE	executable logic	MAPPED	Feature-level semantic/dependency analysis required	NOT RUN	74999	-
hooks	354	0007 LoadCaptureSuccessSPANumEmitters 02232630 1	True	0007	LoadCaptureSuccessSPANumEmitters	0x02232630	1	IMPLEMENT_CRITICAL_CAPTURE	0x02232630	src/battle/battle_script_commands.c:3838	ov07_02232630	asm/overlay_07.s	46272	ASM	OVY_7	0x02232630	SYMBOL RANGE	executable logic	MAPPED	Feature-level semantic/dependency analysis required	NOT RUN	74995	-
hooks	358	0012 ShouldUseNormalTypeEffCalc 02251C74	True	0012	ShouldUseNormalTypeEffCalc	0x02251C74			0x02251C74	src/battle/other_battle_calculators.c:1959;src/battle/other_battle_calculators.c:1967;src/battle/other_battle_calculators.c:1973;src/battle/other_battle_calculators.c:1979;src/battle/other_battle_calculators.c:1990;src/battle/other_battle_calculators.c:1998;src/battle/other_battle_calculators.c:2004;src/battle/other_battle_calculators.c:2010;src/battle/other_battle_calculators.c:2125;src/battle/other_battle_calculators.c:2136;src/battle/other_battle_calculators.c:2145;src/battle/other_battle_calculators.c:2154;src/battle/other_battle_calculators.c:4748	ov12_02251C74	src/battle/overlay_12_0224E4FC.c	2199	C	OVY_12	0x02251C74	SYMBOL RANGE	executable logic	MAPPED	Feature-level semantic/dependency analysis required	NOT RUN	81637	-
hooks	359	0012 ServerDoTypeCalcMod 02251D28	True	0012	ServerDoTypeCalcMod	0x02251D28			0x02251D28	src/battle/other_battle_calculators.c:2059	ov12_02251D28	src/battle/overlay_12_0224E4FC.c	2228	C	OVY_12	0x02251D28	SYMBOL RANGE	executable logic	MAPPED	Feature-level semantic/dependency analysis required	NOT RUN	81640	-
hooks	360	0012 AITypeCalc 02252054	True	0012	AITypeCalc	0x02252054			0x02252054	src/battle/ai.c:32	ov12_02252054	src/battle/overlay_12_0224E4FC.c	2331	C	OVY_12	0x02252054	SYMBOL RANGE	executable logic	MAPPED	Feature-level semantic/dependency analysis required	NOT RUN	81643	-
hooks	361	0012 GrabMoveTypeForConversion2 0224DD7C 2	True	0012	GrabMoveTypeForConversion2	0x0224DD7C	2		0x0224DD7C	asm/battle/battle_hooks.s:322	ov12_0224DD74	src/battle/battle_controller_player.c	3705	C	OVY_12	0x0224DD74	SYMBOL RANGE	executable logic	MAPPED	Feature-level semantic/dependency analysis required	NOT RUN	81505	-
hooks	364	0112 GrabPokewalkerMonSpriteIndex 021E9480 3	True	0112	GrabPokewalkerMonSpriteIndex	0x021E9480	3		0x021E9480	src/field/pokewalker.c:142	ov112_021E9480	asm/overlay_112.s	7136	ASM	OVY_112	0x021E9480	SYMBOL RANGE	executable logic	MAPPED	Feature-level semantic/dependency analysis required	NOT RUN	201057	-
hooks	370	arm9 Summary_IVEV 02088B60 1	True	arm9	Summary_IVEV	0x02088B60	1	IMPLEMENT_NEW_EV_IV_VIEWER	0x02088B60	asm/other_hook.s:496	sub_02088B40	asm/unk_02088288.s	1037	ASM	main	0x02088B40	SYMBOL RANGE	executable logic	MAPPED	Feature-level semantic/dependency analysis required	NOT RUN	40266	-
hooks	371	arm9 Summary_Entry_Hook 0208D2C4 1	True	arm9	Summary_Entry_Hook	0x0208D2C4	1	IMPLEMENT_NEW_EV_IV_VIEWER	0x0208D2C4	asm/other_hook.s:481	sub_0208D178	asm/unk_0208C3E4.s	1683	ASM	main	0x0208D178	SYMBOL RANGE	executable logic	MAPPED	Feature-level semantic/dependency analysis required	NOT RUN	41562	-
hooks	376	arm9 CanUseItemOnMonInParty_hook 020902BC 5	True	arm9	CanUseItemOnMonInParty_hook	0x020902BC	5		0x020902BC	asm/general_hooks.s:96	CanUseItemOnMonInParty	src/use_item_on_mon.c	219	C	main	0x020902B8	SYMBOL RANGE	executable logic	MAPPED	Feature-level semantic/dependency analysis required	NOT RUN	42184	-
hooks	379	0012 ImplementLevelCap_hook 02245A28 3	True	0012	ImplementLevelCap_hook	0x02245A28	3	IMPLEMENT_LEVEL_CAP	0x02245A28	asm/general_hooks.s:21	Task_GetExp	src/battle/battle_command.c	5992	C	OVY_12	0x02245898	SYMBOL RANGE	executable logic	MAPPED	Feature-level semantic/dependency analysis required	NOT RUN	81228	-
hooks	380	arm9 Pokemon_TryLevelUp 02070DB4 1	True	arm9	Pokemon_TryLevelUp	0x02070DB4	1	IMPLEMENT_LEVEL_CAP	0x02070DB4	src/pokemon.c:1889	Pokemon_TryLevelUp	src/pokemon.c	2762	C	main	0x02070DB4	SYMBOL RANGE	executable logic	MAPPED	Feature-level semantic/dependency analysis required	NOT RUN	36751	-
hooks	381	arm9 CapRareCandies 0208FEEA 1	True	arm9	CapRareCandies	0x0208FEEA	1	IMPLEMENT_LEVEL_CAP	0x0208FEEA	asm/general_hooks.s:43	CanUseItemOnPokemon	src/use_item_on_mon.c	14	C	main	0x0208FD9C	SYMBOL RANGE	executable logic	MAPPED	Feature-level semantic/dependency analysis required	NOT RUN	42182	-
hooks	386	0012 ServerFieldConditionCheck 022494DC 2	True	0012	ServerFieldConditionCheck	0x022494DC	2		0x022494DC	src/battle/weather.c:8;src/individual/ServerFieldConditionCheck.c:112	BattleControllerPlayer_UpdateFieldCondition	src/battle/battle_controller_player.c	822	C	OVY_12	0x022494DC	SYMBOL RANGE	executable logic	MAPPED	Feature-level semantic/dependency analysis required	NOT RUN	81347	-
hooks	389	0018 FormatDexNumberAnimationDigits 021E6A98 3	True	0018	FormatDexNumberAnimationDigits	0x021E6A98	3		0x021E6A98	src/pokedex/pokedex.c:25	PokedexApp_3DigitNumToTiles	src/application/pokedex/ov18_021E5C40.c	1044	C	OVY_18	0x021E6A98	SYMBOL RANGE	executable logic	MAPPED	Feature-level semantic/dependency analysis required	NOT RUN	98258	-
hooks	392	0012 GrabClientFromBattleScriptParam 0224768C 3	True	0012	GrabClientFromBattleScriptParam	0x0224768C	3		0x0224768C	src/battle/battle_script_commands.c:673	BattleSystem_GetBattlerIDBySide	src/battle/battle_command.c	7381	C	OVY_12	0x0224768C	SYMBOL RANGE	executable logic	MAPPED	Feature-level semantic/dependency analysis required	NOT RUN	81255	-
hooks	393	0012 read_battle_script_param 022454E8 1	True	0012	read_battle_script_param	0x022454E8	1		0x022454E8	src/battle/battle_script_commands.c:611	BattleScriptReadWord	src/battle/battle_command.c	108	C	OVY_12	0x022454E8	SYMBOL RANGE	executable logic	MAPPED	Feature-level semantic/dependency analysis required	NOT RUN	81215	-
hooks	394	0012 LoadBattleSubSeqScript 0224EB9C 3	True	0012	LoadBattleSubSeqScript	0x0224EB9C	3		0x0224EB9C	src/battle/battle_script_commands.c:628	ReadBattleScriptFromNarc	src/battle/overlay_12_0224E4FC.c	179	C	OVY_12	0x0224EB9C	SYMBOL RANGE	executable logic	MAPPED	Feature-level semantic/dependency analysis required	NOT RUN	81538	-
hooks	395	0012 PushAndLoadBattleScript 0224EBDC 3	True	0012	PushAndLoadBattleScript	0x0224EBDC	3		0x0224EBDC	src/battle/battle_script_commands.c:648	ov12_0224EBDC	src/battle/overlay_12_0224E4FC.c	188	C	OVY_12	0x0224EBDC	SYMBOL RANGE	executable logic	MAPPED	Feature-level semantic/dependency analysis required	NOT RUN	81540	-
hooks	397	0012 ServerInit 02248660 1	True	0012	ServerInit	0x02248660	1		0x02248660	src/battle/battle_start.c:36	BattleContext_New	src/battle/battle_controller_player.c	146	C	OVY_12	0x02248660	SYMBOL RANGE	executable logic	MAPPED	Feature-level semantic/dependency analysis required	NOT RUN	81308	-
hooks	399	0012 CantEscape 02252980	True	0012	CantEscape	0x02252980			0x02252980	src/battle/other_battle_calculators.c:2231	CantEscape	src/battle/overlay_12_0224E4FC.c	2716	C	OVY_12	0x02252980	SYMBOL RANGE	executable logic	MAPPED	Feature-level semantic/dependency analysis required	NOT RUN	81697	-
hooks	400	0012 BattlerCantSwitch 02255920 3	True	0012	BattlerCantSwitch	0x02255920	3		0x02255920	src/battle/other_battle_calculators.c:2321	BattlerCanSwitch	src/battle/overlay_12_0224E4FC.c	4629	C	OVY_12	0x02255920	SYMBOL RANGE	executable logic	MAPPED	Feature-level semantic/dependency analysis required	NOT RUN	81807	-
hooks	401	0012 BattleTryRun 02252B68 3	True	0012	BattleTryRun	0x02252B68	3		0x02252B68	src/battle/other_battle_calculators.c:2361	BattleTryRun	src/battle/overlay_12_0224E4FC.c	2794	C	OVY_12	0x02252B68	SYMBOL RANGE	executable logic	MAPPED	Feature-level semantic/dependency analysis required	NOT RUN	81700	-
hooks	402	0012 CheckSubstitute 02256838 2	True	0012	CheckSubstitute	0x02256838	2		0x02256838	src/battle/ability.c:474;src/battle/other_battle_calculators.c:3137;src/battle/other_battle_calculators.c:3147;src/battle/other_battle_calculators.c:3158;src/battle/other_battle_calculators.c:3167;src/battle/other_battle_calculators.c:4459;src/individual/CalcBaseDamage.c:295;src/individual/CalcBaseDamage.c:306;src/individual/CheckDefenderItemEffectOnHit.c:32;src/individual/MoveHitDefenderAbilityCheck.c:33;src/individual/ServerDoPostMoveEffects.c:1033;src/individual/ServerDoPostMoveEffects.c:1084;src/individual/ServerDoPostMoveEffects.c:1221;src/individual/ServerDoPostMoveEffects.c:1232;src/individual/ServerDoPostMoveEffects.c:1244;src/individual/ServerDoPostMoveEffects.c:1335;src/individual/ServerDoPostMoveEffects.c:1577;src/individual/ServerDoPostMoveEffects.c:1806;src/individual/ServerDoPostMoveEffects.c:1904;src/individual/ServerDoPostMoveEffects.c:1999;src/individual/ServerDoPostMoveEffects.c:2033;src/individual/ServerDoPostMoveEffects.c:2222;src/individual/ServerDoPostMoveEffects.c:2634	BattlerCheckSubstitute	src/battle/overlay_12_0224E4FC.c	1291	C	OVY_12	0x02256838	SYMBOL RANGE	executable logic	MAPPED	Feature-level semantic/dependency analysis required	NOT RUN	81835	-
hooks	404	arm9 ModifyStatByNature 0206FE3C 3	True	arm9	ModifyStatByNature	0x0206FE3C	3		0x0206FE3C	src/summary.c:190	ModifyStatByNature	src/pokemon.c	1991	C	main	0x0206FE3C	SYMBOL RANGE	executable logic	MAPPED	Feature-level semantic/dependency analysis required	NOT RUN	36673	-
hooks	407	0012 target_select_inject_illusion_icon 02267CDC 0	True	0012	target_select_inject_illusion_icon	0x02267CDC	0		0x02267CDC	asm/battle/battle_hooks.s:336	BattleInput_CreateTargetMenuObjects	src/battle/battle_input.c	2234	C	OVY_12	0x02267C24	SYMBOL RANGE	executable logic	MAPPED	Feature-level semantic/dependency analysis required	NOT RUN	85211	-
hooks	412	arm9 SaveData_New 020271B0 0	True	arm9	SaveData_New	0x020271B0	0	ALLOW_SAVE_CHANGES && EXPAND_PC_BOXES	0x020271B0	src/save.c:128	SaveData_New	src/save.c	68	C	main	0x020271B0	SYMBOL RANGE	executable logic	MAPPED	Feature-level semantic/dependency analysis required	NOT RUN	19311	-
hooks	413	arm9 SaveArray_Get 020272C8 2	True	arm9	SaveArray_Get	0x020272C8	2	ALLOW_SAVE_CHANGES && EXPAND_PC_BOXES	0x020272C8	src/save.c:184	SaveArray_Get	src/save.c	128	C	main	0x020272C8	SYMBOL RANGE	executable logic	MAPPED	Feature-level semantic/dependency analysis required	NOT RUN	19317	-
hooks	414	arm9 Save_DeleteAllData 020272F4 1	True	arm9	Save_DeleteAllData	0x020272F4	1	ALLOW_SAVE_CHANGES && EXPAND_PC_BOXES	0x020272F4	src/save.c:190	Save_DeleteAllData	src/save.c	137	C	main	0x020272F4	SYMBOL RANGE	executable logic	MAPPED	Feature-level semantic/dependency analysis required	NOT RUN	19323	-
hooks	415	arm9 SaveGameNormal 020273F0 1	True	arm9	SaveGameNormal	0x020273F0	1	ALLOW_SAVE_CHANGES && EXPAND_PC_BOXES	0x020273F0	src/save.c:213	SaveGameNormal	src/save.c	176	C	main	0x020273F0	SYMBOL RANGE	executable logic	MAPPED	Feature-level semantic/dependency analysis required	NOT RUN	19328	-
hooks	416	arm9 Save_NowWriteFile_AfterMGInit 0202746C 2	True	arm9	Save_NowWriteFile_AfterMGInit	0x0202746C	2	ALLOW_SAVE_CHANGES && EXPAND_PC_BOXES	0x0202746C	src/save.c:236	Save_NowWriteFile_AfterMGInit	src/save.c	198	C	main	0x0202746C	SYMBOL RANGE	executable logic	MAPPED	Feature-level semantic/dependency analysis required	NOT RUN	19330	-
hooks	417	arm9 Save_InitDynamicRegion 020274A8 1	True	arm9	Save_InitDynamicRegion	0x020274A8	1	ALLOW_SAVE_CHANGES && EXPAND_PC_BOXES	0x020274A8	src/save.c:250	Save_InitDynamicRegion	src/save.c	211	C	main	0x020274A8	SYMBOL RANGE	executable logic	MAPPED	Feature-level semantic/dependency analysis required	NOT RUN	19333	-
hooks	418	arm9 Save_PrepareForAsyncWrite 02027550 2	True	arm9	Save_PrepareForAsyncWrite	0x02027550	2	ALLOW_SAVE_CHANGES && EXPAND_PC_BOXES	0x02027550	src/save.c:258	Save_PrepareForAsyncWrite	src/save.c	264	C	main	0x02027550	SYMBOL RANGE	executable logic	MAPPED	Feature-level semantic/dependency analysis required	NOT RUN	19359	-
hooks	419	arm9 Save_WriteFileAsync 02027564 1	True	arm9	Save_WriteFileAsync	0x02027564	1	ALLOW_SAVE_CHANGES && EXPAND_PC_BOXES	0x02027564	src/save.c:263	Save_WriteFileAsync	src/save.c	268	C	main	0x02027564	SYMBOL RANGE	executable logic	MAPPED	Feature-level semantic/dependency analysis required	NOT RUN	19362	-
hooks	420	arm9 Save_Cancel 020275A4 1	True	arm9	Save_Cancel	0x020275A4	1	ALLOW_SAVE_CHANGES && EXPAND_PC_BOXES	0x020275A4	src/save.c:278	Save_Cancel	src/save.c	282	C	main	0x020275A4	SYMBOL RANGE	executable logic	MAPPED	Feature-level semantic/dependency analysis required	NOT RUN	19365	-
hooks	421	arm9 GetSaveSectorFooterPtr 020275F4 3	True	arm9	GetSaveSectorFooterPtr	0x020275F4	3	ALLOW_SAVE_CHANGES && EXPAND_PC_BOXES	0x020275F4	src/save.c:283	GetSaveSectorFooterPtr	src/save.c	319	C	main	0x020275F4	SYMBOL RANGE	executable logic	MAPPED	Feature-level semantic/dependency analysis required	NOT RUN	19382	-
hooks	422	arm9 ValidateSaveSectorFooter 0202761C 3	True	arm9	ValidateSaveSectorFooter	0x0202761C	3	ALLOW_SAVE_CHANGES && EXPAND_PC_BOXES	0x0202761C	src/save.c:294;src/save.c:365	ValidateSaveSectorFooter	src/save.c	329	C	main	0x0202761C	SYMBOL RANGE	executable logic	MAPPED	Feature-level semantic/dependency analysis required	NOT RUN	19385	-
hooks	423	arm9 SaveSlot_BuildFooter 020276C0 3	True	arm9	SaveSlot_BuildFooter	0x020276C0	3	ALLOW_SAVE_CHANGES && EXPAND_PC_BOXES	0x020276C0	src/save.c:316	SaveSlot_BuildFooter	src/save.c	362	C	main	0x020276C0	SYMBOL RANGE	executable logic	MAPPED	Feature-level semantic/dependency analysis required	NOT RUN	19390	-
hooks	424	arm9 Save_RecordWhichLatestGoodSector 020277BC	True	arm9	Save_RecordWhichLatestGoodSector	0x020277BC		ALLOW_SAVE_CHANGES && EXPAND_PC_BOXES	0x020277BC	src/save.c:336	Save_RecordWhichLatestGoodSector	src/save.c	423	C	main	0x020277BC	SYMBOL RANGE	executable logic	MAPPED	Feature-level semantic/dependency analysis required	NOT RUN	19397	-
hooks	425	arm9 Save_LoadDynamicRegion 02027AD4 1	True	arm9	Save_LoadDynamicRegion	0x02027AD4	1	ALLOW_SAVE_CHANGES && EXPAND_PC_BOXES	0x02027AD4	src/save.c:351	Save_LoadDynamicRegion	src/save.c	166	C	main	0x02027AD4	SYMBOL RANGE	executable logic	MAPPED	Feature-level semantic/dependency analysis required	NOT RUN	19407	-
hooks	426	arm9 Save_WriteSlotAsync 02027B74 3	True	arm9	Save_WriteSlotAsync	0x02027B74	3	ALLOW_SAVE_CHANGES && EXPAND_PC_BOXES	0x02027B74	src/save.c:381	Save_WriteSlotAsync	src/save.c	596	C	main	0x02027B74	SYMBOL RANGE	executable logic	MAPPED	Feature-level semantic/dependency analysis required	NOT RUN	19410	-
hooks	427	arm9 Save_WriteChunkFooterAsync 02027BAC 3	True	arm9	Save_WriteChunkFooterAsync	0x02027BAC	3	ALLOW_SAVE_CHANGES && EXPAND_PC_BOXES	0x02027BAC	src/save.c:390	Save_WriteChunkFooterAsync	src/save.c	604	C	main	0x02027BAC	SYMBOL RANGE	executable logic	MAPPED	Feature-level semantic/dependency analysis required	NOT RUN	19413	-
hooks	428	arm9 Save_WriteManInit 02027BDC 3	True	arm9	Save_WriteManInit	0x02027BDC	3	ALLOW_SAVE_CHANGES && EXPAND_PC_BOXES	0x02027BDC	src/save.c:400	Save_WriteManInit	src/save.c	613	C	main	0x02027BDC	SYMBOL RANGE	executable logic	MAPPED	Feature-level semantic/dependency analysis required	NOT RUN	19416	-
hooks	429	arm9 Save_WriteManFinish 02027CEC 3	True	arm9	Save_WriteManFinish	0x02027CEC	3	ALLOW_SAVE_CHANGES && EXPAND_PC_BOXES	0x02027CEC	src/save.c:420	Save_WriteManFinish	src/save.c	674	C	main	0x02027CEC	SYMBOL RANGE	executable logic	MAPPED	Feature-level semantic/dependency analysis required	NOT RUN	19422	-
hooks	431	arm9 SaveData_InitSlotSpecs 02027EFC 2	True	arm9	SaveData_InitSlotSpecs	0x02027EFC	2	ALLOW_SAVE_CHANGES && EXPAND_PC_BOXES	0x02027EFC	src/save.c:470	SaveData_InitSlotSpecs	src/save.c	770	C	main	0x02027EFC	SYMBOL RANGE	executable logic	MAPPED	Feature-level semantic/dependency analysis required	NOT RUN	19439	-
hooks	433	arm9 HandleWriteSaveAsync_PCBoxes 02028968 2	True	arm9	HandleWriteSaveAsync_PCBoxes	0x02028968	2	ALLOW_SAVE_CHANGES && EXPAND_PC_BOXES	0x02028968	src/save.c:500	HandleWriteSaveAsync_PCBoxes	src/save.c	1213	C	main	0x02028968	SYMBOL RANGE	executable logic	MAPPED	Feature-level semantic/dependency analysis required	NOT RUN	19496	-
hooks	434	arm9 Save_WritePCBoxes 02028AB4 2	True	arm9	Save_WritePCBoxes	0x02028AB4	2	ALLOW_SAVE_CHANGES && EXPAND_PC_BOXES	0x02028AB4	src/save.c:563	Save_WritePCBoxes	src/save.c	1274	C	main	0x02028AB4	SYMBOL RANGE	executable logic	MAPPED	Feature-level semantic/dependency analysis required	NOT RUN	19499	-
hooks	435	arm9 Save_WriteNextPCBox 02028BA8 3	True	arm9	Save_WriteNextPCBox	0x02028BA8	3	ALLOW_SAVE_CHANGES && EXPAND_PC_BOXES	0x02028BA8	src/save.c:609	Save_WriteNextPCBox	src/save.c	1319	C	main	0x02028BA8	SYMBOL RANGE	executable logic	MAPPED	Feature-level semantic/dependency analysis required	NOT RUN	19502	-
hooks	436	arm9 Save_WritePCFooter 02028BF8 3	True	arm9	Save_WritePCFooter	0x02028BF8	3	ALLOW_SAVE_CHANGES && EXPAND_PC_BOXES	0x02028BF8	src/save.c:622	Save_WritePCFooter	src/save.c	1331	C	main	0x02028BF8	SYMBOL RANGE	executable logic	MAPPED	Feature-level semantic/dependency analysis required	NOT RUN	19504	-
hooks	437	arm9 Save_CalcPCBoxModifiedFlags 02028C70 1	True	arm9	Save_CalcPCBoxModifiedFlags	0x02028C70	1	ALLOW_SAVE_CHANGES && EXPAND_PC_BOXES	0x02028C70	src/save.c:647	Save_CalcPCBoxModifiedFlags	src/save.c	1354	C	main	0x02028C70	SYMBOL RANGE	executable logic	MAPPED	Feature-level semantic/dependency analysis required	NOT RUN	19507	-
hooks	438	arm9 PCModifiedFlags_CountModifiedBoxes 02028C9C 1	True	arm9	PCModifiedFlags_CountModifiedBoxes	0x02028C9C	1	ALLOW_SAVE_CHANGES && EXPAND_PC_BOXES	0x02028C9C	src/save.c:659	PCModifiedFlags_CountModifiedBoxes	src/save.c	1365	C	main	0x02028C9C	SYMBOL RANGE	executable logic	MAPPED	Feature-level semantic/dependency analysis required	NOT RUN	19510	-
hooks	439	arm9 PCModifiedFlags_GetIndexOfNthModifiedBox 02028CD4 2	True	arm9	PCModifiedFlags_GetIndexOfNthModifiedBox	0x02028CD4	2	ALLOW_SAVE_CHANGES && EXPAND_PC_BOXES	0x02028CD4	src/save.c:677	PCModifiedFlags_GetIndexOfNthModifiedBox	src/save.c	1381	C	main	0x02028CD4	SYMBOL RANGE	executable logic	MAPPED	Feature-level semantic/dependency analysis required	NOT RUN	19513	-
hooks	443	arm9 PCStorage_sizeof 02073B20 0	True	arm9	PCStorage_sizeof	0x02073B20	0	ALLOW_SAVE_CHANGES && EXPAND_PC_BOXES	0x02073B20	src/pokemon_storage_system.c:16	PCStorage_sizeof	src/pokemon_storage_system.c	19	C	main	0x02073B20	SYMBOL RANGE	executable logic	MAPPED	Feature-level semantic/dependency analysis required	NOT RUN	37029	-
hooks	444	arm9 PCStorage_InitializeBoxes 02073B28 1	True	arm9	PCStorage_InitializeBoxes	0x02073B28	1	ALLOW_SAVE_CHANGES && EXPAND_PC_BOXES	0x02073B28	src/pokemon_storage_system.c:21	PCStorage_InitializeBoxes	src/pokemon_storage_system.c	23	C	main	0x02073B28	SYMBOL RANGE	executable logic	MAPPED	Feature-level semantic/dependency analysis required	NOT RUN	37032	-
hooks	445	arm9 PCStorage_PlaceMonInFirstEmptySlotInAnyBox 02073BB8 2	True	arm9	PCStorage_PlaceMonInFirstEmptySlotInAnyBox	0x02073BB8	2	ALLOW_SAVE_CHANGES && EXPAND_PC_BOXES	0x02073BB8	src/pokemon_storage_system.c:67	PCStorage_PlaceMonInFirstEmptySlotInAnyBox	src/pokemon_storage_system.c	54	C	main	0x02073BB8	SYMBOL RANGE	executable logic	MAPPED	Feature-level semantic/dependency analysis required	NOT RUN	37034	-
hooks	446	arm9 PCStorage_PlaceMonInBoxFirstEmptySlot 02073BFC 3	True	arm9	PCStorage_PlaceMonInBoxFirstEmptySlot	0x02073BFC	3	ALLOW_SAVE_CHANGES && EXPAND_PC_BOXES	0x02073BFC	src/pokemon_storage_system.c:72;src/pokemon_storage_system.c:84	PCStorage_PlaceMonInBoxFirstEmptySlot	src/pokemon_storage_system.c	58	C	main	0x02073BFC	SYMBOL RANGE	executable logic	MAPPED	Feature-level semantic/dependency analysis required	NOT RUN	37036	-
hooks	447	arm9 PCStorage_PlaceMonInBoxByIndexPair 02073C6C	True	arm9	PCStorage_PlaceMonInBoxByIndexPair	0x02073C6C		ALLOW_SAVE_CHANGES && EXPAND_PC_BOXES	0x02073C6C	src/pokemon_storage_system.c:104	PCStorage_PlaceMonInBoxByIndexPair	src/pokemon_storage_system.c	86	C	main	0x02073C6C	SYMBOL RANGE	executable logic	MAPPED	Feature-level semantic/dependency analysis required	NOT RUN	37038	-
hooks	448	arm9 PCStorage_SwapMonsInBoxByIndexPair 02073CC0	True	arm9	PCStorage_SwapMonsInBoxByIndexPair	0x02073CC0		ALLOW_SAVE_CHANGES && EXPAND_PC_BOXES	0x02073CC0	src/pokemon_storage_system.c:123	PCStorage_SwapMonsInBoxByIndexPair	src/pokemon_storage_system.c	100	C	main	0x02073CC0	SYMBOL RANGE	executable logic	MAPPED	Feature-level semantic/dependency analysis required	NOT RUN	37040	-
hooks	449	arm9 PCStorage_DeleteBoxMonByIndexPair 02073D10 3	True	arm9	PCStorage_DeleteBoxMonByIndexPair	0x02073D10	3	ALLOW_SAVE_CHANGES && EXPAND_PC_BOXES	0x02073D10	src/pokemon_storage_system.c:140	PCStorage_DeleteBoxMonByIndexPair	src/pokemon_storage_system.c	109	C	main	0x02073D10	SYMBOL RANGE	executable logic	MAPPED	Feature-level semantic/dependency analysis required	NOT RUN	37042	-
hooks	450	arm9 PCStorage_GetActiveBox 02073D4C 1	True	arm9	PCStorage_GetActiveBox	0x02073D4C	1	ALLOW_SAVE_CHANGES && EXPAND_PC_BOXES	0x02073D4C	src/pokemon_storage_system.c:154	PCStorage_GetActiveBox	src/pokemon_storage_system.c	122	C	main	0x02073D4C	SYMBOL RANGE	executable logic	MAPPED	Feature-level semantic/dependency analysis required	NOT RUN	37044	-
hooks	451	arm9 PCStorage_FindFirstBoxWithEmptySlot 02073D54 1	True	arm9	PCStorage_FindFirstBoxWithEmptySlot	0x02073D54	1	ALLOW_SAVE_CHANGES && EXPAND_PC_BOXES	0x02073D54	src/pokemon_storage_system.c:159	PCStorage_FindFirstBoxWithEmptySlot	src/pokemon_storage_system.c	126	C	main	0x02073D54	SYMBOL RANGE	executable logic	MAPPED	Feature-level semantic/dependency analysis required	NOT RUN	37046	-
hooks	452	arm9 PCStorage_FindFirstEmptySlot 02073D9C 3	True	arm9	PCStorage_FindFirstEmptySlot	0x02073D9C	3	ALLOW_SAVE_CHANGES && EXPAND_PC_BOXES	0x02073D9C	src/pokemon_storage_system.c:178	PCStorage_FindFirstEmptySlot	src/pokemon_storage_system.c	144	C	main	0x02073D9C	SYMBOL RANGE	executable logic	MAPPED	Feature-level semantic/dependency analysis required	NOT RUN	37048	-
hooks	453	arm9 PCStorage_CountEmptySpotsInAllBoxes 02073DFC 1	True	arm9	PCStorage_CountEmptySpotsInAllBoxes	0x02073DFC	1	ALLOW_SAVE_CHANGES && EXPAND_PC_BOXES	0x02073DFC	src/pokemon_storage_system.c:214	PCStorage_CountEmptySpotsInAllBoxes	src/pokemon_storage_system.c	179	C	main	0x02073DFC	SYMBOL RANGE	executable logic	MAPPED	Feature-level semantic/dependency analysis required	NOT RUN	37050	-
hooks	454	arm9 PCStorage_CountEmptySpotsInBox 02073E40 2	True	arm9	PCStorage_CountEmptySpotsInBox	0x02073E40	2	ALLOW_SAVE_CHANGES && EXPAND_PC_BOXES	0x02073E40	src/pokemon_storage_system.c:227	PCStorage_CountEmptySpotsInBox	src/pokemon_storage_system.c	191	C	main	0x02073E40	SYMBOL RANGE	executable logic	MAPPED	Feature-level semantic/dependency analysis required	NOT RUN	37052	-
hooks	455	arm9 PCStorage_SetActiveBox 02073E84 2	True	arm9	PCStorage_SetActiveBox	0x02073E84	2	ALLOW_SAVE_CHANGES && EXPAND_PC_BOXES	0x02073E84	src/pokemon_storage_system.c:244	PCStorage_SetActiveBox	src/pokemon_storage_system.c	207	C	main	0x02073E84	SYMBOL RANGE	executable logic	MAPPED	Feature-level semantic/dependency analysis required	NOT RUN	37054	-
hooks	456	arm9 PCStorage_GetBoxWallpaper 02073E98 2	True	arm9	PCStorage_GetBoxWallpaper	0x02073E98	2	ALLOW_SAVE_CHANGES && EXPAND_PC_BOXES	0x02073E98	src/pokemon_storage_system.c:253	PCStorage_GetBoxWallpaper	src/pokemon_storage_system.c	215	C	main	0x02073E98	SYMBOL RANGE	executable logic	MAPPED	Feature-level semantic/dependency analysis required	NOT RUN	37057	-
hooks	457	arm9 PCStorage_IsValidWallpaperId 02073EB4 1	True	arm9	PCStorage_IsValidWallpaperId	0x02073EB4	1	ALLOW_SAVE_CHANGES && EXPAND_PC_BOXES	0x02073EB4	src/pokemon_storage_system.c:262;src/pokemon_storage_system.c:273	PCStorage_IsValidWallpaperId	src/pokemon_storage_system.c	223	C	main	0x02073EB4	SYMBOL RANGE	executable logic	MAPPED	Feature-level semantic/dependency analysis required	NOT RUN	37059	-
hooks	458	arm9 PCStorage_SetBoxWallpaper 02073EC8 3	True	arm9	PCStorage_SetBoxWallpaper	0x02073EC8	3	ALLOW_SAVE_CHANGES && EXPAND_PC_BOXES	0x02073EC8	src/pokemon_storage_system.c:268	PCStorage_SetBoxWallpaper	src/pokemon_storage_system.c	228	C	main	0x02073EC8	SYMBOL RANGE	executable logic	MAPPED	Feature-level semantic/dependency analysis required	NOT RUN	37062	-
hooks	459	arm9 PCStorage_GetBoxName 02073F00 3	True	arm9	PCStorage_GetBoxName	0x02073F00	3	ALLOW_SAVE_CHANGES && EXPAND_PC_BOXES	0x02073F00	src/pokemon_storage_system.c:280	PCStorage_GetBoxName	src/pokemon_storage_system.c	239	C	main	0x02073F00	SYMBOL RANGE	executable logic	MAPPED	Feature-level semantic/dependency analysis required	NOT RUN	37065	-
hooks	460	arm9 PCStorage_SetBoxName 02073F34 3	True	arm9	PCStorage_SetBoxName	0x02073F34	3	ALLOW_SAVE_CHANGES && EXPAND_PC_BOXES	0x02073F34	src/pokemon_storage_system.c:292	PCStorage_SetBoxName	src/pokemon_storage_system.c	250	C	main	0x02073F34	SYMBOL RANGE	executable logic	MAPPED	Feature-level semantic/dependency analysis required	NOT RUN	37068	-
hooks	461	arm9 PCStorage_CountMonsAndEggsInBox 02073F64 2	True	arm9	PCStorage_CountMonsAndEggsInBox	0x02073F64	2	ALLOW_SAVE_CHANGES && EXPAND_PC_BOXES	0x02073F64	src/pokemon_storage_system.c:302	PCStorage_CountMonsAndEggsInBox	src/pokemon_storage_system.c	259	C	main	0x02073F64	SYMBOL RANGE	executable logic	MAPPED	Feature-level semantic/dependency analysis required	NOT RUN	37070	-
hooks	462	arm9 PCStorage_CountMonsInBox 02073FA8 2	True	arm9	PCStorage_CountMonsInBox	0x02073FA8	2	ALLOW_SAVE_CHANGES && EXPAND_PC_BOXES	0x02073FA8	src/pokemon_storage_system.c:322	PCStorage_CountMonsInBox	src/pokemon_storage_system.c	278	C	main	0x02073FA8	SYMBOL RANGE	executable logic	MAPPED	Feature-level semantic/dependency analysis required	NOT RUN	37072	-
hooks	463	arm9 PCStorage_CountMonsInAllBoxes 02073FF8 1	True	arm9	PCStorage_CountMonsInAllBoxes	0x02073FF8	1	ALLOW_SAVE_CHANGES && EXPAND_PC_BOXES	0x02073FF8	src/pokemon_storage_system.c:343	PCStorage_CountMonsInAllBoxes	src/pokemon_storage_system.c	298	C	main	0x02073FF8	SYMBOL RANGE	executable logic	MAPPED	Feature-level semantic/dependency analysis required	NOT RUN	37074	-
hooks	464	arm9 PCStorage_GetMonDataByIndexPair 02074014	True	arm9	PCStorage_GetMonDataByIndexPair	0x02074014		ALLOW_SAVE_CHANGES && EXPAND_PC_BOXES	0x02074014	src/pokemon_storage_system.c:357	PCStorage_GetMonDataByIndexPair	src/pokemon_storage_system.c	308	C	main	0x02074014	SYMBOL RANGE	executable logic	MAPPED	Feature-level semantic/dependency analysis required	NOT RUN	37076	-
hooks	465	arm9 PCStorage_GetMonByIndexPair 02074058 3	True	arm9	PCStorage_GetMonByIndexPair	0x02074058	3	ALLOW_SAVE_CHANGES && EXPAND_PC_BOXES	0x02074058	src/pokemon_storage_system.c:374	PCStorage_GetMonByIndexPair	src/pokemon_storage_system.c	317	C	main	0x02074058	SYMBOL RANGE	executable logic	MAPPED	Feature-level semantic/dependency analysis required	NOT RUN	37078	-
hooks	466	arm9 PCStorage_UnlockBonusWallpaper 02074094 2	True	arm9	PCStorage_UnlockBonusWallpaper	0x02074094	2	ALLOW_SAVE_CHANGES && EXPAND_PC_BOXES	0x02074094	src/pokemon_storage_system.c:384	PCStorage_UnlockBonusWallpaper	src/pokemon_storage_system.c	326	C	main	0x02074094	SYMBOL RANGE	executable logic	MAPPED	Feature-level semantic/dependency analysis required	NOT RUN	37081	-
hooks	467	arm9 PCStorage_IsBonusWallpaperUnlocked 020740B4 2	True	arm9	PCStorage_IsBonusWallpaperUnlocked	0x020740B4	2	ALLOW_SAVE_CHANGES && EXPAND_PC_BOXES	0x020740B4	src/pokemon_storage_system.c:390	PCStorage_IsBonusWallpaperUnlocked	src/pokemon_storage_system.c	331	C	main	0x020740B4	SYMBOL RANGE	executable logic	MAPPED	Feature-level semantic/dependency analysis required	NOT RUN	37084	-
hooks	468	arm9 PCStorage_SetBoxModified 020740D8 2	True	arm9	PCStorage_SetBoxModified	0x020740D8	2	ALLOW_SAVE_CHANGES && EXPAND_PC_BOXES	0x020740D8	src/pokemon_storage_system.c:396	PCStorage_SetBoxModified	src/pokemon_storage_system.c	336	C	main	0x020740D8	SYMBOL RANGE	executable logic	MAPPED	Feature-level semantic/dependency analysis required	NOT RUN	37087	-
hooks	469	arm9 PCStorage_SetAllBoxesModified 020740F8 1	True	arm9	PCStorage_SetAllBoxesModified	0x020740F8	1	ALLOW_SAVE_CHANGES && EXPAND_PC_BOXES	0x020740F8	src/pokemon_storage_system.c:405	PCStorage_SetAllBoxesModified	src/pokemon_storage_system.c	344	C	main	0x020740F8	SYMBOL RANGE	executable logic	MAPPED	Feature-level semantic/dependency analysis required	NOT RUN	37090	-
hooks	470	arm9 PCStorage_ResetBoxModifiedFlags 02074108 1	True	arm9	PCStorage_ResetBoxModifiedFlags	0x02074108	1	ALLOW_SAVE_CHANGES && EXPAND_PC_BOXES	0x02074108	src/pokemon_storage_system.c:410	PCStorage_ResetBoxModifiedFlags	src/pokemon_storage_system.c	348	C	main	0x02074108	SYMBOL RANGE	executable logic	MAPPED	Feature-level semantic/dependency analysis required	NOT RUN	37093	-
hooks	471	arm9 PCStorage_GetBoxModifiedFlags 02074114 1	True	arm9	PCStorage_GetBoxModifiedFlags	0x02074114	1	ALLOW_SAVE_CHANGES && EXPAND_PC_BOXES	0x02074114	src/pokemon_storage_system.c:415	PCStorage_GetBoxModifiedFlags	src/pokemon_storage_system.c	352	C	main	0x02074114	SYMBOL RANGE	executable logic	MAPPED	Feature-level semantic/dependency analysis required	NOT RUN	37096	-
hooks	472	arm9 sub_02074128 02074128 1	True	arm9	sub_02074128	0x02074128	1	ALLOW_SAVE_CHANGES && EXPAND_PC_BOXES	0x02074128	src/pokemon_storage_system.c:420	sub_02074128	src/pokemon_storage_system.c	360	C	main	0x02074128	SYMBOL RANGE	executable logic	MAPPED	Feature-level semantic/dependency analysis required	NOT RUN	37100	-
hooks	479	0002 SetFixedWildEncounter 022480C0	True	0002	SetFixedWildEncounter	0x022480C0			0x022480C0	src/pokemon.c:1949	chooseAbilityCoercedSlot	src/field/encounter_check.c	1089	C	OVY_2	0x022480C0	SYMBOL RANGE	executable logic	MAPPED	Feature-level semantic/dependency analysis required	NOT RUN	63983	-
hooks	482	arm9 CalcShininessByOtIdAndPersonality 02070068 2	True	arm9	CalcShininessByOtIdAndPersonality	0x02070068	2		0x02070068	src/pokemon.c:1979	CalcShininessByOtIdAndPersonality	src/pokemon.c	2128	C	main	0x02070068	SYMBOL RANGE	executable logic	MAPPED	Feature-level semantic/dependency analysis required	NOT RUN	36695	-
hooks	485	0007 GrabAnimScriptCommand 0221F8B0 1	True	0007	GrabAnimScriptCommand	0x0221F8B0	1		0x0221F8B0	src/battle/anim.c:27	ov07_0221F8B0	asm/overlay_07.s	8014	ASM	OVY_7	0x0221F8B0	SYMBOL RANGE	executable logic	MAPPED	Feature-level semantic/dependency analysis required	NOT RUN	69390	-
hooks	488	arm9 MonTryLearnMoveOnLevelUp 02071534 3	True	arm9	MonTryLearnMoveOnLevelUp	0x02071534	3		0x02071534	src/pokemon.c:2020	MonTryLearnMoveOnLevelUp	src/pokemon.c	3142	C	main	0x02071534	SYMBOL RANGE	executable logic	MAPPED	Feature-level semantic/dependency analysis required	NOT RUN	36783	-
hooks	491	0007 AnimCmd_PlayCryEdit_hook 0221F854 0	True	0007	AnimCmd_PlayCryEdit_hook	0x0221F854	0		0x0221F854	asm/battle/battle_hooks.s:349	ov07_0221F81C	asm/overlay_07.s	7931	ASM	OVY_7	0x0221F81C	SYMBOL RANGE	executable logic	MAPPED	Feature-level semantic/dependency analysis required	NOT RUN	69381	-
hooks	493	arm9 ScrCmd_DaycareSanitizeMon 0204CFB8 1	True	arm9	ScrCmd_DaycareSanitizeMon	0x0204CFB8	1		0x0204CFB8	src/field/script_commands.c:274	ScrCmd_DaycareSanitizeMon	src/scrcmd_daycare.c	203	C	main	0x0204CFB8	SYMBOL RANGE	executable logic	MAPPED	Feature-level semantic/dependency analysis required	NOT RUN	27930	-
hooks	495	0012 BattleSystem_CheckMoveEffect 0224C018	True	0012	BattleSystem_CheckMoveEffect	0x0224C018			0x0224C018	src/battle/other_battle_calculators.c:2835;src/individual/BattleController_BeforeMove.c:3705	BattleSystem_CheckMoveEffect	src/battle/battle_controller_player.c	2553	C	OVY_12	0x0224C018	SYMBOL RANGE	executable logic	MAPPED	Feature-level semantic/dependency analysis required	NOT RUN	81418	-
hooks	500	arm9 AllocFail_hook 0201AA7C 0	False	arm9	AllocFail_hook	0x0201AA7C	0	DEBUG_PRINT_HEAP_OVERFLOW_MESSAGES	0x0201AA7C	asm/other_hook.s:575	AllocFail	src/heap.c	198	C	main	0x0201AA7C	SYMBOL RANGE	executable logic	MAPPED	Feature-level semantic/dependency analysis required	NOT RUN	17352	-
hooks	501	arm9 GF_AssertFail 0202551C 0	False	arm9	GF_AssertFail	0x0202551C	0	DEBUG_PRINT_HEAP_OVERFLOW_MESSAGES	0x0202551C	src/save.c:868	GF_AssertFail	src/error_handling.c	8	C	main	0x0202551C	SYMBOL RANGE	executable logic	MAPPED	Feature-level semantic/dependency analysis required	NOT RUN	18957	-
hooks	504	0012 BattleController_MoveEnd 0224D368 3	True	0012	BattleController_MoveEnd	0x0224D368	3		0x0224D368	src/battle/other_battle_calculators.c:2941	ov12_0224D368	src/battle/battle_controller_player.c	3318	C	OVY_12	0x0224D368	SYMBOL RANGE	executable logic	MAPPED	Feature-level semantic/dependency analysis required	NOT RUN	81473	-
hooks	505	0012 ov12_0224C4D8 0224C4D8 3	True	0012	ov12_0224C4D8	0x0224C4D8	3		0x0224C4D8	src/battle/other_battle_calculators.c:3184	ov12_0224C4D8	src/battle/battle_controller_player.c	2719	C	OVY_12	0x0224C4D8	SYMBOL RANGE	executable logic	MAPPED	Feature-level semantic/dependency analysis required	NOT RUN	81429	-
hooks	506	0012 ov12_0224C678 0224C678 3	True	0012	ov12_0224C678	0x0224C678	3		0x0224C678	src/battle/other_battle_calculators.c:3208	ov12_0224C678	src/battle/battle_controller_player.c	2796	C	OVY_12	0x0224C678	SYMBOL RANGE	executable logic	MAPPED	Feature-level semantic/dependency analysis required	NOT RUN	81436	-
hooks	507	0012 ov12_0224D03C 0224D03C 3	True	0012	ov12_0224D03C	0x0224D03C	3		0x0224D03C	src/battle/other_battle_calculators.c:3243	ov12_0224D03C	src/battle/battle_controller_player.c	3207	C	OVY_12	0x0224D03C	SYMBOL RANGE	executable logic	MAPPED	Feature-level semantic/dependency analysis required	NOT RUN	81460	-
hooks	508	0012 BattleController_LoopMultiHit 0224CF14 3	True	0012	BattleController_LoopMultiHit	0x0224CF14	3		0x0224CF14	src/battle/other_battle_calculators.c:3251	ov12_0224CF14	src/battle/battle_controller_player.c	3166	C	OVY_12	0x0224CF14	SYMBOL RANGE	executable logic	MAPPED	Feature-level semantic/dependency analysis required	NOT RUN	81454	-
hooks	509	0012 ov12_02252D14 02252D14 3	True	0012	ov12_02252D14	0x02252D14	3		0x02252D14	src/battle/other_battle_calculators.c:3013	ov12_02252D14	src/battle/overlay_12_0224E4FC.c	2885	C	OVY_12	0x02252D14	SYMBOL RANGE	executable logic	MAPPED	Feature-level semantic/dependency analysis required	NOT RUN	81711	-
hooks	512	0010 ai_switch_ban_for_bind_hook 022203B4 2	True	0010	ai_switch_ban_for_bind_hook	0x022203B4	2		0x022203B4	asm/battle/battle_hooks.s:375	ov10_022203A4	asm/overlay_10_trainer_ai.s	8913	ASM	OVY_10	0x022203A4	SYMBOL RANGE	executable logic	MAPPED	Feature-level semantic/dependency analysis required	NOT RUN	79372	-
hooks	514	0012 GetDynamicMoveType 02258688 4	True	0012	GetDynamicMoveType	0x02258688	4		0x02258688	src/battle/other_battle_calculators.c:3317	GetDynamicMoveType	src/battle/overlay_12_0224E4FC.c	6623	C	OVY_12	0x02258688	SYMBOL RANGE	executable logic	MAPPED	Feature-level semantic/dependency analysis required	NOT RUN	81927	-
hooks	516	0012 StruggleCheck 022517EC	True	0012	StruggleCheck	0x022517EC			0x022517EC	src/battle/other_battle_calculators.c:3710;src/battle/other_battle_calculators.c:3807	StruggleCheck	src/battle/overlay_12_0224E4FC.c	1966	C	OVY_12	0x022517EC	SYMBOL RANGE	executable logic	MAPPED	Feature-level semantic/dependency analysis required	NOT RUN	81629	-
hooks	517	0012 ov12_02251A28 02251A28	True	0012	ov12_02251A28	0x02251A28			0x02251A28	src/battle/other_battle_calculators.c:3799	ov12_02251A28	src/battle/overlay_12_0224E4FC.c	2011	C	OVY_12	0x02251A28	SYMBOL RANGE	executable logic	MAPPED	Feature-level semantic/dependency analysis required	NOT RUN	81632	-
hooks	521	arm9 form_evo_hook_1 02077224 1	True	arm9	form_evo_hook_1	0x02077224	1		0x02077224	asm/other_hook.s:584	sub_020771E8	asm/unk_020755E8.s	3373	ASM	main	0x020771E8	SYMBOL RANGE	executable logic	MAPPED	Feature-level semantic/dependency analysis required	NOT RUN	37860	-
hooks	523	arm9 form_evo_hook_2 0207641C 0	True	arm9	form_evo_hook_2	0x0207641C	0		0x0207641C	asm/other_hook.s:598	sub_02075E14	asm/unk_020755E8.s	1038	ASM	main	0x02075E14	SYMBOL RANGE	executable logic	MAPPED	Feature-level semantic/dependency analysis required	NOT RUN	37557	-
hooks	526	0002 PlayerStepEvent_RepelCounterDecrement 0224BAE4 2	True	0002	PlayerStepEvent_RepelCounterDecrement	0x0224BAE4	2	IMPLEMENT_REUSABLE_REPELS	0x0224BAE4	src/repel.c:13	PlayerStepEvent_RepelCounterDecrement	asm/overlay_02_02248728.s	6963	ASM	OVY_2	0x0224BAE4	SYMBOL RANGE	executable logic	MAPPED	Feature-level semantic/dependency analysis required	NOT RUN	64994	-
hooks	527	0015 BagApp_GetRepelStepCountAddr 021F993C 3	True	0015	BagApp_GetRepelStepCountAddr	0x021F993C	3	IMPLEMENT_REUSABLE_REPELS	0x021F993C	asm/other_hook.s:611	BagApp_GetRepelStepCountAddr	asm/overlay_15.s	685	ASM	OVY_15	0x021F993C	SYMBOL RANGE	executable logic	MAPPED	Feature-level semantic/dependency analysis required	NOT RUN	95920	-
hooks	530	0012 BattleContext_Main 022486B0 2	True	0012	BattleContext_Main	0x022486B0	2		0x022486B0	src/battle/battle_controller_player.c:60	BattleContext_Main	src/battle/battle_controller_player.c	159	C	OVY_12	0x022486B0	SYMBOL RANGE	executable logic	MAPPED	Feature-level semantic/dependency analysis required	NOT RUN	81311	-
hooks	532	arm9 sub_0207B0B0 0207B0B0 2	True	arm9	sub_0207B0B0	0x0207B0B0	2		0x0207B0B0	src/party_menu.c:28	sub_0207B0B0	src/party_menu.c	1613	C	main	0x0207B0B0	SYMBOL RANGE	executable logic	MAPPED	Feature-level semantic/dependency analysis required	NOT RUN	38530	-
hooks	533	arm9 sub_0207AFC4 0207AFC4 1	True	arm9	sub_0207AFC4	0x0207AFC4	1		0x0207AFC4	src/party_menu.c:83	sub_0207AFC4	src/party_menu.c	1575	C	main	0x0207AFC4	SYMBOL RANGE	executable logic	MAPPED	Feature-level semantic/dependency analysis required	NOT RUN	38527	-
hooks	534	0012 GetBattlerAbility 022527CC 2	True	0012	GetBattlerAbility	0x022527CC	2		0x022527CC	src/battle/ability.c:371;src/battle/ability.c:465;src/battle/ability.c:472;src/battle/ability.c:489;src/battle/ability.c:640;src/battle/ability.c:726;src/battle/battle_calc_damage.c:204;src/battle/battle_calc_damage.c:211;src/battle/battle_calc_damage.c:730;src/battle/battle_item.c:83;src/battle/battle_item.c:92;src/battle/battle_item.c:111;src/battle/battle_item.c:194;src/battle/battle_item.c:451;src/battle/battle_item.c:461;src/battle/battle_item.c:471;src/battle/battle_item.c:481;src/battle/battle_item.c:491;src/battle/battle_item.c:501;src/battle/battle_item.c:510;src/battle/battle_item.c:542;src/battle/battle_script_commands.c:1031;src/battle/battle_script_commands.c:1098;src/battle/battle_script_commands.c:1638;src/battle/battle_script_commands.c:1649;src/battle/battle_script_commands.c:1896;src/battle/battle_script_commands.c:2335;src/battle/battle_script_commands.c:2725;src/battle/battle_script_commands.c:2730;src/battle/battle_script_commands.c:2735;src/battle/battle_script_commands.c:2952;src/battle/battle_script_commands.c:2989;src/battle/battle_script_commands.c:3173;src/battle/battle_script_commands.c:3187;src/battle/battle_script_commands.c:3488;src/battle/battle_script_commands.c:4537;src/battle/battle_script_commands.c:4578;src/battle/battle_script_commands.c:5418;src/battle/other_battle_calculators.c:794;src/battle/other_battle_calculators.c:935;src/battle/other_battle_calculators.c:1286;src/battle/other_battle_calculators.c:1295;src/battle/other_battle_calculators.c:1677;src/battle/other_battle_calculators.c:1683;src/battle/other_battle_calculators.c:1688;src/battle/other_battle_calculators.c:1707;src/battle/other_battle_calculators.c:1778;src/battle/other_battle_calculators.c:1948;src/battle/other_battle_calculators.c:2093;src/battle/other_battle_calculators.c:2115;src/battle/other_battle_calculators.c:2243;src/battle/other_battle_calculators.c:2251;src/battle/other_battle_calculators.c:2265;src/battle/other_battle_calculators.c:2334;src/battle/other_battle_calculators.c:2339;src/battle/other_battle_calculators.c:2863;src/battle/other_battle_calculators.c:3755;src/battle/other_battle_calculators.c:3942;src/battle/other_battle_calculators.c:3946;src/battle/other_battle_calculators.c:3950;src/battle/other_battle_calculators.c:4176;src/battle/other_battle_calculators.c:4602;src/battle/other_battle_calculators.c:4626;src/individual/BattleController_BeforeMove.c:1208;src/individual/BattleController_BeforeMove.c:1217;src/individual/BattleController_BeforeMove.c:1597;src/individual/BattleController_BeforeMove.c:1624;src/individual/BattleController_BeforeMove.c:1630;src/individual/BattleController_BeforeMove.c:1638;src/individual/BattleController_BeforeMove.c:1644;src/individual/BattleController_BeforeMove.c:1731;src/individual/BattleController_BeforeMove.c:2127;src/individual/BattleController_BeforeMove.c:2138;src/individual/BattleController_BeforeMove.c:2147;src/individual/BattleController_BeforeMove.c:2156;src/individual/BattleController_BeforeMove.c:2170;src/individual/BattleController_BeforeMove.c:2451;src/individual/BattleController_BeforeMove.c:2914;src/individual/BattleController_BeforeMove.c:3016;src/individual/BattleController_BeforeMove.c:3057;src/individual/BattleController_BeforeMove.c:3122;src/individual/BattleController_BeforeMove.c:3190;src/individual/BattleController_BeforeMove.c:3765;src/individual/BattleController_BeforeMove.c:3819;src/individual/BattleController_BeforeMove.c:3830;src/individual/BattleController_BeforeMove.c:3837;src/individual/BattleController_BeforeMove.c:3845;src/individual/BattleController_BeforeMove.c:3853;src/individual/BattleController_BeforeMove.c:4402;src/individual/BattleController_BeforeMove.c:4620;src/individual/BattleController_BeforeMove.c:4634;src/individual/BattleFormChangeCheck.c:43;src/individual/BattleFormChangeCheck.c:139;src/individual/BattleFormChangeCheck.c:152;src/individual/CalculateBallShakes.c:262;src/individual/CheckDefenderItemEffectOnHit.c:53;src/individual/CheckDefenderItemEffectOnHit.c:125;src/individual/MoveHitDefenderAbilityCheck.c:44;src/individual/MoveHitDefenderAbilityCheck.c:55;src/individual/MoveHitDefenderAbilityCheck.c:67;src/individual/MoveHitDefenderAbilityCheck.c:90;src/individual/MoveHitDefenderAbilityCheck.c:102;src/individual/MoveHitDefenderAbilityCheck.c:114;src/individual/MoveHitDefenderAbilityCheck.c:128;src/individual/MoveHitDefenderAbilityCheck.c:140;src/individual/MoveHitDefenderAbilityCheck.c:220;src/individual/MoveHitDefenderAbilityCheck.c:234;src/individual/MoveHitDefenderAbilityCheck.c:242;src/individual/MoveHitDefenderAbilityCheck.c:394;src/individual/MoveHitDefenderAbilityCheck.c:414;src/individual/ServerDoPostMoveEffects.c:662;src/individual/ServerDoPostMoveEffects.c:1010;src/individual/ServerDoPostMoveEffects.c:1046;src/individual/ServerDoPostMoveEffects.c:1063;src/individual/ServerDoPostMoveEffects.c:1313;src/individual/ServerDoPostMoveEffects.c:1508;src/individual/ServerDoPostMoveEffects.c:1536;src/individual/ServerDoPostMoveEffects.c:1562;src/individual/ServerDoPostMoveEffects.c:1715;src/individual/ServerDoPostMoveEffects.c:1818;src/individual/ServerDoPostMoveEffects.c:1837;src/individual/ServerDoPostMoveEffects.c:1918;src/individual/ServerDoPostMoveEffects.c:1944;src/individual/ServerDoPostMoveEffects.c:1962;src/individual/ServerDoPostMoveEffects.c:2009;src/individual/ServerDoPostMoveEffects.c:2180;src/individual/ServerDoPostMoveEffects.c:2531;src/individual/ServerDoPostMoveEffects.c:2644;src/individual/ServerFieldConditionCheck.c:510;src/individual/ServerFieldConditionCheck.c:513;src/individual/ServerFieldConditionCheck.c:714;src/individual/ServerFieldConditionCheck.c:1599;src/individual/ServerFieldConditionCheck.c:1641;src/individual/ServerFieldConditionCheck.c:1702;src/individual/ServerFieldConditionCheck.c:1712;src/individual/ServerFieldConditionCheck.c:1736;src/individual/ServerFieldConditionCheck.c:1841;src/individual/ServerHPCalc.c:44;src/individual/SwitchInAbilityCheck.c:104;src/individual/SwitchInAbilityCheck.c:134;src/individual/SwitchInAbilityCheck.c:210;src/individual/SwitchInAbilityCheck.c:230;src/individual/SwitchInAbilityCheck.c:282;src/individual/SwitchInAbilityCheck.c:293;src/individual/SwitchInAbilityCheck.c:353;src/individual/SwitchInAbilityCheck.c:364;src/individual/SwitchInAbilityCheck.c:378;src/individual/SwitchInAbilityCheck.c:410;src/individual/SwitchInAbilityCheck.c:448;src/individual/SwitchInAbilityCheck.c:519;src/individual/SwitchInAbilityCheck.c:567;src/individual/SwitchInAbilityCheck.c:576;src/individual/SwitchInAbilityCheck.c:587;src/individual/SwitchInAbilityCheck.c:590;src/individual/SwitchInAbilityCheck.c:605;src/individual/SwitchInAbilityCheck.c:616;src/individual/SwitchInAbilityCheck.c:627;src/individual/SwitchInAbilityCheck.c:638;src/individual/SwitchInAbilityCheck.c:649;src/individual/SwitchInAbilityCheck.c:668;src/individual/SwitchInAbilityCheck.c:707;src/individual/SwitchInAbilityCheck.c:722;src/individual/SwitchInAbilityCheck.c:741;src/individual/SwitchInAbilityCheck.c:759;src/individual/SwitchInAbilityCheck.c:777;src/individual/SwitchInAbilityCheck.c:790;src/individual/SwitchInAbilityCheck.c:936;src/individual/SwitchInAbilityCheck.c:998;src/individual/btl_scr_cmd_33_statbuffchange.c:120;src/individual/btl_scr_cmd_33_statbuffchange.c:226;src/individual/btl_scr_cmd_33_statbuffchange.c:356;src/individual/btl_scr_cmd_33_statbuffchange.c:380	GetBattlerAbility	src/battle/overlay_12_0224E4FC.c	1006	C	OVY_12	0x022527CC	SYMBOL RANGE	executable logic	MAPPED	Feature-level semantic/dependency analysis required	NOT RUN	81688	-
hooks	536	0012 BattleSystem_BufferMessage 0223C754 2	True	0012	BattleSystem_BufferMessage	0x0223C754	2		0x0223C754	src/battle/other_battle_calculators.c:4224;src/individual/BattleSystem_BufferMessage.c:30	BattleSystem_BufferMessage	src/battle/battle_system.c	1584	C	OVY_12	0x0223C754	SYMBOL RANGE	executable logic	MAPPED	Feature-level semantic/dependency analysis required	NOT RUN	80573	-
hooks	539	0023 _CreateTradeMon 02259C40	True	0023	_CreateTradeMon	0x02259C40			0x02259C40	src/npc_trade.c:8	_CreateTradeMon	src/npc_trade.c	191	C	npc_trade	0x02259C40	SYMBOL RANGE	executable logic	MAPPED	Feature-level semantic/dependency analysis required	NOT RUN	102434	-
hooks	544	arm9 FreeToHeap_hook 0201AB10 1	False	arm9	FreeToHeap_hook	0x0201AB10	1	DEBUG_PRINT_HEAP_ALLOCATION	0x0201AB10	asm/other_hook.s:656	Heap_Free	src/heap.c	238	C	main	0x0201AB0C	SYMBOL RANGE	executable logic	MAPPED	Feature-level semantic/dependency analysis required	NOT RUN	17361	-
hooks	545	arm9 FreeToHeapExplicit_hook 0201ABC8 4	False	arm9	FreeToHeapExplicit_hook	0x0201ABC8	4	DEBUG_PRINT_HEAP_ALLOCATION	0x0201ABC8	asm/other_hook.s:669	Heap_FreeExplicit	src/heap.c	265	C	main	0x0201AB80	SYMBOL RANGE	executable logic	MAPPED	Feature-level semantic/dependency analysis required	NOT RUN	17364	-
hooks	551	arm9 CreateHeapInternal_hook 0201A92C 4	False	arm9	CreateHeapInternal_hook	0x0201A92C	4	DEBUG_PRINT_HEAP_CREATION	0x0201A92C	asm/other_hook.s:626	CreateHeapInternal	src/heap.c	119	C	main	0x0201A928	SYMBOL RANGE	executable logic	MAPPED	Feature-level semantic/dependency analysis required	NOT RUN	17345	-
hooks	552	arm9 DestroyHeap_hook 0201AA24 3	False	arm9	DestroyHeap_hook	0x0201AA24	3	DEBUG_PRINT_HEAP_CREATION	0x0201AA24	asm/other_hook.s:641	Heap_Destroy	src/heap.c	156	C	main	0x0201A9C4	SYMBOL RANGE	executable logic	MAPPED	Feature-level semantic/dependency analysis required	NOT RUN	17348	-
hooks	556	arm9 PartyMenu_ItemUseFunc_LevelUpLearnMovesLoop_Case6_hook 02081E54 0	True	arm9	PartyMenu_ItemUseFunc_LevelUpLearnMovesLoop_Case6_hook	0x02081E54	0		0x02081E54	asm/general_hooks.s:112	PartyMenu_ItemUseFunc_LevelUpLearnMovesLoop	src/party_menu_items.c	607	C	main	0x02081C50	SYMBOL RANGE	executable logic	MAPPED	Feature-level semantic/dependency analysis required	NOT RUN	39082	-
hooks	557	arm9 PartyMenu_ItemUseFunc_ReuseItem_hook 0208138C 3	True	arm9	PartyMenu_ItemUseFunc_ReuseItem_hook	0x0208138C	3		0x0208138C	asm/general_hooks.s:119	PartyMenu_ItemUseFunc_WaitTextPrinterThenExit	src/party_menu_items.c	392	C	main	0x02081378	SYMBOL RANGE	executable logic	MAPPED	Feature-level semantic/dependency analysis required	NOT RUN	39056	-
hooks	559	arm9 BufferItemNameWithIndefArticle 0200C100 3	True	arm9	BufferItemNameWithIndefArticle	0x0200C100	3		0x0200C100	src/message.c:19	BufferItemNameWithIndefArticle	src/message_format.c	202	C	main	0x0200C100	SYMBOL RANGE	executable logic	MAPPED	Feature-level semantic/dependency analysis required	NOT RUN	13762	-
hooks	560	arm9 BufferItemNamePlural 0200C134 3	True	arm9	BufferItemNamePlural	0x0200C134	3		0x0200C134	src/message.c:28	BufferItemNamePlural	src/message_format.c	211	C	main	0x0200C134	SYMBOL RANGE	executable logic	MAPPED	Feature-level semantic/dependency analysis required	NOT RUN	13764	-
hooks	561	arm9 GetItemDescIntoString 02077D64 3	True	arm9	GetItemDescIntoString	0x02077D64	3		0x02077D64	src/item.c:478	GetItemDescIntoString	src/item.c	781	C	main	0x02077D64	SYMBOL RANGE	executable logic	MAPPED	Feature-level semantic/dependency analysis required	NOT RUN	38112	-
hooks	562	arm9 ItemToMachineMoveIndex 0207804C 1	True	arm9	ItemToMachineMoveIndex	0x0207804C	1		0x0207804C	src/item.c:501	ItemToTMHMId	src/item.c	956	C	main	0x0207804C	SYMBOL RANGE	executable logic	MAPPED	Feature-level semantic/dependency analysis required	NOT RUN	38126	-
hooks	563	arm9 ItemToMachineMove 02078000 1	True	arm9	ItemToMachineMove	0x02078000	1		0x02078000	src/individual/InheritMovesInternal.c:71;src/item.c:532	TMHMGetMove	src/item.c	935	C	main	0x02078000	SYMBOL RANGE	executable logic	MAPPED	Feature-level semantic/dependency analysis required	NOT RUN	38121	-
hooks	564	arm9 MoveIsHM 02078024 1	True	arm9	MoveIsHM	0x02078024	1		0x02078024	src/item.c:545	MoveIsHM	src/item.c	944	C	main	0x02078024	SYMBOL RANGE	executable logic	MAPPED	Feature-level semantic/dependency analysis required	NOT RUN	38124	-
hooks	565	arm9 GetMonMachineMoveCompat 0207224C 2	True	arm9	GetMonMachineMoveCompat	0x0207224C	2		0x0207224C	src/pokemon.c:2306	GetMonTMHMCompat	src/pokemon.c	3767	C	main	0x0207224C	SYMBOL RANGE	executable logic	MAPPED	Feature-level semantic/dependency analysis required	NOT RUN	36892	-
hooks	566	arm9 LoadLevelUpLearnset_HandleAlternateForm 02071FC8 3	True	arm9	LoadLevelUpLearnset_HandleAlternateForm	0x02071FC8	3		0x02071FC8	src/pokemon.c:2324	LoadLevelUpLearnset_HandleAlternateForm	src/pokemon.c	3669	C	main	0x02071FC8	SYMBOL RANGE	executable logic	MAPPED	Feature-level semantic/dependency analysis required	NOT RUN	36869	-
hooks	567	0015 Bag_PrintMachineMoveLabel 021FE914	True	0015	Bag_PrintMachineMoveLabel	0x021FE914			0x021FE914	src/bag.c:561	ov15_021FE914	asm/overlay_15.s	10709	ASM	OVY_15	0x021FE914	SYMBOL RANGE	executable logic	MAPPED	Feature-level semantic/dependency analysis required	NOT RUN	97237	-
hooks	568	0001 GetLearnableTutorMoves 02202D40 3	True	0001	GetLearnableTutorMoves	0x02202D40	3		0x02202D40	src/field/move_tutor.c:91	GetLearnableTutorMoves	src/field/scrcmd_move_tutor.c	197	C	field	0x02202D40	SYMBOL RANGE	executable logic	MAPPED	Feature-level semantic/dependency analysis required	NOT RUN	62457	-
hooks	569	arm9 PartyMenu_LearnMoveToSlot 0208254C 3	True	arm9	PartyMenu_LearnMoveToSlot	0x0208254C	3		0x0208254C	src/party_menu.c:163	PartyMenu_LearnMoveToSlot	src/party_menu_items.c	896	C	main	0x0208254C	SYMBOL RANGE	executable logic	MAPPED	Feature-level semantic/dependency analysis required	NOT RUN	39124	-
hooks	570	0015 Bag_RenderMachineMoveSlot_hook 021FF586 3	True	0015	Bag_RenderMachineMoveSlot_hook	0x021FF586	3		0x021FF586	asm/general_hooks.s:126	ov15_021FF570	asm/overlay_15.s	12266	ASM	OVY_15	0x021FF570	SYMBOL RANGE	executable logic	MAPPED	Feature-level semantic/dependency analysis required	NOT RUN	97471	-
hooks	573	arm9 ScrCmd_MartBuy 02048060 1	True	arm9	ScrCmd_MartBuy	0x02048060	1	MART_EXPANSION	0x02048060	src/field/mart.c:167	ScrCmd_MartBuy	src/scrcmd_mart.c	40	C	main	0x02048060	SYMBOL RANGE	executable logic	MAPPED	Feature-level semantic/dependency analysis required	NOT RUN	27341	-
hooks	577	0012 BattleContext_CheckMoveHealBlocked 02252DF8 1	True	0012	BattleContext_CheckMoveHealBlocked	0x02252DF8	1		0x02252DF8	src/battle/other_battle_calculators.c:3685;src/battle/other_battle_calculators.c:3741;src/individual/BattleController_BeforeMove.c:1356	BattleContext_CheckMoveHealBlocked	src/battle/overlay_12_0224E4FC.c	1992	C	OVY_12	0x02252DF8	SYMBOL RANGE	executable logic	MAPPED	Feature-level semantic/dependency analysis required	NOT RUN	81720	-
hooks	579	arm9 SetupAndStartTutorialBattle 02051334 1	True	arm9	SetupAndStartTutorialBattle	0x02051334	1		0x02051334	src/field/enemy_party.c:479	SetupAndStartTutorialBattle	src/encounter.c	685	C	main	0x02051334	SYMBOL RANGE	executable logic	MAPPED	Feature-level semantic/dependency analysis required	NOT RUN	28332	-
hooks	580	arm9 ScrCmd_WildBattle 02043E5C 1	True	arm9	ScrCmd_WildBattle	0x02043E5C	1		0x02043E5C	src/field/script_commands.c:460	ScrCmd_WildBattle	src/scrcmd_c.c	2579	C	main	0x02043E5C	SYMBOL RANGE	executable logic	MAPPED	Feature-level semantic/dependency analysis required	NOT RUN	26685	-
hooks	583	0012 BattleControllerPlayer_GetBattleMon 0224873C 2	True	0012	BattleControllerPlayer_GetBattleMon	0x0224873C	2		0x0224873C	src/battle/battle_controller_player.c:122	BattleControllerPlayer_GetBattleMon	src/battle/battle_controller_player.c	183	C	OVY_12	0x0224873C	SYMBOL RANGE	executable logic	MAPPED	Feature-level semantic/dependency analysis required	NOT RUN	81319	-
hooks	584	0012 BattleController_EmitHealthbarSlideIn_SkipInvalid 02262A5A 3	True	0012	BattleController_EmitHealthbarSlideIn_SkipInvalid	0x02262A5A	3		0x02262A5A	asm/battle/battle_hooks.s:411	BattleController_EmitHealthbarSlideIn	asm/overlay_12_battle_controller.s	1261	ASM	OVY_12	0x02262A2C	SYMBOL RANGE	executable logic	MAPPED	Feature-level semantic/dependency analysis required	NOT RUN	84528	-
hooks	585	0012 ov12_0225D644_SkipInvalid 0225D772 4	True	0012	ov12_0225D644_SkipInvalid	0x0225D772	4		0x0225D772	asm/battle/battle_hooks.s:436	ov12_0225D644	asm/overlay_12_battle_controller_opponent.s	9948	ASM	OVY_12	0x0225D644	SYMBOL RANGE	executable logic	MAPPED	Feature-level semantic/dependency analysis required	NOT RUN	83217	-
hooks	586	0012 CT_PokemonEncountSet_SkipInvalid 02259B6C 0	True	0012	CT_PokemonEncountSet_SkipInvalid	0x02259B6C	0		0x02259B6C	asm/battle/battle_hooks.s:562	ov12_02259968	asm/overlay_12_battle_controller_opponent.s	2336	ASM	OVY_12	0x02259968	SYMBOL RANGE	executable logic	MAPPED	Feature-level semantic/dependency analysis required	NOT RUN	82345	-
hooks	587	0012 CT_PokemonEncountAppearSet_SkipInvalid_02259D10 02259D10 0	True	0012	CT_PokemonEncountAppearSet_SkipInvalid_02259D10	0x02259D10	0		0x02259D10	asm/battle/battle_hooks.s:508	ov12_02259BA8	asm/overlay_12_battle_controller_opponent.s	2606	ASM	OVY_12	0x02259BA8	SYMBOL RANGE	executable logic	MAPPED	Feature-level semantic/dependency analysis required	NOT RUN	82373	-
hooks	588	0012 CT_PokemonEncountAppearSet_SkipInvalid_02259D1E 02259D1E 0	True	0012	CT_PokemonEncountAppearSet_SkipInvalid_02259D1E	0x02259D1E	0		0x02259D1E	asm/battle/battle_hooks.s:538	ov12_02259BA8	asm/overlay_12_battle_controller_opponent.s	2606	ASM	OVY_12	0x02259BA8	SYMBOL RANGE	executable logic	MAPPED	Feature-level semantic/dependency analysis required	NOT RUN	82373	-
hooks	589	0012 CT_PokemonEncountAppearSet_SkipInvalid_02259D2C 02259D2C 0	True	0012	CT_PokemonEncountAppearSet_SkipInvalid_02259D2C	0x02259D2C	0		0x02259D2C	asm/battle/battle_hooks.s:550	ov12_02259BA8	asm/overlay_12_battle_controller_opponent.s	2606	ASM	OVY_12	0x02259BA8	SYMBOL RANGE	executable logic	MAPPED	Feature-level semantic/dependency analysis required	NOT RUN	82373	-
hooks	590	0012 CT_PokemonAppearSet_SkipInvalid 02259F06 0	True	0012	CT_PokemonAppearSet_SkipInvalid	0x02259F06	0		0x02259F06	asm/battle/battle_hooks.s:592	ov12_02259D48	asm/overlay_12_battle_controller_opponent.s	2806	ASM	OVY_12	0x02259D48	SYMBOL RANGE	executable logic	MAPPED	Feature-level semantic/dependency analysis required	NOT RUN	82392	-
hooks	591	0012 ov12_0225C388_SkipInvalid 0225C388 2	True	0012	ov12_0225C388_SkipInvalid	0x0225C388	2		0x0225C388	asm/battle/battle_hooks.s:623	ov12_0225C18C	asm/overlay_12_battle_controller_opponent.s	7391	ASM	OVY_12	0x0225C18C	SYMBOL RANGE	executable logic	MAPPED	Feature-level semantic/dependency analysis required	NOT RUN	82942	-
hooks	592	0012 ov12_0225C7AC_SkipInvalid 0225C7AC 2	True	0012	ov12_0225C7AC_SkipInvalid	0x0225C7AC	2		0x0225C7AC	asm/battle/battle_hooks.s:651	ov12_0225C6C8	asm/overlay_12_battle_controller_opponent.s	8032	ASM	OVY_12	0x0225C6C8	SYMBOL RANGE	executable logic	MAPPED	Feature-level semantic/dependency analysis required	NOT RUN	83007	-
hooks	593	0012 ov12_0225BB7C_SkipInvalid 0225BB7C 2	True	0012	ov12_0225BB7C_SkipInvalid	0x0225BB7C	2		0x0225BB7C	asm/battle/battle_hooks.s:678	ov12_0225B960	asm/overlay_12_battle_controller_opponent.s	6395	ASM	OVY_12	0x0225B960	SYMBOL RANGE	executable logic	MAPPED	Feature-level semantic/dependency analysis required	NOT RUN	82836	-
hooks	594	0012 ov12_0225BFC2_SkipInvalid 0225BFC2 2	True	0012	ov12_0225BFC2_SkipInvalid	0x0225BFC2	2		0x0225BFC2	asm/battle/battle_hooks.s:706	ov12_0225BE38	asm/overlay_12_battle_controller_opponent.s	6983	ASM	OVY_12	0x0225BE38	SYMBOL RANGE	executable logic	MAPPED	Feature-level semantic/dependency analysis required	NOT RUN	82899	-
hooks	597	0010 TestBattle_AISelectMove 0221BEF4 2	False	0010	TestBattle_AISelectMove	0x0221BEF4	2	DEBUG_BATTLE_SCENARIOS	0x0221BEF4	src/test_battle.c:560	ov10_0221BEF4	src/battle/trainer_ai.c	49	C	OVY_10	0x0221BEF4	SYMBOL RANGE	executable logic	MAPPED	Feature-level semantic/dependency analysis required	NOT RUN	78272	-
hooks	598	0010 TestBattle_AIPickCommand 022205BC 2	False	0010	TestBattle_AIPickCommand	0x022205BC	2	DEBUG_BATTLE_SCENARIOS	0x022205BC	src/test_battle.c:577	ov10_022205BC	asm/overlay_10_trainer_ai.s	9175	ASM	OVY_10	0x022205BC	SYMBOL RANGE	executable logic	MAPPED	Feature-level semantic/dependency analysis required	NOT RUN	79397	-
hooks	599	0012 TestBattle_PostKOSwitchIn 02258800 2	False	0012	TestBattle_PostKOSwitchIn	0x02258800	2	DEBUG_BATTLE_SCENARIOS	0x02258800	src/test_battle.c:627	ov12_02258800	asm/overlay_12_battle_controller_opponent.s	10	ASM	OVY_12	0x02258800	SYMBOL RANGE	executable logic	MAPPED	Feature-level semantic/dependency analysis required	NOT RUN	81930	-
hooks	600	0012 TestBattle_ShowParty 0223E8A0 2	False	0012	TestBattle_ShowParty	0x0223E8A0	2	DEBUG_BATTLE_SCENARIOS	0x0223E8A0	src/test_battle.c:683	BtlCmd_ShowParty	src/battle/battle_command.c	1319	C	OVY_12	0x0223E8A0	SYMBOL RANGE	executable logic	MAPPED	Feature-level semantic/dependency analysis required	NOT RUN	80737	-
hooks	601	0012 TestBattle_WaitMonSelection 0223E978 2	False	0012	TestBattle_WaitMonSelection	0x0223E978	2	DEBUG_BATTLE_SCENARIOS	0x0223E978	src/test_battle.c:721	BtlCmd_WaitMonSelection	src/battle/battle_command.c	1358	C	OVY_12	0x0223E978	SYMBOL RANGE	executable logic	MAPPED	Feature-level semantic/dependency analysis required	NOT RUN	80740	-
hooks	602	0012 CheckTrainerMessage 02250D4C 2	False	0012	CheckTrainerMessage	0x02250D4C	2	DEBUG_BATTLE_SCENARIOS	0x02250D4C	src/battle/anim.c:68	CheckTrainerMessage	src/battle/overlay_12_0224E4FC.c	1597	C	OVY_12	0x02250D4C	SYMBOL RANGE	executable logic	MAPPED	Feature-level semantic/dependency analysis required	NOT RUN	81609	-
hooks	603	0012 BattleMessage_ExpandPlaceholders 0223CEF4	False	0012	BattleMessage_ExpandPlaceholders	0x0223CEF4		DEBUG_BATTLE_SCENARIOS	0x0223CEF4	src/battle/test_battle.c:53	BattleMessage_ExpandPlaceholders	src/battle/battle_system.c	1929	C	OVY_12	0x0223CEF4	SYMBOL RANGE	executable logic	MAPPED	Feature-level semantic/dependency analysis required	NOT RUN	80612	-
hooks	606	arm9 GetItemAttr_PreloadedItemData 02077DAC 2	True	arm9	GetItemAttr_PreloadedItemData	0x02077DAC	2		0x02077DAC	src/individual/PartyMenu_HandleUseItemOnMon.c:77;src/individual/PartyMenu_HandleUseItemOnMon.c:82;src/individual/PartyMenu_HandleUseItemOnMon.c:93;src/item.c:559	GetItemAttr_PreloadedItemData	src/item.c	796	C	main	0x02077DAC	SYMBOL RANGE	executable logic	MAPPED	Feature-level semantic/dependency analysis required	NOT RUN	38116	-
hooks	607	0012 TryUseHeldItem 0225471C 3	True	0012	TryUseHeldItem	0x0225471C	3		0x0225471C	src/battle/battle_item.c:333;src/individual/ServerDoPostMoveEffects.c:368;src/individual/ServerDoPostMoveEffects.c:381;src/individual/ServerDoPostMoveEffects.c:910	TryUseHeldItem	src/battle/overlay_12_0224E4FC.c	3848	C	OVY_12	0x0225471C	SYMBOL RANGE	executable logic	MAPPED	Feature-level semantic/dependency analysis required	NOT RUN	81763	-
hooks	608	0012 TryFling 02255F7C 3	True	0012	TryFling	0x02255F7C	3		0x02255F7C	src/battle/battle_item.c:568;src/battle/battle_script_commands.c:4157	TryFling	src/battle/overlay_12_0224E4FC.c	4903	C	OVY_12	0x02255F7C	SYMBOL RANGE	executable logic	MAPPED	Feature-level semantic/dependency analysis required	NOT RUN	81815	-
hooks	610	arm9 PartyMenu_HandleUseItemOnMon 0207C288 1	True	arm9	PartyMenu_HandleUseItemOnMon	0x0207C288	1		0x0207C288	src/party_menu.c:212	PartyMenu_HandleUseItemOnMon	src/party_menu.c	2405	C	main	0x0207C288	SYMBOL RANGE	executable logic	MAPPED	Feature-level semantic/dependency analysis required	NOT RUN	38606	-
hooks	611	arm9 PartyMenu_PrintContextMenuItemText 0207E28C	True	arm9	PartyMenu_PrintContextMenuItemText	0x0207E28C			0x0207E28C	src/party_menu.c:232	PartyMenu_PrintContextMenuItemText	src/party_context_menu.c	1011	C	main	0x0207E28C	SYMBOL RANGE	executable logic	MAPPED	Feature-level semantic/dependency analysis required	NOT RUN	38799	-
hooks	612	arm9 sub_0207E3A8 0207E3A8	True	arm9	sub_0207E3A8	0x0207E3A8			0x0207E3A8	src/party_menu.c:278	sub_0207E3A8	src/party_context_menu.c	1055	C	main	0x0207E3A8	SYMBOL RANGE	executable logic	MAPPED	Feature-level semantic/dependency analysis required	NOT RUN	38804	-
hooks	613	arm9 PartyMenu_StartContextMenuButtonPressAnim_FromCursorObj 0207CB9C 3	True	arm9	PartyMenu_StartContextMenuButtonPressAnim_FromCursorObj	0x0207CB9C	3		0x0207CB9C	src/party_menu.c:321	PartyMenu_StartContextMenuButtonPressAnim_FromCursorObj	src/party_context_menu.c	319	C	main	0x0207CB9C	SYMBOL RANGE	executable logic	MAPPED	Feature-level semantic/dependency analysis required	NOT RUN	38671	-
hooks	614	0012 BattleContext_CheckMoveHealBlocked 02252DF8 1	True	0012	BattleContext_CheckMoveHealBlocked	0x02252DF8	1		0x02252DF8	src/battle/other_battle_calculators.c:3685;src/battle/other_battle_calculators.c:3741;src/individual/BattleController_BeforeMove.c:1356	BattleContext_CheckMoveHealBlocked	src/battle/overlay_12_0224E4FC.c	1992	C	OVY_12	0x02252DF8	SYMBOL RANGE	executable logic	MAPPED	Feature-level semantic/dependency analysis required	NOT RUN	81720	-
hooks	615	0012 BattleContext_ShouldPrintFollowupMessage 0224DF98 2	True	0012	BattleContext_ShouldPrintFollowupMessage	0x0224DF98	2		0x0224DF98	src/battle/battle_controller_player.c:144	ov12_0224DF98	src/battle/battle_controller_player.c	2915	C	OVY_12	0x0224DF98	SYMBOL RANGE	executable logic	MAPPED	Feature-level semantic/dependency analysis required	NOT RUN	81510	-
hooks	618	0001 DetermineRockSmashItem_hook 02204E28 1	True	0001	DetermineRockSmashItem_hook	0x02204E28	1		0x02204E28	asm/field/field_hooks.s:6	Task_GetRockSmashItem	src/field/rock_smash_item.c	178	C	field	0x02204DA0	SYMBOL RANGE	executable logic	MAPPED	Feature-level semantic/dependency analysis required	NOT RUN	62949	-
hooks	622	0012 BattleSystem_GetCriticalHpMusicFlag 0223BD2C 1	True	0012	BattleSystem_GetCriticalHpMusicFlag	0x0223BD2C	1	DISABLE_CRITICAL_HP_WARNING	0x0223BD2C	src/battle/other_battle_calculators.c:4471	BattleSystem_GetCriticalHpMusicFlag	src/battle/battle_system.c	1091	C	OVY_12	0x0223BD2C	SYMBOL RANGE	executable logic	MAPPED	Feature-level semantic/dependency analysis required	NOT RUN	80475	-
hooks	623	0012 BattleSystem_SetCriticalHpMusicFlag 0223BD3C 2	True	0012	BattleSystem_SetCriticalHpMusicFlag	0x0223BD3C	2	DISABLE_CRITICAL_HP_WARNING	0x0223BD3C	src/battle/other_battle_calculators.c:4476	BattleSystem_SetCriticalHpMusicFlag	src/battle/battle_system.c	1095	C	OVY_12	0x0223BD3C	SYMBOL RANGE	executable logic	MAPPED	Feature-level semantic/dependency analysis required	NOT RUN	80478	-
hooks	627	0012 ov12_0224D23C 0224D23C 3	True	0012	ov12_0224D23C	0x0224D23C	3		0x0224D23C	src/battle/battle_controller_player.c:166	ov12_0224D23C	src/battle/battle_controller_player.c	3282	C	OVY_12	0x0224D23C	SYMBOL RANGE	executable logic	MAPPED	Feature-level semantic/dependency analysis required	NOT RUN	81470	-
hooks	628	0012 ov12_0224DD74 0224DD74 3	True	0012	ov12_0224DD74	0x0224DD74	3		0x0224DD74	src/battle/battle_controller_player.c:204	ov12_0224DD74	src/battle/battle_controller_player.c	3705	C	OVY_12	0x0224DD74	SYMBOL RANGE	executable logic	MAPPED	Feature-level semantic/dependency analysis required	NOT RUN	81505	-
hooks	629	0012 GetTypeEffectivenessData 0225260C 3	True	0012	GetTypeEffectivenessData	0x0225260C	3		0x0225260C	src/battle/other_battle_calculators.c:4482	GetTypeEffectivnessData	src/battle/overlay_12_0224E4FC.c	2561	C	OVY_12	0x0225260C	SYMBOL RANGE	executable logic	MAPPED	Feature-level semantic/dependency analysis required	NOT RUN	81668	-
hooks	631	0001 CheckRockSmashItemDrop 02204CF8 2	True	0001	CheckRockSmashItemDrop	0x02204CF8	2		0x02204CF8	src/field/rock_smash_item.c:105	CheckRockSmashItemDrop	src/field/rock_smash_item.c	120	C	field	0x02204CF8	SYMBOL RANGE	executable logic	MAPPED	Feature-level semantic/dependency analysis required	NOT RUN	62946	-
hooks	632	0001 DrawRockSmashIdx 02204E8C 1	True	0001	DrawRockSmashIdx	0x02204E8C	1		0x02204E8C	src/field/rock_smash_item.c:170	DrawRockSmashIdx	src/field/rock_smash_item.c	235	C	field	0x02204E8C	SYMBOL RANGE	executable logic	MAPPED	Feature-level semantic/dependency analysis required	NOT RUN	62951	-
hooks	634	0012 BattleMessage_BufferNickname 0223CDD0	True	0012	BattleMessage_BufferNickname	0x0223CDD0			0x0223CDD0	src/battle/battle_pokemon.c:463	BattleMessage_BufferNickname	src/battle/battle_system.c	1861	C	OVY_12	0x0223CDD0	SYMBOL RANGE	executable logic	MAPPED	Feature-level semantic/dependency analysis required	NOT RUN	80575	-
hooks	635	0012 BattleMessage_BufferPokemon 0223CE80	True	0012	BattleMessage_BufferPokemon	0x0223CE80			0x0223CE80	src/battle/battle_pokemon.c:501	BattleMessage_BufferPokemon	src/battle/battle_system.c	1902	C	OVY_12	0x0223CE80	SYMBOL RANGE	executable logic	MAPPED	Feature-level semantic/dependency analysis required	NOT RUN	80599	-
hooks	636	0012 hook_GrabIllusionBoxMonForHpBar 022651AE 3	True	0012	hook_GrabIllusionBoxMonForHpBar	0x022651AE	3		0x022651AE	asm/battle/battle_hooks.s:740	ov12_0226516C	src/battle/battle_hp_bar.c	1157	C	OVY_12	0x0226516C	SYMBOL RANGE	executable logic	MAPPED	Feature-level semantic/dependency analysis required	NOT RUN	84997	-
hooks	640	arm9 Save_CreateRoamerByID 020676EC 2	True	arm9	Save_CreateRoamerByID	0x020676EC	2	EXPAND_ROAMERS	0x020676EC	src/field_roamer.c:86	Save_CreateRoamerByID	src/field_roamer.c	174	C	main	0x020676EC	SYMBOL RANGE	executable logic	MAPPED	Feature-level semantic/dependency analysis required	NOT RUN	35519	-
hooks	641	arm9 RoamerLocationSetRandom 02067830 3	True	arm9	RoamerLocationSetRandom	0x02067830	3	EXPAND_ROAMERS	0x02067830	src/field_roamer.c:65	RoamerLocationSetRandom	src/field_roamer.c	236	C	main	0x02067830	SYMBOL RANGE	executable logic	MAPPED	Feature-level semantic/dependency analysis required	NOT RUN	35524	-
hooks	642	arm9 SpeciesToRoamerIdx 020677F4 1	True	arm9	SpeciesToRoamerIdx	0x020677F4	1	EXPAND_ROAMERS	0x020677F4	src/field_roamer.c:133	SpeciesToRoamerIdx	src/field_roamer.c	220	C	main	0x020677F4	SYMBOL RANGE	executable logic	MAPPED	Feature-level semantic/dependency analysis required	NOT RUN	35521	-
hooks	643	arm9 ScrCmd_CreateRoamer 02045264 1	True	arm9	ScrCmd_CreateRoamer	0x02045264	1	EXPAND_ROAMERS	0x02045264	src/script_new_cmds.c:34	ScrCmd_CreateRoamer	src/scrcmd_c.c	3441	C	main	0x02045264	SYMBOL RANGE	executable logic	MAPPED	Feature-level semantic/dependency analysis required	NOT RUN	26911	-
hooks	647	arm9 EncounterSlot_WildMonSlotRoll_Land 0224768C 0	True	arm9	EncounterSlot_WildMonSlotRoll_Land	0x0224768C	0		0x0224768C	src/field/encounter_check.c:20	EncounterSlot_WildMonSlotRoll_Land	src/field/encounter_check.c	632	C	OVY_2	0x0224768C	SEMANTIC TARGET; SOURCE REGION ERROR	executable logic	MAPPED	Feature-level semantic/dependency analysis required	NOT RUN	63940	Exact name/address identify OVY_2, but manifest declares arm9; source installer writes arm9.bin. Bodies match vanilla C. Intended semantic target resolved; source installation anomaly, no behavioral change inferred.
hooks	648	arm9 EncounterSlot_WildMonSlotRoll_Surfing 02247720 0	True	arm9	EncounterSlot_WildMonSlotRoll_Surfing	0x02247720	0		0x02247720	src/field/encounter_check.c:51	EncounterSlot_WildMonSlotRoll_Surfing	src/field/encounter_check.c	662	C	OVY_2	0x02247720	SEMANTIC TARGET; SOURCE REGION ERROR	executable logic	MAPPED	Feature-level semantic/dependency analysis required	NOT RUN	63942	Exact name/address identify OVY_2, but manifest declares arm9; source installer writes arm9.bin. Bodies match vanilla C. Intended semantic target resolved; source installation anomaly, no behavioral change inferred.
hooks	649	arm9 EncounterSlot_WildMonSlotRoll_Fishing 02247764 1	True	arm9	EncounterSlot_WildMonSlotRoll_Fishing	0x02247764	1		0x02247764	src/field/encounter_check.c:68	EncounterSlot_WildMonSlotRoll_Fishing	src/field/encounter_check.c	678	C	OVY_2	0x02247764	SEMANTIC TARGET; SOURCE REGION ERROR	executable logic	MAPPED	Feature-level semantic/dependency analysis required	NOT RUN	63944	Exact name/address identify OVY_2, but manifest declares arm9; source installer writes arm9.bin. Bodies match vanilla C. Intended semantic target resolved; source installation anomaly, no behavioral change inferred.
hooks	650	arm9 EncounterSlot_WildMonSlotRoll_RockSmash 0224779C 0	True	arm9	EncounterSlot_WildMonSlotRoll_RockSmash	0x0224779C	0		0x0224779C	src/field/encounter_check.c:85	EncounterSlot_WildMonSlotRoll_RockSmash	src/field/encounter_check.c	694	C	OVY_2	0x0224779C	SEMANTIC TARGET; SOURCE REGION ERROR	executable logic	MAPPED	Feature-level semantic/dependency analysis required	NOT RUN	63946	Exact name/address identify OVY_2, but manifest declares arm9; source installer writes arm9.bin. Bodies match vanilla C. Intended semantic target resolved; source installation anomaly, no behavioral change inferred.
hooks	651	arm9 EncounterSlot_WildMonSlotRoll_Headbutt 022477C0 0	True	arm9	EncounterSlot_WildMonSlotRoll_Headbutt	0x022477C0	0		0x022477C0	src/field/encounter_check.c:92	EncounterSlot_WildMonSlotRoll_Headbutt	src/field/encounter_check.c	700	C	OVY_2	0x022477C0	SEMANTIC TARGET; SOURCE REGION ERROR	executable logic	MAPPED	Feature-level semantic/dependency analysis required	NOT RUN	63948	Exact name/address identify OVY_2, but manifest declares arm9; source installer writes arm9.bin. Bodies match vanilla C. Intended semantic target resolved; source installation anomaly, no behavioral change inferred.
hooks	653	0012 GetPokemon_CheckIfTrainer_hook 2246704 0	True	0012	GetPokemon_CheckIfTrainer_hook	0x02246704	0		0x02246704	asm/battle/battle_hooks.s:747	Task_GetPokemon	src/battle/battle_command.c	6645	C	OVY_12	0x022465A8	SYMBOL RANGE	executable logic	MAPPED	Feature-level semantic/dependency analysis required	NOT RUN	81238	-
hooks	654	0012 GetPokemon_BallBlocked_hook 02247094 0	True	0012	GetPokemon_BallBlocked_hook	0x02247094	0		0x02247094	asm/battle/battle_hooks.s:762	Task_GetPokemon	src/battle/battle_command.c	6645	C	OVY_12	0x022465A8	SYMBOL RANGE	executable logic	MAPPED	Feature-level semantic/dependency analysis required	NOT RUN	81238	-
hooks	655	0012 BattleSystem_AdjustMessageForSide 0223C558 2	True	0012	BattleSystem_AdjustMessageForSide	0x0223C558	2		0x0223C558	src/battle/battle_pokemon.c:528	BattleSystem_AdjustMessageForSide	src/battle/battle_system.c	1450	C	OVY_12	0x0223C558	SYMBOL RANGE	executable logic	MAPPED	Feature-level semantic/dependency analysis required	NOT RUN	80571	-
hooks	657	0012 PlayerTrainerVictoryBGM_hook 0224DA9E 3	True	0012	PlayerTrainerVictoryBGM_hook	0x0224DA9E	3		0x0224DA9E	asm/battle/battle_hooks.s:773	ov12_0224D7EC	src/battle/battle_controller_player.c	834	C	OVY_12	0x0224D7EC	SYMBOL RANGE	executable logic	MAPPED	Feature-level semantic/dependency analysis required	NOT RUN	81489	-
armhooks	6	arm9 NNSi_SndArcLoadBank_hook 020CA058 5	True	arm9	NNSi_SndArcLoadBank_hook	0x020CA058	5		0x020CA058	asm/arm_hooks.s:6	NNSi_SndArcLoadBank	lib/asm/nnsys.s	26240	ASM	main	0x020CA054	SYMBOL RANGE	executable logic	MAPPED	Feature-level semantic/dependency analysis required	NOT RUN	46562	-
bytereplacement	9	0012 08012852 08	True	0012		0x08012852	08		0x0224A112		BattleControllerPlayer_UpdateMonCondition	src/battle/battle_controller_player.c	1173	C	OVY_12	0x02249CC4	SYMBOL RANGE	unclassified patch/data	MAPPED	Feature-level semantic/dependency analysis required	NOT RUN	81352	-
bytereplacement	15	arm9 02078384 60 B4 C0 46	True	arm9		0x02078384	60 B4 C0 46	ALLOW_SAVE_CHANGES && ITEM_POCKET_EXPANSION	0x02078384		Bag_HasSpaceForItem	src/bag.c	144	C	main	0x02078384	SYMBOL RANGE	unclassified patch/data	MAPPED	Feature-level semantic/dependency analysis required	NOT RUN	38184	-
bytereplacement	18	arm9 020784B0 60 B4 C0 46	True	arm9		0x020784B0	60 B4 C0 46	ALLOW_SAVE_CHANGES && ITEM_POCKET_EXPANSION	0x020784B0		Bag_HasItem	src/bag.c	210	C	main	0x020784B0	SYMBOL RANGE	unclassified patch/data	MAPPED	Feature-level semantic/dependency analysis required	NOT RUN	38196	-
bytereplacement	24	arm9 020902B8 60 B4 C0 46	True	arm9		0x020902B8	60 B4 C0 46		0x020902B8		CanUseItemOnMonInParty	src/use_item_on_mon.c	219	C	main	0x020902B8	SYMBOL RANGE	unclassified patch/data	MAPPED	Feature-level semantic/dependency analysis required	NOT RUN	42184	-
bytereplacement	28	0015 08000036 50	True	0015		0x08000036	50		0x021F93B6		Bag_Init	asm/overlay_15.s	11	ASM	OVY_15	0x021F9380	SYMBOL RANGE	unclassified patch/data	MAPPED	Feature-level semantic/dependency analysis required	NOT RUN	95785	-
bytereplacement	29	0015 08000274 C0 10 00 00	True	0015		0x08000274	C0 10 00 00		0x021F95F4		Bag_Init	asm/overlay_15.s	11	ASM	OVY_15	0x021F9380	SYMBOL RANGE	unclassified patch/data	MAPPED	Feature-level semantic/dependency analysis required	NOT RUN	95785	-
bytereplacement	30	0015 08000BD0 AC	True	0015		0x08000BD0	AC		0x021F9F50		ov15_021F9F08	asm/overlay_15.s	1423	ASM	OVY_15	0x021F9F08	SYMBOL RANGE	unclassified patch/data	MAPPED	Feature-level semantic/dependency analysis required	NOT RUN	96023	-
bytereplacement	31	0015 08000C2C AC	True	0015		0x08000C2C	AC		0x021F9FAC		ov15_021F9F08	asm/overlay_15.s	1423	ASM	OVY_15	0x021F9F08	SYMBOL RANGE	unclassified patch/data	MAPPED	Feature-level semantic/dependency analysis required	NOT RUN	96023	-
bytereplacement	32	0015 08000C84 C0 0E 00 00	True	0015		0x08000C84	C0 0E 00 00		0x021FA004		ov15_021F9F08	asm/overlay_15.s	1423	ASM	OVY_15	0x021F9F08	SYMBOL RANGE	unclassified patch/data	MAPPED	Feature-level semantic/dependency analysis required	NOT RUN	96023	-
bytereplacement	33	0015 08000C8A AC	True	0015		0x08000C8A	AC		0x021FA00A		ov15_021FA008	asm/overlay_15.s	1560	ASM	OVY_15	0x021FA008	SYMBOL RANGE	unclassified patch/data	MAPPED	Feature-level semantic/dependency analysis required	NOT RUN	96028	-
bytereplacement	34	0015 08000CA2 FF	True	0015		0x08000CA2	FF		0x021FA022		ov15_021FA008	asm/overlay_15.s	1560	ASM	OVY_15	0x021FA008	SYMBOL RANGE	unclassified patch/data	MAPPED	Feature-level semantic/dependency analysis required	NOT RUN	96028	-
bytereplacement	35	0015 08000CAA AC	True	0015		0x08000CAA	AC		0x021FA02A		ov15_021FA028	asm/overlay_15.s	1580	ASM	OVY_15	0x021FA028	SYMBOL RANGE	unclassified patch/data	MAPPED	Feature-level semantic/dependency analysis required	NOT RUN	96031	-
bytereplacement	36	0015 08000CBC FF	True	0015		0x08000CBC	FF		0x021FA03C		ov15_021FA028	asm/overlay_15.s	1580	ASM	OVY_15	0x021FA028	SYMBOL RANGE	unclassified patch/data	MAPPED	Feature-level semantic/dependency analysis required	NOT RUN	96031	-
bytereplacement	37	0015 080060BE AC	True	0015		0x080060BE	AC		0x021FF43E		ov15_021FF364	asm/overlay_15.s	11998	ASM	OVY_15	0x021FF364	SYMBOL RANGE	unclassified patch/data	MAPPED	Feature-level semantic/dependency analysis required	NOT RUN	97448	-
bytereplacement	38	0015 080060DE AC	True	0015		0x080060DE	AC		0x021FF45E		ov15_021FF364	asm/overlay_15.s	11998	ASM	OVY_15	0x021FF364	SYMBOL RANGE	unclassified patch/data	MAPPED	Feature-level semantic/dependency analysis required	NOT RUN	97448	-
bytereplacement	39	0015 080060FA AC	True	0015		0x080060FA	AC		0x021FF47A		ov15_021FF364	asm/overlay_15.s	11998	ASM	OVY_15	0x021FF364	SYMBOL RANGE	unclassified patch/data	MAPPED	Feature-level semantic/dependency analysis required	NOT RUN	97448	-
bytereplacement	40	0015 080061B6 AC	True	0015		0x080061B6	AC		0x021FF536		ov15_021FF4EC	asm/overlay_15.s	12198	ASM	OVY_15	0x021FF4EC	SYMBOL RANGE	unclassified patch/data	MAPPED	Feature-level semantic/dependency analysis required	NOT RUN	97459	-
bytereplacement	41	0015 08006E40 C0 0E 00 00	True	0015		0x08006E40	C0 0E 00 00		0x022001C0		ov15_02200140	asm/overlay_15.s	13747	ASM	OVY_15	0x02200140	SYMBOL RANGE	unclassified patch/data	MAPPED	Feature-level semantic/dependency analysis required	NOT RUN	97686	-
bytereplacement	45	arm9 020CA054 60 00 2D E9	True	arm9		0x020CA054	60 00 2D E9		0x020CA054		NNSi_SndArcLoadBank	lib/asm/nnsys.s	26240	ASM	main	0x020CA054	SYMBOL RANGE	unclassified patch/data	MAPPED	Feature-level semantic/dependency analysis required	NOT RUN	46562	-
bytereplacement	48	arm9 0203DFF4 8A 02	True	arm9		0x0203DFF4	8A 02		0x0203DFF4		FieldSystem_New	src/field_system.c	139	C	main	0x0203DFE0	SYMBOL RANGE	unclassified patch/data	MAPPED	Feature-level semantic/dependency analysis required	NOT RUN	25701	-
bytereplacement	51	0001 02202C12 FF 29	True	0001		0x02202C12	FF 29		0x02202C12		ScrCmd_TutorMoveGetPrice	src/field/scrcmd_move_tutor.c	125	C	field	0x02202BD0	SYMBOL RANGE	unclassified patch/data	MAPPED	Feature-level semantic/dependency analysis required	NOT RUN	62449	-
bytereplacement	54	0112 021ED63C FF 7F 00 00	True	0112		0x021ED63C	FF 7F 00 00		0x021ED63C		ov112_021ED610	asm/overlay_112.s	15402	ASM	OVY_112	0x021ED610	SYMBOL RANGE	unclassified patch/data	MAPPED	Feature-level semantic/dependency analysis required	NOT RUN	202449	-
bytereplacement	55	0112 021ED668 FF 7F 00 00	True	0112		0x021ED668	FF 7F 00 00		0x021ED668		ov112_021ED640	asm/overlay_112.s	15429	ASM	OVY_112	0x021ED640	SYMBOL RANGE	unclassified patch/data	MAPPED	Feature-level semantic/dependency analysis required	NOT RUN	202452	-
bytereplacement	56	0112 021EFB10 FF 7F 00 00	True	0112		0x021EFB10	FF 7F 00 00		0x021EFB10		ov112_021EFAD4	asm/overlay_112.s	20094	ASM	OVY_112	0x021EFAD4	SYMBOL RANGE	unclassified patch/data	MAPPED	Feature-level semantic/dependency analysis required	NOT RUN	203274	-
bytereplacement	57	0112 021F126C FF 7F 00 00	True	0112		0x021F126C	FF 7F 00 00		0x021F126C		ov112_021F0F90	asm/overlay_112.s	22726	ASM	OVY_112	0x021F0F90	SYMBOL RANGE	unclassified patch/data	MAPPED	Feature-level semantic/dependency analysis required	NOT RUN	203682	-
bytereplacement	58	0112 021F323C FF 7F 00 00	True	0112		0x021F323C	FF 7F 00 00		0x021F323C		ov112_021F31D8	asm/overlay_112.s	27173	ASM	OVY_112	0x021F31D8	SYMBOL RANGE	unclassified patch/data	MAPPED	Feature-level semantic/dependency analysis required	NOT RUN	204283	-
bytereplacement	63	0002 02247424 00 B5 83 B0 00 20 00 90	True	0002		0x02247424	00 B5 83 B0 00 20 00 90	!IMPLEMENT_WILD_DOUBLE_BATTLES	0x02247424		FieldSystem_GenerateLandRegularEncounter	src/field/encounter_check.c	520	C	OVY_2	0x02247424	SYMBOL RANGE	unclassified patch/data	MAPPED	Feature-level semantic/dependency analysis required	NOT RUN	63917	-
bytereplacement	64	0002 022474E0 18 B5 83 B0 07 9C 00 2C 09 D0 01 23	True	0002		0x022474E0	18 B5 83 B0 07 9C 00 2C 09 D0 01 23	!IMPLEMENT_WILD_DOUBLE_BATTLES	0x022474E0		FieldSystem_GenerateSurfingEncounter	src/field/encounter_check.c	545	C	OVY_2	0x022474E0	SYMBOL RANGE	unclassified patch/data	MAPPED	Feature-level semantic/dependency analysis required	NOT RUN	63926	-
bytereplacement	65	0002 02248284 0B 20 00 21 09 F6 26 FB	True	0002		0x02248284	0B 20 00 21 09 F6 26 FB	!IMPLEMENT_WILD_DOUBLE_BATTLES	0x02248284		FieldSystem_CreateBattleSetupForWildBattle	src/field/encounter_check.c	1163	C	OVY_2	0x02248244	SYMBOL RANGE	unclassified patch/data	MAPPED	Feature-level semantic/dependency analysis required	NOT RUN	63991	-
bytereplacement	66	0002 02246E0E 28 1C 08 AA 01 F0 17 FA 04 E0	True	0002		0x02246E0E	28 1C 08 AA 01 F0 17 FA 04 E0	!IMPLEMENT_WILD_DOUBLE_BATTLES	0x02246E0E		FieldSystem_PerformLandOrSurfEncounterCheck	src/field/encounter_check.c	215	C	OVY_2	0x02246C8C	SYMBOL RANGE	unclassified patch/data	MAPPED	Feature-level semantic/dependency analysis required	NOT RUN	63907	-
bytereplacement	67	0012 022607BC 4A 28 0C D1 38 1C 02 21	True	0012		0x022607BC	4A 28 0C D1 38 1C 02 21	!IMPLEMENT_WILD_DOUBLE_BATTLES	0x022607BC		ov12_02260668	asm/overlay_12_battle_controller_opponent.s	15907	ASM	OVY_12	0x02260668	SYMBOL RANGE	unclassified patch/data	MAPPED	Feature-level semantic/dependency analysis required	NOT RUN	84071	-
bytereplacement	68	0012 0226328E 00 21 04 A8 41 70 81 70 C1 70	True	0012		0x0226328E	00 21 04 A8 41 70 81 70 C1 70	!IMPLEMENT_WILD_DOUBLE_BATTLES	0x0226328E		ov12_02263138	asm/overlay_12_battle_controller.s	2163	ASM	OVY_12	0x02263138	SYMBOL RANGE	unclassified patch/data	MAPPED	Feature-level semantic/dependency analysis required	NOT RUN	84623	-
bytereplacement	69	0008 02222CBC 22 30 00 78 01 28 0C D1	True	0008		0x02222CBC	22 30 00 78 01 28 0C D1	!IMPLEMENT_WILD_DOUBLE_BATTLES	0x02222CBC		ov08_02222B8C	asm/overlay_08.s	13426	ASM	OVY_8	0x02222B8C	SYMBOL RANGE	unclassified patch/data	MAPPED	Feature-level semantic/dependency analysis required	NOT RUN	77590	-
bytereplacement	75	0012 0224E998 B9 19 0A 54 40 1C 0A 54	True	0012		0x0224E998	B9 19 0A 54 40 1C 0A 54		0x0224E998		BattleSystem_GetBattleMon	src/battle/overlay_12_0224E4FC.c	46	C	OVY_12	0x0224E4FC	SYMBOL RANGE	unclassified patch/data	MAPPED	Feature-level semantic/dependency analysis required	NOT RUN	81531	-
bytereplacement	79	arm9 02048510 70 B5 05 1C 80 30 00 68	True	arm9		0x02048510	70 B5 05 1C 80 30 00 68		0x02048510		ScrCmd_BufferItemName	src/scrcmd_strbuf.c	84	C	main	0x02048510	SYMBOL RANGE	unclassified patch/data	MAPPED	Feature-level semantic/dependency analysis required	NOT RUN	27378	-
bytereplacement	85	0012 0224688A A0 68 07 21 EC F7 67 FB 00 28	False	0012		0x0224688A	A0 68 07 21 EC F7 67 FB 00 28	!IMPLEMENT_CAPTURE_EXPERIENCE	0x0224688A		Task_GetPokemon	src/battle/battle_command.c	6645	C	OVY_12	0x022465A8	SYMBOL RANGE	unclassified patch/data	MAPPED	Feature-level semantic/dependency analysis required	NOT RUN	81238	-
bytereplacement	86	0012 022463A0 5E 20 61 68 00 22 80 00	False	0012		0x022463A0	5E 20 61 68 00 22 80 00	!IMPLEMENT_CAPTURE_EXPERIENCE	0x022463A0		Task_GetExp	src/battle/battle_command.c	5992	C	OVY_12	0x02245898	SYMBOL RANGE	unclassified patch/data	MAPPED	Feature-level semantic/dependency analysis required	NOT RUN	81228	-
bytereplacement	90	0012 0225848C 10	True	0012		0x0225848C	10		0x0225848C		ov12_02258440	src/battle/overlay_12_0224E4FC.c	2307	C	OVY_12	0x02258440	SYMBOL RANGE	unclassified patch/data	MAPPED	Feature-level semantic/dependency analysis required	NOT RUN	81909	-
bytereplacement	93	arm9 0208C848 00 03 04 00 00 05 06 00	True	arm9		0x0208C848	00 03 04 00 00 05 06 00		0x0208C848		sub_0208C7F8	asm/unk_0208C3E4.s	550	ASM	main	0x0208C7F8	SYMBOL RANGE	unclassified patch/data	MAPPED	Feature-level semantic/dependency analysis required	NOT RUN	41395	-
bytereplacement	98	arm9 02088B60 20 21 DC 6C 26 1C 0E 42	False	arm9		0x02088B60	20 21 DC 6C 26 1C 0E 42	!IMPLEMENT_NEW_EV_IV_VIEWER	0x02088B60		sub_02088B40	asm/unk_02088288.s	1037	ASM	main	0x02088B40	SYMBOL RANGE	unclassified patch/data	MAPPED	Feature-level semantic/dependency analysis required	NOT RUN	40266	-
bytereplacement	99	arm9 0208D2C4 78 21 03 23 FF F7 D8 FA	False	arm9		0x0208D2C4	78 21 03 23 FF F7 D8 FA	!IMPLEMENT_NEW_EV_IV_VIEWER	0x0208D2C4		sub_0208D178	asm/unk_0208C3E4.s	1683	ASM	main	0x0208D178	SYMBOL RANGE	unclassified patch/data	MAPPED	Feature-level semantic/dependency analysis required	NOT RUN	41562	-
bytereplacement	107	0012 02245A28 28 F6 8A FD 64 28 00 D1	False	0012		0x02245A28	28 F6 8A FD 64 28 00 D1	!IMPLEMENT_LEVEL_CAP	0x02245A28		Task_GetExp	src/battle/battle_command.c	5992	C	OVY_12	0x02245898	SYMBOL RANGE	unclassified patch/data	MAPPED	Feature-level semantic/dependency analysis required	NOT RUN	81228	-
bytereplacement	108	arm9 02070DB4 38 B5 82 B0 05 21 00 22	False	arm9		0x02070DB4	38 B5 82 B0 05 21 00 22	!IMPLEMENT_LEVEL_CAP	0x02070DB4		Pokemon_TryLevelUp	src/pokemon.c	2762	C	main	0x02070DB4	SYMBOL RANGE	unclassified patch/data	MAPPED	Feature-level semantic/dependency analysis required	NOT RUN	36751	-
bytereplacement	109	arm9 0208FEEA 64 28 05 D2 20 1C 8A F7 0C FE	False	arm9		0x0208FEEA	64 28 05 D2 20 1C 8A F7 0C FE	!IMPLEMENT_LEVEL_CAP	0x0208FEEA		CanUseItemOnPokemon	src/use_item_on_mon.c	14	C	main	0x0208FD9C	SYMBOL RANGE	unclassified patch/data	MAPPED	Feature-level semantic/dependency analysis required	NOT RUN	42182	-
bytereplacement	114	0068 08000002 12	True	0068		0x08000002	12		0x021E5902		MoveRelearner_Init	asm/overlay_68.s	8	ASM	OVY_68	0x021E5900	SYMBOL RANGE	unclassified patch/data	MAPPED	Feature-level semantic/dependency analysis required	NOT RUN	138791	-
bytereplacement	118	arm9 02054474 00	True	arm9		0x02054474	00	UPDATE_OVERWORLD_POISON	0x02054474		ApplyPoisonStep	src/script_pokemon_util.c	160	C	main	0x02054440	SYMBOL RANGE	unclassified patch/data	MAPPED	Feature-level semantic/dependency analysis required	NOT RUN	28636	-
bytereplacement	120	arm9 02054474 88	False	arm9		0x02054474	88	!UPDATE_OVERWORLD_POISON	0x02054474		ApplyPoisonStep	src/script_pokemon_util.c	160	C	main	0x02054440	SYMBOL RANGE	unclassified patch/data	MAPPED	Feature-level semantic/dependency analysis required	NOT RUN	28636	-
bytereplacement	124	0012 02240C66 03 20	True	0012		0x02240C66	03 20		0x02240C66		BtlCmd_TryEncore	src/battle/battle_command.c	2854	C	OVY_12	0x02240BB0	SYMBOL RANGE	unclassified patch/data	MAPPED	Feature-level semantic/dependency analysis required	NOT RUN	80864	-
bytereplacement	126	0012 0224099A 04 20	True	0012		0x0224099A	04 20		0x0224099A		BtlCmd_TryDisable	src/battle/battle_command.c	2774	C	OVY_12	0x022408FC	SYMBOL RANGE	unclassified patch/data	MAPPED	Feature-level semantic/dependency analysis required	NOT RUN	80855	-
bytereplacement	129	0012 02241F2E 03	True	0012		0x02241F2E	03		0x02241F2E		BtlCmd_CalcFuryCutterPower	src/battle/battle_command.c	3485	C	OVY_12	0x02241F10	SYMBOL RANGE	unclassified patch/data	MAPPED	Feature-level semantic/dependency analysis required	NOT RUN	80919	-
bytereplacement	133	arm9 0208CDE8 04	True	arm9		0x0208CDE8	04		0x0208CDE8		sub_0208CC88	asm/unk_0208C3E4.s	1101	ASM	main	0x0208CC88	SYMBOL RANGE	unclassified patch/data	MAPPED	Feature-level semantic/dependency analysis required	NOT RUN	41472	-
bytereplacement	135	0014 021F51E6 04	True	0014		0x021F51E6	04		0x021F51E6		ov14_021F5190	asm/overlay_14.s	31373	ASM	OVY_14	0x021F5190	SYMBOL RANGE	unclassified patch/data	MAPPED	Feature-level semantic/dependency analysis required	NOT RUN	94964	-
bytereplacement	137	0018 021E6C44 04	True	0018		0x021E6C44	04		0x021E6C44		ov18_021E6BB8	src/application/pokedex/ov18_021E5C40.c	1081	C	OVY_18	0x021E6BB8	SYMBOL RANGE	unclassified patch/data	MAPPED	Feature-level semantic/dependency analysis required	NOT RUN	98264	-
bytereplacement	138	0018 021EE796 04	True	0018		0x021EE796	04		0x021EE796		ov18_021EE75C	asm/overlay_18.s	540	ASM	OVY_18	0x021EE75C	SYMBOL RANGE	unclassified patch/data	MAPPED	Feature-level semantic/dependency analysis required	NOT RUN	98877	-
bytereplacement	139	0018 021EEC74 04	True	0018		0x021EEC74	04		0x021EEC74		ov18_021EEC34	asm/overlay_18.s	1129	ASM	OVY_18	0x021EEC34	SYMBOL RANGE	unclassified patch/data	MAPPED	Feature-level semantic/dependency analysis required	NOT RUN	98987	-
bytereplacement	140	0018 021F8D50 04	True	0018		0x021F8D50	04		0x021F8D50		ov18_021F8CCC	asm/overlay_18.s	21322	ASM	OVY_18	0x021F8CCC	SYMBOL RANGE	unclassified patch/data	MAPPED	Feature-level semantic/dependency analysis required	NOT RUN	101835	-
bytereplacement	143	arm9 0206E3C6 00 00 00 00	True	arm9		0x0206E3C6	00 00 00 00		0x0206E3C6		CalcMonStats	src/pokemon.c	314	C	main	0x0206E27C	SYMBOL RANGE	unclassified patch/data	MAPPED	Feature-level semantic/dependency analysis required	NOT RUN	36596	-
bytereplacement	144	arm9 0206E406 00 00 00 00	True	arm9		0x0206E406	00 00 00 00		0x0206E406		CalcMonStats	src/pokemon.c	314	C	main	0x0206E27C	SYMBOL RANGE	unclassified patch/data	MAPPED	Feature-level semantic/dependency analysis required	NOT RUN	36596	-
bytereplacement	145	arm9 0206E446 00 00 00 00	True	arm9		0x0206E446	00 00 00 00		0x0206E446		CalcMonStats	src/pokemon.c	314	C	main	0x0206E27C	SYMBOL RANGE	unclassified patch/data	MAPPED	Feature-level semantic/dependency analysis required	NOT RUN	36596	-
bytereplacement	146	arm9 0206E486 00 00 00 00	True	arm9		0x0206E486	00 00 00 00		0x0206E486		CalcMonStats	src/pokemon.c	314	C	main	0x0206E27C	SYMBOL RANGE	unclassified patch/data	MAPPED	Feature-level semantic/dependency analysis required	NOT RUN	36596	-
bytereplacement	147	arm9 0206E4C6 00 00 00 00	True	arm9		0x0206E4C6	00 00 00 00		0x0206E4C6		CalcMonStats	src/pokemon.c	314	C	main	0x0206E27C	SYMBOL RANGE	unclassified patch/data	MAPPED	Feature-level semantic/dependency analysis required	NOT RUN	36596	-
bytereplacement	153	arm9 020279E8 OFFSET_sectorCleanFlag	True	arm9		0x020279E8	OFFSET_sectorCleanFlag	ALLOW_SAVE_CHANGES && EXPAND_PC_BOXES	0x020279E8		Save_GetSaveFilesStatus	src/save.c	429	C	main	0x020277D4	SYMBOL RANGE	unclassified patch/data	MAPPED	Feature-level semantic/dependency analysis required	NOT RUN	19400	-
bytereplacement	154	arm9 02027CE8 OFFSET_lastGoodSector	True	arm9		0x02027CE8	OFFSET_lastGoodSector	ALLOW_SAVE_CHANGES && EXPAND_PC_BOXES	0x02027CE8		HandleWriteSaveAsync_NormalData	src/save.c	631	C	main	0x02027C18	SYMBOL RANGE	unclassified patch/data	MAPPED	Feature-level semantic/dependency analysis required	NOT RUN	19419	-
bytereplacement	155	arm9 02027E2C OFFSET_saveSlotSpecs	True	arm9		0x02027E2C	OFFSET_saveSlotSpecs	ALLOW_SAVE_CHANGES && EXPAND_PC_BOXES	0x02027E2C		FlashClobberChunkFooter	src/save.c	724	C	main	0x02027DF8	SYMBOL RANGE	unclassified patch/data	MAPPED	Feature-level semantic/dependency analysis required	NOT RUN	19430	-
bytereplacement	156	arm9 02027EEC 00 00 00 00	True	arm9		0x02027EEC	00 00 00 00	ALLOW_SAVE_CHANGES && EXPAND_PC_BOXES	0x02027EEC		SaveData_InitSubstructs	src/save.c	744	C	main	0x02027E5C	SYMBOL RANGE	unclassified patch/data	MAPPED	Feature-level semantic/dependency analysis required	NOT RUN	19436	-
bytereplacement	157	arm9 02027F92 SAVE_PAGE_MAX	True	arm9		0x02027F92	SAVE_PAGE_MAX	ALLOW_SAVE_CHANGES && EXPAND_PC_BOXES	0x02027F92		SaveData_InitSlotSpecs	src/save.c	770	C	main	0x02027EFC	SYMBOL RANGE	unclassified patch/data	MAPPED	Feature-level semantic/dependency analysis required	NOT RUN	19439	-
bytereplacement	158	arm9 02027FAE DYNAMIC_REGION_BYTEWIDE_SIZE	True	arm9		0x02027FAE	DYNAMIC_REGION_BYTEWIDE_SIZE	ALLOW_SAVE_CHANGES && EXPAND_PC_BOXES	0x02027FAE		Save_InitDynamicRegion_Internal	src/save.c	799	C	main	0x02027FA8	SYMBOL RANGE	unclassified patch/data	MAPPED	Feature-level semantic/dependency analysis required	NOT RUN	19442	-
bytereplacement	159	arm9 02028098 OFFSET_lastGoodSaveNo	True	arm9		0x02028098	OFFSET_lastGoodSaveNo	ALLOW_SAVE_CHANGES && EXPAND_PC_BOXES	0x02028098		CreateChunkFooter	src/save.c	840	C	main	0x02028070	SYMBOL RANGE	unclassified patch/data	MAPPED	Feature-level semantic/dependency analysis required	NOT RUN	19448	-
bytereplacement	160	arm9 0202822C OFFSET_lastGoodSaveSlot	True	arm9		0x0202822C	OFFSET_lastGoodSaveSlot	ALLOW_SAVE_CHANGES && EXPAND_PC_BOXES	0x0202822C		WriteExtraSaveChunk	src/save.c	878	C	main	0x020280E4	SYMBOL RANGE	unclassified patch/data	MAPPED	Feature-level semantic/dependency analysis required	NOT RUN	19456	-
bytereplacement	161	arm9 020284A0 OFFSET_lastGoodSaveSlot	True	arm9		0x020284A0	OFFSET_lastGoodSaveSlot	ALLOW_SAVE_CHANGES && EXPAND_PC_BOXES	0x020284A0		ReadExtraSaveChunk	src/save.c	950	C	main	0x0202833C	SYMBOL RANGE	unclassified patch/data	MAPPED	Feature-level semantic/dependency analysis required	NOT RUN	19462	-
bytereplacement	162	arm9 020F62AC FULL_SAVE_SIZE	True	arm9		0x020F62AC	FULL_SAVE_SIZE	ALLOW_SAVE_CHANGES && EXPAND_PC_BOXES	0x020F62AC		sDefaultHeapSpec	src/system.c		DATA	main	0x020F62A4	SYMBOL RANGE	data	MAPPED	Feature-level semantic/dependency analysis required	NOT RUN	49422	-
bytereplacement	163	arm9 020F62BC NEW_HEAP3_SIZE	True	arm9		0x020F62BC	NEW_HEAP3_SIZE	ALLOW_SAVE_CHANGES && EXPAND_PC_BOXES	0x020F62BC		sDefaultHeapSpec	src/system.c		DATA	main	0x020F62A4	SYMBOL RANGE	data	MAPPED	Feature-level semantic/dependency analysis required	NOT RUN	49422	-
bytereplacement	165	arm9 020277D8 DYNAMIC_REGION_BYTEWIDE_SIZE	True	arm9		0x020277D8	DYNAMIC_REGION_BYTEWIDE_SIZE	ALLOW_SAVE_CHANGES && EXPAND_PC_BOXES	0x020277D8		Save_GetSaveFilesStatus	src/save.c	429	C	main	0x020277D4	SYMBOL RANGE	unclassified patch/data	MAPPED	Feature-level semantic/dependency analysis required	NOT RUN	19400	-
bytereplacement	166	arm9 020277E4 DYNAMIC_REGION_BYTEWIDE_SIZE	True	arm9		0x020277E4	DYNAMIC_REGION_BYTEWIDE_SIZE	ALLOW_SAVE_CHANGES && EXPAND_PC_BOXES	0x020277E4		Save_GetSaveFilesStatus	src/save.c	429	C	main	0x020277D4	SYMBOL RANGE	unclassified patch/data	MAPPED	Feature-level semantic/dependency analysis required	NOT RUN	19400	-
bytereplacement	167	arm9 020277F0 DYNAMIC_REGION_BYTEWIDE_SIZE	True	arm9		0x020277F0	DYNAMIC_REGION_BYTEWIDE_SIZE	ALLOW_SAVE_CHANGES && EXPAND_PC_BOXES	0x020277F0		Save_GetSaveFilesStatus	src/save.c	429	C	main	0x020277D4	SYMBOL RANGE	unclassified patch/data	MAPPED	Feature-level semantic/dependency analysis required	NOT RUN	19400	-
bytereplacement	168	arm9 02027828 DYNAMIC_REGION_BYTEWIDE_SIZE	True	arm9		0x02027828	DYNAMIC_REGION_BYTEWIDE_SIZE	ALLOW_SAVE_CHANGES && EXPAND_PC_BOXES	0x02027828		Save_GetSaveFilesStatus	src/save.c	429	C	main	0x020277D4	SYMBOL RANGE	unclassified patch/data	MAPPED	Feature-level semantic/dependency analysis required	NOT RUN	19400	-
bytereplacement	170	arm9 02027EE4 DYNAMIC_REGION_BYTEWIDE_SIZE	True	arm9		0x02027EE4	DYNAMIC_REGION_BYTEWIDE_SIZE	ALLOW_SAVE_CHANGES && EXPAND_PC_BOXES	0x02027EE4		SaveData_InitSubstructs	src/save.c	744	C	main	0x02027E5C	SYMBOL RANGE	unclassified patch/data	MAPPED	Feature-level semantic/dependency analysis required	NOT RUN	19436	-
bytereplacement	172	arm9 020F6468 SAVE_PAGE_MAX	True	arm9		0x020F6468	SAVE_PAGE_MAX	ALLOW_SAVE_CHANGES && EXPAND_PC_BOXES	0x020F6468		gExtraSaveChunkHeaders	src/save_arrays.c		DATA	main	0x020F6464	SYMBOL RANGE	data	MAPPED	Feature-level semantic/dependency analysis required	NOT RUN	49450	-
bytereplacement	173	arm9 020F6478 SAVE_PAGE_MAX_3	True	arm9		0x020F6478	SAVE_PAGE_MAX_3	ALLOW_SAVE_CHANGES && EXPAND_PC_BOXES	0x020F6478		gExtraSaveChunkHeaders	src/save_arrays.c		DATA	main	0x020F6464	SYMBOL RANGE	data	MAPPED	Feature-level semantic/dependency analysis required	NOT RUN	49450	-
bytereplacement	174	arm9 020F6488 SAVE_PAGE_MAX_4	True	arm9		0x020F6488	SAVE_PAGE_MAX_4	ALLOW_SAVE_CHANGES && EXPAND_PC_BOXES	0x020F6488		gExtraSaveChunkHeaders	src/save_arrays.c		DATA	main	0x020F6464	SYMBOL RANGE	data	MAPPED	Feature-level semantic/dependency analysis required	NOT RUN	49450	-
bytereplacement	175	arm9 020F6498 SAVE_PAGE_MAX_6	True	arm9		0x020F6498	SAVE_PAGE_MAX_6	ALLOW_SAVE_CHANGES && EXPAND_PC_BOXES	0x020F6498		gExtraSaveChunkHeaders	src/save_arrays.c		DATA	main	0x020F6464	SYMBOL RANGE	data	MAPPED	Feature-level semantic/dependency analysis required	NOT RUN	49450	-
bytereplacement	176	arm9 020F64A8 SAVE_PAGE_MAX_8	True	arm9		0x020F64A8	SAVE_PAGE_MAX_8	ALLOW_SAVE_CHANGES && EXPAND_PC_BOXES	0x020F64A8		gExtraSaveChunkHeaders	src/save_arrays.c		DATA	main	0x020F6464	SYMBOL RANGE	data	MAPPED	Feature-level semantic/dependency analysis required	NOT RUN	49450	-
bytereplacement	177	arm9 020F64B8 SAVE_PAGE_MAX_10	True	arm9		0x020F64B8	SAVE_PAGE_MAX_10	ALLOW_SAVE_CHANGES && EXPAND_PC_BOXES	0x020F64B8		gExtraSaveChunkHeaders	src/save_arrays.c		DATA	main	0x020F6464	SYMBOL RANGE	data	MAPPED	Feature-level semantic/dependency analysis required	NOT RUN	49450	-
bytereplacement	180	arm9 0202716C NUM_PC_BOXES	True	arm9		0x0202716C	NUM_PC_BOXES	ALLOW_SAVE_CHANGES && EXPAND_PC_BOXES	0x0202716C		PCStorage_GetNumBoxes	src/save_arrays.c	405	C	main	0x0202716C	SYMBOL RANGE	unclassified patch/data	MAPPED	Feature-level semantic/dependency analysis required	NOT RUN	19300	-
bytereplacement	181	0014 021F0298 NUM_PC_BOXES_MINUS_ONE	True	0014		0x021F0298	NUM_PC_BOXES_MINUS_ONE	ALLOW_SAVE_CHANGES && EXPAND_PC_BOXES	0x021F0298		ov14_021F028C	asm/overlay_14.s	21408	ASM	OVY_14	0x021F028C	SYMBOL RANGE	unclassified patch/data	MAPPED	Feature-level semantic/dependency analysis required	NOT RUN	93263	-
bytereplacement	182	0014 021F031C NUM_PC_BOXES_MINUS_ONE	True	0014		0x021F031C	NUM_PC_BOXES_MINUS_ONE	ALLOW_SAVE_CHANGES && EXPAND_PC_BOXES	0x021F031C		ov14_021F0314	asm/overlay_14.s	21473	ASM	OVY_14	0x021F0314	SYMBOL RANGE	unclassified patch/data	MAPPED	Feature-level semantic/dependency analysis required	NOT RUN	93275	-
bytereplacement	183	0014 021F1016 NUM_PC_BOXES	True	0014		0x021F1016	NUM_PC_BOXES	ALLOW_SAVE_CHANGES && EXPAND_PC_BOXES	0x021F1016		ov14_021F1004	asm/overlay_14.s	23048	ASM	OVY_14	0x021F1004	SYMBOL RANGE	unclassified patch/data	MAPPED	Feature-level semantic/dependency analysis required	NOT RUN	93595	-
bytereplacement	184	0014 021F101A NUM_PC_BOXES	True	0014		0x021F101A	NUM_PC_BOXES	ALLOW_SAVE_CHANGES && EXPAND_PC_BOXES	0x021F101A		ov14_021F1004	asm/overlay_14.s	23048	ASM	OVY_14	0x021F1004	SYMBOL RANGE	unclassified patch/data	MAPPED	Feature-level semantic/dependency analysis required	NOT RUN	93595	-
bytereplacement	185	0014 021F101E NUM_PC_BOXES	True	0014		0x021F101E	NUM_PC_BOXES	ALLOW_SAVE_CHANGES && EXPAND_PC_BOXES	0x021F101E		ov14_021F1004	asm/overlay_14.s	23048	ASM	OVY_14	0x021F1004	SYMBOL RANGE	unclassified patch/data	MAPPED	Feature-level semantic/dependency analysis required	NOT RUN	93595	-
bytereplacement	186	0014 021F49D8 NUM_PC_BOXES	True	0014		0x021F49D8	NUM_PC_BOXES	ALLOW_SAVE_CHANGES && EXPAND_PC_BOXES	0x021F49D8		ov14_021F49C8	asm/overlay_14.s	30391	ASM	OVY_14	0x021F49C8	SYMBOL RANGE	unclassified patch/data	MAPPED	Feature-level semantic/dependency analysis required	NOT RUN	94815	-
bytereplacement	187	0014 021F6D74 NUM_PC_BOXES	True	0014		0x021F6D74	NUM_PC_BOXES	ALLOW_SAVE_CHANGES && EXPAND_PC_BOXES	0x021F6D74		ov14_021F6D14	asm/overlay_14.s	34975	ASM	OVY_14	0x021F6D14	SYMBOL RANGE	unclassified patch/data	MAPPED	Feature-level semantic/dependency analysis required	NOT RUN	95486	-
bytereplacement	188	0014 021F6DD2 NUM_PC_BOXES_MINUS_ONE	True	0014		0x021F6DD2	NUM_PC_BOXES_MINUS_ONE	ALLOW_SAVE_CHANGES && EXPAND_PC_BOXES	0x021F6DD2		ov14_021F6D14	asm/overlay_14.s	34975	ASM	OVY_14	0x021F6D14	SYMBOL RANGE	unclassified patch/data	MAPPED	Feature-level semantic/dependency analysis required	NOT RUN	95486	-
bytereplacement	189	0014 021F720C NUM_PC_BOXES	True	0014		0x021F720C	NUM_PC_BOXES	ALLOW_SAVE_CHANGES && EXPAND_PC_BOXES	0x021F720C		ov14_021F7184	asm/overlay_14.s	35558	ASM	OVY_14	0x021F7184	SYMBOL RANGE	unclassified patch/data	MAPPED	Feature-level semantic/dependency analysis required	NOT RUN	95568	-
bytereplacement	190	0014 021F726A NUM_PC_BOXES_MINUS_ONE	True	0014		0x021F726A	NUM_PC_BOXES_MINUS_ONE	ALLOW_SAVE_CHANGES && EXPAND_PC_BOXES	0x021F726A		ov14_021F7184	asm/overlay_14.s	35558	ASM	OVY_14	0x021F7184	SYMBOL RANGE	unclassified patch/data	MAPPED	Feature-level semantic/dependency analysis required	NOT RUN	95568	-
bytereplacement	191	0014 021F7760 NUM_PC_BOXES	True	0014		0x021F7760	NUM_PC_BOXES	ALLOW_SAVE_CHANGES && EXPAND_PC_BOXES	0x021F7760		ov14_021F7700	asm/overlay_14.s	36277	ASM	OVY_14	0x021F7700	SYMBOL RANGE	unclassified patch/data	MAPPED	Feature-level semantic/dependency analysis required	NOT RUN	95673	-
bytereplacement	192	0014 021F77BE NUM_PC_BOXES_MINUS_ONE	True	0014		0x021F77BE	NUM_PC_BOXES_MINUS_ONE	ALLOW_SAVE_CHANGES && EXPAND_PC_BOXES	0x021F77BE		ov14_021F7700	asm/overlay_14.s	36277	ASM	OVY_14	0x021F7700	SYMBOL RANGE	unclassified patch/data	MAPPED	Feature-level semantic/dependency analysis required	NOT RUN	95673	-
bytereplacement	193	0014 021F6DD2 NUM_PC_BOXES_MINUS_ONE	True	0014		0x021F6DD2	NUM_PC_BOXES_MINUS_ONE	ALLOW_SAVE_CHANGES && EXPAND_PC_BOXES	0x021F6DD2		ov14_021F6D14	asm/overlay_14.s	34975	ASM	OVY_14	0x021F6D14	SYMBOL RANGE	unclassified patch/data	MAPPED	Feature-level semantic/dependency analysis required	NOT RUN	95486	-
bytereplacement	194	0014 021F726A NUM_PC_BOXES_MINUS_ONE	True	0014		0x021F726A	NUM_PC_BOXES_MINUS_ONE	ALLOW_SAVE_CHANGES && EXPAND_PC_BOXES	0x021F726A		ov14_021F7184	asm/overlay_14.s	35558	ASM	OVY_14	0x021F7184	SYMBOL RANGE	unclassified patch/data	MAPPED	Feature-level semantic/dependency analysis required	NOT RUN	95568	-
bytereplacement	195	0014 021F77BE NUM_PC_BOXES_MINUS_ONE	True	0014		0x021F77BE	NUM_PC_BOXES_MINUS_ONE	ALLOW_SAVE_CHANGES && EXPAND_PC_BOXES	0x021F77BE		ov14_021F7700	asm/overlay_14.s	36277	ASM	OVY_14	0x021F7700	SYMBOL RANGE	unclassified patch/data	MAPPED	Feature-level semantic/dependency analysis required	NOT RUN	95673	-
bytereplacement	198	0008 02222D48 NUM_PC_BOXES	True	0008		0x02222D48	NUM_PC_BOXES	ALLOW_SAVE_CHANGES && EXPAND_PC_BOXES	0x02222D48		ov08_02222B8C	asm/overlay_08.s	13426	ASM	OVY_8	0x02222B8C	SYMBOL RANGE	unclassified patch/data	MAPPED	Feature-level semantic/dependency analysis required	NOT RUN	77590	-
bytereplacement	200	arm9 02050E7C NUM_PC_BOXES	True	arm9		0x02050E7C	NUM_PC_BOXES	ALLOW_SAVE_CHANGES && EXPAND_PC_BOXES	0x02050E7C		Task_SafariEncounter	src/encounter.c	401	C	main	0x02050D1C	SYMBOL RANGE	unclassified patch/data	MAPPED	Feature-level semantic/dependency analysis required	NOT RUN	28313	-
bytereplacement	202	0012 02245314 NUM_PC_BOXES	True	0012		0x02245314	NUM_PC_BOXES	ALLOW_SAVE_CHANGES && EXPAND_PC_BOXES	0x02245314		BtlCmd_CheckSafariGameDone	src/battle/battle_command.c	5662	C	OVY_12	0x022452EC	SYMBOL RANGE	unclassified patch/data	MAPPED	Feature-level semantic/dependency analysis required	NOT RUN	81195	-
bytereplacement	207	0014 021EB0D8 E0 00 01 00	True	0014		0x021EB0D8	E0 00 01 00	ALLOW_SAVE_CHANGES && EXPAND_PC_BOXES	0x021EB0D8		ov14_021EAFAC	asm/overlay_14.s	11390	ASM	OVY_14	0x021EAFAC	SYMBOL RANGE	unclassified patch/data	MAPPED	Feature-level semantic/dependency analysis required	NOT RUN	91258	-
bytereplacement	209	0014 021F49C4 E0 88 00 00	True	0014		0x021F49C4	E0 88 00 00	ALLOW_SAVE_CHANGES && EXPAND_PC_BOXES	0x021F49C4		ov14_021F4958	asm/overlay_14.s	30339	ASM	OVY_14	0x021F4958	SYMBOL RANGE	unclassified patch/data	MAPPED	Feature-level semantic/dependency analysis required	NOT RUN	94805	-
bytereplacement	210	0014 021F4A1C E0 88 00 00	True	0014		0x021F4A1C	E0 88 00 00	ALLOW_SAVE_CHANGES && EXPAND_PC_BOXES	0x021F4A1C		ov14_021F49E0	asm/overlay_14.s	30407	ASM	OVY_14	0x021F49E0	SYMBOL RANGE	unclassified patch/data	MAPPED	Feature-level semantic/dependency analysis required	NOT RUN	94819	-
bytereplacement	211	0014 021F4A60 E0 88 00 00	True	0014		0x021F4A60	E0 88 00 00	ALLOW_SAVE_CHANGES && EXPAND_PC_BOXES	0x021F4A60		ov14_021F4A20	asm/overlay_14.s	30441	ASM	OVY_14	0x021F4A20	SYMBOL RANGE	unclassified patch/data	MAPPED	Feature-level semantic/dependency analysis required	NOT RUN	94824	-
bytereplacement	218	arm9 020277BC DA 00 89 18 4A 68 02 49	False	arm9		0x020277BC	DA 00 89 18 4A 68 02 49	!EXPAND_PC_BOXES	0x020277BC		Save_RecordWhichLatestGoodSector	src/save.c	423	C	main	0x020277BC	SYMBOL RANGE	unclassified patch/data	MAPPED	Feature-level semantic/dependency analysis required	NOT RUN	19397	-
bytereplacement	220	arm9 020279E8 08 33 02 00	False	arm9		0x020279E8	08 33 02 00	!EXPAND_PC_BOXES	0x020279E8		Save_GetSaveFilesStatus	src/save.c	429	C	main	0x020277D4	SYMBOL RANGE	unclassified patch/data	MAPPED	Feature-level semantic/dependency analysis required	NOT RUN	19400	-
bytereplacement	221	arm9 02027CE8 0A 33 02 00	False	arm9		0x02027CE8	0A 33 02 00	!EXPAND_PC_BOXES	0x02027CE8		HandleWriteSaveAsync_NormalData	src/save.c	631	C	main	0x02027C18	SYMBOL RANGE	unclassified patch/data	MAPPED	Feature-level semantic/dependency analysis required	NOT RUN	19419	-
bytereplacement	222	arm9 02027E2C B4 32 02 00	False	arm9		0x02027E2C	B4 32 02 00	!EXPAND_PC_BOXES	0x02027E2C		FlashClobberChunkFooter	src/save.c	724	C	main	0x02027DF8	SYMBOL RANGE	unclassified patch/data	MAPPED	Feature-level semantic/dependency analysis required	NOT RUN	19430	-
bytereplacement	223	arm9 02027EEC FD F7 16 FB	False	arm9		0x02027EEC	FD F7 16 FB	!EXPAND_PC_BOXES	0x02027EEC		SaveData_InitSubstructs	src/save.c	744	C	main	0x02027E5C	SYMBOL RANGE	unclassified patch/data	MAPPED	Feature-level semantic/dependency analysis required	NOT RUN	19436	-
bytereplacement	224	arm9 02027F92 23	False	arm9		0x02027F92	23	!EXPAND_PC_BOXES	0x02027F92		SaveData_InitSlotSpecs	src/save.c	770	C	main	0x02027EFC	SYMBOL RANGE	unclassified patch/data	MAPPED	Feature-level semantic/dependency analysis required	NOT RUN	19439	-
bytereplacement	225	arm9 02027FAE 23	False	arm9		0x02027FAE	23	!EXPAND_PC_BOXES	0x02027FAE		Save_InitDynamicRegion_Internal	src/save.c	799	C	main	0x02027FA8	SYMBOL RANGE	unclassified patch/data	MAPPED	Feature-level semantic/dependency analysis required	NOT RUN	19442	-
bytereplacement	226	arm9 02028098 F4 32 02 00	False	arm9		0x02028098	F4 32 02 00	!EXPAND_PC_BOXES	0x02028098		CreateChunkFooter	src/save.c	840	C	main	0x02028070	SYMBOL RANGE	unclassified patch/data	MAPPED	Feature-level semantic/dependency analysis required	NOT RUN	19448	-
bytereplacement	227	arm9 0202822C F0 32 02 00	False	arm9		0x0202822C	F0 32 02 00	!EXPAND_PC_BOXES	0x0202822C		WriteExtraSaveChunk	src/save.c	878	C	main	0x020280E4	SYMBOL RANGE	unclassified patch/data	MAPPED	Feature-level semantic/dependency analysis required	NOT RUN	19456	-
bytereplacement	228	arm9 020284A0 F0 32 02 00	False	arm9		0x020284A0	F0 32 02 00	!EXPAND_PC_BOXES	0x020284A0		ReadExtraSaveChunk	src/save.c	950	C	main	0x0202833C	SYMBOL RANGE	unclassified patch/data	MAPPED	Feature-level semantic/dependency analysis required	NOT RUN	19462	-
bytereplacement	229	arm9 020F62AC 00 36 02 00	False	arm9		0x020F62AC	00 36 02 00	!EXPAND_PC_BOXES	0x020F62AC		sDefaultHeapSpec	src/system.c		DATA	main	0x020F62A4	SYMBOL RANGE	data	MAPPED	Feature-level semantic/dependency analysis required	NOT RUN	49422	-
bytereplacement	230	arm9 020F62BC 00 D0 11 00	False	arm9		0x020F62BC	00 D0 11 00	!EXPAND_PC_BOXES	0x020F62BC		sDefaultHeapSpec	src/system.c		DATA	main	0x020F62A4	SYMBOL RANGE	data	MAPPED	Feature-level semantic/dependency analysis required	NOT RUN	49422	-
bytereplacement	232	arm9 020277D8 23	False	arm9		0x020277D8	23	!EXPAND_PC_BOXES	0x020277D8		Save_GetSaveFilesStatus	src/save.c	429	C	main	0x020277D4	SYMBOL RANGE	unclassified patch/data	MAPPED	Feature-level semantic/dependency analysis required	NOT RUN	19400	-
bytereplacement	233	arm9 020277E4 23	False	arm9		0x020277E4	23	!EXPAND_PC_BOXES	0x020277E4		Save_GetSaveFilesStatus	src/save.c	429	C	main	0x020277D4	SYMBOL RANGE	unclassified patch/data	MAPPED	Feature-level semantic/dependency analysis required	NOT RUN	19400	-
bytereplacement	234	arm9 020277F0 23	False	arm9		0x020277F0	23	!EXPAND_PC_BOXES	0x020277F0		Save_GetSaveFilesStatus	src/save.c	429	C	main	0x020277D4	SYMBOL RANGE	unclassified patch/data	MAPPED	Feature-level semantic/dependency analysis required	NOT RUN	19400	-
bytereplacement	235	arm9 02027828 23	False	arm9		0x02027828	23	!EXPAND_PC_BOXES	0x02027828		Save_GetSaveFilesStatus	src/save.c	429	C	main	0x020277D4	SYMBOL RANGE	unclassified patch/data	MAPPED	Feature-level semantic/dependency analysis required	NOT RUN	19400	-
bytereplacement	237	arm9 02027EE4 23	False	arm9		0x02027EE4	23	!EXPAND_PC_BOXES	0x02027EE4		SaveData_InitSubstructs	src/save.c	744	C	main	0x02027E5C	SYMBOL RANGE	unclassified patch/data	MAPPED	Feature-level semantic/dependency analysis required	NOT RUN	19436	-
bytereplacement	239	arm9 020F6468 23	False	arm9		0x020F6468	23	!EXPAND_PC_BOXES	0x020F6468		gExtraSaveChunkHeaders	src/save_arrays.c		DATA	main	0x020F6464	SYMBOL RANGE	data	MAPPED	Feature-level semantic/dependency analysis required	NOT RUN	49450	-
bytereplacement	240	arm9 020F6478 26	False	arm9		0x020F6478	26	!EXPAND_PC_BOXES	0x020F6478		gExtraSaveChunkHeaders	src/save_arrays.c		DATA	main	0x020F6464	SYMBOL RANGE	data	MAPPED	Feature-level semantic/dependency analysis required	NOT RUN	49450	-
bytereplacement	241	arm9 020F6488 27	False	arm9		0x020F6488	27	!EXPAND_PC_BOXES	0x020F6488		gExtraSaveChunkHeaders	src/save_arrays.c		DATA	main	0x020F6464	SYMBOL RANGE	data	MAPPED	Feature-level semantic/dependency analysis required	NOT RUN	49450	-
bytereplacement	242	arm9 020F6498 29	False	arm9		0x020F6498	29	!EXPAND_PC_BOXES	0x020F6498		gExtraSaveChunkHeaders	src/save_arrays.c		DATA	main	0x020F6464	SYMBOL RANGE	data	MAPPED	Feature-level semantic/dependency analysis required	NOT RUN	49450	-
bytereplacement	243	arm9 020F64A8 2B	False	arm9		0x020F64A8	2B	!EXPAND_PC_BOXES	0x020F64A8		gExtraSaveChunkHeaders	src/save_arrays.c		DATA	main	0x020F6464	SYMBOL RANGE	data	MAPPED	Feature-level semantic/dependency analysis required	NOT RUN	49450	-
bytereplacement	244	arm9 020F64B8 2D	False	arm9		0x020F64B8	2D	!EXPAND_PC_BOXES	0x020F64B8		gExtraSaveChunkHeaders	src/save_arrays.c		DATA	main	0x020F6464	SYMBOL RANGE	data	MAPPED	Feature-level semantic/dependency analysis required	NOT RUN	49450	-
bytereplacement	247	arm9 02073C6C F8 B5 1F 1C 05 1C 38 1C 0C 1C 16 1C	False	arm9		0x02073C6C	F8 B5 1F 1C 05 1C 38 1C 0C 1C 16 1C	!EXPAND_PC_BOXES	0x02073C6C		PCStorage_PlaceMonInBoxByIndexPair	src/pokemon_storage_system.c	86	C	main	0x02073C6C	SYMBOL RANGE	unclassified patch/data	MAPPED	Feature-level semantic/dependency analysis required	NOT RUN	37038	-
bytereplacement	248	arm9 02073CC0 F0 B5 A3 B0 0C 1C 21 03 9C 46 00 90	False	arm9		0x02073CC0	F0 B5 A3 B0 0C 1C 21 03 9C 46 00 90	!EXPAND_PC_BOXES	0x02073CC0		PCStorage_SwapMonsInBoxByIndexPair	src/pokemon_storage_system.c	100	C	main	0x02073CC0	SYMBOL RANGE	unclassified patch/data	MAPPED	Feature-level semantic/dependency analysis required	NOT RUN	37040	-
bytereplacement	249	arm9 02074014 F8 B5 0C 1C 05 1C 16 1C 1F 1C 12 2C	False	arm9		0x02074014	F8 B5 0C 1C 05 1C 16 1C 1F 1C 12 2C	!EXPAND_PC_BOXES	0x02074014		PCStorage_GetMonDataByIndexPair	src/pokemon_storage_system.c	308	C	main	0x02074014	SYMBOL RANGE	unclassified patch/data	MAPPED	Feature-level semantic/dependency analysis required	NOT RUN	37076	-
bytereplacement	251	arm9 0202716C 12	False	arm9		0x0202716C	12	!EXPAND_PC_BOXES	0x0202716C		PCStorage_GetNumBoxes	src/save_arrays.c	405	C	main	0x0202716C	SYMBOL RANGE	unclassified patch/data	MAPPED	Feature-level semantic/dependency analysis required	NOT RUN	19300	-
bytereplacement	252	0014 021F0298 11	False	0014		0x021F0298	11	!EXPAND_PC_BOXES	0x021F0298		ov14_021F028C	asm/overlay_14.s	21408	ASM	OVY_14	0x021F028C	SYMBOL RANGE	unclassified patch/data	MAPPED	Feature-level semantic/dependency analysis required	NOT RUN	93263	-
bytereplacement	253	0014 021F031C 11	False	0014		0x021F031C	11	!EXPAND_PC_BOXES	0x021F031C		ov14_021F0314	asm/overlay_14.s	21473	ASM	OVY_14	0x021F0314	SYMBOL RANGE	unclassified patch/data	MAPPED	Feature-level semantic/dependency analysis required	NOT RUN	93275	-
bytereplacement	254	0014 021F1016 12	False	0014		0x021F1016	12	!EXPAND_PC_BOXES	0x021F1016		ov14_021F1004	asm/overlay_14.s	23048	ASM	OVY_14	0x021F1004	SYMBOL RANGE	unclassified patch/data	MAPPED	Feature-level semantic/dependency analysis required	NOT RUN	93595	-
bytereplacement	255	0014 021F101A 12	False	0014		0x021F101A	12	!EXPAND_PC_BOXES	0x021F101A		ov14_021F1004	asm/overlay_14.s	23048	ASM	OVY_14	0x021F1004	SYMBOL RANGE	unclassified patch/data	MAPPED	Feature-level semantic/dependency analysis required	NOT RUN	93595	-
bytereplacement	256	0014 021F101E 12	False	0014		0x021F101E	12	!EXPAND_PC_BOXES	0x021F101E		ov14_021F1004	asm/overlay_14.s	23048	ASM	OVY_14	0x021F1004	SYMBOL RANGE	unclassified patch/data	MAPPED	Feature-level semantic/dependency analysis required	NOT RUN	93595	-
bytereplacement	257	0014 021F49D8 12	False	0014		0x021F49D8	12	!EXPAND_PC_BOXES	0x021F49D8		ov14_021F49C8	asm/overlay_14.s	30391	ASM	OVY_14	0x021F49C8	SYMBOL RANGE	unclassified patch/data	MAPPED	Feature-level semantic/dependency analysis required	NOT RUN	94815	-
bytereplacement	258	0014 021F6D74 12	False	0014		0x021F6D74	12	!EXPAND_PC_BOXES	0x021F6D74		ov14_021F6D14	asm/overlay_14.s	34975	ASM	OVY_14	0x021F6D14	SYMBOL RANGE	unclassified patch/data	MAPPED	Feature-level semantic/dependency analysis required	NOT RUN	95486	-
bytereplacement	259	0014 021F6DD2 11	False	0014		0x021F6DD2	11	!EXPAND_PC_BOXES	0x021F6DD2		ov14_021F6D14	asm/overlay_14.s	34975	ASM	OVY_14	0x021F6D14	SYMBOL RANGE	unclassified patch/data	MAPPED	Feature-level semantic/dependency analysis required	NOT RUN	95486	-
bytereplacement	260	0014 021F720C 12	False	0014		0x021F720C	12	!EXPAND_PC_BOXES	0x021F720C		ov14_021F7184	asm/overlay_14.s	35558	ASM	OVY_14	0x021F7184	SYMBOL RANGE	unclassified patch/data	MAPPED	Feature-level semantic/dependency analysis required	NOT RUN	95568	-
bytereplacement	261	0014 021F726A 11	False	0014		0x021F726A	11	!EXPAND_PC_BOXES	0x021F726A		ov14_021F7184	asm/overlay_14.s	35558	ASM	OVY_14	0x021F7184	SYMBOL RANGE	unclassified patch/data	MAPPED	Feature-level semantic/dependency analysis required	NOT RUN	95568	-
bytereplacement	262	0014 021F7760 12	False	0014		0x021F7760	12	!EXPAND_PC_BOXES	0x021F7760		ov14_021F7700	asm/overlay_14.s	36277	ASM	OVY_14	0x021F7700	SYMBOL RANGE	unclassified patch/data	MAPPED	Feature-level semantic/dependency analysis required	NOT RUN	95673	-
bytereplacement	263	0014 021F77BE 11	False	0014		0x021F77BE	11	!EXPAND_PC_BOXES	0x021F77BE		ov14_021F7700	asm/overlay_14.s	36277	ASM	OVY_14	0x021F7700	SYMBOL RANGE	unclassified patch/data	MAPPED	Feature-level semantic/dependency analysis required	NOT RUN	95673	-
bytereplacement	264	0014 021F6DD2 11	False	0014		0x021F6DD2	11	!EXPAND_PC_BOXES	0x021F6DD2		ov14_021F6D14	asm/overlay_14.s	34975	ASM	OVY_14	0x021F6D14	SYMBOL RANGE	unclassified patch/data	MAPPED	Feature-level semantic/dependency analysis required	NOT RUN	95486	-
bytereplacement	265	0014 021F726A 11	False	0014		0x021F726A	11	!EXPAND_PC_BOXES	0x021F726A		ov14_021F7184	asm/overlay_14.s	35558	ASM	OVY_14	0x021F7184	SYMBOL RANGE	unclassified patch/data	MAPPED	Feature-level semantic/dependency analysis required	NOT RUN	95568	-
bytereplacement	266	0014 021F77BE 11	False	0014		0x021F77BE	11	!EXPAND_PC_BOXES	0x021F77BE		ov14_021F7700	asm/overlay_14.s	36277	ASM	OVY_14	0x021F7700	SYMBOL RANGE	unclassified patch/data	MAPPED	Feature-level semantic/dependency analysis required	NOT RUN	95673	-
bytereplacement	268	0008 02222D48 12	False	0008		0x02222D48	12	!EXPAND_PC_BOXES	0x02222D48		ov08_02222B8C	asm/overlay_08.s	13426	ASM	OVY_8	0x02222B8C	SYMBOL RANGE	unclassified patch/data	MAPPED	Feature-level semantic/dependency analysis required	NOT RUN	77590	-
bytereplacement	269	arm9 02050E7C 12	False	arm9		0x02050E7C	12	!EXPAND_PC_BOXES	0x02050E7C		Task_SafariEncounter	src/encounter.c	401	C	main	0x02050D1C	SYMBOL RANGE	unclassified patch/data	MAPPED	Feature-level semantic/dependency analysis required	NOT RUN	28313	-
bytereplacement	270	0012 02245314 12	False	0012		0x02245314	12	!EXPAND_PC_BOXES	0x02245314		BtlCmd_CheckSafariGameDone	src/battle/battle_command.c	5662	C	OVY_12	0x022452EC	SYMBOL RANGE	unclassified patch/data	MAPPED	Feature-level semantic/dependency analysis required	NOT RUN	81195	-
bytereplacement	275	0014 021EB0D8 E0 88 00 00	False	0014		0x021EB0D8	E0 88 00 00	!EXPAND_PC_BOXES	0x021EB0D8		ov14_021EAFAC	asm/overlay_14.s	11390	ASM	OVY_14	0x021EAFAC	SYMBOL RANGE	unclassified patch/data	MAPPED	Feature-level semantic/dependency analysis required	NOT RUN	91258	-
bytereplacement	277	0014 021F49C4 C8 40 00 00	False	0014		0x021F49C4	C8 40 00 00	!EXPAND_PC_BOXES	0x021F49C4		ov14_021F4958	asm/overlay_14.s	30339	ASM	OVY_14	0x021F4958	SYMBOL RANGE	unclassified patch/data	MAPPED	Feature-level semantic/dependency analysis required	NOT RUN	94805	-
bytereplacement	278	0014 021F4A1C C8 40 00 00	False	0014		0x021F4A1C	C8 40 00 00	!EXPAND_PC_BOXES	0x021F4A1C		ov14_021F49E0	asm/overlay_14.s	30407	ASM	OVY_14	0x021F49E0	SYMBOL RANGE	unclassified patch/data	MAPPED	Feature-level semantic/dependency analysis required	NOT RUN	94819	-
bytereplacement	279	0014 021F4A60 C8 40 00 00	False	0014		0x021F4A60	C8 40 00 00	!EXPAND_PC_BOXES	0x021F4A60		ov14_021F4A20	asm/overlay_14.s	30441	ASM	OVY_14	0x021F4A20	SYMBOL RANGE	unclassified patch/data	MAPPED	Feature-level semantic/dependency analysis required	NOT RUN	94824	-
bytereplacement	284	arm9 020271B0 38 B5 82 B0 38 49 01 20	False	arm9		0x020271B0	38 B5 82 B0 38 49 01 20	!EXPAND_PC_BOXES	0x020271B0		SaveData_New	src/save.c	68	C	main	0x020271B0	SYMBOL RANGE	unclassified patch/data	MAPPED	Feature-level semantic/dependency analysis required	NOT RUN	19311	-
bytereplacement	285	arm9 020272C8 38 B5 0C 1C 05 1C 2A 2C	False	arm9		0x020272C8	38 B5 0C 1C 05 1C 2A 2C	!EXPAND_PC_BOXES	0x020272C8		SaveArray_Get	src/save.c	128	C	main	0x020272C8	SYMBOL RANGE	unclassified patch/data	MAPPED	Feature-level semantic/dependency analysis required	NOT RUN	19317	-
bytereplacement	286	arm9 020272F4 F8 B5 01 21 00 90 03 20	False	arm9		0x020272F4	F8 B5 01 21 00 90 03 20	!EXPAND_PC_BOXES	0x020272F4		Save_DeleteAllData	src/save.c	137	C	main	0x020272F4	SYMBOL RANGE	unclassified patch/data	MAPPED	Feature-level semantic/dependency analysis required	NOT RUN	19323	-
bytereplacement	287	arm9 020273F0 10 B5 04 1C 20 68 00 28	False	arm9		0x020273F0	10 B5 04 1C 20 68 00 28	!EXPAND_PC_BOXES	0x020273F0		SaveGameNormal	src/save.c	176	C	main	0x020273F0	SYMBOL RANGE	unclassified patch/data	MAPPED	Feature-level semantic/dependency analysis required	NOT RUN	19328	-
bytereplacement	288	arm9 0202746C 38 B5 0C 1C 05 1C 02 2C	False	arm9		0x0202746C	38 B5 0C 1C 05 1C 02 2C	!EXPAND_PC_BOXES	0x0202746C		Save_NowWriteFile_AfterMGInit	src/save.c	198	C	main	0x0202746C	SYMBOL RANGE	unclassified patch/data	MAPPED	Feature-level semantic/dependency analysis required	NOT RUN	19330	-
bytereplacement	289	arm9 020274A8 02 1C 01 21 05 48 91 60	False	arm9		0x020274A8	02 1C 01 21 05 48 91 60	!EXPAND_PC_BOXES	0x020274A8		Save_InitDynamicRegion	src/save.c	211	C	main	0x020274A8	SYMBOL RANGE	unclassified patch/data	MAPPED	Feature-level semantic/dependency analysis required	NOT RUN	19333	-
bytereplacement	290	arm9 02027550 0A 1C 02 49 02 4B 41 18	False	arm9		0x02027550	0A 1C 02 49 02 4B 41 18	!EXPAND_PC_BOXES	0x02027550		Save_PrepareForAsyncWrite	src/save.c	264	C	main	0x02027550	SYMBOL RANGE	unclassified patch/data	MAPPED	Feature-level semantic/dependency analysis required	NOT RUN	19359	-
bytereplacement	291	arm9 02027564 38 B5 0D 49 05 1C 6A 58	False	arm9		0x02027564	38 B5 0D 49 05 1C 6A 58	!EXPAND_PC_BOXES	0x02027564		Save_WriteFileAsync	src/save.c	268	C	main	0x02027564	SYMBOL RANGE	unclassified patch/data	MAPPED	Feature-level semantic/dependency analysis required	NOT RUN	19362	-
bytereplacement	292	arm9 020275A4 01 49 02 4B 41 18 18 47	False	arm9		0x020275A4	01 49 02 4B 41 18 18 47	!EXPAND_PC_BOXES	0x020275A4		Save_Cancel	src/save.c	282	C	main	0x020275A4	SYMBOL RANGE	unclassified patch/data	MAPPED	Feature-level semantic/dependency analysis required	NOT RUN	19365	-
bytereplacement	293	arm9 020275F4 38 B5 08 4B C3 18 0C 20	False	arm9		0x020275F4	38 B5 08 4B C3 18 0C 20	!EXPAND_PC_BOXES	0x020275F4		GetSaveSectorFooterPtr	src/save.c	319	C	main	0x020275F4	SYMBOL RANGE	unclassified patch/data	MAPPED	Feature-level semantic/dependency analysis required	NOT RUN	19382	-
bytereplacement	294	arm9 0202761C F8 B5 82 B0 18 4C 03 1C	False	arm9		0x0202761C	F8 B5 82 B0 18 4C 03 1C	!EXPAND_PC_BOXES	0x0202761C		ValidateSaveSectorFooter	src/save.c	329	C	main	0x0202761C	SYMBOL RANGE	unclassified patch/data	MAPPED	Feature-level semantic/dependency analysis required	NOT RUN	19385	-
bytereplacement	295	arm9 020276C0 F8 B5 0F 4B 06 1C 17 1C	False	arm9		0x020276C0	F8 B5 0F 4B 06 1C 17 1C	!EXPAND_PC_BOXES	0x020276C0		SaveSlot_BuildFooter	src/save.c	362	C	main	0x020276C0	SYMBOL RANGE	unclassified patch/data	MAPPED	Feature-level semantic/dependency analysis required	NOT RUN	19390	-
bytereplacement	296	arm9 020277C0 4A 68 02 49 42 50 02 49	False	arm9		0x020277C0	4A 68 02 49 42 50 02 49	!EXPAND_PC_BOXES	0x020277C0		Save_RecordWhichLatestGoodSector	src/save.c	423	C	main	0x020277BC	SYMBOL RANGE	unclassified patch/data	MAPPED	Feature-level semantic/dependency analysis required	NOT RUN	19397	-
bytereplacement	297	arm9 02027AD4 F8 B5 05 1C 20 48 2F 1C	False	arm9		0x02027AD4	F8 B5 05 1C 20 48 2F 1C	!EXPAND_PC_BOXES	0x02027AD4		Save_LoadDynamicRegion	src/save.c	166	C	main	0x02027AD4	SYMBOL RANGE	unclassified patch/data	MAPPED	Feature-level semantic/dependency analysis required	NOT RUN	19407	-
bytereplacement	298	arm9 02027B74 70 B5 0B 1C 0B 49 05 1C	False	arm9		0x02027B74	70 B5 0B 1C 0B 49 05 1C	!EXPAND_PC_BOXES	0x02027B74		Save_WriteSlotAsync	src/save.c	596	C	main	0x02027B74	SYMBOL RANGE	unclassified patch/data	MAPPED	Feature-level semantic/dependency analysis required	NOT RUN	19410	-
bytereplacement	299	arm9 02027BAC 70 B5 06 1C 09 48 33 18	False	arm9		0x02027BAC	70 B5 06 1C 09 48 33 18	!EXPAND_PC_BOXES	0x02027BAC		Save_WriteChunkFooterAsync	src/save.c	604	C	main	0x02027BAC	SYMBOL RANGE	unclassified patch/data	MAPPED	Feature-level semantic/dependency analysis required	NOT RUN	19413	-
bytereplacement	300	arm9 02027BDC 38 B5 05 1C 0C 1C 04 F0	False	arm9		0x02027BDC	38 B5 05 1C 0C 1C 04 F0	!EXPAND_PC_BOXES	0x02027BDC		Save_WriteManInit	src/save.c	613	C	main	0x02027BDC	SYMBOL RANGE	unclassified patch/data	MAPPED	Feature-level semantic/dependency analysis required	NOT RUN	19416	-
bytereplacement	301	arm9 02027CEC 38 B5 1A 4B 04 1C 00 25	False	arm9		0x02027CEC	38 B5 1A 4B 04 1C 00 25	!EXPAND_PC_BOXES	0x02027CEC		Save_WriteManFinish	src/save.c	674	C	main	0x02027CEC	SYMBOL RANGE	unclassified patch/data	MAPPED	Feature-level semantic/dependency analysis required	NOT RUN	19422	-
bytereplacement	303	arm9 02027EFC F8 B5 82 B0 00 90 00 20	False	arm9		0x02027EFC	F8 B5 82 B0 00 90 00 20	!EXPAND_PC_BOXES	0x02027EFC		SaveData_InitSlotSpecs	src/save.c	770	C	main	0x02027EFC	SYMBOL RANGE	unclassified patch/data	MAPPED	Feature-level semantic/dependency analysis required	NOT RUN	19439	-
bytereplacement	305	arm9 02028968 F8 B5 0C 1C 61 69 06 1C	False	arm9		0x02028968	F8 B5 0C 1C 61 69 06 1C	!EXPAND_PC_BOXES	0x02028968		HandleWriteSaveAsync_PCBoxes	src/save.c	1213	C	main	0x02028968	SYMBOL RANGE	unclassified patch/data	MAPPED	Feature-level semantic/dependency analysis required	NOT RUN	19496	-
bytereplacement	306	arm9 02028AB4 78 B5 81 B0 0C 1C 05 1C	False	arm9		0x02028AB4	78 B5 81 B0 0C 1C 05 1C	!EXPAND_PC_BOXES	0x02028AB4		Save_WritePCBoxes	src/save.c	1274	C	main	0x02028AB4	SYMBOL RANGE	unclassified patch/data	MAPPED	Feature-level semantic/dependency analysis required	NOT RUN	19499	-
bytereplacement	307	arm9 02028BA8 F8 B5 0C 1C 17 1C 05 1C	False	arm9		0x02028BA8	F8 B5 0C 1C 17 1C 05 1C	!EXPAND_PC_BOXES	0x02028BA8		Save_WriteNextPCBox	src/save.c	1319	C	main	0x02028BA8	SYMBOL RANGE	unclassified patch/data	MAPPED	Feature-level semantic/dependency analysis required	NOT RUN	19502	-
bytereplacement	308	arm9 02028BF8 F0 B5 85 B0 00 90 0D 1C	False	arm9		0x02028BF8	F0 B5 85 B0 00 90 0D 1C	!EXPAND_PC_BOXES	0x02028BF8		Save_WritePCFooter	src/save.c	1331	C	main	0x02028BF8	SYMBOL RANGE	unclassified patch/data	MAPPED	Feature-level semantic/dependency analysis required	NOT RUN	19504	-
bytereplacement	309	arm9 02028C70 10 B5 04 1C FE F7 7C FA	False	arm9		0x02028C70	10 B5 04 1C FE F7 7C FA	!EXPAND_PC_BOXES	0x02028C70		Save_CalcPCBoxModifiedFlags	src/save.c	1354	C	main	0x02028C70	SYMBOL RANGE	unclassified patch/data	MAPPED	Feature-level semantic/dependency analysis required	NOT RUN	19507	-
bytereplacement	310	arm9 02028C9C 70 B5 05 1C 00 24 FE F7	False	arm9		0x02028C9C	70 B5 05 1C 00 24 FE F7	!EXPAND_PC_BOXES	0x02028C9C		PCModifiedFlags_CountModifiedBoxes	src/save.c	1365	C	main	0x02028C9C	SYMBOL RANGE	unclassified patch/data	MAPPED	Feature-level semantic/dependency analysis required	NOT RUN	19510	-
bytereplacement	311	arm9 02028CD4 F8 B5 05 1C 0E 1C 00 24	False	arm9		0x02028CD4	F8 B5 05 1C 0E 1C 00 24	!EXPAND_PC_BOXES	0x02028CD4		PCModifiedFlags_GetIndexOfNthModifiedBox	src/save.c	1381	C	main	0x02028CD4	SYMBOL RANGE	unclassified patch/data	MAPPED	Feature-level semantic/dependency analysis required	NOT RUN	19513	-
bytereplacement	315	arm9 02073B20 00 48 70 47 FC 22 01 00	False	arm9		0x02073B20	00 48 70 47 FC 22 01 00	!EXPAND_PC_BOXES	0x02073B20		PCStorage_sizeof	src/pokemon_storage_system.c	19	C	main	0x02073B20	SYMBOL RANGE	unclassified patch/data	MAPPED	Feature-level semantic/dependency analysis required	NOT RUN	37029	-
bytereplacement	316	arm9 02073B28 F8 B5 00 90 00 27 06 1C	False	arm9		0x02073B28	F8 B5 00 90 00 27 06 1C	!EXPAND_PC_BOXES	0x02073B28		PCStorage_InitializeBoxes	src/pokemon_storage_system.c	23	C	main	0x02073B28	SYMBOL RANGE	unclassified patch/data	MAPPED	Feature-level semantic/dependency analysis required	NOT RUN	37032	-
bytereplacement	317	arm9 02073BB8 F8 B5 05 1C 12 20 00 03	False	arm9		0x02073BB8	F8 B5 05 1C 12 20 00 03	!EXPAND_PC_BOXES	0x02073BB8		PCStorage_PlaceMonInFirstEmptySlotInAnyBox	src/pokemon_storage_system.c	54	C	main	0x02073BB8	SYMBOL RANGE	unclassified patch/data	MAPPED	Feature-level semantic/dependency analysis required	NOT RUN	37034	-
bytereplacement	318	arm9 02073BFC F0 B5 83 B0 00 90 10 1C	False	arm9		0x02073BFC	F0 B5 83 B0 00 90 10 1C	!EXPAND_PC_BOXES	0x02073BFC		PCStorage_PlaceMonInBoxFirstEmptySlot	src/pokemon_storage_system.c	58	C	main	0x02073BFC	SYMBOL RANGE	unclassified patch/data	MAPPED	Feature-level semantic/dependency analysis required	NOT RUN	37036	-
bytereplacement	319	arm9 02073C70 05 1C 38 1C 0C 1C 16 1C	False	arm9		0x02073C70	05 1C 38 1C 0C 1C 16 1C	!EXPAND_PC_BOXES	0x02073C70		PCStorage_PlaceMonInBoxByIndexPair	src/pokemon_storage_system.c	86	C	main	0x02073C6C	SYMBOL RANGE	unclassified patch/data	MAPPED	Feature-level semantic/dependency analysis required	NOT RUN	37038	-
bytereplacement	320	arm9 02073CC4 0C 1C 21 03 9C 46 00 90	False	arm9		0x02073CC4	0C 1C 21 03 9C 46 00 90	!EXPAND_PC_BOXES	0x02073CC4		PCStorage_SwapMonsInBoxByIndexPair	src/pokemon_storage_system.c	100	C	main	0x02073CC0	SYMBOL RANGE	unclassified patch/data	MAPPED	Feature-level semantic/dependency analysis required	NOT RUN	37040	-
bytereplacement	321	arm9 02073D10 38 B5 05 1C 00 20 0C 1C	False	arm9		0x02073D10	38 B5 05 1C 00 20 0C 1C	!EXPAND_PC_BOXES	0x02073D10		PCStorage_DeleteBoxMonByIndexPair	src/pokemon_storage_system.c	109	C	main	0x02073D10	SYMBOL RANGE	unclassified patch/data	MAPPED	Feature-level semantic/dependency analysis required	NOT RUN	37042	-
bytereplacement	322	arm9 02073D4C 12 21 09 03 40 58 70 47	False	arm9		0x02073D4C	12 21 09 03 40 58 70 47	!EXPAND_PC_BOXES	0x02073D4C		PCStorage_GetActiveBox	src/pokemon_storage_system.c	122	C	main	0x02073D4C	SYMBOL RANGE	unclassified patch/data	MAPPED	Feature-level semantic/dependency analysis required	NOT RUN	37044	-
bytereplacement	323	arm9 02073D54 F8 B5 12 21 09 03 46 58	False	arm9		0x02073D54	F8 B5 12 21 09 03 46 58	!EXPAND_PC_BOXES	0x02073D54		PCStorage_FindFirstBoxWithEmptySlot	src/pokemon_storage_system.c	126	C	main	0x02073D54	SYMBOL RANGE	unclassified patch/data	MAPPED	Feature-level semantic/dependency analysis required	NOT RUN	37046	-
bytereplacement	324	arm9 02073D9C F8 B5 0E 1C 07 1C 00 20	False	arm9		0x02073D9C	F8 B5 0E 1C 07 1C 00 20	!EXPAND_PC_BOXES	0x02073D9C		PCStorage_FindFirstEmptySlot	src/pokemon_storage_system.c	144	C	main	0x02073D9C	SYMBOL RANGE	unclassified patch/data	MAPPED	Feature-level semantic/dependency analysis required	NOT RUN	37048	-
bytereplacement	325	arm9 02073DFC F8 B5 82 B0 00 26 00 90	False	arm9		0x02073DFC	F8 B5 82 B0 00 26 00 90	!EXPAND_PC_BOXES	0x02073DFC		PCStorage_CountEmptySpotsInAllBoxes	src/pokemon_storage_system.c	179	C	main	0x02073DFC	SYMBOL RANGE	unclassified patch/data	MAPPED	Feature-level semantic/dependency analysis required	NOT RUN	37050	-
bytereplacement	326	arm9 02073E40 F8 B5 07 1C 00 20 0D 1C	False	arm9		0x02073E40	F8 B5 07 1C 00 20 0D 1C	!EXPAND_PC_BOXES	0x02073E40		PCStorage_CountEmptySpotsInBox	src/pokemon_storage_system.c	191	C	main	0x02073E40	SYMBOL RANGE	unclassified patch/data	MAPPED	Feature-level semantic/dependency analysis required	NOT RUN	37052	-
bytereplacement	327	arm9 02073E84 08 B5 12 29 03 D2 12 22	False	arm9		0x02073E84	08 B5 12 29 03 D2 12 22	!EXPAND_PC_BOXES	0x02073E84		PCStorage_SetActiveBox	src/pokemon_storage_system.c	207	C	main	0x02073E84	SYMBOL RANGE	unclassified patch/data	MAPPED	Feature-level semantic/dependency analysis required	NOT RUN	37054	-
bytereplacement	328	arm9 02073E98 08 B5 12 29 03 D2 41 18	False	arm9		0x02073E98	08 B5 12 29 03 D2 41 18	!EXPAND_PC_BOXES	0x02073E98		PCStorage_GetBoxWallpaper	src/pokemon_storage_system.c	215	C	main	0x02073E98	SYMBOL RANGE	unclassified patch/data	MAPPED	Feature-level semantic/dependency analysis required	NOT RUN	37057	-
bytereplacement	329	arm9 02073EB4 10 28 03 D3 20 28 03 D3	False	arm9		0x02073EB4	10 28 03 D3 20 28 03 D3	!EXPAND_PC_BOXES	0x02073EB4		PCStorage_IsValidWallpaperId	src/pokemon_storage_system.c	223	C	main	0x02073EB4	SYMBOL RANGE	unclassified patch/data	MAPPED	Feature-level semantic/dependency analysis required	NOT RUN	37059	-
bytereplacement	330	arm9 02073EC8 70 B5 05 1C 00 20 0C 1C	False	arm9		0x02073EC8	70 B5 05 1C 00 20 0C 1C	!EXPAND_PC_BOXES	0x02073EC8		PCStorage_SetBoxWallpaper	src/pokemon_storage_system.c	228	C	main	0x02073EC8	SYMBOL RANGE	unclassified patch/data	MAPPED	Feature-level semantic/dependency analysis required	NOT RUN	37062	-
bytereplacement	331	arm9 02073F00 08 B5 03 1C 00 20 C0 43	False	arm9		0x02073F00	08 B5 03 1C 00 20 C0 43	!EXPAND_PC_BOXES	0x02073F00		PCStorage_GetBoxName	src/pokemon_storage_system.c	239	C	main	0x02073F00	SYMBOL RANGE	unclassified patch/data	MAPPED	Feature-level semantic/dependency analysis required	NOT RUN	37065	-
bytereplacement	332	arm9 02073F34 08 B5 03 1C 00 20 C0 43	False	arm9		0x02073F34	08 B5 03 1C 00 20 C0 43	!EXPAND_PC_BOXES	0x02073F34		PCStorage_SetBoxName	src/pokemon_storage_system.c	250	C	main	0x02073F34	SYMBOL RANGE	unclassified patch/data	MAPPED	Feature-level semantic/dependency analysis required	NOT RUN	37068	-
bytereplacement	333	arm9 02073F64 F8 B5 00 22 D2 43 91 42	False	arm9		0x02073F64	F8 B5 00 22 D2 43 91 42	!EXPAND_PC_BOXES	0x02073F64		PCStorage_CountMonsAndEggsInBox	src/pokemon_storage_system.c	259	C	main	0x02073F64	SYMBOL RANGE	unclassified patch/data	MAPPED	Feature-level semantic/dependency analysis required	NOT RUN	37070	-
bytereplacement	334	arm9 02073FA8 F8 B5 00 22 D2 43 91 42	False	arm9		0x02073FA8	F8 B5 00 22 D2 43 91 42	!EXPAND_PC_BOXES	0x02073FA8		PCStorage_CountMonsInBox	src/pokemon_storage_system.c	278	C	main	0x02073FA8	SYMBOL RANGE	unclassified patch/data	MAPPED	Feature-level semantic/dependency analysis required	NOT RUN	37072	-
bytereplacement	335	arm9 02073FF8 70 B5 00 25 06 1C 2C 1C	False	arm9		0x02073FF8	70 B5 00 25 06 1C 2C 1C	!EXPAND_PC_BOXES	0x02073FF8		PCStorage_CountMonsInAllBoxes	src/pokemon_storage_system.c	298	C	main	0x02073FF8	SYMBOL RANGE	unclassified patch/data	MAPPED	Feature-level semantic/dependency analysis required	NOT RUN	37074	-
bytereplacement	336	arm9 02074018 05 1C 16 1C 1F 1C 12 2C	False	arm9		0x02074018	05 1C 16 1C 1F 1C 12 2C	!EXPAND_PC_BOXES	0x02074018		PCStorage_GetMonDataByIndexPair	src/pokemon_storage_system.c	308	C	main	0x02074014	SYMBOL RANGE	unclassified patch/data	MAPPED	Feature-level semantic/dependency analysis required	NOT RUN	37076	-
bytereplacement	337	arm9 02074058 70 B5 0C 1C 05 1C 16 1C	False	arm9		0x02074058	70 B5 0C 1C 05 1C 16 1C	!EXPAND_PC_BOXES	0x02074058		PCStorage_GetMonByIndexPair	src/pokemon_storage_system.c	317	C	main	0x02074058	SYMBOL RANGE	unclassified patch/data	MAPPED	Feature-level semantic/dependency analysis required	NOT RUN	37078	-
bytereplacement	338	arm9 02074094 38 B5 0C 1C 05 1C 08 2C	False	arm9		0x02074094	38 B5 0C 1C 05 1C 08 2C	!EXPAND_PC_BOXES	0x02074094		PCStorage_UnlockBonusWallpaper	src/pokemon_storage_system.c	326	C	main	0x02074094	SYMBOL RANGE	unclassified patch/data	MAPPED	Feature-level semantic/dependency analysis required	NOT RUN	37081	-
bytereplacement	339	arm9 020740B4 38 B5 0C 1C 05 1C 08 2C	False	arm9		0x020740B4	38 B5 0C 1C 05 1C 08 2C	!EXPAND_PC_BOXES	0x020740B4		PCStorage_IsBonusWallpaperUnlocked	src/pokemon_storage_system.c	331	C	main	0x020740B4	SYMBOL RANGE	unclassified patch/data	MAPPED	Feature-level semantic/dependency analysis required	NOT RUN	37084	-
bytereplacement	340	arm9 020740D8 10 B5 12 29 02 D3 B1 F7	False	arm9		0x020740D8	10 B5 12 29 02 D3 B1 F7	!EXPAND_PC_BOXES	0x020740D8		PCStorage_SetBoxModified	src/pokemon_storage_system.c	336	C	main	0x020740D8	SYMBOL RANGE	unclassified patch/data	MAPPED	Feature-level semantic/dependency analysis required	NOT RUN	37087	-
bytereplacement	341	arm9 020740F8 01 4A 02 49 42 50 70 47	False	arm9		0x020740F8	01 4A 02 49 42 50 70 47	!EXPAND_PC_BOXES	0x020740F8		PCStorage_SetAllBoxesModified	src/pokemon_storage_system.c	344	C	main	0x020740F8	SYMBOL RANGE	unclassified patch/data	MAPPED	Feature-level semantic/dependency analysis required	NOT RUN	37090	-
bytereplacement	342	arm9 02074108 01 49 00 22 42 50 70 47	False	arm9		0x02074108	01 49 00 22 42 50 70 47	!EXPAND_PC_BOXES	0x02074108		PCStorage_ResetBoxModifiedFlags	src/pokemon_storage_system.c	348	C	main	0x02074108	SYMBOL RANGE	unclassified patch/data	MAPPED	Feature-level semantic/dependency analysis required	NOT RUN	37093	-
bytereplacement	343	arm9 02074114 01 49 40 58 70 47 C0 46	False	arm9		0x02074114	01 49 40 58 70 47 C0 46	!EXPAND_PC_BOXES	0x02074114		PCStorage_GetBoxModifiedFlags	src/pokemon_storage_system.c	352	C	main	0x02074114	SYMBOL RANGE	unclassified patch/data	MAPPED	Feature-level semantic/dependency analysis required	NOT RUN	37096	-
bytereplacement	344	arm9 02074128 F8 B5 82 B0 00 90 00 20	False	arm9		0x02074128	F8 B5 82 B0 00 90 00 20	!EXPAND_PC_BOXES	0x02074128		sub_02074128	src/pokemon_storage_system.c	360	C	main	0x02074128	SYMBOL RANGE	unclassified patch/data	MAPPED	Feature-level semantic/dependency analysis required	NOT RUN	37100	-
bytereplacement	349	0012 02265FEE FF	True	0012		0x02265FEE	FF		0x02265FEE		ov12_02265FD4	asm/overlay_12_02265E28.s	217	ASM	OVY_12	0x02265FD4	SYMBOL RANGE	unclassified patch/data	MAPPED	Feature-level semantic/dependency analysis required	NOT RUN	85099	-
bytereplacement	352	0012 0224AED0 00 20 70 47	False	0012		0x0224AED0	00 20 70 47	DEBUG_ALWAYS_OBEY	0x0224AED0		TryDisobedience	src/battle/battle_controller_player.c	1879	C	OVY_12	0x0224AED0	SYMBOL RANGE	unclassified patch/data	MAPPED	Feature-level semantic/dependency analysis required	NOT RUN	81391	-
bytereplacement	356	0012 022424DC 3C 20	True	0012		0x022424DC	3C 20		0x022424DC		BtlCmd_CalcHiddenPowerParams	src/battle/battle_command.c	3676	C	OVY_12	0x02242424	SYMBOL RANGE	unclassified patch/data	MAPPED	Feature-level semantic/dependency analysis required	NOT RUN	80942	-
bytereplacement	359	0018 021F21AE C0 46	True	0018		0x021F21AE	C0 46		0x021F21AE		ov18_021F209C	asm/overlay_18.s	7565	ASM	OVY_18	0x021F209C	SYMBOL RANGE	unclassified patch/data	MAPPED	Feature-level semantic/dependency analysis required	NOT RUN	99888	-
bytereplacement	360	0014 021F3DB0 C0 46	True	0014		0x021F3DB0	C0 46		0x021F3DB0		ov14_021F3D70	asm/overlay_14.s	28833	ASM	OVY_14	0x021F3D70	SYMBOL RANGE	unclassified patch/data	MAPPED	Feature-level semantic/dependency analysis required	NOT RUN	94615	-
bytereplacement	362	0002 0224BAE4 10 B5 0C 1C E1 F5 6C FF	False	0002		0x0224BAE4	10 B5 0C 1C E1 F5 6C FF	!IMPLEMENT_REUSABLE_REPELS	0x0224BAE4		PlayerStepEvent_RepelCounterDecrement	asm/overlay_02_02248728.s	6963	ASM	OVY_2	0x0224BAE4	SYMBOL RANGE	unclassified patch/data	MAPPED	Feature-level semantic/dependency analysis required	NOT RUN	64994	-
bytereplacement	363	0015 021F993C 10 B5 0C 1C FF F7 F4 FF	False	0015		0x021F993C	10 B5 0C 1C FF F7 F4 FF	!IMPLEMENT_REUSABLE_REPELS	0x021F993C		BagApp_GetRepelStepCountAddr	asm/overlay_15.s	685	ASM	OVY_15	0x021F993C	SYMBOL RANGE	unclassified patch/data	MAPPED	Feature-level semantic/dependency analysis required	NOT RUN	95920	-
bytereplacement	368	0012 0223AB46 FF	True	0012		0x0223AB46	FF		0x0223AB46		BattleSystem_GetTerrainId	src/battle/battle_system.c	285	C	OVY_12	0x0223AB40	SYMBOL RANGE	unclassified patch/data	MAPPED	Feature-level semantic/dependency analysis required	NOT RUN	80323	-
bytereplacement	371	0012 0224446C FF	True	0012		0x0224446C	FF		0x0224446C		BtlCmd_GetTerrainSecondaryEffect	src/battle/battle_command.c	4917	C	OVY_12	0x02244458	SYMBOL RANGE	unclassified patch/data	MAPPED	Feature-level semantic/dependency analysis required	NOT RUN	81086	-
bytereplacement	373	0012 022443C4 FF	True	0012		0x022443C4	FF		0x022443C4		BtlCmd_TryCamouflage	src/battle/battle_command.c	4874	C	OVY_12	0x02244390	SYMBOL RANGE	unclassified patch/data	MAPPED	Feature-level semantic/dependency analysis required	NOT RUN	81080	-
bytereplacement	375	0012 0224443C FF	True	0012		0x0224443C	FF		0x0224443C		BtlCmd_GetTerrainMove	src/battle/battle_command.c	4903	C	OVY_12	0x02244428	SYMBOL RANGE	unclassified patch/data	MAPPED	Feature-level semantic/dependency analysis required	NOT RUN	81083	-
bytereplacement	381	arm9 02090034 FC	True	arm9		0x02090034	FC	UPDATE_VITAMIN_EV_CAPS	0x02090034		CanUseItemOnPokemon	src/use_item_on_mon.c	14	C	main	0x0208FD9C	SYMBOL RANGE	unclassified patch/data	MAPPED	Feature-level semantic/dependency analysis required	NOT RUN	42182	-
bytereplacement	382	arm9 020900A0 FC	True	arm9		0x020900A0	FC	UPDATE_VITAMIN_EV_CAPS	0x020900A0		CanUseItemOnPokemon	src/use_item_on_mon.c	14	C	main	0x0208FD9C	SYMBOL RANGE	unclassified patch/data	MAPPED	Feature-level semantic/dependency analysis required	NOT RUN	42182	-
bytereplacement	383	arm9 0209010C FC	True	arm9		0x0209010C	FC	UPDATE_VITAMIN_EV_CAPS	0x0209010C		CanUseItemOnPokemon	src/use_item_on_mon.c	14	C	main	0x0208FD9C	SYMBOL RANGE	unclassified patch/data	MAPPED	Feature-level semantic/dependency analysis required	NOT RUN	42182	-
bytereplacement	384	arm9 0209017A FC	True	arm9		0x0209017A	FC	UPDATE_VITAMIN_EV_CAPS	0x0209017A		CanUseItemOnPokemon	src/use_item_on_mon.c	14	C	main	0x0208FD9C	SYMBOL RANGE	unclassified patch/data	MAPPED	Feature-level semantic/dependency analysis required	NOT RUN	42182	-
bytereplacement	385	arm9 020901E8 FC	True	arm9		0x020901E8	FC	UPDATE_VITAMIN_EV_CAPS	0x020901E8		CanUseItemOnPokemon	src/use_item_on_mon.c	14	C	main	0x0208FD9C	SYMBOL RANGE	unclassified patch/data	MAPPED	Feature-level semantic/dependency analysis required	NOT RUN	42182	-
bytereplacement	386	arm9 02090254 FC	True	arm9		0x02090254	FC	UPDATE_VITAMIN_EV_CAPS	0x02090254		CanUseItemOnPokemon	src/use_item_on_mon.c	14	C	main	0x0208FD9C	SYMBOL RANGE	unclassified patch/data	MAPPED	Feature-level semantic/dependency analysis required	NOT RUN	42182	-
bytereplacement	387	arm9 02090A96 FC	True	arm9		0x02090A96	FC	UPDATE_VITAMIN_EV_CAPS	0x02090A96		TryModEV	src/use_item_on_mon.c	568	C	main	0x02090A84	SYMBOL RANGE	unclassified patch/data	MAPPED	Feature-level semantic/dependency analysis required	NOT RUN	42201	-
bytereplacement	388	arm9 02090ABC FC	True	arm9		0x02090ABC	FC	UPDATE_VITAMIN_EV_CAPS	0x02090ABC		TryModEV	src/use_item_on_mon.c	568	C	main	0x02090A84	SYMBOL RANGE	unclassified patch/data	MAPPED	Feature-level semantic/dependency analysis required	NOT RUN	42201	-
bytereplacement	389	arm9 02090AC0 FC	True	arm9		0x02090AC0	FC	UPDATE_VITAMIN_EV_CAPS	0x02090AC0		TryModEV	src/use_item_on_mon.c	568	C	main	0x02090A84	SYMBOL RANGE	unclassified patch/data	MAPPED	Feature-level semantic/dependency analysis required	NOT RUN	42201	-
bytereplacement	393	arm9 02090034 64	False	arm9		0x02090034	64	!UPDATE_VITAMIN_EV_CAPS	0x02090034		CanUseItemOnPokemon	src/use_item_on_mon.c	14	C	main	0x0208FD9C	SYMBOL RANGE	unclassified patch/data	MAPPED	Feature-level semantic/dependency analysis required	NOT RUN	42182	-
bytereplacement	394	arm9 020900A0 64	False	arm9		0x020900A0	64	!UPDATE_VITAMIN_EV_CAPS	0x020900A0		CanUseItemOnPokemon	src/use_item_on_mon.c	14	C	main	0x0208FD9C	SYMBOL RANGE	unclassified patch/data	MAPPED	Feature-level semantic/dependency analysis required	NOT RUN	42182	-
bytereplacement	395	arm9 0209010C 64	False	arm9		0x0209010C	64	!UPDATE_VITAMIN_EV_CAPS	0x0209010C		CanUseItemOnPokemon	src/use_item_on_mon.c	14	C	main	0x0208FD9C	SYMBOL RANGE	unclassified patch/data	MAPPED	Feature-level semantic/dependency analysis required	NOT RUN	42182	-
bytereplacement	396	arm9 0209017A 64	False	arm9		0x0209017A	64	!UPDATE_VITAMIN_EV_CAPS	0x0209017A		CanUseItemOnPokemon	src/use_item_on_mon.c	14	C	main	0x0208FD9C	SYMBOL RANGE	unclassified patch/data	MAPPED	Feature-level semantic/dependency analysis required	NOT RUN	42182	-
bytereplacement	397	arm9 020901E8 64	False	arm9		0x020901E8	64	!UPDATE_VITAMIN_EV_CAPS	0x020901E8		CanUseItemOnPokemon	src/use_item_on_mon.c	14	C	main	0x0208FD9C	SYMBOL RANGE	unclassified patch/data	MAPPED	Feature-level semantic/dependency analysis required	NOT RUN	42182	-
bytereplacement	398	arm9 02090254 64	False	arm9		0x02090254	64	!UPDATE_VITAMIN_EV_CAPS	0x02090254		CanUseItemOnPokemon	src/use_item_on_mon.c	14	C	main	0x0208FD9C	SYMBOL RANGE	unclassified patch/data	MAPPED	Feature-level semantic/dependency analysis required	NOT RUN	42182	-
bytereplacement	399	arm9 02090A96 64	False	arm9		0x02090A96	64	!UPDATE_VITAMIN_EV_CAPS	0x02090A96		TryModEV	src/use_item_on_mon.c	568	C	main	0x02090A84	SYMBOL RANGE	unclassified patch/data	MAPPED	Feature-level semantic/dependency analysis required	NOT RUN	42201	-
bytereplacement	400	arm9 02090ABC 64	False	arm9		0x02090ABC	64	!UPDATE_VITAMIN_EV_CAPS	0x02090ABC		TryModEV	src/use_item_on_mon.c	568	C	main	0x02090A84	SYMBOL RANGE	unclassified patch/data	MAPPED	Feature-level semantic/dependency analysis required	NOT RUN	42201	-
bytereplacement	401	arm9 02090AC0 64	False	arm9		0x02090AC0	64	!UPDATE_VITAMIN_EV_CAPS	0x02090AC0		TryModEV	src/use_item_on_mon.c	568	C	main	0x02090A84	SYMBOL RANGE	unclassified patch/data	MAPPED	Feature-level semantic/dependency analysis required	NOT RUN	42201	-
bytereplacement	407	arm9 0204B948 FC	True	arm9		0x0204B948	FC		0x0204B948		sub_0204B834	src/unk_0204B538.c	253	C	main	0x0204B834	SYMBOL RANGE	unclassified patch/data	MAPPED	Feature-level semantic/dependency analysis required	NOT RUN	27742	-
bytereplacement	408	arm9 0204B94C FC	True	arm9		0x0204B94C	FC		0x0204B94C		sub_0204B834	src/unk_0204B538.c	253	C	main	0x0204B834	SYMBOL RANGE	unclassified patch/data	MAPPED	Feature-level semantic/dependency analysis required	NOT RUN	27742	-
bytereplacement	409	0012 0224655C FC	True	0012		0x0224655C	FC		0x0224655C		BattleScript_CalcEffortValues	src/battle/battle_command.c	6488	C	OVY_12	0x022463E8	SYMBOL RANGE	unclassified patch/data	MAPPED	Feature-level semantic/dependency analysis required	NOT RUN	81236	-
bytereplacement	410	0012 02246560 FC	True	0012		0x02246560	FC		0x02246560		BattleScript_CalcEffortValues	src/battle/battle_command.c	6488	C	OVY_12	0x022463E8	SYMBOL RANGE	unclassified patch/data	MAPPED	Feature-level semantic/dependency analysis required	NOT RUN	81236	-
bytereplacement	414	arm9 080517AA 2D	True	arm9		0x080517AA	2D	EXPAND_MUSIC_TABLES	0x020517AA		BattleStartGetTransition	asm/unk_020517A4.s	167	ASM	main	0x020517A4	SYMBOL RANGE	unclassified patch/data	MAPPED	Feature-level semantic/dependency analysis required	NOT RUN	28363	-
bytereplacement	415	arm9 080517D4 2D	True	arm9		0x080517D4	2D	EXPAND_MUSIC_TABLES	0x020517D4		BattleStartGetMusic	asm/unk_020517A4.s	191	ASM	main	0x020517D0	SYMBOL RANGE	unclassified patch/data	MAPPED	Feature-level semantic/dependency analysis required	NOT RUN	28367	-
bytereplacement	418	arm9 08051886 20	True	arm9		0x08051886	20	EXPAND_MUSIC_TABLES	0x02051886		NPCTrainerGetBattleIntroAndMusicParam	asm/unk_020517A4.s	277	ASM	main	0x02051868	SYMBOL RANGE	unclassified patch/data	MAPPED	Feature-level semantic/dependency analysis required	NOT RUN	28385	-
bytereplacement	421	arm9 080518CA 0B	True	arm9		0x080518CA	0B	EXPAND_MUSIC_TABLES	0x020518CA		WildPokemonGetBattleIntroAndMusicParam	asm/unk_020517A4.s	304	ASM	main	0x02051894	SYMBOL RANGE	unclassified patch/data	MAPPED	Feature-level semantic/dependency analysis required	NOT RUN	28388	-
bytereplacement	424	arm9 080550D4 2C	True	arm9		0x080550D4	2C	EXPAND_MUSIC_TABLES	0x020550D4		FieldBGM_GetEyesMeetForTrainer	src/field_bgm.c	187	C	main	0x02055098	SYMBOL RANGE	unclassified patch/data	MAPPED	Feature-level semantic/dependency analysis required	NOT RUN	28801	-
bytereplacement	429	arm9 080517AA 2D	False	arm9		0x080517AA	2D	!EXPAND_MUSIC_TABLES	0x020517AA		BattleStartGetTransition	asm/unk_020517A4.s	167	ASM	main	0x020517A4	SYMBOL RANGE	unclassified patch/data	MAPPED	Feature-level semantic/dependency analysis required	NOT RUN	28363	-
bytereplacement	430	arm9 080517D4 2D	False	arm9		0x080517D4	2D	!EXPAND_MUSIC_TABLES	0x020517D4		BattleStartGetMusic	asm/unk_020517A4.s	191	ASM	main	0x020517D0	SYMBOL RANGE	unclassified patch/data	MAPPED	Feature-level semantic/dependency analysis required	NOT RUN	28367	-
bytereplacement	431	arm9 080517C8 0A C4 0F 02	False	arm9		0x080517C8	0A C4 0F 02	!EXPAND_MUSIC_TABLES	0x020517C8		BattleStartGetTransition	asm/unk_020517A4.s	167	ASM	main	0x020517A4	SYMBOL RANGE	unclassified patch/data	MAPPED	Feature-level semantic/dependency analysis required	NOT RUN	28363	-
bytereplacement	432	arm9 080517E4 0C C4 0F 02	False	arm9		0x080517E4	0C C4 0F 02	!EXPAND_MUSIC_TABLES	0x020517E4		BattleStartGetMusic	asm/unk_020517A4.s	191	ASM	main	0x020517D0	SYMBOL RANGE	unclassified patch/data	MAPPED	Feature-level semantic/dependency analysis required	NOT RUN	28367	-
bytereplacement	435	arm9 08051886 20	False	arm9		0x08051886	20	!EXPAND_MUSIC_TABLES	0x02051886		NPCTrainerGetBattleIntroAndMusicParam	asm/unk_020517A4.s	277	ASM	main	0x02051868	SYMBOL RANGE	unclassified patch/data	MAPPED	Feature-level semantic/dependency analysis required	NOT RUN	28385	-
bytereplacement	436	arm9 08051890 CA C3 0F 02	False	arm9		0x08051890	CA C3 0F 02	!EXPAND_MUSIC_TABLES	0x02051890		NPCTrainerGetBattleIntroAndMusicParam	asm/unk_020517A4.s	277	ASM	main	0x02051868	SYMBOL RANGE	unclassified patch/data	MAPPED	Feature-level semantic/dependency analysis required	NOT RUN	28385	-
bytereplacement	439	arm9 080518CA 0B	False	arm9		0x080518CA	0B	!EXPAND_MUSIC_TABLES	0x020518CA		WildPokemonGetBattleIntroAndMusicParam	asm/unk_020517A4.s	304	ASM	main	0x02051894	SYMBOL RANGE	unclassified patch/data	MAPPED	Feature-level semantic/dependency analysis required	NOT RUN	28388	-
bytereplacement	440	arm9 080518D4 B4 C3 0F 02	False	arm9		0x080518D4	B4 C3 0F 02	!EXPAND_MUSIC_TABLES	0x020518D4		WildPokemonGetBattleIntroAndMusicParam	asm/unk_020517A4.s	304	ASM	main	0x02051894	SYMBOL RANGE	unclassified patch/data	MAPPED	Feature-level semantic/dependency analysis required	NOT RUN	28388	-
bytereplacement	443	arm9 080550D4 2C	False	arm9		0x080550D4	2C	!EXPAND_MUSIC_TABLES	0x020550D4		FieldBGM_GetEyesMeetForTrainer	src/field_bgm.c	187	C	main	0x02055098	SYMBOL RANGE	unclassified patch/data	MAPPED	Feature-level semantic/dependency analysis required	NOT RUN	28801	-
bytereplacement	444	arm9 020550E0 1C C6 0F 02	False	arm9		0x020550E0	1C C6 0F 02	!EXPAND_MUSIC_TABLES	0x020550E0		FieldBGM_GetEyesMeetForTrainer	src/field_bgm.c	187	C	main	0x02055098	SYMBOL RANGE	unclassified patch/data	MAPPED	Feature-level semantic/dependency analysis required	NOT RUN	28801	-
bytereplacement	452	0012 0223FBD0 81	True	0012		0x0223FBD0	81	EXPAND_TRAINER_PRIZE_MONEY	0x0223FBD0		CalcPrizeMoney	src/battle/battle_command.c	2159	C	OVY_12	0x0223FB34	SYMBOL RANGE	unclassified patch/data	MAPPED	Feature-level semantic/dependency analysis required	NOT RUN	80799	-
bytereplacement	453	0012 0223FBD4 81	True	0012		0x0223FBD4	81	EXPAND_TRAINER_PRIZE_MONEY	0x0223FBD4		CalcPrizeMoney	src/battle/battle_command.c	2159	C	OVY_12	0x0223FB34	SYMBOL RANGE	unclassified patch/data	MAPPED	Feature-level semantic/dependency analysis required	NOT RUN	80799	-
bytereplacement	454	0012 0223FBDC 81	True	0012		0x0223FBDC	81	EXPAND_TRAINER_PRIZE_MONEY	0x0223FBDC		CalcPrizeMoney	src/battle/battle_command.c	2159	C	OVY_12	0x0223FB34	SYMBOL RANGE	unclassified patch/data	MAPPED	Feature-level semantic/dependency analysis required	NOT RUN	80799	-
bytereplacement	459	0012 0223FBD0 81	False	0012		0x0223FBD0	81	!EXPAND_TRAINER_PRIZE_MONEY	0x0223FBD0		CalcPrizeMoney	src/battle/battle_command.c	2159	C	OVY_12	0x0223FB34	SYMBOL RANGE	unclassified patch/data	MAPPED	Feature-level semantic/dependency analysis required	NOT RUN	80799	-
bytereplacement	460	0012 0223FBD4 81	False	0012		0x0223FBD4	81	!EXPAND_TRAINER_PRIZE_MONEY	0x0223FBD4		CalcPrizeMoney	src/battle/battle_command.c	2159	C	OVY_12	0x0223FB34	SYMBOL RANGE	unclassified patch/data	MAPPED	Feature-level semantic/dependency analysis required	NOT RUN	80799	-
bytereplacement	461	0012 0223FBDC 81	False	0012		0x0223FBDC	81	!EXPAND_TRAINER_PRIZE_MONEY	0x0223FBDC		CalcPrizeMoney	src/battle/battle_command.c	2159	C	OVY_12	0x0223FB34	SYMBOL RANGE	unclassified patch/data	MAPPED	Feature-level semantic/dependency analysis required	NOT RUN	80799	-
bytereplacement	464	0012 08008380 C4 C4 26 02	False	0012		0x08008380	C4 C4 26 02	!EXPAND_TRAINER_PRIZE_MONEY	0x0223FC40		CalcPrizeMoney	src/battle/battle_command.c	2159	C	OVY_12	0x0223FB34	SYMBOL RANGE	unclassified patch/data	MAPPED	Feature-level semantic/dependency analysis required	NOT RUN	80799	-
bytereplacement	465	0012 08008384 C6 C4 26 02	False	0012		0x08008384	C6 C4 26 02	!EXPAND_TRAINER_PRIZE_MONEY	0x0223FC44		CalcPrizeMoney	src/battle/battle_command.c	2159	C	OVY_12	0x0223FB34	SYMBOL RANGE	unclassified patch/data	MAPPED	Feature-level semantic/dependency analysis required	NOT RUN	80799	-
bytereplacement	471	0012 022659F8 C0 46 C0 46	True	0012		0x022659F8	C0 46 C0 46	STATIC_HP_BAR	0x022659F8		BattleHpBar_CalculatePixelsChangeFrame	src/battle/battle_hp_bar.c	1464	C	OVY_12	0x022659E0	SYMBOL RANGE	unclassified patch/data	MAPPED	Feature-level semantic/dependency analysis required	NOT RUN	85028	-
bytereplacement	472	0012 02265A00 C0 46 C0 46	True	0012		0x02265A00	C0 46 C0 46	STATIC_HP_BAR	0x02265A00		BattleHpBar_CalculatePixelsChangeFrame	src/battle/battle_hp_bar.c	1464	C	OVY_12	0x022659E0	SYMBOL RANGE	unclassified patch/data	MAPPED	Feature-level semantic/dependency analysis required	NOT RUN	85028	-
bytereplacement	473	0012 02265A12 C0 46 C0 46	True	0012		0x02265A12	C0 46 C0 46	STATIC_HP_BAR	0x02265A12		BattleHpBar_CalculatePixelsChangeFrame	src/battle/battle_hp_bar.c	1464	C	OVY_12	0x022659E0	SYMBOL RANGE	unclassified patch/data	MAPPED	Feature-level semantic/dependency analysis required	NOT RUN	85028	-
bytereplacement	474	0012 02265A2A C0 46 C0 46 C0 46 C0 46	True	0012		0x02265A2A	C0 46 C0 46 C0 46 C0 46	STATIC_HP_BAR	0x02265A2A		BattleHpBar_CalculatePixelsChangeFrame	src/battle/battle_hp_bar.c	1464	C	OVY_12	0x022659E0	SYMBOL RANGE	unclassified patch/data	MAPPED	Feature-level semantic/dependency analysis required	NOT RUN	85028	-
bytereplacement	475	0012 02265A32 C0 46 C0 46 C0 46 C0 46	True	0012		0x02265A32	C0 46 C0 46 C0 46 C0 46	STATIC_HP_BAR	0x02265A32		BattleHpBar_CalculatePixelsChangeFrame	src/battle/battle_hp_bar.c	1464	C	OVY_12	0x022659E0	SYMBOL RANGE	unclassified patch/data	MAPPED	Feature-level semantic/dependency analysis required	NOT RUN	85028	-
bytereplacement	476	0012 02265AC6 C0 46	True	0012		0x02265AC6	C0 46	STATIC_HP_BAR	0x02265AC6		BattleHpBar_Util_MakeHpBarPixelBuffer	src/battle/battle_hp_bar.c	1421	C	OVY_12	0x02265A9C	SYMBOL RANGE	unclassified patch/data	MAPPED	Feature-level semantic/dependency analysis required	NOT RUN	85030	-
bytereplacement	477	0012 02265ACA C0 46	True	0012		0x02265ACA	C0 46	STATIC_HP_BAR	0x02265ACA		BattleHpBar_Util_MakeHpBarPixelBuffer	src/battle/battle_hp_bar.c	1421	C	OVY_12	0x02265A9C	SYMBOL RANGE	unclassified patch/data	MAPPED	Feature-level semantic/dependency analysis required	NOT RUN	85030	-
bytereplacement	481	0012 022659F8 90 42 02 DA	False	0012		0x022659F8	90 42 02 DA	!STATIC_HP_BAR	0x022659F8		BattleHpBar_CalculatePixelsChangeFrame	src/battle/battle_hp_bar.c	1464	C	OVY_12	0x022659E0	SYMBOL RANGE	unclassified patch/data	MAPPED	Feature-level semantic/dependency analysis required	NOT RUN	85028	-
bytereplacement	482	0012 02265A00 00 E0 29 60	False	0012		0x02265A00	00 E0 29 60	!STATIC_HP_BAR	0x02265A00		BattleHpBar_CalculatePixelsChangeFrame	src/battle/battle_hp_bar.c	1464	C	OVY_12	0x022659E0	SYMBOL RANGE	unclassified patch/data	MAPPED	Feature-level semantic/dependency analysis required	NOT RUN	85028	-
bytereplacement	483	0012 02265A12 90 42 09 DA	False	0012		0x02265A12	90 42 09 DA	!STATIC_HP_BAR	0x02265A12		BattleHpBar_CalculatePixelsChangeFrame	src/battle/battle_hp_bar.c	1464	C	OVY_12	0x022659E0	SYMBOL RANGE	unclassified patch/data	MAPPED	Feature-level semantic/dependency analysis required	NOT RUN	85028	-
bytereplacement	484	0012 02265A2A 29 68 8C 42 02 D1 00 20	False	0012		0x02265A2A	29 68 8C 42 02 D1 00 20	!STATIC_HP_BAR	0x02265A2A		BattleHpBar_CalculatePixelsChangeFrame	src/battle/battle_hp_bar.c	1464	C	OVY_12	0x022659E0	SYMBOL RANGE	unclassified patch/data	MAPPED	Feature-level semantic/dependency analysis required	NOT RUN	85028	-
bytereplacement	485	0012 02265A32 C0 43 70 BD 90 42 1D DA	False	0012		0x02265A32	C0 43 70 BD 90 42 1D DA	!STATIC_HP_BAR	0x02265A32		BattleHpBar_CalculatePixelsChangeFrame	src/battle/battle_hp_bar.c	1464	C	OVY_12	0x022659E0	SYMBOL RANGE	unclassified patch/data	MAPPED	Feature-level semantic/dependency analysis required	NOT RUN	85028	-
bytereplacement	486	0012 02265AC6 96 42	False	0012		0x02265AC6	96 42	!STATIC_HP_BAR	0x02265AC6		BattleHpBar_Util_MakeHpBarPixelBuffer	src/battle/battle_hp_bar.c	1421	C	OVY_12	0x02265A9C	SYMBOL RANGE	unclassified patch/data	MAPPED	Feature-level semantic/dependency analysis required	NOT RUN	85030	-
bytereplacement	487	0012 02265ACA 06 D2	False	0012		0x02265ACA	06 D2	!STATIC_HP_BAR	0x02265ACA		BattleHpBar_Util_MakeHpBarPixelBuffer	src/battle/battle_hp_bar.c	1421	C	OVY_12	0x02265A9C	SYMBOL RANGE	unclassified patch/data	MAPPED	Feature-level semantic/dependency analysis required	NOT RUN	85030	-
bytereplacement	499	arm9 020821B0 DB	True	arm9		0x020821B0	DB		0x020821B0		PartyMenu_HandleUseTMHMonMon	src/party_menu_items.c	775	C	main	0x02082134	SYMBOL RANGE	unclassified patch/data	MAPPED	Feature-level semantic/dependency analysis required	NOT RUN	39103	-
bytereplacement	503	0012 02241172 00 00	True	0012		0x02241172	00 00		0x02241172		BtlCmd_TryPartyStatusRefresh	src/battle/battle_command.c	3038	C	OVY_12	0x02241140	SYMBOL RANGE	unclassified patch/data	MAPPED	Feature-level semantic/dependency analysis required	NOT RUN	80882	-
bytereplacement	505	0012 022593A4 00 00 00 00	True	0012		0x022593A4	00 00 00 00		0x022593A4		ov12_02259358	asm/overlay_12_battle_controller_opponent.s	1547	ASM	OVY_12	0x02259358	SYMBOL RANGE	unclassified patch/data	MAPPED	Feature-level semantic/dependency analysis required	NOT RUN	82176	-
bytereplacement	508	arm9 0207C3AC 00 00 00 00	True	arm9		0x0207C3AC	00 00 00 00		0x0207C3AC		PartyMenu_HandleUseItemOnMon	src/party_menu.c	2405	C	main	0x0207C288	SYMBOL RANGE	unclassified patch/data	MAPPED	Feature-level semantic/dependency analysis required	NOT RUN	38606	-
bytereplacement	511	0015 021F93B6 65 22	True	0015		0x021F93B6	65 22		0x021F93B6		Bag_Init	asm/overlay_15.s	11	ASM	OVY_15	0x021F9380	SYMBOL RANGE	unclassified patch/data	MAPPED	Feature-level semantic/dependency analysis required	NOT RUN	95785	-
bytereplacement	514	0015 021FF608 25 22	True	0015		0x021FF608	25 22		0x021FF608		ov15_021FF570	asm/overlay_15.s	12266	ASM	OVY_15	0x021FF570	SYMBOL RANGE	unclassified patch/data	MAPPED	Feature-level semantic/dependency analysis required	NOT RUN	97471	-
bytereplacement	515	0015 021FF626 25 22	True	0015		0x021FF626	25 22		0x021FF626		ov15_021FF570	asm/overlay_15.s	12266	ASM	OVY_15	0x021FF570	SYMBOL RANGE	unclassified patch/data	MAPPED	Feature-level semantic/dependency analysis required	NOT RUN	97471	-
bytereplacement	516	0015 021FE99A 11 46	True	0015		0x021FE99A	11 46		0x021FE99A		ov15_021FE990	asm/overlay_15.s	10772	ASM	OVY_15	0x021FE990	SYMBOL RANGE	unclassified patch/data	MAPPED	Feature-level semantic/dependency analysis required	NOT RUN	97244	-
bytereplacement	517	0015 021FE9B8 10 24	True	0015		0x021FE9B8	10 24		0x021FE9B8		ov15_021FE9B0	asm/overlay_15.s	10790	ASM	OVY_15	0x021FE9B0	SYMBOL RANGE	unclassified patch/data	MAPPED	Feature-level semantic/dependency analysis required	NOT RUN	97249	-
bytereplacement	518	0015 021FE9F8 10 24	True	0015		0x021FE9F8	10 24		0x021FE9F8		ov15_021FE9F0	asm/overlay_15.s	10823	ASM	OVY_15	0x021FE9F0	SYMBOL RANGE	unclassified patch/data	MAPPED	Feature-level semantic/dependency analysis required	NOT RUN	97254	-
bytereplacement	521	0015 021FB918 11 E0 C0 46 C0 46 C0 46 C0 46 C0 46 C0 46	True	0015		0x021FB918	11 E0 C0 46 C0 46 C0 46 C0 46 C0 46 C0 46		0x021FB918		ov15_021FB830	asm/overlay_15.s	4686	ASM	OVY_15	0x021FB830	SYMBOL RANGE	unclassified patch/data	MAPPED	Feature-level semantic/dependency analysis required	NOT RUN	96394	-
bytereplacement	523	0015 021FB850 75 E0	True	0015		0x021FB850	75 E0		0x021FB850		ov15_021FB830	asm/overlay_15.s	4686	ASM	OVY_15	0x021FB830	SYMBOL RANGE	unclassified patch/data	MAPPED	Feature-level semantic/dependency analysis required	NOT RUN	96394	-
bytereplacement	524	0015 021FB8AC 47 E0	True	0015		0x021FB8AC	47 E0		0x021FB8AC		ov15_021FB830	asm/overlay_15.s	4686	ASM	OVY_15	0x021FB830	SYMBOL RANGE	unclassified patch/data	MAPPED	Feature-level semantic/dependency analysis required	NOT RUN	96394	-
bytereplacement	526	arm9 0208222A 20 1C 24 4B 98 47 70 BD	True	arm9		0x0208222A	20 1C 24 4B 98 47 70 BD		0x0208222A		PartyMenu_HandleUseTMHMonMon	src/party_menu_items.c	775	C	main	0x02082134	SYMBOL RANGE	unclassified patch/data	MAPPED	Feature-level semantic/dependency analysis required	NOT RUN	39103	-
bytereplacement	527	arm9 02082420 01 22	True	arm9		0x02082420	01 22		0x02082420		PartyMenu_ItemUseFunc_TMHMPromptForgetMove	src/party_menu_items.c	854	C	main	0x020823F4	SYMBOL RANGE	unclassified patch/data	MAPPED	Feature-level semantic/dependency analysis required	NOT RUN	39112	-
bytereplacement	531	arm9 02000E54 24 00 00 00 04 5C 1E 02	False	arm9		0x02000E54	24 00 00 00 04 5C 1E 02	DEBUG_AUTO_CONTINUE_GAME	0x02000E54		NitroMain	src/main.c	48	C	main	0x02000CA4	SYMBOL RANGE	unclassified patch/data	MAPPED	Feature-level semantic/dependency analysis required	NOT RUN	11607	-
bytereplacement	535	0031 0225DE46 06 23	True	0031		0x0225DE46	06 23		0x0225DE46		ov31_0225DE24	asm/overlay_31.s	1111	ASM	OVY_31	0x0225DE24	SYMBOL RANGE	unclassified patch/data	MAPPED	Feature-level semantic/dependency analysis required	NOT RUN	104418	-
bytereplacement	538	0012 0223BD2C 02 49 40 5C C0 06 80 0F	False	0012		0x0223BD2C	02 49 40 5C C0 06 80 0F	!DISABLE_CRITICAL_HP_WARNING	0x0223BD2C		BattleSystem_GetCriticalHpMusicFlag	src/battle/battle_system.c	1091	C	OVY_12	0x0223BD2C	SYMBOL RANGE	unclassified patch/data	MAPPED	Feature-level semantic/dependency analysis required	NOT RUN	80475	-
bytereplacement	539	0012 0223BD3C 18 B4 05 4B 89 07 C4 5C	False	0012		0x0223BD3C	18 B4 05 4B 89 07 C4 5C	!DISABLE_CRITICAL_HP_WARNING	0x0223BD3C		BattleSystem_SetCriticalHpMusicFlag	src/battle/battle_system.c	1095	C	OVY_12	0x0223BD3C	SYMBOL RANGE	unclassified patch/data	MAPPED	Feature-level semantic/dependency analysis required	NOT RUN	80478	-
bytereplacement	546	0001 021E662C 01 20 70 47	True	0001		0x021E662C	01 20 70 47	APPLY_ANTIPIRACY	0x021E662C		ov01_021E662C	src/field/fieldmap.c	227	C	field	0x021E662C	SYMBOL RANGE	unclassified patch/data	MAPPED	Feature-level semantic/dependency analysis required	NOT RUN	53801	-
bytereplacement	548	0123 0225F0CC E0 FC FF FF	True	0123		0x0225F0CC	E0 FC FF FF	APPLY_ANTIPIRACY	0x0225F0CC		DSProtInternal_DetectFlashcart			UNRESOLVED	ds_protect	0x0225F020	SYMBOL RANGE	unclassified patch/data	MAPPED	Feature-level semantic/dependency analysis required	NOT RUN	206850	-
bytereplacement	549	0123 0225F184 E0 FC FF FF	True	0123		0x0225F184	E0 FC FF FF	APPLY_ANTIPIRACY	0x0225F184		DSProtInternal_DetectNotFlashcart			UNRESOLVED	ds_protect	0x0225F0D8	SYMBOL RANGE	unclassified patch/data	MAPPED	Feature-level semantic/dependency analysis required	NOT RUN	206853	-
bytereplacement	554	arm9 02000A18 1E FF 2F E1	True	arm9		0x02000A18	1E FF 2F E1		0x02000A18		MIi_UncompressBackward	lib/asm/crt0.s	127	ASM	main	0x02000970	SYMBOL RANGE	unclassified patch/data	MAPPED	Feature-level semantic/dependency analysis required	NOT RUN	11586	-
bytereplacement	557	arm9 020649AC 64 E2 0F 02	True	arm9		0x020649AC	64 E2 0F 02		0x020649AC		GetItemFieldUseFunc	src/field_use_item.c	136	C	main	0x02064980	SYMBOL RANGE	unclassified patch/data	MAPPED	Feature-level semantic/dependency analysis required	NOT RUN	34501	-
bytereplacement	558	arm9 020649B0 64 E2 0F 02	True	arm9		0x020649B0	64 E2 0F 02		0x020649B0		GetItemFieldUseFunc	src/field_use_item.c	136	C	main	0x02064980	SYMBOL RANGE	unclassified patch/data	MAPPED	Feature-level semantic/dependency analysis required	NOT RUN	34501	-
bytereplacement	559	arm9 020649B4 64 E2 0F 02	True	arm9		0x020649B4	64 E2 0F 02		0x020649B4		GetItemFieldUseFunc	src/field_use_item.c	136	C	main	0x02064980	SYMBOL RANGE	unclassified patch/data	MAPPED	Feature-level semantic/dependency analysis required	NOT RUN	34501	-
bytereplacement	562	0053 080016BA D4 05	False	0053		0x080016BA	D4 05	SKIP_TUTORIAL_INFO	0x021E6FBA		OakSpeech_DoMainTask	src/oaks_speech.c	592	C	OVY_53	0x021E6F9C	SYMBOL RANGE	unclassified patch/data	MAPPED	Feature-level semantic/dependency analysis required	NOT RUN	132404	-
bytereplacement	564	0053 080016BA FC 00	True	0053		0x080016BA	FC 00	!SKIP_TUTORIAL_INFO	0x021E6FBA		OakSpeech_DoMainTask	src/oaks_speech.c	592	C	OVY_53	0x021E6F9C	SYMBOL RANGE	unclassified patch/data	MAPPED	Feature-level semantic/dependency analysis required	NOT RUN	132404	-
repoints	3	0012 SkillMenuTouchData 0226E930	True	0012	SkillMenuTouchData	0x0226E930			0x0226E930		sBattleMenuTemplates	src/battle/battle_input.c		DATA	OVY_12	0x0226E70C	SYMBOL RANGE	data	MAPPED	Feature-level semantic/dependency analysis required	NOT RUN	85642	-
repoints	4	0012 SkillMenuTouchRet 0226E934	True	0012	SkillMenuTouchRet	0x0226E934			0x0226E934		sBattleMenuTemplates	src/battle/battle_input.c		DATA	OVY_12	0x0226E70C	SYMBOL RANGE	data	MAPPED	Feature-level semantic/dependency analysis required	NOT RUN	85642	-
repoints	5	0012 SkillMenuPaletteNo 0226E938	True	0012	SkillMenuPaletteNo	0x0226E938			0x0226E938		sBattleMenuTemplates	src/battle/battle_input.c		DATA	OVY_12	0x0226E70C	SYMBOL RANGE	data	MAPPED	Feature-level semantic/dependency analysis required	NOT RUN	85642	-
repoints	10	arm9 sPocketCounts 08077C14	True	arm9	sPocketCounts	0x08077C14		ALLOW_SAVE_CHANGES && ITEM_POCKET_EXPANSION	0x02077C14		MoveItemSlotInList	src/item.c	674	C	main	0x02077B5C	SYMBOL RANGE	unclassified patch/data	MAPPED	Feature-level semantic/dependency analysis required	NOT RUN	38095	-
repoints	12	0015 sPocketCountBytes 08000C80	True	0015	sPocketCountBytes	0x08000C80		ALLOW_SAVE_CHANGES && ITEM_POCKET_EXPANSION	0x021FA000		ov15_021F9F08	asm/overlay_15.s	1423	ASM	OVY_15	0x021F9F08	SYMBOL RANGE	unclassified patch/data	MAPPED	Feature-level semantic/dependency analysis required	NOT RUN	96023	-
repoints	14	0015 sPocketCountBytes 08000DEC	True	0015	sPocketCountBytes	0x08000DEC		ALLOW_SAVE_CHANGES && ITEM_POCKET_EXPANSION	0x021FA16C		ov15_021FA12C	asm/overlay_15.s	1747	ASM	OVY_15	0x021FA12C	SYMBOL RANGE	unclassified patch/data	MAPPED	Feature-level semantic/dependency analysis required	NOT RUN	96056	-
repoints	16	0015 sPocketCountBytes 08005FE0	True	0015	sPocketCountBytes	0x08005FE0		ALLOW_SAVE_CHANGES && ITEM_POCKET_EXPANSION	0x021FF360		ov15_021FF320	asm/overlay_15.s	11957	ASM	OVY_15	0x021FF320	SYMBOL RANGE	unclassified patch/data	MAPPED	Feature-level semantic/dependency analysis required	NOT RUN	97445	-
repoints	18	0015 sPocketCountBytes 08006160	True	0015	sPocketCountBytes	0x08006160		ALLOW_SAVE_CHANGES && ITEM_POCKET_EXPANSION	0x021FF4E0		ov15_021FF364	asm/overlay_15.s	11998	ASM	OVY_15	0x021FF364	SYMBOL RANGE	unclassified patch/data	MAPPED	Feature-level semantic/dependency analysis required	NOT RUN	97448	-
repoints	23	0001 gOWTagToFileNum 021F92FC	True	0001	gOWTagToFileNum	0x021F92FC			0x021F92FC		ObjectEvent_GetGraphicsInfo	asm/overlay_01_021F8D80.s	762	ASM	field	0x021F92DC	SYMBOL RANGE	unclassified patch/data	MAPPED	Feature-level semantic/dependency analysis required	NOT RUN	59107	-
repoints	24	0001 gOWTagToFileNum 021FA280	True	0001	gOWTagToFileNum	0x021FA280			0x021FA280		sub_021FA248	asm/overlay_01_021F944C.s	2015	ASM	field	0x021FA248	SYMBOL RANGE	unclassified patch/data	MAPPED	Feature-level semantic/dependency analysis required	NOT RUN	59607	-
repoints	28	0012 TypeEffectivenessTable+1 02251D20	True	0012	TypeEffectivenessTable+1	0x02251D20			0x02251D20		ov12_02251C74	src/battle/overlay_12_0224E4FC.c	2199	C	OVY_12	0x02251C74	SYMBOL RANGE	unclassified patch/data	MAPPED	Feature-level semantic/dependency analysis required	NOT RUN	81637	-
repoints	29	0012 TypeEffectivenessTable+2 02251D24	True	0012	TypeEffectivenessTable+2	0x02251D24			0x02251D24		ov12_02251C74	src/battle/overlay_12_0224E4FC.c	2199	C	OVY_12	0x02251C74	SYMBOL RANGE	unclassified patch/data	MAPPED	Feature-level semantic/dependency analysis required	NOT RUN	81637	-
repoints	30	0012 TypeEffectivenessTable 0225204C	True	0012	TypeEffectivenessTable	0x0225204C			0x0225204C		ov12_02251D28	src/battle/overlay_12_0224E4FC.c	2228	C	OVY_12	0x02251D28	SYMBOL RANGE	unclassified patch/data	MAPPED	Feature-level semantic/dependency analysis required	NOT RUN	81640	-
repoints	31	0012 TypeEffectivenessTable 02252174	True	0012	TypeEffectivenessTable	0x02252174			0x02252174		ov12_02252054	src/battle/overlay_12_0224E4FC.c	2331	C	OVY_12	0x02252054	SYMBOL RANGE	unclassified patch/data	MAPPED	Feature-level semantic/dependency analysis required	NOT RUN	81643	-
repoints	32	0012 TypeEffectivenessTable+1 022521C0	True	0012	TypeEffectivenessTable+1	0x022521C0			0x022521C0		CheckFlyingImmunity	src/battle/overlay_12_0224E4FC.c	2362	C	OVY_12	0x02252178	SYMBOL RANGE	unclassified patch/data	MAPPED	Feature-level semantic/dependency analysis required	NOT RUN	81646	-
repoints	33	0012 TypeEffectivenessTable+2 022521C4	True	0012	TypeEffectivenessTable+2	0x022521C4			0x022521C4		CheckFlyingImmunity	src/battle/overlay_12_0224E4FC.c	2362	C	OVY_12	0x02252178	SYMBOL RANGE	unclassified patch/data	MAPPED	Feature-level semantic/dependency analysis required	NOT RUN	81646	-
repoints	34	0012 TypeEffectivenessTable 02252640	True	0012	TypeEffectivenessTable	0x02252640			0x02252640		GetTypeEffectivnessData	src/battle/overlay_12_0224E4FC.c	2561	C	OVY_12	0x0225260C	SYMBOL RANGE	unclassified patch/data	MAPPED	Feature-level semantic/dependency analysis required	NOT RUN	81668	-
repoints	35	0012 TypeEffectivenessTable+1 02252644	True	0012	TypeEffectivenessTable+1	0x02252644			0x02252644		GetTypeEffectivnessData	src/battle/overlay_12_0224E4FC.c	2561	C	OVY_12	0x0225260C	SYMBOL RANGE	unclassified patch/data	MAPPED	Feature-level semantic/dependency analysis required	NOT RUN	81668	-
repoints	36	0012 TypeEffectivenessTable+2 02252648	True	0012	TypeEffectivenessTable+2	0x02252648			0x02252648		GetTypeEffectivnessData	src/battle/overlay_12_0224E4FC.c	2561	C	OVY_12	0x0225260C	SYMBOL RANGE	unclassified patch/data	MAPPED	Feature-level semantic/dependency analysis required	NOT RUN	81668	-
repoints	37	0012 TypeEffectivenessTable 02252694	True	0012	TypeEffectivenessTable	0x02252694			0x02252694		CalculateTypeEffectiveness	src/battle/overlay_12_0224E4FC.c	2576	C	OVY_12	0x0225264C	SYMBOL RANGE	unclassified patch/data	MAPPED	Feature-level semantic/dependency analysis required	NOT RUN	81671	-
repoints	40	0012 TerrainPlatformPlayerNCGR 02265F1C	True	0012	TerrainPlatformPlayerNCGR	0x02265F1C			0x02265F1C		ov12_02265E28	asm/overlay_12_02265E28.s	8	ASM	OVY_12	0x02265E28	SYMBOL RANGE	unclassified patch/data	MAPPED	Feature-level semantic/dependency analysis required	NOT RUN	85062	-
repoints	41	0012 TerrainPlatformEnemyNCGR 02265F24	True	0012	TerrainPlatformEnemyNCGR	0x02265F24			0x02265F24		ov12_02265E28	asm/overlay_12_02265E28.s	8	ASM	OVY_12	0x02265E28	SYMBOL RANGE	unclassified patch/data	MAPPED	Feature-level semantic/dependency analysis required	NOT RUN	85062	-
repoints	42	0012 TerrainPlatformPalettes 02265F2C	True	0012	TerrainPlatformPalettes	0x02265F2C			0x02265F2C		ov12_02265E28	asm/overlay_12_02265E28.s	8	ASM	OVY_12	0x02265E28	SYMBOL RANGE	unclassified patch/data	MAPPED	Feature-level semantic/dependency analysis required	NOT RUN	85062	-
repoints	45	arm9 sSwarmMapLUT 02097FF0	True	arm9	sSwarmMapLUT	0x02097FF0			0x02097FF0		GetSwarmInfoFromRand	src/unk_02097F6C.c	49	C	main	0x02097F9C	SYMBOL RANGE	unclassified patch/data	MAPPED	Feature-level semantic/dependency analysis required	NOT RUN	43954	-
repoints	46	arm9 sSwarmMapLUT 02097F94	True	arm9	sSwarmMapLUT	0x02097F94			0x02097F94		sub_02097F6C	src/unk_02097F6C.c	39	C	main	0x02097F6C	SYMBOL RANGE	unclassified patch/data	MAPPED	Feature-level semantic/dependency analysis required	NOT RUN	43951	-
repoints	47	arm9 sSwarmMapLUT+2 02097F98	True	arm9	sSwarmMapLUT+2	0x02097F98			0x02097F98		sub_02097F6C	src/unk_02097F6C.c	39	C	main	0x02097F6C	SYMBOL RANGE	unclassified patch/data	MAPPED	Feature-level semantic/dependency analysis required	NOT RUN	43951	-
repoints	51	0012 PrizeMoney 08008380	True	0012	PrizeMoney	0x08008380		EXPAND_TRAINER_PRIZE_MONEY	0x0223FC40		CalcPrizeMoney	src/battle/battle_command.c	2159	C	OVY_12	0x0223FB34	SYMBOL RANGE	unclassified patch/data	MAPPED	Feature-level semantic/dependency analysis required	NOT RUN	80799	-
repoints	52	0012 PrizeMoney+2 08008384	True	0012	PrizeMoney+2	0x08008384		EXPAND_TRAINER_PRIZE_MONEY	0x0223FC44		CalcPrizeMoney	src/battle/battle_command.c	2159	C	OVY_12	0x0223FB34	SYMBOL RANGE	unclassified patch/data	MAPPED	Feature-level semantic/dependency analysis required	NOT RUN	80799	-
repoints	55	arm9 sTrainerGenders 020FFB90	True	arm9	sTrainerGenders	0x020FFB90		EXPAND_TRAINER_GENDER_TABLE	0x020FFB90	src/pokemon.c:2208	sTrainerGenders	src/trainer_data.c		DATA	main	0x020FFB90	SYMBOL RANGE	data	MAPPED	Feature-level semantic/dependency analysis required	NOT RUN	49865	-
repoints	61	arm9 sTrainerEncounterMusicParam 020550E0	True	arm9	sTrainerEncounterMusicParam	0x020550E0		EXPAND_MUSIC_TABLES	0x020550E0		FieldBGM_GetEyesMeetForTrainer	src/field_bgm.c	187	C	main	0x02055098	SYMBOL RANGE	unclassified patch/data	MAPPED	Feature-level semantic/dependency analysis required	NOT RUN	28801	-
repoints	64	arm9 TrainerClassToMusicCombo 08051890	True	arm9	TrainerClassToMusicCombo	0x08051890		EXPAND_MUSIC_TABLES	0x02051890		NPCTrainerGetBattleIntroAndMusicParam	asm/unk_020517A4.s	277	ASM	main	0x02051868	SYMBOL RANGE	unclassified patch/data	MAPPED	Feature-level semantic/dependency analysis required	NOT RUN	28385	-
repoints	67	arm9 MainMusicComboTable 080517C8	True	arm9	MainMusicComboTable	0x080517C8		EXPAND_MUSIC_TABLES	0x020517C8		BattleStartGetTransition	asm/unk_020517A4.s	167	ASM	main	0x020517A4	SYMBOL RANGE	unclassified patch/data	MAPPED	Feature-level semantic/dependency analysis required	NOT RUN	28363	-
repoints	68	arm9 MainMusicComboTable+2 080517E4	True	arm9	MainMusicComboTable+2	0x080517E4		EXPAND_MUSIC_TABLES	0x020517E4		BattleStartGetMusic	asm/unk_020517A4.s	191	ASM	main	0x020517D0	SYMBOL RANGE	unclassified patch/data	MAPPED	Feature-level semantic/dependency analysis required	NOT RUN	28367	-
repoints	71	arm9 PokemonBattleMusic 080518D4	True	arm9	PokemonBattleMusic	0x080518D4		EXPAND_MUSIC_TABLES	0x020518D4		WildPokemonGetBattleIntroAndMusicParam	asm/unk_020517A4.s	304	ASM	main	0x02051894	SYMBOL RANGE	unclassified patch/data	MAPPED	Feature-level semantic/dependency analysis required	NOT RUN	28388	-
repoints	75	0012 sSecretPowerEffectTable 0800CBC0	True	0012	sSecretPowerEffectTable	0x0800CBC0			0x02244480		BtlCmd_GetTerrainSecondaryEffect	src/battle/battle_command.c	4917	C	OVY_12	0x02244458	SYMBOL RANGE	unclassified patch/data	MAPPED	Feature-level semantic/dependency analysis required	NOT RUN	81086	-
repoints	78	0012 sCamouflageTypeTable 0800CB60	True	0012	sCamouflageTypeTable	0x0800CB60			0x02244420		BtlCmd_TryCamouflage	src/battle/battle_command.c	4874	C	OVY_12	0x02244390	SYMBOL RANGE	unclassified patch/data	MAPPED	Feature-level semantic/dependency analysis required	NOT RUN	81080	-
repoints	81	0001 sTutorMoves 0220304C	True	0001	sTutorMoves	0x0220304C			0x0220304C		ScrCmd_MoveTutorChooseMove	src/field/scrcmd_move_tutor.c	249	C	field	0x02202E68	SYMBOL RANGE	unclassified patch/data	MAPPED	Feature-level semantic/dependency analysis required	NOT RUN	62463	-
repoints	82	0001 sTutorMoves 02202C20	True	0001	sTutorMoves	0x02202C20			0x02202C20		ScrCmd_TutorMoveGetPrice	src/field/scrcmd_move_tutor.c	125	C	field	0x02202BD0	SYMBOL RANGE	unclassified patch/data	MAPPED	Feature-level semantic/dependency analysis required	NOT RUN	62449	-
repoints	83	0001 sTutorMoves+2 02202C24	True	0001	sTutorMoves+2	0x02202C24			0x02202C24		ScrCmd_TutorMoveGetPrice	src/field/scrcmd_move_tutor.c	125	C	field	0x02202BD0	SYMBOL RANGE	unclassified patch/data	MAPPED	Feature-level semantic/dependency analysis required	NOT RUN	62449	-
repoints	86	arm9 sCherrygroveCityMart 0210FA3C	True	arm9	sCherrygroveCityMart	0x0210FA3C		MART_EXPANSION	0x0210FA3C		_0210FA3C	src/scrcmd_mart.c		DATA	main	0x0210FA3C	SYMBOL RANGE	data	MAPPED	Feature-level semantic/dependency analysis required	NOT RUN	50405	-
repoints	87	arm9 sVioletCityMart 0210FA40	True	arm9	sVioletCityMart	0x0210FA40		MART_EXPANSION	0x0210FA40		_0210FA3C	src/scrcmd_mart.c		DATA	main	0x0210FA3C	SYMBOL RANGE	data	MAPPED	Feature-level semantic/dependency analysis required	NOT RUN	50405	-
repoints	88	arm9 sAzaleaCityMart 0210FA44	True	arm9	sAzaleaCityMart	0x0210FA44		MART_EXPANSION	0x0210FA44		_0210FA3C	src/scrcmd_mart.c		DATA	main	0x0210FA3C	SYMBOL RANGE	data	MAPPED	Feature-level semantic/dependency analysis required	NOT RUN	50405	-
repoints	89	arm9 sGoldenrodDepartmentLower2F 0210FA48	True	arm9	sGoldenrodDepartmentLower2F	0x0210FA48		MART_EXPANSION	0x0210FA48		_0210FA3C	src/scrcmd_mart.c		DATA	main	0x0210FA3C	SYMBOL RANGE	data	MAPPED	Feature-level semantic/dependency analysis required	NOT RUN	50405	-
repoints	90	arm9 sGoldenrodDepartmentUpper2F 0210FA4C	True	arm9	sGoldenrodDepartmentUpper2F	0x0210FA4C		MART_EXPANSION	0x0210FA4C		_0210FA3C	src/scrcmd_mart.c		DATA	main	0x0210FA3C	SYMBOL RANGE	data	MAPPED	Feature-level semantic/dependency analysis required	NOT RUN	50405	-
repoints	91	arm9 sGoldenrodDepartment3F 0210FA50	True	arm9	sGoldenrodDepartment3F	0x0210FA50		MART_EXPANSION	0x0210FA50		_0210FA3C	src/scrcmd_mart.c		DATA	main	0x0210FA3C	SYMBOL RANGE	data	MAPPED	Feature-level semantic/dependency analysis required	NOT RUN	50405	-
repoints	92	arm9 sGoldenrodDepartment4F 0210FA54	True	arm9	sGoldenrodDepartment4F	0x0210FA54		MART_EXPANSION	0x0210FA54		_0210FA3C	src/scrcmd_mart.c		DATA	main	0x0210FA3C	SYMBOL RANGE	data	MAPPED	Feature-level semantic/dependency analysis required	NOT RUN	50405	-
repoints	93	arm9 sGoldenrodDepartment5F 0210FA58	True	arm9	sGoldenrodDepartment5F	0x0210FA58		MART_EXPANSION	0x0210FA58		_0210FA3C	src/scrcmd_mart.c		DATA	main	0x0210FA3C	SYMBOL RANGE	data	MAPPED	Feature-level semantic/dependency analysis required	NOT RUN	50405	-
repoints	94	arm9 sGoldenrodHerbs 0210FA5C	True	arm9	sGoldenrodHerbs	0x0210FA5C		MART_EXPANSION	0x0210FA5C		_0210FA3C	src/scrcmd_mart.c		DATA	main	0x0210FA3C	SYMBOL RANGE	data	MAPPED	Feature-level semantic/dependency analysis required	NOT RUN	50405	-
repoints	95	arm9 sEcruteakMart 0210FA60	True	arm9	sEcruteakMart	0x0210FA60		MART_EXPANSION	0x0210FA60		_0210FA3C	src/scrcmd_mart.c		DATA	main	0x0210FA3C	SYMBOL RANGE	data	MAPPED	Feature-level semantic/dependency analysis required	NOT RUN	50405	-
repoints	96	arm9 sOlivineMart 0210FA64	True	arm9	sOlivineMart	0x0210FA64		MART_EXPANSION	0x0210FA64		_0210FA3C	src/scrcmd_mart.c		DATA	main	0x0210FA3C	SYMBOL RANGE	data	MAPPED	Feature-level semantic/dependency analysis required	NOT RUN	50405	-
repoints	97	arm9 sCianwoodPharmacy 0210FA68	True	arm9	sCianwoodPharmacy	0x0210FA68		MART_EXPANSION	0x0210FA68		_0210FA3C	src/scrcmd_mart.c		DATA	main	0x0210FA3C	SYMBOL RANGE	data	MAPPED	Feature-level semantic/dependency analysis required	NOT RUN	50405	-
repoints	98	arm9 sBlackthornAndBattleFrontierMart 0210FA6C	True	arm9	sBlackthornAndBattleFrontierMart	0x0210FA6C		MART_EXPANSION	0x0210FA6C		_0210FA3C	src/scrcmd_mart.c		DATA	main	0x0210FA3C	SYMBOL RANGE	data	MAPPED	Feature-level semantic/dependency analysis required	NOT RUN	50405	-
repoints	99	arm9 sIndigoPlateau 0210FA70	True	arm9	sIndigoPlateau	0x0210FA70		MART_EXPANSION	0x0210FA70		_0210FA3C	src/scrcmd_mart.c		DATA	main	0x0210FA3C	SYMBOL RANGE	data	MAPPED	Feature-level semantic/dependency analysis required	NOT RUN	50405	-
repoints	100	arm9 sVermilionAndSafariMart 0210FA74	True	arm9	sVermilionAndSafariMart	0x0210FA74		MART_EXPANSION	0x0210FA74		_0210FA3C	src/scrcmd_mart.c		DATA	main	0x0210FA3C	SYMBOL RANGE	data	MAPPED	Feature-level semantic/dependency analysis required	NOT RUN	50405	-
repoints	101	arm9 sSaffronMart 0210FA78	True	arm9	sSaffronMart	0x0210FA78		MART_EXPANSION	0x0210FA78		_0210FA3C	src/scrcmd_mart.c		DATA	main	0x0210FA3C	SYMBOL RANGE	data	MAPPED	Feature-level semantic/dependency analysis required	NOT RUN	50405	-
repoints	102	arm9 sLavenderMart 0210FA7C	True	arm9	sLavenderMart	0x0210FA7C		MART_EXPANSION	0x0210FA7C		_0210FA3C	src/scrcmd_mart.c		DATA	main	0x0210FA3C	SYMBOL RANGE	data	MAPPED	Feature-level semantic/dependency analysis required	NOT RUN	50405	-
repoints	103	arm9 sCeruleanMart 0210FA80	True	arm9	sCeruleanMart	0x0210FA80		MART_EXPANSION	0x0210FA80		_0210FA3C	src/scrcmd_mart.c		DATA	main	0x0210FA3C	SYMBOL RANGE	data	MAPPED	Feature-level semantic/dependency analysis required	NOT RUN	50405	-
repoints	104	arm9 sCeladonDepartmentUpper2F 0210FA84	True	arm9	sCeladonDepartmentUpper2F	0x0210FA84		MART_EXPANSION	0x0210FA84		_0210FA3C	src/scrcmd_mart.c		DATA	main	0x0210FA3C	SYMBOL RANGE	data	MAPPED	Feature-level semantic/dependency analysis required	NOT RUN	50405	-
repoints	105	arm9 sCeladonDepartmentLower2F 0210FA88	True	arm9	sCeladonDepartmentLower2F	0x0210FA88		MART_EXPANSION	0x0210FA88		_0210FA3C	src/scrcmd_mart.c		DATA	main	0x0210FA3C	SYMBOL RANGE	data	MAPPED	Feature-level semantic/dependency analysis required	NOT RUN	50405	-
repoints	106	arm9 sCeladonDepartment3F 0210FA8C	True	arm9	sCeladonDepartment3F	0x0210FA8C		MART_EXPANSION	0x0210FA8C		_0210FA3C	src/scrcmd_mart.c		DATA	main	0x0210FA3C	SYMBOL RANGE	data	MAPPED	Feature-level semantic/dependency analysis required	NOT RUN	50405	-
repoints	107	arm9 sCeladonDepartment4F 0210FA90	True	arm9	sCeladonDepartment4F	0x0210FA90		MART_EXPANSION	0x0210FA90		_0210FA3C	src/scrcmd_mart.c		DATA	main	0x0210FA3C	SYMBOL RANGE	data	MAPPED	Feature-level semantic/dependency analysis required	NOT RUN	50405	-
repoints	108	arm9 sCeladonDepartmentLeft5F 0210FA94	True	arm9	sCeladonDepartmentLeft5F	0x0210FA94		MART_EXPANSION	0x0210FA94		_0210FA3C	src/scrcmd_mart.c		DATA	main	0x0210FA3C	SYMBOL RANGE	data	MAPPED	Feature-level semantic/dependency analysis required	NOT RUN	50405	-
repoints	109	arm9 sCeladonDepartmentRight5F 0210FA98	True	arm9	sCeladonDepartmentRight5F	0x0210FA98		MART_EXPANSION	0x0210FA98		_0210FA3C	src/scrcmd_mart.c		DATA	main	0x0210FA3C	SYMBOL RANGE	data	MAPPED	Feature-level semantic/dependency analysis required	NOT RUN	50405	-
repoints	110	arm9 sFuschiaMart 0210FA9C	True	arm9	sFuschiaMart	0x0210FA9C		MART_EXPANSION	0x0210FA9C		_0210FA3C	src/scrcmd_mart.c		DATA	main	0x0210FA3C	SYMBOL RANGE	data	MAPPED	Feature-level semantic/dependency analysis required	NOT RUN	50405	-
repoints	111	arm9 sPewterMart 0210FAA0	True	arm9	sPewterMart	0x0210FAA0		MART_EXPANSION	0x0210FAA0		_0210FA3C	src/scrcmd_mart.c		DATA	main	0x0210FA3C	SYMBOL RANGE	data	MAPPED	Feature-level semantic/dependency analysis required	NOT RUN	50405	-
repoints	112	arm9 sViridianMart 0210FAA4	True	arm9	sViridianMart	0x0210FAA4		MART_EXPANSION	0x0210FAA4		_0210FA3C	src/scrcmd_mart.c		DATA	main	0x0210FA3C	SYMBOL RANGE	data	MAPPED	Feature-level semantic/dependency analysis required	NOT RUN	50405	-
repoints	113	arm9 sMtMoonSquare 0210FAA8	True	arm9	sMtMoonSquare	0x0210FAA8		MART_EXPANSION	0x0210FAA8		_0210FA3C	src/scrcmd_mart.c		DATA	main	0x0210FA3C	SYMBOL RANGE	data	MAPPED	Feature-level semantic/dependency analysis required	NOT RUN	50405	-
repoints	114	arm9 sMahoganyPreRocketHideout  0210FAAC	True	arm9	sMahoganyPreRocketHideout	0x0210FAAC		MART_EXPANSION	0x0210FAAC		_0210FA3C	src/scrcmd_mart.c		DATA	main	0x0210FA3C	SYMBOL RANGE	data	MAPPED	Feature-level semantic/dependency analysis required	NOT RUN	50405	-
repoints	115	arm9 sMahoganyPostRocketHideout 0210FAB0	True	arm9	sMahoganyPostRocketHideout	0x0210FAB0		MART_EXPANSION	0x0210FAB0		_0210FA3C	src/scrcmd_mart.c		DATA	main	0x0210FA3C	SYMBOL RANGE	data	MAPPED	Feature-level semantic/dependency analysis required	NOT RUN	50405	-
repoints	119	arm9 sPokeathlonShop_Sunday 0210FA04	False	arm9	sPokeathlonShop_Sunday	0x0210FA04		POKEATHLON_SHOP_EXPANSION	0x0210FA04		_0210FA04	src/scrcmd_mart.c		DATA	main	0x0210FA04	SYMBOL RANGE	data	MAPPED	Feature-level semantic/dependency analysis required	NOT RUN	50404	-
repoints	120	arm9 sPokeathlonShop_Monday 0210FA08	False	arm9	sPokeathlonShop_Monday	0x0210FA08		POKEATHLON_SHOP_EXPANSION	0x0210FA08		_0210FA04	src/scrcmd_mart.c		DATA	main	0x0210FA04	SYMBOL RANGE	data	MAPPED	Feature-level semantic/dependency analysis required	NOT RUN	50404	-
repoints	121	arm9 sPokeathlonShop_Tuesday 0210FA0C	False	arm9	sPokeathlonShop_Tuesday	0x0210FA0C		POKEATHLON_SHOP_EXPANSION	0x0210FA0C		_0210FA04	src/scrcmd_mart.c		DATA	main	0x0210FA04	SYMBOL RANGE	data	MAPPED	Feature-level semantic/dependency analysis required	NOT RUN	50404	-
repoints	122	arm9 sPokeathlonShop_Wednesday 0210FA10	False	arm9	sPokeathlonShop_Wednesday	0x0210FA10		POKEATHLON_SHOP_EXPANSION	0x0210FA10		_0210FA04	src/scrcmd_mart.c		DATA	main	0x0210FA04	SYMBOL RANGE	data	MAPPED	Feature-level semantic/dependency analysis required	NOT RUN	50404	-
repoints	123	arm9 sPokeathlonShop_Thursday 0210FA14	False	arm9	sPokeathlonShop_Thursday	0x0210FA14		POKEATHLON_SHOP_EXPANSION	0x0210FA14		_0210FA04	src/scrcmd_mart.c		DATA	main	0x0210FA04	SYMBOL RANGE	data	MAPPED	Feature-level semantic/dependency analysis required	NOT RUN	50404	-
repoints	124	arm9 sPokeathlonShop_Friday 0210FA18	False	arm9	sPokeathlonShop_Friday	0x0210FA18		POKEATHLON_SHOP_EXPANSION	0x0210FA18		_0210FA04	src/scrcmd_mart.c		DATA	main	0x0210FA04	SYMBOL RANGE	data	MAPPED	Feature-level semantic/dependency analysis required	NOT RUN	50404	-
repoints	125	arm9 sPokeathlonShop_Saturday 0210FA1C	False	arm9	sPokeathlonShop_Saturday	0x0210FA1C		POKEATHLON_SHOP_EXPANSION	0x0210FA1C		_0210FA04	src/scrcmd_mart.c		DATA	main	0x0210FA04	SYMBOL RANGE	data	MAPPED	Feature-level semantic/dependency analysis required	NOT RUN	50404	-
repoints	126	arm9 sPokeathlonShop_NatdexSunday 0210FA20	False	arm9	sPokeathlonShop_NatdexSunday	0x0210FA20		POKEATHLON_SHOP_EXPANSION	0x0210FA20		_0210FA04	src/scrcmd_mart.c		DATA	main	0x0210FA04	SYMBOL RANGE	data	MAPPED	Feature-level semantic/dependency analysis required	NOT RUN	50404	-
repoints	127	arm9 sPokeathlonShop_NatdexMonday 0210FA24	False	arm9	sPokeathlonShop_NatdexMonday	0x0210FA24		POKEATHLON_SHOP_EXPANSION	0x0210FA24		_0210FA04	src/scrcmd_mart.c		DATA	main	0x0210FA04	SYMBOL RANGE	data	MAPPED	Feature-level semantic/dependency analysis required	NOT RUN	50404	-
repoints	128	arm9 sPokeathlonShop_NatdexTuesday 0210FA28	False	arm9	sPokeathlonShop_NatdexTuesday	0x0210FA28		POKEATHLON_SHOP_EXPANSION	0x0210FA28		_0210FA04	src/scrcmd_mart.c		DATA	main	0x0210FA04	SYMBOL RANGE	data	MAPPED	Feature-level semantic/dependency analysis required	NOT RUN	50404	-
repoints	129	arm9 sPokeathlonShop_NatdexWednesday 0210FA2C	False	arm9	sPokeathlonShop_NatdexWednesday	0x0210FA2C		POKEATHLON_SHOP_EXPANSION	0x0210FA2C		_0210FA04	src/scrcmd_mart.c		DATA	main	0x0210FA04	SYMBOL RANGE	data	MAPPED	Feature-level semantic/dependency analysis required	NOT RUN	50404	-
repoints	130	arm9 sPokeathlonShop_NatdexThursday 0210FA30	False	arm9	sPokeathlonShop_NatdexThursday	0x0210FA30		POKEATHLON_SHOP_EXPANSION	0x0210FA30		_0210FA04	src/scrcmd_mart.c		DATA	main	0x0210FA04	SYMBOL RANGE	data	MAPPED	Feature-level semantic/dependency analysis required	NOT RUN	50404	-
repoints	131	arm9 sPokeathlonShop_NatdexFriday 0210FA34	False	arm9	sPokeathlonShop_NatdexFriday	0x0210FA34		POKEATHLON_SHOP_EXPANSION	0x0210FA34		_0210FA04	src/scrcmd_mart.c		DATA	main	0x0210FA04	SYMBOL RANGE	data	MAPPED	Feature-level semantic/dependency analysis required	NOT RUN	50404	-
repoints	132	arm9 sPokeathlonShop_NatdexSaturday 0210FA38	False	arm9	sPokeathlonShop_NatdexSaturday	0x0210FA38		POKEATHLON_SHOP_EXPANSION	0x0210FA38		_0210FA04	src/scrcmd_mart.c		DATA	main	0x0210FA04	SYMBOL RANGE	data	MAPPED	Feature-level semantic/dependency analysis required	NOT RUN	50404	-
routinepointers	2	arm9 PokeListProc_End_Extend 081015A4	True	arm9	PokeListProc_End_Extend	0x081015A4			0x021015A4		gOverlayTemplate_PartyMenu	src/party_menu.c		DATA	main	0x0210159C	SYMBOL RANGE	data	MAPPED	Feature-level semantic/dependency analysis required	NOT RUN	49894	-
routinepointers	4	0012 Task_DistributeExp_Extend 0223E858	True	0012	Task_DistributeExp_Extend	0x0223E858			0x0223E858	src/battle/battle_script_commands.c:1310	BtlCmd_StartGetExpTask	src/battle/battle_command.c	1286	C	OVY_12	0x0223E81C	SYMBOL RANGE	executable logic	MAPPED	Feature-level semantic/dependency analysis required	NOT RUN	80730	-
routinepointers	6	0012 BGCallback_Waza_Extend 08037084	True	0012	BGCallback_Waza_Extend	0x08037084			0x0226E944	src/battle/battle_input.c:517	sBattleMenuTemplates	src/battle/battle_input.c		DATA	OVY_12	0x0226E70C	SYMBOL RANGE	data	MAPPED	Feature-level semantic/dependency analysis required	NOT RUN	85642	-
routinepointers	8	arm9 Script_RunNewCmd 080FB040	True	arm9	Script_RunNewCmd	0x080FB040			0x020FB040	src/script_new_cmds.c:12	gScriptCmdTable	src/scrcmd_c.c		DATA	main	0x020FAD00	SYMBOL RANGE	data	MAPPED	Feature-level semantic/dependency analysis required	NOT RUN	49565	-
routinepointers	10	0012 Task_PlayFaintingSequence_WithVictoryPose 0225ABB4	True	0012	Task_PlayFaintingSequence_WithVictoryPose	0x0225ABB4			0x0225ABB4	src/battle/battle_display.c:37	ov12_0225AAE0	asm/overlay_12_battle_controller_opponent.s	4545	ASM	OVY_12	0x0225AAE0	SYMBOL RANGE	executable logic	MAPPED	Feature-level semantic/dependency analysis required	NOT RUN	82562	-
