item,price,holdEffect,holdEffectParam,pluckEffect,flingEffect,flingPower,naturalGiftPower,naturalGiftType,prevent_toss,selectable,fieldPocket,battlePocket,fieldUseFunc,battleUseFunc,partyUse,slp_heal,psn_heal,brn_heal,frz_heal,prz_heal,cfs_heal,inf_heal,guard_spec,revive,revive_all,level_up,evolve,atk_stages,def_stages,spatk_stages,spdef_stages,speed_stages,accuracy_stages,critrate_stages,pp_up,pp_max,pp_restore,pp_restore_all,hp_restore,hp_ev_up,atk_ev_up,def_ev_up,speed_ev_up,spatk_ev_up,spdef_ev_up,friendship_mod_lo,friendship_mod_med,friendship_mod_hi,hp_ev_up_param,atk_ev_up_param,def_ev_up_param,speed_ev_up_param,spatk_ev_up_param,spdef_ev_up_param,hp_restore_param,pp_restore_param,friendship_mod_lo_param,friendship_mod_med_param,friendship_mod_hi_param,price_high,pricepad
ITEM_NONE,0,HOLD_EFFECT_NONE,0,0,0,0,0,TYPE_NORMAL,false,false,POCKET_ITEMS,0,0,0,0,false,false,false,false,false,false,false,false,false,false,false,false,0,0,0,0,0,0,0,false,false,false,false,false,false,false,false,false,false,false,false,false,false,0,0,0,0,0,0,0,0,0,0,0,0,0
ITEM_MASTER_BALL,0,HOLD_EFFECT_NONE,0,0,0,0,0,31,false,false,POCKET_BALLS,1,0,1,0,false,false,false,false,false,false,false,false,false,false,false,false,0,0,0,0,0,0,0,false,false,false,false,false,false,false,false,false,false,false,false,false,false,0,0,0,0,0,0,0,0,0,0,0,0,0
ITEM_ULTRA_BALL,800,HOLD_EFFECT_NONE,0,0,0,0,0,31,false,false,POCKET_BALLS,1,0,1,0,true,false,false,false,false,false,false,false,false,false,false,false,0,0,0,0,0,0,0,false,false,false,false,false,false,false,false,false,false,false,false,false,false,0,0,0,0,0,0,0,0,0,0,0,0,0
ITEM_GREAT_BALL,600,HOLD_EFFECT_NONE,0,0,0,0,0,31,false,false,POCKET_BALLS,1,0,1,0,false,true,false,false,false,false,false,false,false,false,false,false,0,0,0,0,0,0,0,false,false,false,false,false,false,false,false,false,false,false,false,false,false,0,0,0,0,0,0,0,0,0,0,0,0,0
ITEM_POKE_BALL,200,HOLD_EFFECT_NONE,0,0,0,0,0,31,false,false,POCKET_BALLS,1,0,1,0,true,true,false,false,false,false,false,false,false,false,false,false,0,0,0,0,0,0,0,false,false,false,false,false,false,false,false,false,false,false,false,false,false,0,0,0,0,0,0,0,0,0,0,0,0,0
ITEM_SAFARI_BALL,0,HOLD_EFFECT_NONE,0,0,0,0,0,31,false,false,POCKET_BALLS,1,0,1,0,false,false,true,false,false,false,false,false,false,false,false,false,0,0,0,0,0,0,0,false,false,false,false,false,false,false,false,false,false,false,false,false,false,0,0,0,0,0,0,0,0,0,0,0,0,0
ITEM_NET_BALL,1000,HOLD_EFFECT_NONE,0,0,0,0,0,31,false,false,POCKET_BALLS,1,0,1,0,true,false,true,false,false,false,false,false,false,false,false,false,0,0,0,0,0,0,0,false,false,false,false,false,false,false,false,false,false,false,false,false,false,0,0,0,0,0,0,0,0,0,0,0,0,0
ITEM_DIVE_BALL,1000,HOLD_EFFECT_NONE,0,0,0,0,0,31,false,false,POCKET_BALLS,1,0,1,0,false,true,true,false,false,false,false,false,false,false,false,false,0,0,0,0,0,0,0,false,false,false,false,false,false,false,false,false,false,false,false,false,false,0,0,0,0,0,0,0,0,0,0,0,0,0
ITEM_NEST_BALL,1000,HOLD_EFFECT_NONE,0,0,0,0,0,31,false,false,POCKET_BALLS,1,0,1,0,true,true,true,false,false,false,false,false,false,false,false,false,0,0,0,0,0,0,0,false,false,false,false,false,false,false,false,false,false,false,false,false,false,0,0,0,0,0,0,0,0,0,0,0,0,0
ITEM_REPEAT_BALL,1000,HOLD_EFFECT_NONE,0,0,0,0,0,31,false,false,POCKET_BALLS,1,0,1,0,false,false,false,true,false,false,false,false,false,false,false,false,0,0,0,0,0,0,0,false,false,false,false,false,false,false,false,false,false,false,false,false,false,0,0,0,0,0,0,0,0,0,0,0,0,0
ITEM_TIMER_BALL,1000,HOLD_EFFECT_NONE,0,0,0,0,0,31,false,false,POCKET_BALLS,1,0,1,0,true,false,false,true,false,false,false,false,false,false,false,false,0,0,0,0,0,0,0,false,false,false,false,false,false,false,false,false,false,false,false,false,false,0,0,0,0,0,0,0,0,0,0,0,0,0
ITEM_LUXURY_BALL,3000,HOLD_EFFECT_NONE,0,0,0,0,0,31,false,false,POCKET_BALLS,1,0,1,0,false,true,false,true,false,false,false,false,false,false,false,false,0,0,0,0,0,0,0,false,false,false,false,false,false,false,false,false,false,false,false,false,false,0,0,0,0,0,0,0,0,0,0,0,0,0
ITEM_PREMIER_BALL,20,HOLD_EFFECT_NONE,0,0,0,0,0,31,false,false,POCKET_BALLS,1,0,1,0,true,true,false,true,false,false,false,false,false,false,false,false,0,0,0,0,0,0,0,false,false,false,false,false,false,false,false,false,false,false,false,false,false,0,0,0,0,0,0,0,0,0,0,0,0,0
ITEM_DUSK_BALL,1000,HOLD_EFFECT_NONE,0,0,0,0,0,31,false,false,POCKET_BALLS,1,0,1,0,false,false,true,true,false,false,false,false,false,false,false,false,0,0,0,0,0,0,0,false,false,false,false,false,false,false,false,false,false,false,false,false,false,0,0,0,0,0,0,0,0,0,0,0,0,0
ITEM_HEAL_BALL,300,HOLD_EFFECT_NONE,0,0,0,0,0,31,false,false,POCKET_BALLS,1,0,1,0,true,false,true,true,false,false,false,false,false,false,false,false,0,0,0,0,0,0,0,false,false,false,false,false,false,false,false,false,false,false,false,false,false,0,0,0,0,0,0,0,0,0,0,0,0,0
ITEM_QUICK_BALL,1000,HOLD_EFFECT_NONE,0,0,0,0,0,31,false,false,POCKET_BALLS,1,0,1,0,false,true,true,true,false,false,false,false,false,false,false,false,0,0,0,0,0,0,0,false,false,false,false,false,false,false,false,false,false,false,false,false,false,0,0,0,0,0,0,0,0,0,0,0,0,0
ITEM_CHERISH_BALL,200,HOLD_EFFECT_NONE,0,0,0,0,0,31,false,false,POCKET_BALLS,1,0,1,0,true,true,true,true,false,false,false,false,false,false,false,false,0,0,0,0,0,0,0,false,false,false,false,false,false,false,false,false,false,false,false,false,false,0,0,0,0,0,0,0,0,0,0,0,0,0
ITEM_POTION,200,HOLD_EFFECT_NONE,20,0,0,30,0,31,false,false,POCKET_MEDICINE,4,1,2,1,false,false,false,false,false,false,false,false,false,false,false,false,0,0,0,0,0,0,0,false,false,false,false,true,false,false,false,false,false,false,false,false,false,0,0,0,0,0,0,20,0,0,0,0,0,0
ITEM_ANTIDOTE,200,HOLD_EFFECT_NONE,0,0,0,30,0,31,false,false,POCKET_MEDICINE,8,1,2,1,false,true,false,false,false,false,false,false,false,false,false,false,0,0,0,0,0,0,0,false,false,false,false,false,false,false,false,false,false,false,false,false,false,0,0,0,0,0,0,0,0,0,0,0,0,0
ITEM_BURN_HEAL,200,HOLD_EFFECT_NONE,0,0,0,30,0,31,false,false,POCKET_MEDICINE,8,1,2,1,false,false,true,false,false,false,false,false,false,false,false,false,0,0,0,0,0,0,0,false,false,false,false,false,false,false,false,false,false,false,false,false,false,0,0,0,0,0,0,0,0,0,0,0,0,0
ITEM_ICE_HEAL,200,HOLD_EFFECT_NONE,0,0,0,30,0,31,false,false,POCKET_MEDICINE,8,1,2,1,false,false,false,true,false,false,false,false,false,false,false,false,0,0,0,0,0,0,0,false,false,false,false,false,false,false,false,false,false,false,false,false,false,0,0,0,0,0,0,0,0,0,0,0,0,0
ITEM_AWAKENING,200,HOLD_EFFECT_NONE,0,0,0,30,0,31,false,false,POCKET_MEDICINE,8,1,2,1,true,false,false,false,false,false,false,false,false,false,false,false,0,0,0,0,0,0,0,false,false,false,false,false,false,false,false,false,false,false,false,false,false,0,0,0,0,0,0,0,0,0,0,0,0,0
ITEM_PARLYZ_HEAL,200,HOLD_EFFECT_NONE,0,0,0,30,0,31,false,false,POCKET_MEDICINE,8,1,2,1,false,false,false,false,true,false,false,false,false,false,false,false,0,0,0,0,0,0,0,false,false,false,false,false,false,false,false,false,false,false,false,false,false,0,0,0,0,0,0,0,0,0,0,0,0,0
ITEM_FULL_RESTORE,3000,HOLD_EFFECT_NONE,255,0,0,30,0,31,false,false,POCKET_MEDICINE,12,1,2,1,true,true,true,true,true,true,false,false,false,false,false,false,0,0,0,0,0,0,0,false,false,false,false,true,false,false,false,false,false,false,false,false,false,0,0,0,0,0,0,255,0,0,0,0,0,0
ITEM_MAX_POTION,2500,HOLD_EFFECT_NONE,255,0,0,30,0,31,false,false,POCKET_MEDICINE,4,1,2,1,false,false,false,false,false,false,false,false,false,false,false,false,0,0,0,0,0,0,0,false,false,false,false,true,false,false,false,false,false,false,false,false,false,0,0,0,0,0,0,255,0,0,0,0,0,0
ITEM_HYPER_POTION,1500,HOLD_EFFECT_NONE,200,0,0,30,0,31,false,false,POCKET_MEDICINE,4,1,2,1,false,false,false,false,false,false,false,false,false,false,false,false,0,0,0,0,0,0,0,false,false,false,false,true,false,false,false,false,false,false,false,false,false,0,0,0,0,0,0,200,0,0,0,0,0,0
ITEM_SUPER_POTION,700,HOLD_EFFECT_NONE,50,0,0,30,0,31,false,false,POCKET_MEDICINE,4,1,2,1,false,false,false,false,false,false,false,false,false,false,false,false,0,0,0,0,0,0,0,false,false,false,false,true,false,false,false,false,false,false,false,false,false,0,0,0,0,0,0,50,0,0,0,0,0,0
ITEM_FULL_HEAL,400,HOLD_EFFECT_NONE,0,0,0,30,0,31,false,false,POCKET_MEDICINE,8,1,2,1,true,true,true,true,true,true,false,false,false,false,false,false,0,0,0,0,0,0,0,false,false,false,false,false,false,false,false,false,false,false,false,false,false,0,0,0,0,0,0,0,0,0,0,0,0,0
ITEM_REVIVE,2000,HOLD_EFFECT_NONE,0,0,0,30,0,31,false,false,POCKET_MEDICINE,8,1,2,1,false,false,false,false,false,false,false,false,true,false,false,false,0,0,0,0,0,0,0,false,false,false,false,true,false,false,false,false,false,false,false,false,false,0,0,0,0,0,0,254,0,0,0,0,0,0
ITEM_MAX_REVIVE,4000,HOLD_EFFECT_NONE,0,0,0,30,0,31,false,false,POCKET_MEDICINE,8,1,2,1,false,false,false,false,false,false,false,false,true,false,false,false,0,0,0,0,0,0,0,false,false,false,false,true,false,false,false,false,false,false,false,false,false,0,0,0,0,0,0,255,0,0,0,0,0,0
ITEM_FRESH_WATER,200,HOLD_EFFECT_NONE,50,0,0,30,0,31,false,false,POCKET_MEDICINE,4,1,2,1,false,false,false,false,false,false,false,false,false,false,false,false,0,0,0,0,0,0,0,false,false,false,false,true,false,false,false,false,false,false,false,false,false,0,0,0,0,0,0,50,0,0,0,0,0,0
ITEM_SODA_POP,300,HOLD_EFFECT_NONE,60,0,0,30,0,31,false,false,POCKET_MEDICINE,4,1,2,1,false,false,false,false,false,false,false,false,false,false,false,false,0,0,0,0,0,0,0,false,false,false,false,true,false,false,false,false,false,false,false,false,false,0,0,0,0,0,0,60,0,0,0,0,0,0
ITEM_LEMONADE,400,HOLD_EFFECT_NONE,80,0,0,30,0,31,false,false,POCKET_MEDICINE,4,1,2,1,false,false,false,false,false,false,false,false,false,false,false,false,0,0,0,0,0,0,0,false,false,false,false,true,false,false,false,false,false,false,false,false,false,0,0,0,0,0,0,80,0,0,0,0,0,0
ITEM_MOOMOO_MILK,600,HOLD_EFFECT_NONE,100,0,0,30,0,31,false,false,POCKET_MEDICINE,4,1,2,1,false,false,false,false,false,false,false,false,false,false,false,false,0,0,0,0,0,0,0,false,false,false,false,true,false,false,false,false,false,false,false,false,false,0,0,0,0,0,0,100,0,0,0,0,0,0
ITEM_ENERGYPOWDER,500,HOLD_EFFECT_NONE,0,0,0,30,0,31,false,false,POCKET_MEDICINE,4,1,2,1,false,false,false,false,false,false,false,false,false,false,false,false,0,0,0,0,0,0,0,false,false,false,false,true,false,false,false,false,false,false,true,true,true,0,0,0,0,0,0,50,0,-5,-5,-10,0,0
ITEM_ENERGY_ROOT,1200,HOLD_EFFECT_NONE,0,0,0,30,0,31,false,false,POCKET_MEDICINE,4,1,2,1,false,false,false,false,false,false,false,false,false,false,false,false,0,0,0,0,0,0,0,false,false,false,false,true,false,false,false,false,false,false,true,true,true,0,0,0,0,0,0,200,0,-10,-10,-15,0,0
ITEM_HEAL_POWDER,300,HOLD_EFFECT_NONE,0,0,0,30,0,31,false,false,POCKET_MEDICINE,8,1,2,1,true,true,true,true,true,true,false,false,false,false,false,false,0,0,0,0,0,0,0,false,false,false,false,false,false,false,false,false,false,false,true,true,true,0,0,0,0,0,0,0,0,-5,-5,-10,0,0
ITEM_REVIVAL_HERB,2800,HOLD_EFFECT_NONE,0,0,0,30,0,31,false,false,POCKET_MEDICINE,8,1,2,1,false,false,false,false,false,false,false,false,true,false,false,false,0,0,0,0,0,0,0,false,false,false,false,true,false,false,false,false,false,false,true,true,true,0,0,0,0,0,0,255,0,-15,-15,-20,0,0
ITEM_ETHER,1200,HOLD_EFFECT_NONE,10,0,0,30,0,31,false,false,POCKET_MEDICINE,16,1,2,1,false,false,false,false,false,false,false,false,false,false,false,false,0,0,0,0,0,0,0,false,false,true,false,false,false,false,false,false,false,false,false,false,false,0,0,0,0,0,0,0,10,0,0,0,0,0
ITEM_MAX_ETHER,2000,HOLD_EFFECT_NONE,255,0,0,30,0,31,false,false,POCKET_MEDICINE,16,1,2,1,false,false,false,false,false,false,false,false,false,false,false,false,0,0,0,0,0,0,0,false,false,true,false,false,false,false,false,false,false,false,false,false,false,0,0,0,0,0,0,0,127,0,0,0,0,0
ITEM_ELIXIR,3000,HOLD_EFFECT_NONE,10,0,0,30,0,31,false,false,POCKET_MEDICINE,16,1,2,1,false,false,false,false,false,false,false,false,false,false,false,false,0,0,0,0,0,0,0,false,false,false,true,false,false,false,false,false,false,false,false,false,false,0,0,0,0,0,0,0,10,0,0,0,0,0
ITEM_MAX_ELIXIR,4500,HOLD_EFFECT_NONE,255,0,0,30,0,31,false,false,POCKET_MEDICINE,16,1,2,1,false,false,false,false,false,false,false,false,false,false,false,false,0,0,0,0,0,0,0,false,false,false,true,false,false,false,false,false,false,false,false,false,false,0,0,0,0,0,0,0,127,0,0,0,0,0
ITEM_LAVA_COOKIE,200,HOLD_EFFECT_NONE,0,0,0,30,0,31,false,false,POCKET_MEDICINE,8,1,2,1,true,true,true,true,true,true,false,false,false,false,false,false,0,0,0,0,0,0,0,false,false,false,false,false,false,false,false,false,false,false,false,false,false,0,0,0,0,0,0,0,0,0,0,0,0,0
ITEM_BERRY_JUICE,100,HOLD_EFFECT_HP_RESTORE,20,0,0,30,0,31,false,false,POCKET_MEDICINE,4,1,2,1,false,false,false,false,false,false,false,false,false,false,false,false,0,0,0,0,0,0,0,false,false,false,false,true,false,false,false,false,false,false,false,false,false,0,0,0,0,0,0,20,0,0,0,0,0,0
ITEM_SACRED_ASH,200,HOLD_EFFECT_NONE,0,0,0,30,0,31,false,false,POCKET_MEDICINE,0,1,0,1,false,false,false,false,false,false,false,false,true,true,false,false,0,0,0,0,0,0,0,false,false,false,false,true,false,false,false,false,false,false,false,false,false,0,0,0,0,0,0,255,0,0,0,0,0,0
ITEM_HP_UP,10000,HOLD_EFFECT_NONE,0,0,0,30,0,31,false,false,POCKET_MEDICINE,0,1,0,1,false,false,false,false,false,false,false,false,false,false,false,false,0,0,0,0,0,0,0,false,false,false,false,false,true,false,false,false,false,false,true,true,true,10,0,0,0,0,0,0,0,5,3,2,0,0
ITEM_PROTEIN,10000,HOLD_EFFECT_NONE,0,0,0,30,0,31,false,false,POCKET_MEDICINE,0,1,0,1,false,false,false,false,false,false,false,false,false,false,false,false,0,0,0,0,0,0,0,false,false,false,false,false,false,true,false,false,false,false,true,true,true,0,10,0,0,0,0,0,0,5,3,2,0,0
ITEM_IRON,10000,HOLD_EFFECT_NONE,0,0,0,30,0,31,false,false,POCKET_MEDICINE,0,1,0,1,false,false,false,false,false,false,false,false,false,false,false,false,0,0,0,0,0,0,0,false,false,false,false,false,false,false,true,false,false,false,true,true,true,0,0,10,0,0,0,0,0,5,3,2,0,0
ITEM_CARBOS,10000,HOLD_EFFECT_NONE,0,0,0,30,0,31,false,false,POCKET_MEDICINE,0,1,0,1,false,false,false,false,false,false,false,false,false,false,false,false,0,0,0,0,0,0,0,false,false,false,false,false,false,false,false,true,false,false,true,true,true,0,0,0,10,0,0,0,0,5,3,2,0,0
ITEM_CALCIUM,10000,HOLD_EFFECT_NONE,0,0,0,30,0,31,false,false,POCKET_MEDICINE,0,1,0,1,false,false,false,false,false,false,false,false,false,false,false,false,0,0,0,0,0,0,0,false,false,false,false,false,false,false,false,false,true,false,true,true,true,0,0,0,0,10,0,0,0,5,3,2,0,0
ITEM_RARE_CANDY,10000,HOLD_EFFECT_NONE,0,0,0,30,0,31,false,false,POCKET_MEDICINE,0,1,0,1,false,false,false,false,false,false,false,false,true,false,true,false,0,0,0,0,0,0,0,false,false,false,false,false,false,false,false,false,false,false,true,true,true,0,0,0,0,0,0,0,0,5,3,2,0,0
ITEM_PP_UP,10000,HOLD_EFFECT_NONE,0,0,0,30,0,31,false,false,POCKET_MEDICINE,0,1,0,1,false,false,false,false,false,false,false,false,false,false,false,false,0,0,0,0,0,0,0,true,false,false,false,false,false,false,false,false,false,false,true,true,true,0,0,0,0,0,0,0,0,5,3,2,0,0
ITEM_ZINC,10000,HOLD_EFFECT_NONE,0,0,0,30,0,31,false,false,POCKET_MEDICINE,0,1,0,1,false,false,false,false,false,false,false,false,false,false,false,false,0,0,0,0,0,0,0,false,false,false,false,false,false,false,false,false,false,true,true,true,true,0,0,0,0,0,10,0,0,5,3,2,0,0
ITEM_PP_MAX,10000,HOLD_EFFECT_NONE,0,0,0,30,0,31,false,false,POCKET_MEDICINE,0,1,0,1,false,false,false,false,false,false,false,false,false,false,false,false,0,0,0,0,0,0,0,false,true,false,false,false,false,false,false,false,false,false,true,true,true,0,0,0,0,0,0,0,0,5,3,2,0,0
ITEM_OLD_GATEAU,200,HOLD_EFFECT_NONE,0,0,0,30,0,31,false,false,POCKET_MEDICINE,8,1,2,1,true,true,true,true,true,true,false,false,false,false,false,false,0,0,0,0,0,0,0,false,false,false,false,false,false,false,false,false,false,false,false,false,false,0,0,0,0,0,0,0,0,0,0,0,0,0
ITEM_GUARD_SPEC_,1500,HOLD_EFFECT_NONE,0,0,0,30,0,31,false,false,POCKET_BATTLE_ITEMS,2,0,0,1,false,false,false,false,false,false,false,true,false,false,false,false,0,0,0,0,0,0,0,false,false,false,false,false,false,false,false,false,false,false,true,true,false,0,0,0,0,0,0,0,0,1,1,0,0,0
ITEM_DIRE_HIT,1000,HOLD_EFFECT_NONE,0,0,0,30,0,31,false,false,POCKET_BATTLE_ITEMS,2,0,0,1,false,false,false,false,false,false,false,false,false,false,false,false,0,0,0,0,0,0,1,false,false,false,false,false,false,false,false,false,false,false,true,true,false,0,0,0,0,0,0,0,0,1,1,0,0,0
ITEM_X_ATTACK,1000,HOLD_EFFECT_NONE,0,0,0,30,0,31,false,false,POCKET_BATTLE_ITEMS,2,0,0,1,false,false,false,false,false,false,false,false,false,false,false,false,1,0,0,0,0,0,0,false,false,false,false,false,false,false,false,false,false,false,true,true,false,0,0,0,0,0,0,0,0,1,1,0,0,0
ITEM_X_DEFENSE,2000,HOLD_EFFECT_NONE,0,0,0,30,0,31,false,false,POCKET_BATTLE_ITEMS,2,0,0,1,false,false,false,false,false,false,false,false,false,false,false,false,0,1,0,0,0,0,0,false,false,false,false,false,false,false,false,false,false,false,true,true,false,0,0,0,0,0,0,0,0,1,1,0,0,0
ITEM_X_SPEED,1000,HOLD_EFFECT_NONE,0,0,0,30,0,31,false,false,POCKET_BATTLE_ITEMS,2,0,0,1,false,false,false,false,false,false,false,false,false,false,false,false,0,0,0,0,1,0,0,false,false,false,false,false,false,false,false,false,false,false,true,true,false,0,0,0,0,0,0,0,0,1,1,0,0,0
ITEM_X_ACCURACY,1000,HOLD_EFFECT_NONE,0,0,0,30,0,31,false,false,POCKET_BATTLE_ITEMS,2,0,0,1,false,false,false,false,false,false,false,false,false,false,false,false,0,0,0,0,0,1,0,false,false,false,false,false,false,false,false,false,false,false,true,true,false,0,0,0,0,0,0,0,0,1,1,0,0,0
ITEM_X_SPECIAL,1000,HOLD_EFFECT_NONE,0,0,0,30,0,31,false,false,POCKET_BATTLE_ITEMS,2,0,0,1,false,false,false,false,false,false,false,false,false,false,false,false,0,0,1,0,0,0,0,false,false,false,false,false,false,false,false,false,false,false,true,true,false,0,0,0,0,0,0,0,0,1,1,0,0,0
ITEM_X_SP__DEF,2000,HOLD_EFFECT_NONE,0,0,0,30,0,31,false,false,POCKET_BATTLE_ITEMS,2,0,0,1,false,false,false,false,false,false,false,false,false,false,false,false,0,0,0,1,0,0,0,false,false,false,false,false,false,false,false,false,false,false,true,true,false,0,0,0,0,0,0,0,0,1,1,0,0,0
ITEM_POKE_DOLL,300,HOLD_EFFECT_NONE,0,0,0,30,0,31,false,false,POCKET_BATTLE_ITEMS,2,0,3,1,false,false,false,false,false,false,false,false,false,false,false,false,0,0,0,0,0,0,0,false,false,false,false,false,false,false,false,false,false,false,false,false,false,0,0,0,0,0,0,0,0,0,0,0,0,0
ITEM_FLUFFY_TAIL,1000,HOLD_EFFECT_NONE,0,0,0,30,0,31,false,false,POCKET_BATTLE_ITEMS,2,0,3,1,false,false,false,false,false,false,false,false,false,false,false,false,0,0,0,0,0,0,0,false,false,false,false,false,false,false,false,false,false,false,false,false,false,0,0,0,0,0,0,0,0,0,0,0,0,0
ITEM_BLUE_FLUTE,100,HOLD_EFFECT_NONE,0,0,0,30,0,31,false,false,POCKET_BATTLE_ITEMS,8,0,0,1,true,false,false,false,false,false,false,false,false,false,false,false,0,0,0,0,0,0,0,false,false,false,false,false,false,false,false,false,false,false,false,false,false,0,0,0,0,0,0,0,0,0,0,0,0,0
ITEM_YELLOW_FLUTE,200,HOLD_EFFECT_NONE,0,0,0,30,0,31,false,false,POCKET_BATTLE_ITEMS,8,0,0,1,false,false,false,false,false,true,false,false,false,false,false,false,0,0,0,0,0,0,0,false,false,false,false,false,false,false,false,false,false,false,false,false,false,0,0,0,0,0,0,0,0,0,0,0,0,0
ITEM_RED_FLUTE,300,HOLD_EFFECT_NONE,0,0,0,30,0,31,false,false,POCKET_BATTLE_ITEMS,8,0,0,1,false,false,false,false,false,false,true,false,false,false,false,false,0,0,0,0,0,0,0,false,false,false,false,false,false,false,false,false,false,false,false,false,false,0,0,0,0,0,0,0,0,0,0,0,0,0
ITEM_BLACK_FLUTE,400,HOLD_EFFECT_NONE,50,0,0,30,0,31,false,false,POCKET_ITEMS,0,19,0,1,false,false,false,false,false,false,false,false,false,false,false,false,0,0,0,0,0,0,0,false,false,false,false,false,false,false,false,false,false,false,false,false,false,0,0,0,0,0,0,0,0,0,0,0,0,0
ITEM_WHITE_FLUTE,500,HOLD_EFFECT_NONE,150,0,0,30,0,31,false,false,POCKET_ITEMS,0,19,0,1,false,false,false,false,false,false,false,false,false,false,false,false,0,0,0,0,0,0,0,false,false,false,false,false,false,false,false,false,false,false,false,false,false,0,0,0,0,0,0,0,0,0,0,0,0,0
ITEM_SHOAL_SALT,20,HOLD_EFFECT_NONE,0,0,0,30,0,31,false,false,POCKET_ITEMS,0,0,0,1,false,false,false,false,false,false,false,false,false,false,false,false,0,0,0,0,0,0,0,false,false,false,false,false,false,false,false,false,false,false,false,false,false,0,0,0,0,0,0,0,0,0,0,0,0,0
ITEM_SHOAL_SHELL,20,HOLD_EFFECT_NONE,0,0,0,30,0,31,false,false,POCKET_ITEMS,0,0,0,1,false,false,false,false,false,false,false,false,false,false,false,false,0,0,0,0,0,0,0,false,false,false,false,false,false,false,false,false,false,false,false,false,false,0,0,0,0,0,0,0,0,0,0,0,0,0
ITEM_RED_SHARD,200,HOLD_EFFECT_NONE,0,0,0,30,0,31,false,false,POCKET_ITEMS,0,0,0,1,false,false,false,false,false,false,false,false,false,false,false,false,0,0,0,0,0,0,0,false,false,false,false,false,false,false,false,false,false,false,false,false,false,0,0,0,0,0,0,0,0,0,0,0,0,0
ITEM_BLUE_SHARD,200,HOLD_EFFECT_NONE,0,0,0,30,0,31,false,false,POCKET_ITEMS,0,0,0,1,false,false,false,false,false,false,false,false,false,false,false,false,0,0,0,0,0,0,0,false,false,false,false,false,false,false,false,false,false,false,false,false,false,0,0,0,0,0,0,0,0,0,0,0,0,0
ITEM_YELLOW_SHARD,200,HOLD_EFFECT_NONE,0,0,0,30,0,31,false,false,POCKET_ITEMS,0,0,0,1,false,false,false,false,false,false,false,false,false,false,false,false,0,0,0,0,0,0,0,false,false,false,false,false,false,false,false,false,false,false,false,false,false,0,0,0,0,0,0,0,0,0,0,0,0,0
ITEM_GREEN_SHARD,200,HOLD_EFFECT_NONE,0,0,0,30,0,31,false,false,POCKET_ITEMS,0,0,0,1,false,false,false,false,false,false,false,false,false,false,false,false,0,0,0,0,0,0,0,false,false,false,false,false,false,false,false,false,false,false,false,false,false,0,0,0,0,0,0,0,0,0,0,0,0,0
ITEM_SUPER_REPEL,500,HOLD_EFFECT_NONE,200,0,0,30,0,31,false,false,POCKET_ITEMS,0,19,0,1,false,false,false,false,false,false,false,false,false,false,false,false,0,0,0,0,0,0,0,false,false,false,false,false,false,false,false,false,false,false,false,false,false,0,0,0,0,0,0,0,0,0,0,0,0,0
ITEM_MAX_REPEL,700,HOLD_EFFECT_NONE,250,0,0,30,0,31,false,false,POCKET_ITEMS,0,19,0,1,false,false,false,false,false,false,false,false,false,false,false,false,0,0,0,0,0,0,0,false,false,false,false,false,false,false,false,false,false,false,false,false,false,0,0,0,0,0,0,0,0,0,0,0,0,0
ITEM_ESCAPE_ROPE,550,HOLD_EFFECT_NONE,0,0,0,30,0,31,false,false,POCKET_ITEMS,0,21,0,1,false,false,false,false,false,false,false,false,false,false,false,false,0,0,0,0,0,0,0,false,false,false,false,false,false,false,false,false,false,false,false,false,false,0,0,0,0,0,0,0,0,0,0,0,0,0
ITEM_REPEL,350,HOLD_EFFECT_NONE,100,0,0,30,0,31,false,false,POCKET_ITEMS,0,19,0,1,false,false,false,false,false,false,false,false,false,false,false,false,0,0,0,0,0,0,0,false,false,false,false,false,false,false,false,false,false,false,false,false,false,0,0,0,0,0,0,0,0,0,0,0,0,0
ITEM_SUN_STONE,3000,HOLD_EFFECT_NONE,0,0,0,30,0,31,false,false,POCKET_ITEMS,0,20,0,1,false,false,false,false,false,false,false,false,false,false,false,true,0,0,0,0,0,0,0,false,false,false,false,false,false,false,false,false,false,false,false,false,false,0,0,0,0,0,0,0,0,0,0,0,0,0
ITEM_MOON_STONE,3000,HOLD_EFFECT_NONE,0,0,0,30,0,31,false,false,POCKET_ITEMS,0,20,0,1,false,false,false,false,false,false,false,false,false,false,false,true,0,0,0,0,0,0,0,false,false,false,false,false,false,false,false,false,false,false,false,false,false,0,0,0,0,0,0,0,0,0,0,0,0,0
ITEM_FIRE_STONE,3000,HOLD_EFFECT_NONE,0,0,0,30,0,31,false,false,POCKET_ITEMS,0,20,0,1,false,false,false,false,false,false,false,false,false,false,false,true,0,0,0,0,0,0,0,false,false,false,false,false,false,false,false,false,false,false,false,false,false,0,0,0,0,0,0,0,0,0,0,0,0,0
ITEM_THUNDERSTONE,3000,HOLD_EFFECT_NONE,0,0,0,30,0,31,false,false,POCKET_ITEMS,0,20,0,1,false,false,false,false,false,false,false,false,false,false,false,true,0,0,0,0,0,0,0,false,false,false,false,false,false,false,false,false,false,false,false,false,false,0,0,0,0,0,0,0,0,0,0,0,0,0
ITEM_WATER_STONE,3000,HOLD_EFFECT_NONE,0,0,0,30,0,31,false,false,POCKET_ITEMS,0,20,0,1,false,false,false,false,false,false,false,false,false,false,false,true,0,0,0,0,0,0,0,false,false,false,false,false,false,false,false,false,false,false,false,false,false,0,0,0,0,0,0,0,0,0,0,0,0,0
ITEM_LEAF_STONE,3000,HOLD_EFFECT_NONE,0,0,0,30,0,31,false,false,POCKET_ITEMS,0,20,0,1,false,false,false,false,false,false,false,false,false,false,false,true,0,0,0,0,0,0,0,false,false,false,false,false,false,false,false,false,false,false,false,false,false,0,0,0,0,0,0,0,0,0,0,0,0,0
ITEM_TINYMUSHROOM,1000,HOLD_EFFECT_NONE,0,0,0,30,0,31,false,false,POCKET_ITEMS,0,0,0,1,false,false,false,false,false,false,false,false,false,false,false,false,0,0,0,0,0,0,0,false,false,false,false,false,false,false,false,false,false,false,false,false,false,0,0,0,0,0,0,0,0,0,0,0,0,0
ITEM_BIG_MUSHROOM,10000,HOLD_EFFECT_NONE,0,0,0,30,0,31,false,false,POCKET_ITEMS,0,0,0,1,false,false,false,false,false,false,false,false,false,false,false,false,0,0,0,0,0,0,0,false,false,false,false,false,false,false,false,false,false,false,false,false,false,0,0,0,0,0,0,0,0,0,0,0,0,0
ITEM_PEARL,4000,HOLD_EFFECT_NONE,0,0,0,30,0,31,false,false,POCKET_ITEMS,0,0,0,1,false,false,false,false,false,false,false,false,false,false,false,false,0,0,0,0,0,0,0,false,false,false,false,false,false,false,false,false,false,false,false,false,false,0,0,0,0,0,0,0,0,0,0,0,0,0
ITEM_BIG_PEARL,16000,HOLD_EFFECT_NONE,0,0,0,30,0,31,false,false,POCKET_ITEMS,0,0,0,1,false,false,false,false,false,false,false,false,false,false,false,false,0,0,0,0,0,0,0,false,false,false,false,false,false,false,false,false,false,false,false,false,false,0,0,0,0,0,0,0,0,0,0,0,0,0
ITEM_STARDUST,6000,HOLD_EFFECT_NONE,0,0,0,30,0,31,false,false,POCKET_ITEMS,0,0,0,1,false,false,false,false,false,false,false,false,false,false,false,false,0,0,0,0,0,0,0,false,false,false,false,false,false,false,false,false,false,false,false,false,false,0,0,0,0,0,0,0,0,0,0,0,0,0
ITEM_STAR_PIECE,24000,HOLD_EFFECT_NONE,0,0,0,30,0,31,false,false,POCKET_ITEMS,0,0,0,1,false,false,false,false,false,false,false,false,false,false,false,false,0,0,0,0,0,0,0,false,false,false,false,false,false,false,false,false,false,false,false,false,false,0,0,0,0,0,0,0,0,0,0,0,0,0
ITEM_NUGGET,20000,HOLD_EFFECT_NONE,0,0,0,30,0,31,false,false,POCKET_ITEMS,0,0,0,1,false,false,false,false,false,false,false,false,false,false,false,false,0,0,0,0,0,0,0,false,false,false,false,false,false,false,false,false,false,false,false,false,false,0,0,0,0,0,0,0,0,0,0,0,0,0
ITEM_HEART_SCALE,100,HOLD_EFFECT_NONE,0,0,0,30,0,31,false,false,POCKET_ITEMS,0,0,0,1,false,false,false,false,false,false,false,false,false,false,false,false,0,0,0,0,0,0,0,false,false,false,false,false,false,false,false,false,false,false,false,false,false,0,0,0,0,0,0,0,0,0,0,0,0,0
ITEM_HONEY,900,HOLD_EFFECT_NONE,0,0,0,30,0,31,false,false,POCKET_ITEMS,0,14,0,1,false,false,false,false,false,false,false,false,false,false,false,false,0,0,0,0,0,0,0,false,false,false,false,false,false,false,false,false,false,false,false,false,false,0,0,0,0,0,0,0,0,0,0,0,0,0
ITEM_GROWTH_MULCH,200,HOLD_EFFECT_NONE,0,0,0,30,0,31,false,false,POCKET_ITEMS,0,0,0,1,false,false,false,false,false,false,false,false,false,false,false,false,0,0,0,0,0,0,0,false,false,false,false,false,false,false,false,false,false,false,false,false,false,0,0,0,0,0,0,0,0,0,0,0,0,0
ITEM_DAMP_MULCH,200,HOLD_EFFECT_NONE,0,0,0,30,0,31,false,false,POCKET_ITEMS,0,0,0,1,false,false,false,false,false,false,false,false,false,false,false,false,0,0,0,0,0,0,0,false,false,false,false,false,false,false,false,false,false,false,false,false,false,0,0,0,0,0,0,0,0,0,0,0,0,0
ITEM_STABLE_MULCH,200,HOLD_EFFECT_NONE,0,0,0,30,0,31,false,false,POCKET_ITEMS,0,0,0,1,false,false,false,false,false,false,false,false,false,false,false,false,0,0,0,0,0,0,0,false,false,false,false,false,false,false,false,false,false,false,false,false,false,0,0,0,0,0,0,0,0,0,0,0,0,0
ITEM_GOOEY_MULCH,200,HOLD_EFFECT_NONE,0,0,0,30,0,31,false,false,POCKET_ITEMS,0,0,0,1,false,false,false,false,false,false,false,false,false,false,false,false,0,0,0,0,0,0,0,false,false,false,false,false,false,false,false,false,false,false,false,false,false,0,0,0,0,0,0,0,0,0,0,0,0,0
ITEM_ROOT_FOSSIL,1000,HOLD_EFFECT_NONE,0,0,0,100,0,31,false,false,POCKET_ITEMS,0,0,0,1,false,false,false,false,false,false,false,false,false,false,false,false,0,0,0,0,0,0,0,false,false,false,false,false,false,false,false,false,false,false,false,false,false,0,0,0,0,0,0,0,0,0,0,0,0,0
ITEM_CLAW_FOSSIL,1000,HOLD_EFFECT_NONE,0,0,0,100,0,31,false,false,POCKET_ITEMS,0,0,0,1,false,false,false,false,false,false,false,false,false,false,false,false,0,0,0,0,0,0,0,false,false,false,false,false,false,false,false,false,false,false,false,false,false,0,0,0,0,0,0,0,0,0,0,0,0,0
ITEM_HELIX_FOSSIL,1000,HOLD_EFFECT_NONE,0,0,0,100,0,31,false,false,POCKET_ITEMS,0,0,0,1,false,false,false,false,false,false,false,false,false,false,false,false,0,0,0,0,0,0,0,false,false,false,false,false,false,false,false,false,false,false,false,false,false,0,0,0,0,0,0,0,0,0,0,0,0,0
ITEM_DOME_FOSSIL,1000,HOLD_EFFECT_NONE,0,0,0,100,0,31,false,false,POCKET_ITEMS,0,0,0,1,false,false,false,false,false,false,false,false,false,false,false,false,0,0,0,0,0,0,0,false,false,false,false,false,false,false,false,false,false,false,false,false,false,0,0,0,0,0,0,0,0,0,0,0,0,0
ITEM_OLD_AMBER,1000,HOLD_EFFECT_NONE,0,0,0,100,0,31,false,false,POCKET_ITEMS,0,0,0,1,false,false,false,false,false,false,false,false,false,false,false,false,0,0,0,0,0,0,0,false,false,false,false,false,false,false,false,false,false,false,false,false,false,0,0,0,0,0,0,0,0,0,0,0,0,0
ITEM_ARMOR_FOSSIL,1000,HOLD_EFFECT_NONE,0,0,0,100,0,31,false,false,POCKET_ITEMS,0,0,0,1,false,false,false,false,false,false,false,false,false,false,false,false,0,0,0,0,0,0,0,false,false,false,false,false,false,false,false,false,false,false,false,false,false,0,0,0,0,0,0,0,0,0,0,0,0,0
ITEM_SKULL_FOSSIL,1000,HOLD_EFFECT_NONE,0,0,0,100,0,31,false,false,POCKET_ITEMS,0,0,0,1,false,false,false,false,false,false,false,false,false,false,false,false,0,0,0,0,0,0,0,false,false,false,false,false,false,false,false,false,false,false,false,false,false,0,0,0,0,0,0,0,0,0,0,0,0,0
ITEM_RARE_BONE,10000,HOLD_EFFECT_NONE,0,0,0,100,0,31,false,false,POCKET_ITEMS,0,0,0,1,false,false,false,false,false,false,false,false,false,false,false,false,0,0,0,0,0,0,0,false,false,false,false,false,false,false,false,false,false,false,false,false,false,0,0,0,0,0,0,0,0,0,0,0,0,0
ITEM_SHINY_STONE,3000,HOLD_EFFECT_NONE,0,0,0,80,0,31,false,false,POCKET_ITEMS,0,20,0,1,false,false,false,false,false,false,false,false,false,false,false,true,0,0,0,0,0,0,0,false,false,false,false,false,false,false,false,false,false,false,false,false,false,0,0,0,0,0,0,0,0,0,0,0,0,0
ITEM_DUSK_STONE,3000,HOLD_EFFECT_NONE,0,0,0,80,0,31,false,false,POCKET_ITEMS,0,20,0,1,false,false,false,false,false,false,false,false,false,false,false,true,0,0,0,0,0,0,0,false,false,false,false,false,false,false,false,false,false,false,false,false,false,0,0,0,0,0,0,0,0,0,0,0,0,0
ITEM_DAWN_STONE,3000,HOLD_EFFECT_NONE,0,0,0,80,0,31,false,false,POCKET_ITEMS,0,20,0,1,false,false,false,false,false,false,false,false,false,false,false,true,0,0,0,0,0,0,0,false,false,false,false,false,false,false,false,false,false,false,false,false,false,0,0,0,0,0,0,0,0,0,0,0,0,0
ITEM_OVAL_STONE,2000,HOLD_EFFECT_NONE,0,0,0,80,0,31,false,false,POCKET_ITEMS,0,20,0,1,false,false,false,false,false,false,false,false,false,false,false,true,0,0,0,0,0,0,0,false,false,false,false,false,false,false,false,false,false,false,false,false,false,0,0,0,0,0,0,0,0,0,0,0,0,0
ITEM_ODD_KEYSTONE,2100,HOLD_EFFECT_NONE,0,0,0,80,0,31,false,false,POCKET_ITEMS,0,0,0,1,false,false,false,false,false,false,false,false,false,false,false,false,0,0,0,0,0,0,0,false,false,false,false,false,false,false,false,false,false,false,false,false,false,0,0,0,0,0,0,0,0,0,0,0,0,0
ITEM_GRISEOUS_ORB,10000,HOLD_EFFECT_GIRATINA_BOOST,20,0,0,60,0,31,false,false,POCKET_ITEMS,0,0,0,0,false,false,false,false,false,false,false,false,false,false,false,false,0,0,0,0,0,0,0,false,false,false,false,false,false,false,false,false,false,false,false,false,false,0,0,0,0,0,0,0,0,0,0,0,0,0
ITEM_ADAMANT_ORB,10000,HOLD_EFFECT_DIALGA_BOOST,20,0,0,60,0,31,false,false,POCKET_ITEMS,0,0,0,0,false,false,false,false,false,false,false,false,false,false,false,false,0,0,0,0,0,0,0,false,false,false,false,false,false,false,false,false,false,false,false,false,false,0,0,0,0,0,0,0,0,0,0,0,0,0
ITEM_LUSTROUS_ORB,10000,HOLD_EFFECT_PALKIA_BOOST,20,0,0,60,0,31,false,false,POCKET_ITEMS,0,0,0,0,false,false,false,false,false,false,false,false,false,false,false,false,0,0,0,0,0,0,0,false,false,false,false,false,false,false,false,false,false,false,false,false,false,0,0,0,0,0,0,0,0,0,0,0,0,0
ITEM_GRASS_MAIL,50,HOLD_EFFECT_NONE,0,0,0,0,0,31,false,false,POCKET_MAIL,0,7,0,0,false,false,false,false,false,false,false,false,false,false,false,false,0,0,0,0,0,0,0,false,false,false,false,false,false,false,false,false,false,false,false,false,false,0,0,0,0,0,0,0,0,0,0,0,0,0
ITEM_FLAME_MAIL,50,HOLD_EFFECT_NONE,0,0,0,0,0,31,false,false,POCKET_MAIL,0,7,0,0,true,false,false,false,false,false,false,false,false,false,false,false,0,0,0,0,0,0,0,false,false,false,false,false,false,false,false,false,false,false,false,false,false,0,0,0,0,0,0,0,0,0,0,0,0,0
ITEM_BUBBLE_MAIL,50,HOLD_EFFECT_NONE,0,0,0,0,0,31,false,false,POCKET_MAIL,0,7,0,0,false,true,false,false,false,false,false,false,false,false,false,false,0,0,0,0,0,0,0,false,false,false,false,false,false,false,false,false,false,false,false,false,false,0,0,0,0,0,0,0,0,0,0,0,0,0
ITEM_BLOOM_MAIL,50,HOLD_EFFECT_NONE,0,0,0,0,0,31,false,false,POCKET_MAIL,0,7,0,0,true,true,false,false,false,false,false,false,false,false,false,false,0,0,0,0,0,0,0,false,false,false,false,false,false,false,false,false,false,false,false,false,false,0,0,0,0,0,0,0,0,0,0,0,0,0
ITEM_TUNNEL_MAIL,50,HOLD_EFFECT_NONE,0,0,0,0,0,31,false,false,POCKET_MAIL,0,7,0,0,false,false,true,false,false,false,false,false,false,false,false,false,0,0,0,0,0,0,0,false,false,false,false,false,false,false,false,false,false,false,false,false,false,0,0,0,0,0,0,0,0,0,0,0,0,0
ITEM_STEEL_MAIL,50,HOLD_EFFECT_NONE,0,0,0,0,0,31,false,false,POCKET_MAIL,0,7,0,0,true,false,true,false,false,false,false,false,false,false,false,false,0,0,0,0,0,0,0,false,false,false,false,false,false,false,false,false,false,false,false,false,false,0,0,0,0,0,0,0,0,0,0,0,0,0
ITEM_HEART_MAIL,50,HOLD_EFFECT_NONE,0,0,0,0,0,31,false,false,POCKET_MAIL,0,7,0,0,false,true,true,false,false,false,false,false,false,false,false,false,0,0,0,0,0,0,0,false,false,false,false,false,false,false,false,false,false,false,false,false,false,0,0,0,0,0,0,0,0,0,0,0,0,0
ITEM_SNOW_MAIL,50,HOLD_EFFECT_NONE,0,0,0,0,0,31,false,false,POCKET_MAIL,0,7,0,0,true,true,true,false,false,false,false,false,false,false,false,false,0,0,0,0,0,0,0,false,false,false,false,false,false,false,false,false,false,false,false,false,false,0,0,0,0,0,0,0,0,0,0,0,0,0
ITEM_SPACE_MAIL,50,HOLD_EFFECT_NONE,0,0,0,0,0,31,false,false,POCKET_MAIL,0,7,0,0,false,false,false,true,false,false,false,false,false,false,false,false,0,0,0,0,0,0,0,false,false,false,false,false,false,false,false,false,false,false,false,false,false,0,0,0,0,0,0,0,0,0,0,0,0,0
ITEM_AIR_MAIL,50,HOLD_EFFECT_NONE,0,0,0,0,0,31,false,false,POCKET_MAIL,0,7,0,0,true,false,false,true,false,false,false,false,false,false,false,false,0,0,0,0,0,0,0,false,false,false,false,false,false,false,false,false,false,false,false,false,false,0,0,0,0,0,0,0,0,0,0,0,0,0
ITEM_MOSAIC_MAIL,50,HOLD_EFFECT_NONE,0,0,0,0,0,31,false,false,POCKET_MAIL,0,7,0,0,false,true,false,true,false,false,false,false,false,false,false,false,0,0,0,0,0,0,0,false,false,false,false,false,false,false,false,false,false,false,false,false,false,0,0,0,0,0,0,0,0,0,0,0,0,0
ITEM_BRICK_MAIL,50,HOLD_EFFECT_NONE,0,0,0,0,0,31,false,false,POCKET_MAIL,0,7,0,0,true,true,false,true,false,false,false,false,false,false,false,false,0,0,0,0,0,0,0,false,false,false,false,false,false,false,false,false,false,false,false,false,false,0,0,0,0,0,0,0,0,0,0,0,0,0
ITEM_CHERI_BERRY,80,HOLD_EFFECT_PRZ_RESTORE,0,1,1,10,80,TYPE_FIRE,false,false,POCKET_BERRIES,8,8,0,1,false,false,false,false,true,false,false,false,false,false,false,false,0,0,0,0,0,0,0,false,false,false,false,false,false,false,false,false,false,false,false,false,false,0,0,0,0,0,0,0,0,0,0,0,0,0
ITEM_CHESTO_BERRY,80,HOLD_EFFECT_SLP_RESTORE,0,2,2,10,80,TYPE_WATER,false,false,POCKET_BERRIES,8,8,0,1,true,false,false,false,false,false,false,false,false,false,false,false,0,0,0,0,0,0,0,false,false,false,false,false,false,false,false,false,false,false,false,false,false,0,0,0,0,0,0,0,0,0,0,0,0,0
ITEM_PECHA_BERRY,80,HOLD_EFFECT_PSN_RESTORE,0,3,3,10,80,TYPE_ELECTRIC,false,false,POCKET_BERRIES,8,8,0,1,false,true,false,false,false,false,false,false,false,false,false,false,0,0,0,0,0,0,0,false,false,false,false,false,false,false,false,false,false,false,false,false,false,0,0,0,0,0,0,0,0,0,0,0,0,0
ITEM_RAWST_BERRY,80,HOLD_EFFECT_BRN_RESTORE,0,4,4,10,80,TYPE_GRASS,false,false,POCKET_BERRIES,8,8,0,1,false,false,true,false,false,false,false,false,false,false,false,false,0,0,0,0,0,0,0,false,false,false,false,false,false,false,false,false,false,false,false,false,false,0,0,0,0,0,0,0,0,0,0,0,0,0
ITEM_ASPEAR_BERRY,80,HOLD_EFFECT_FRZ_RESTORE,0,5,5,10,80,TYPE_ICE,false,false,POCKET_BERRIES,8,8,0,1,false,false,false,true,false,false,false,false,false,false,false,false,0,0,0,0,0,0,0,false,false,false,false,false,false,false,false,false,false,false,false,false,false,0,0,0,0,0,0,0,0,0,0,0,0,0
ITEM_LEPPA_BERRY,80,HOLD_EFFECT_PP_RESTORE,10,6,6,10,80,TYPE_FIGHTING,false,false,POCKET_BERRIES,16,8,0,1,false,false,false,false,false,false,false,false,false,false,false,false,0,0,0,0,0,0,0,false,false,true,false,false,false,false,false,false,false,false,false,false,false,0,0,0,0,0,0,0,10,0,0,0,0,0
ITEM_ORAN_BERRY,80,HOLD_EFFECT_HP_RESTORE,10,7,7,10,80,TYPE_POISON,false,false,POCKET_BERRIES,4,8,0,1,false,false,false,false,false,false,false,false,false,false,false,false,0,0,0,0,0,0,0,false,false,false,false,true,false,false,false,false,false,false,false,false,false,0,0,0,0,0,0,10,0,0,0,0,0,0
ITEM_PERSIM_BERRY,80,HOLD_EFFECT_CONFUSE_RESTORE,0,8,8,10,80,TYPE_GROUND,false,false,POCKET_BERRIES,8,8,0,1,false,false,false,false,false,true,false,false,false,false,false,false,0,0,0,0,0,0,0,false,false,false,false,false,false,false,false,false,false,false,false,false,false,0,0,0,0,0,0,0,0,0,0,0,0,0
ITEM_LUM_BERRY,80,HOLD_EFFECT_STATUS_RESTORE,0,9,9,10,80,TYPE_FLYING,false,false,POCKET_BERRIES,8,8,0,1,true,true,true,true,true,true,false,false,false,false,false,false,0,0,0,0,0,0,0,false,false,false,false,false,false,false,false,false,false,false,false,false,false,0,0,0,0,0,0,0,0,0,0,0,0,0
ITEM_SITRUS_BERRY,80,HOLD_EFFECT_HP_PCT_RESTORE,25,10,10,10,80,TYPE_PSYCHIC,false,false,POCKET_BERRIES,4,8,0,1,false,false,false,false,false,false,false,false,false,false,false,false,0,0,0,0,0,0,0,false,false,false,false,true,false,false,false,false,false,false,false,false,false,0,0,0,0,0,0,253,0,0,0,0,0,0
ITEM_FIGY_BERRY,80,HOLD_EFFECT_HP_RESTORE_SPICY,8,11,11,10,80,TYPE_BUG,false,false,POCKET_BERRIES,0,8,0,1,false,false,false,false,false,false,false,false,false,false,false,false,0,0,0,0,0,0,0,false,false,false,false,false,false,false,false,false,false,false,false,false,false,0,0,0,0,0,0,0,0,0,0,0,0,0
ITEM_WIKI_BERRY,80,HOLD_EFFECT_HP_RESTORE_DRY,8,12,12,10,80,TYPE_ROCK,false,false,POCKET_BERRIES,0,8,0,1,false,false,false,false,false,false,false,false,false,false,false,false,0,0,0,0,0,0,0,false,false,false,false,false,false,false,false,false,false,false,false,false,false,0,0,0,0,0,0,0,0,0,0,0,0,0
ITEM_MAGO_BERRY,80,HOLD_EFFECT_HP_RESTORE_SWEET,8,13,13,10,80,TYPE_GHOST,false,false,POCKET_BERRIES,0,8,0,1,false,false,false,false,false,false,false,false,false,false,false,false,0,0,0,0,0,0,0,false,false,false,false,false,false,false,false,false,false,false,false,false,false,0,0,0,0,0,0,0,0,0,0,0,0,0
ITEM_AGUAV_BERRY,80,HOLD_EFFECT_HP_RESTORE_BITTER,8,14,14,10,80,TYPE_DRAGON,false,false,POCKET_BERRIES,0,8,0,1,false,false,false,false,false,false,false,false,false,false,false,false,0,0,0,0,0,0,0,false,false,false,false,false,false,false,false,false,false,false,false,false,false,0,0,0,0,0,0,0,0,0,0,0,0,0
ITEM_IAPAPA_BERRY,80,HOLD_EFFECT_HP_RESTORE_SOUR,8,15,15,10,80,TYPE_DARK,false,false,POCKET_BERRIES,0,8,0,1,false,false,false,false,false,false,false,false,false,false,false,false,0,0,0,0,0,0,0,false,false,false,false,false,false,false,false,false,false,false,false,false,false,0,0,0,0,0,0,0,0,0,0,0,0,0
ITEM_RAZZ_BERRY,20,HOLD_EFFECT_NONE,0,0,0,10,80,TYPE_STEEL,false,false,POCKET_BERRIES,0,8,0,1,false,false,false,false,false,false,false,false,false,false,false,false,0,0,0,0,0,0,0,false,false,false,false,false,false,false,false,false,false,false,false,false,false,0,0,0,0,0,0,0,0,0,0,0,0,0
ITEM_BLUK_BERRY,20,HOLD_EFFECT_NONE,0,0,0,10,90,TYPE_FIRE,false,false,POCKET_BERRIES,0,8,0,1,false,false,false,false,false,false,false,false,false,false,false,false,0,0,0,0,0,0,0,false,false,false,false,false,false,false,false,false,false,false,false,false,false,0,0,0,0,0,0,0,0,0,0,0,0,0
ITEM_NANAB_BERRY,20,HOLD_EFFECT_NONE,0,0,0,10,90,TYPE_WATER,false,false,POCKET_BERRIES,0,8,0,1,false,false,false,false,false,false,false,false,false,false,false,false,0,0,0,0,0,0,0,false,false,false,false,false,false,false,false,false,false,false,false,false,false,0,0,0,0,0,0,0,0,0,0,0,0,0
ITEM_WEPEAR_BERRY,20,HOLD_EFFECT_NONE,0,0,0,10,90,TYPE_ELECTRIC,false,false,POCKET_BERRIES,0,8,0,1,false,false,false,false,false,false,false,false,false,false,false,false,0,0,0,0,0,0,0,false,false,false,false,false,false,false,false,false,false,false,false,false,false,0,0,0,0,0,0,0,0,0,0,0,0,0
ITEM_PINAP_BERRY,20,HOLD_EFFECT_NONE,0,0,0,10,90,TYPE_GRASS,false,false,POCKET_BERRIES,0,8,0,1,false,false,false,false,false,false,false,false,false,false,false,false,0,0,0,0,0,0,0,false,false,false,false,false,false,false,false,false,false,false,false,false,false,0,0,0,0,0,0,0,0,0,0,0,0,0
ITEM_POMEG_BERRY,80,HOLD_EFFECT_NONE,0,0,0,10,90,TYPE_ICE,false,false,POCKET_BERRIES,0,8,0,1,false,false,false,false,false,false,false,false,false,false,false,false,0,0,0,0,0,0,0,false,false,false,false,false,true,false,false,false,false,false,true,true,true,-10,0,0,0,0,0,0,0,10,5,2,0,0
ITEM_KELPSY_BERRY,80,HOLD_EFFECT_NONE,0,0,0,10,90,TYPE_FIGHTING,false,false,POCKET_BERRIES,0,8,0,1,false,false,false,false,false,false,false,false,false,false,false,false,0,0,0,0,0,0,0,false,false,false,false,false,false,true,false,false,false,false,true,true,true,0,-10,0,0,0,0,0,0,10,5,2,0,0
ITEM_QUALOT_BERRY,80,HOLD_EFFECT_NONE,0,0,0,10,90,TYPE_POISON,false,false,POCKET_BERRIES,0,8,0,1,false,false,false,false,false,false,false,false,false,false,false,false,0,0,0,0,0,0,0,false,false,false,false,false,false,false,true,false,false,false,true,true,true,0,0,-10,0,0,0,0,0,10,5,2,0,0
ITEM_HONDEW_BERRY,80,HOLD_EFFECT_NONE,0,0,0,10,90,TYPE_GROUND,false,false,POCKET_BERRIES,0,8,0,1,false,false,false,false,false,false,false,false,false,false,false,false,0,0,0,0,0,0,0,false,false,false,false,false,false,false,false,false,true,false,true,true,true,0,0,0,0,-10,0,0,0,10,5,2,0,0
ITEM_GREPA_BERRY,80,HOLD_EFFECT_NONE,0,0,0,10,90,TYPE_FLYING,false,false,POCKET_BERRIES,0,8,0,1,false,false,false,false,false,false,false,false,false,false,false,false,0,0,0,0,0,0,0,false,false,false,false,false,false,false,false,false,false,true,true,true,true,0,0,0,0,0,-10,0,0,10,5,2,0,0
ITEM_TAMATO_BERRY,80,HOLD_EFFECT_NONE,0,0,0,10,90,TYPE_PSYCHIC,false,false,POCKET_BERRIES,0,8,0,1,false,false,false,false,false,false,false,false,false,false,false,false,0,0,0,0,0,0,0,false,false,false,false,false,false,false,false,true,false,false,true,true,true,0,0,0,-10,0,0,0,0,10,5,2,0,0
ITEM_CORNN_BERRY,20,HOLD_EFFECT_NONE,0,0,0,10,90,TYPE_BUG,false,false,POCKET_BERRIES,0,8,0,1,false,false,false,false,false,false,false,false,false,false,false,false,0,0,0,0,0,0,0,false,false,false,false,false,false,false,false,false,false,false,false,false,false,0,0,0,0,0,0,0,0,0,0,0,0,0
ITEM_MAGOST_BERRY,20,HOLD_EFFECT_NONE,0,0,0,10,90,TYPE_ROCK,false,false,POCKET_BERRIES,0,8,0,1,false,false,false,false,false,false,false,false,false,false,false,false,0,0,0,0,0,0,0,false,false,false,false,false,false,false,false,false,false,false,false,false,false,0,0,0,0,0,0,0,0,0,0,0,0,0
ITEM_RABUTA_BERRY,20,HOLD_EFFECT_NONE,0,0,0,10,90,TYPE_GHOST,false,false,POCKET_BERRIES,0,8,0,1,false,false,false,false,false,false,false,false,false,false,false,false,0,0,0,0,0,0,0,false,false,false,false,false,false,false,false,false,false,false,false,false,false,0,0,0,0,0,0,0,0,0,0,0,0,0
ITEM_NOMEL_BERRY,20,HOLD_EFFECT_NONE,0,0,0,10,90,TYPE_DRAGON,false,false,POCKET_BERRIES,0,8,0,1,false,false,false,false,false,false,false,false,false,false,false,false,0,0,0,0,0,0,0,false,false,false,false,false,false,false,false,false,false,false,false,false,false,0,0,0,0,0,0,0,0,0,0,0,0,0
ITEM_SPELON_BERRY,20,HOLD_EFFECT_NONE,0,0,0,10,90,TYPE_DARK,false,false,POCKET_BERRIES,0,8,0,1,false,false,false,false,false,false,false,false,false,false,false,false,0,0,0,0,0,0,0,false,false,false,false,false,false,false,false,false,false,false,false,false,false,0,0,0,0,0,0,0,0,0,0,0,0,0
ITEM_PAMTRE_BERRY,20,HOLD_EFFECT_NONE,0,0,0,10,90,TYPE_STEEL,false,false,POCKET_BERRIES,0,8,0,1,false,false,false,false,false,false,false,false,false,false,false,false,0,0,0,0,0,0,0,false,false,false,false,false,false,false,false,false,false,false,false,false,false,0,0,0,0,0,0,0,0,0,0,0,0,0
ITEM_WATMEL_BERRY,20,HOLD_EFFECT_NONE,0,0,0,10,100,TYPE_FIRE,false,false,POCKET_BERRIES,0,8,0,1,false,false,false,false,false,false,false,false,false,false,false,false,0,0,0,0,0,0,0,false,false,false,false,false,false,false,false,false,false,false,false,false,false,0,0,0,0,0,0,0,0,0,0,0,0,0
ITEM_DURIN_BERRY,20,HOLD_EFFECT_NONE,0,0,0,10,100,TYPE_WATER,false,false,POCKET_BERRIES,0,8,0,1,false,false,false,false,false,false,false,false,false,false,false,false,0,0,0,0,0,0,0,false,false,false,false,false,false,false,false,false,false,false,false,false,false,0,0,0,0,0,0,0,0,0,0,0,0,0
ITEM_BELUE_BERRY,20,HOLD_EFFECT_NONE,0,0,0,10,100,TYPE_ELECTRIC,false,false,POCKET_BERRIES,0,8,0,1,false,false,false,false,false,false,false,false,false,false,false,false,0,0,0,0,0,0,0,false,false,false,false,false,false,false,false,false,false,false,false,false,false,0,0,0,0,0,0,0,0,0,0,0,0,0
ITEM_OCCA_BERRY,80,HOLD_EFFECT_WEAKEN_SE_FIRE,0,0,0,10,80,TYPE_FIRE,false,false,POCKET_BERRIES,0,8,0,1,false,false,false,false,false,false,false,false,false,false,false,false,0,0,0,0,0,0,0,false,false,false,false,false,false,false,false,false,false,false,false,false,false,0,0,0,0,0,0,0,0,0,0,0,0,0
ITEM_PASSHO_BERRY,80,HOLD_EFFECT_WEAKEN_SE_WATER,0,0,0,10,80,TYPE_WATER,false,false,POCKET_BERRIES,0,8,0,1,false,false,false,false,false,false,false,false,false,false,false,false,0,0,0,0,0,0,0,false,false,false,false,false,false,false,false,false,false,false,false,false,false,0,0,0,0,0,0,0,0,0,0,0,0,0
ITEM_WACAN_BERRY,80,HOLD_EFFECT_WEAKEN_SE_ELECTRIC,0,0,0,10,80,TYPE_ELECTRIC,false,false,POCKET_BERRIES,0,8,0,1,false,false,false,false,false,false,false,false,false,false,false,false,0,0,0,0,0,0,0,false,false,false,false,false,false,false,false,false,false,false,false,false,false,0,0,0,0,0,0,0,0,0,0,0,0,0
ITEM_RINDO_BERRY,80,HOLD_EFFECT_WEAKEN_SE_GRASS,0,0,0,10,80,TYPE_GRASS,false,false,POCKET_BERRIES,0,8,0,1,false,false,false,false,false,false,false,false,false,false,false,false,0,0,0,0,0,0,0,false,false,false,false,false,false,false,false,false,false,false,false,false,false,0,0,0,0,0,0,0,0,0,0,0,0,0
ITEM_YACHE_BERRY,80,HOLD_EFFECT_WEAKEN_SE_ICE,0,0,0,10,80,TYPE_ICE,false,false,POCKET_BERRIES,0,8,0,1,false,false,false,false,false,false,false,false,false,false,false,false,0,0,0,0,0,0,0,false,false,false,false,false,false,false,false,false,false,false,false,false,false,0,0,0,0,0,0,0,0,0,0,0,0,0
ITEM_CHOPLE_BERRY,80,HOLD_EFFECT_WEAKEN_SE_FIGHT,0,0,0,10,80,TYPE_FIGHTING,false,false,POCKET_BERRIES,0,8,0,1,false,false,false,false,false,false,false,false,false,false,false,false,0,0,0,0,0,0,0,false,false,false,false,false,false,false,false,false,false,false,false,false,false,0,0,0,0,0,0,0,0,0,0,0,0,0
ITEM_KEBIA_BERRY,80,HOLD_EFFECT_WEAKEN_SE_POISON,0,0,0,10,80,TYPE_POISON,false,false,POCKET_BERRIES,0,8,0,1,false,false,false,false,false,false,false,false,false,false,false,false,0,0,0,0,0,0,0,false,false,false,false,false,false,false,false,false,false,false,false,false,false,0,0,0,0,0,0,0,0,0,0,0,0,0
ITEM_SHUCA_BERRY,80,HOLD_EFFECT_WEAKEN_SE_GROUND,0,0,0,10,80,TYPE_GROUND,false,false,POCKET_BERRIES,0,8,0,1,false,false,false,false,false,false,false,false,false,false,false,false,0,0,0,0,0,0,0,false,false,false,false,false,false,false,false,false,false,false,false,false,false,0,0,0,0,0,0,0,0,0,0,0,0,0
ITEM_COBA_BERRY,80,HOLD_EFFECT_WEAKEN_SE_FLYING,0,0,0,10,80,TYPE_FLYING,false,false,POCKET_BERRIES,0,8,0,1,false,false,false,false,false,false,false,false,false,false,false,false,0,0,0,0,0,0,0,false,false,false,false,false,false,false,false,false,false,false,false,false,false,0,0,0,0,0,0,0,0,0,0,0,0,0
ITEM_PAYAPA_BERRY,80,HOLD_EFFECT_WEAKEN_SE_PSYCHIC,0,0,0,10,80,TYPE_PSYCHIC,false,false,POCKET_BERRIES,0,8,0,1,false,false,false,false,false,false,false,false,false,false,false,false,0,0,0,0,0,0,0,false,false,false,false,false,false,false,false,false,false,false,false,false,false,0,0,0,0,0,0,0,0,0,0,0,0,0
ITEM_TANGA_BERRY,80,HOLD_EFFECT_WEAKEN_SE_BUG,0,0,0,10,80,TYPE_BUG,false,false,POCKET_BERRIES,0,8,0,1,false,false,false,false,false,false,false,false,false,false,false,false,0,0,0,0,0,0,0,false,false,false,false,false,false,false,false,false,false,false,false,false,false,0,0,0,0,0,0,0,0,0,0,0,0,0
ITEM_CHARTI_BERRY,80,HOLD_EFFECT_WEAKEN_SE_ROCK,0,0,0,10,80,TYPE_ROCK,false,false,POCKET_BERRIES,0,8,0,1,false,false,false,false,false,false,false,false,false,false,false,false,0,0,0,0,0,0,0,false,false,false,false,false,false,false,false,false,false,false,false,false,false,0,0,0,0,0,0,0,0,0,0,0,0,0
ITEM_KASIB_BERRY,80,HOLD_EFFECT_WEAKEN_SE_GHOST,0,0,0,10,80,TYPE_GHOST,false,false,POCKET_BERRIES,0,8,0,1,false,false,false,false,false,false,false,false,false,false,false,false,0,0,0,0,0,0,0,false,false,false,false,false,false,false,false,false,false,false,false,false,false,0,0,0,0,0,0,0,0,0,0,0,0,0
ITEM_HABAN_BERRY,80,HOLD_EFFECT_WEAKEN_SE_DRAGON,0,0,0,10,80,TYPE_DRAGON,false,false,POCKET_BERRIES,0,8,0,1,false,false,false,false,false,false,false,false,false,false,false,false,0,0,0,0,0,0,0,false,false,false,false,false,false,false,false,false,false,false,false,false,false,0,0,0,0,0,0,0,0,0,0,0,0,0
ITEM_COLBUR_BERRY,80,HOLD_EFFECT_WEAKEN_SE_DARK,0,0,0,10,80,TYPE_DARK,false,false,POCKET_BERRIES,0,8,0,1,false,false,false,false,false,false,false,false,false,false,false,false,0,0,0,0,0,0,0,false,false,false,false,false,false,false,false,false,false,false,false,false,false,0,0,0,0,0,0,0,0,0,0,0,0,0
ITEM_BABIRI_BERRY,80,HOLD_EFFECT_WEAKEN_SE_STEEL,0,0,0,10,80,TYPE_STEEL,false,false,POCKET_BERRIES,0,8,0,1,false,false,false,false,false,false,false,false,false,false,false,false,0,0,0,0,0,0,0,false,false,false,false,false,false,false,false,false,false,false,false,false,false,0,0,0,0,0,0,0,0,0,0,0,0,0
ITEM_CHILAN_BERRY,80,HOLD_EFFECT_WEAKEN_NORMAL,0,0,0,10,80,TYPE_NORMAL,false,false,POCKET_BERRIES,0,8,0,1,false,false,false,false,false,false,false,false,false,false,false,false,0,0,0,0,0,0,0,false,false,false,false,false,false,false,false,false,false,false,false,false,false,0,0,0,0,0,0,0,0,0,0,0,0,0
ITEM_LIECHI_BERRY,80,HOLD_EFFECT_PINCH_ATK_UP,4,16,16,10,100,TYPE_GRASS,false,false,POCKET_BERRIES,0,8,0,1,false,false,false,false,false,false,false,false,false,false,false,false,0,0,0,0,0,0,0,false,false,false,false,false,false,false,false,false,false,false,false,false,false,0,0,0,0,0,0,0,0,0,0,0,0,0
ITEM_GANLON_BERRY,80,HOLD_EFFECT_PINCH_DEF_UP,4,17,17,10,100,TYPE_ICE,false,false,POCKET_BERRIES,0,8,0,1,false,false,false,false,false,false,false,false,false,false,false,false,0,0,0,0,0,0,0,false,false,false,false,false,false,false,false,false,false,false,false,false,false,0,0,0,0,0,0,0,0,0,0,0,0,0
ITEM_SALAC_BERRY,80,HOLD_EFFECT_PINCH_SPEED_UP,4,18,18,10,100,TYPE_FIGHTING,false,false,POCKET_BERRIES,0,8,0,1,false,false,false,false,false,false,false,false,false,false,false,false,0,0,0,0,0,0,0,false,false,false,false,false,false,false,false,false,false,false,false,false,false,0,0,0,0,0,0,0,0,0,0,0,0,0
ITEM_PETAYA_BERRY,80,HOLD_EFFECT_PINCH_SPATK_UP,4,19,19,10,100,TYPE_POISON,false,false,POCKET_BERRIES,0,8,0,1,false,false,false,false,false,false,false,false,false,false,false,false,0,0,0,0,0,0,0,false,false,false,false,false,false,false,false,false,false,false,false,false,false,0,0,0,0,0,0,0,0,0,0,0,0,0
ITEM_APICOT_BERRY,80,HOLD_EFFECT_PINCH_SPDEF_UP,4,20,20,10,100,TYPE_GROUND,false,false,POCKET_BERRIES,0,8,0,1,false,false,false,false,false,false,false,false,false,false,false,false,0,0,0,0,0,0,0,false,false,false,false,false,false,false,false,false,false,false,false,false,false,0,0,0,0,0,0,0,0,0,0,0,0,0
ITEM_LANSAT_BERRY,80,HOLD_EFFECT_PINCH_CRITRATE_UP,4,21,21,10,100,TYPE_FLYING,false,false,POCKET_BERRIES,0,8,0,1,false,false,false,false,false,false,false,false,false,false,false,false,0,0,0,0,0,0,0,false,false,false,false,false,false,false,false,false,false,false,false,false,false,0,0,0,0,0,0,0,0,0,0,0,0,0
ITEM_STARF_BERRY,80,HOLD_EFFECT_PINCH_RANDOM_UP,4,22,22,10,100,TYPE_PSYCHIC,false,false,POCKET_BERRIES,0,8,0,1,false,false,false,false,false,false,false,false,false,false,false,false,0,0,0,0,0,0,0,false,false,false,false,false,false,false,false,false,false,false,false,false,false,0,0,0,0,0,0,0,0,0,0,0,0,0
ITEM_ENIGMA_BERRY,80,HOLD_EFFECT_HP_RESTORE_SE,4,0,0,10,100,TYPE_BUG,false,false,POCKET_BERRIES,0,8,0,1,false,false,false,false,false,false,false,false,false,false,false,false,0,0,0,0,0,0,0,false,false,false,false,false,false,false,false,false,false,false,false,false,false,0,0,0,0,0,0,0,0,0,0,0,0,0
ITEM_MICLE_BERRY,80,HOLD_EFFECT_PINCH_ACC_UP,4,23,23,10,100,TYPE_ROCK,false,false,POCKET_BERRIES,0,8,0,1,false,false,false,false,false,false,false,false,false,false,false,false,0,0,0,0,0,0,0,false,false,false,false,false,false,false,false,false,false,false,false,false,false,0,0,0,0,0,0,0,0,0,0,0,0,0
ITEM_CUSTAP_BERRY,80,HOLD_EFFECT_PINCH_PRIORITY,4,0,0,10,100,TYPE_GHOST,false,false,POCKET_BERRIES,0,8,0,1,false,false,false,false,false,false,false,false,false,false,false,false,0,0,0,0,0,0,0,false,false,false,false,false,false,false,false,false,false,false,false,false,false,0,0,0,0,0,0,0,0,0,0,0,0,0
ITEM_JABOCA_BERRY,80,HOLD_EFFECT_RECOIL_PHYSICAL,8,0,0,10,100,TYPE_DRAGON,false,false,POCKET_BERRIES,0,8,0,1,false,false,false,false,false,false,false,false,false,false,false,false,0,0,0,0,0,0,0,false,false,false,false,false,false,false,false,false,false,false,false,false,false,0,0,0,0,0,0,0,0,0,0,0,0,0
ITEM_ROWAP_BERRY,80,HOLD_EFFECT_RECOIL_SPECIAL,8,0,0,10,100,TYPE_DARK,false,false,POCKET_BERRIES,0,8,0,1,false,false,false,false,false,false,false,false,false,false,false,false,0,0,0,0,0,0,0,false,false,false,false,false,false,false,false,false,false,false,false,false,false,0,0,0,0,0,0,0,0,0,0,0,0,0
ITEM_BRIGHTPOWDER,30000,HOLD_EFFECT_ACC_REDUCE,10,0,0,10,0,31,false,false,POCKET_ITEMS,0,0,0,0,false,false,false,false,false,false,false,false,false,false,false,false,0,0,0,0,0,0,0,false,false,false,false,false,false,false,false,false,false,false,false,false,false,0,0,0,0,0,0,0,0,0,0,0,0,0
ITEM_WHITE_HERB,20000,HOLD_EFFECT_STATDOWN_RESTORE,0,0,24,10,0,31,false,false,POCKET_ITEMS,0,0,0,0,false,false,false,false,false,false,false,false,false,false,false,false,0,0,0,0,0,0,0,false,false,false,false,false,false,false,false,false,false,false,false,false,false,0,0,0,0,0,0,0,0,0,0,0,0,0
ITEM_MACHO_BRACE,3000,HOLD_EFFECT_EVS_UP_SPEED_DOWN,0,0,0,60,0,31,false,false,POCKET_ITEMS,0,0,0,0,false,false,false,false,false,false,false,false,false,false,false,false,0,0,0,0,0,0,0,false,false,false,false,false,false,false,false,false,false,false,false,false,false,0,0,0,0,0,0,0,0,0,0,0,0,0
ITEM_EXP__SHARE,3000,HOLD_EFFECT_EXP_SHARE,0,0,0,30,0,31,false,false,POCKET_ITEMS,0,0,0,0,false,false,false,false,false,false,false,false,false,false,false,false,0,0,0,0,0,0,0,false,false,false,false,false,false,false,false,false,false,false,false,false,false,0,0,0,0,0,0,0,0,0,0,0,0,0
ITEM_QUICK_CLAW,8000,HOLD_EFFECT_SOMETIMES_PRIORITY,20,0,0,80,0,31,false,false,POCKET_ITEMS,0,0,0,0,false,false,false,false,false,false,false,false,false,false,false,false,0,0,0,0,0,0,0,false,false,false,false,false,false,false,false,false,false,false,false,false,false,0,0,0,0,0,0,0,0,0,0,0,0,0
ITEM_SOOTHE_BELL,5000,HOLD_EFFECT_FRIENDSHIP_UP,0,0,0,10,0,31,false,false,POCKET_ITEMS,0,0,0,0,false,false,false,false,false,false,false,false,false,false,false,false,0,0,0,0,0,0,0,false,false,false,false,false,false,false,false,false,false,false,false,false,false,0,0,0,0,0,0,0,0,0,0,0,0,0
ITEM_MENTAL_HERB,10000,HOLD_EFFECT_HEAL_INFATUATION,0,0,25,10,0,31,false,false,POCKET_ITEMS,0,0,0,0,false,false,false,false,false,false,false,false,false,false,false,false,0,0,0,0,0,0,0,false,false,false,false,false,false,false,false,false,false,false,false,false,false,0,0,0,0,0,0,0,0,0,0,0,0,0
ITEM_CHOICE_BAND,34464,HOLD_EFFECT_CHOICE_ATK,0,0,0,10,0,31,false,false,POCKET_ITEMS,0,0,0,0,false,false,false,false,false,false,false,false,false,false,false,false,0,0,0,0,0,0,0,false,false,false,false,false,false,false,false,false,false,false,false,false,false,0,0,0,0,0,0,0,0,0,0,0,1,0
ITEM_KINGS_ROCK,10000,HOLD_EFFECT_FLINCH_CHANCE,10,0,26,30,0,31,false,false,POCKET_ITEMS,0,0,0,0,false,false,false,false,false,false,false,false,false,false,false,false,0,0,0,0,0,0,0,false,false,false,false,false,false,false,false,false,false,false,false,false,false,0,0,0,0,0,0,0,0,0,0,0,0,0
ITEM_SILVERPOWDER,3000,HOLD_EFFECT_STRENGTHEN_BUG,20,0,0,10,0,31,false,false,POCKET_ITEMS,0,0,0,0,false,false,false,false,false,false,false,false,false,false,false,false,0,0,0,0,0,0,0,false,false,false,false,false,false,false,false,false,false,false,false,false,false,0,0,0,0,0,0,0,0,0,0,0,0,0
ITEM_AMULET_COIN,30000,HOLD_EFFECT_MONEY_UP,10,0,0,30,0,31,false,false,POCKET_ITEMS,0,0,0,0,false,false,false,false,false,false,false,false,false,false,false,false,0,0,0,0,0,0,0,false,false,false,false,false,false,false,false,false,false,false,false,false,false,0,0,0,0,0,0,0,0,0,0,0,0,0
ITEM_CLEANSE_TAG,5000,HOLD_EFFECT_ENCOUNTERS_DOWN,0,0,0,30,0,31,false,false,POCKET_ITEMS,0,0,0,0,false,false,false,false,false,false,false,false,false,false,false,false,0,0,0,0,0,0,0,false,false,false,false,false,false,false,false,false,false,false,false,false,false,0,0,0,0,0,0,0,0,0,0,0,0,0
ITEM_SOUL_DEW,200,HOLD_EFFECT_LATI_SPECIAL,0,0,0,30,0,31,false,false,POCKET_ITEMS,0,0,0,0,false,false,false,false,false,false,false,false,false,false,false,false,0,0,0,0,0,0,0,false,false,false,false,false,false,false,false,false,false,false,false,false,false,0,0,0,0,0,0,0,0,0,0,0,0,0
ITEM_DEEPSEATOOTH,200,HOLD_EFFECT_CLAMPERL_SPATK,0,0,0,90,0,31,false,false,POCKET_ITEMS,0,0,0,0,false,false,false,false,false,false,false,false,false,false,false,false,0,0,0,0,0,0,0,false,false,false,false,false,false,false,false,false,false,false,false,false,false,0,0,0,0,0,0,0,0,0,0,0,0,0
ITEM_DEEPSEASCALE,200,HOLD_EFFECT_CLAMPERL_SPDEF,0,0,0,30,0,31,false,false,POCKET_ITEMS,0,0,0,0,false,false,false,false,false,false,false,false,false,false,false,false,0,0,0,0,0,0,0,false,false,false,false,false,false,false,false,false,false,false,false,false,false,0,0,0,0,0,0,0,0,0,0,0,0,0
ITEM_SMOKE_BALL,15000,HOLD_EFFECT_FLEE,0,0,0,30,0,31,false,false,POCKET_ITEMS,0,0,0,0,false,false,false,false,false,false,false,false,false,false,false,false,0,0,0,0,0,0,0,false,false,false,false,false,false,false,false,false,false,false,false,false,false,0,0,0,0,0,0,0,0,0,0,0,0,0
ITEM_EVERSTONE,3000,HOLD_EFFECT_NO_EVOLVE,0,0,0,30,0,31,false,false,POCKET_ITEMS,0,0,0,0,false,false,false,false,false,false,false,false,false,false,false,false,0,0,0,0,0,0,0,false,false,false,false,false,false,false,false,false,false,false,false,false,false,0,0,0,0,0,0,0,0,0,0,0,0,0
ITEM_FOCUS_BAND,10000,HOLD_EFFECT_MAYBE_ENDURE,10,0,0,10,0,31,false,false,POCKET_ITEMS,0,0,0,0,false,false,false,false,false,false,false,false,false,false,false,false,0,0,0,0,0,0,0,false,false,false,false,false,false,false,false,false,false,false,false,false,false,0,0,0,0,0,0,0,0,0,0,0,0,0
ITEM_LUCKY_EGG,10000,HOLD_EFFECT_EXP_UP,0,0,0,30,0,31,false,false,POCKET_ITEMS,0,0,0,0,false,false,false,false,false,false,false,false,false,false,false,false,0,0,0,0,0,0,0,false,false,false,false,false,false,false,false,false,false,false,false,false,false,0,0,0,0,0,0,0,0,0,0,0,0,0
ITEM_SCOPE_LENS,15000,HOLD_EFFECT_CRITRATE_UP,0,0,0,30,0,31,false,false,POCKET_ITEMS,0,0,0,0,false,false,false,false,false,false,false,false,false,false,false,false,0,0,0,0,0,0,0,false,false,false,false,false,false,false,false,false,false,false,false,false,false,0,0,0,0,0,0,0,0,0,0,0,0,0
ITEM_METAL_COAT,3000,HOLD_EFFECT_STRENGTHEN_STEEL,20,0,0,30,0,31,false,false,POCKET_ITEMS,0,0,0,0,false,false,false,false,false,false,false,false,false,false,false,false,0,0,0,0,0,0,0,false,false,false,false,false,false,false,false,false,false,false,false,false,false,0,0,0,0,0,0,0,0,0,0,0,0,0
ITEM_LEFTOVERS,20000,HOLD_EFFECT_HP_RESTORE_GRADUAL,10,0,0,10,0,31,false,false,POCKET_ITEMS,0,0,0,0,false,false,false,false,false,false,false,false,false,false,false,false,0,0,0,0,0,0,0,false,false,false,false,false,false,false,false,false,false,false,false,false,false,0,0,0,0,0,0,0,0,0,0,0,0,0
ITEM_DRAGON_SCALE,2100,HOLD_EFFECT_EVOLVE_SEADRA,10,0,0,30,0,31,false,false,POCKET_ITEMS,0,0,0,0,false,false,false,false,false,false,false,false,false,false,false,false,0,0,0,0,0,0,0,false,false,false,false,false,false,false,false,false,false,false,false,false,false,0,0,0,0,0,0,0,0,0,0,0,0,0
ITEM_LIGHT_BALL,1000,HOLD_EFFECT_PIKA_SPATK_UP,0,0,27,30,0,31,false,false,POCKET_ITEMS,0,0,0,0,false,false,false,false,false,false,false,false,false,false,false,false,0,0,0,0,0,0,0,false,false,false,false,false,false,false,false,false,false,false,false,false,false,0,0,0,0,0,0,0,0,0,0,0,0,0
ITEM_SOFT_SAND,3000,HOLD_EFFECT_STRENGTHEN_GROUND,20,0,0,10,0,31,false,false,POCKET_ITEMS,0,0,0,0,false,false,false,false,false,false,false,false,false,false,false,false,0,0,0,0,0,0,0,false,false,false,false,false,false,false,false,false,false,false,false,false,false,0,0,0,0,0,0,0,0,0,0,0,0,0
ITEM_HARD_STONE,3000,HOLD_EFFECT_STRENGTHEN_ROCK,20,0,0,100,0,31,false,false,POCKET_ITEMS,0,0,0,0,false,false,false,false,false,false,false,false,false,false,false,false,0,0,0,0,0,0,0,false,false,false,false,false,false,false,false,false,false,false,false,false,false,0,0,0,0,0,0,0,0,0,0,0,0,0
ITEM_MIRACLE_SEED,3000,HOLD_EFFECT_STRENGTHEN_GRASS,20,0,0,30,0,31,false,false,POCKET_ITEMS,0,0,0,0,false,false,false,false,false,false,false,false,false,false,false,false,0,0,0,0,0,0,0,false,false,false,false,false,false,false,false,false,false,false,false,false,false,0,0,0,0,0,0,0,0,0,0,0,0,0
ITEM_BLACKGLASSES,3000,HOLD_EFFECT_STRENGTHEN_DARK,20,0,0,30,0,31,false,false,POCKET_ITEMS,0,0,0,0,false,false,false,false,false,false,false,false,false,false,false,false,0,0,0,0,0,0,0,false,false,false,false,false,false,false,false,false,false,false,false,false,false,0,0,0,0,0,0,0,0,0,0,0,0,0
ITEM_BLACK_BELT,3000,HOLD_EFFECT_STRENGTHEN_FIGHT,20,0,0,30,0,31,false,false,POCKET_ITEMS,0,0,0,0,false,false,false,false,false,false,false,false,false,false,false,false,0,0,0,0,0,0,0,false,false,false,false,false,false,false,false,false,false,false,false,false,false,0,0,0,0,0,0,0,0,0,0,0,0,0
ITEM_MAGNET,3000,HOLD_EFFECT_STRENGTHEN_ELECTRIC,20,0,0,30,0,31,false,false,POCKET_ITEMS,0,0,0,0,false,false,false,false,false,false,false,false,false,false,false,false,0,0,0,0,0,0,0,false,false,false,false,false,false,false,false,false,false,false,false,false,false,0,0,0,0,0,0,0,0,0,0,0,0,0
ITEM_MYSTIC_WATER,3000,HOLD_EFFECT_STRENGTHEN_WATER,20,0,0,30,0,31,false,false,POCKET_ITEMS,0,0,0,0,false,false,false,false,false,false,false,false,false,false,false,false,0,0,0,0,0,0,0,false,false,false,false,false,false,false,false,false,false,false,false,false,false,0,0,0,0,0,0,0,0,0,0,0,0,0
ITEM_SHARP_BEAK,3000,HOLD_EFFECT_STRENGTHEN_FLYING,20,0,0,50,0,31,false,false,POCKET_ITEMS,0,0,0,0,false,false,false,false,false,false,false,false,false,false,false,false,0,0,0,0,0,0,0,false,false,false,false,false,false,false,false,false,false,false,false,false,false,0,0,0,0,0,0,0,0,0,0,0,0,0
ITEM_POISON_BARB,3000,HOLD_EFFECT_STRENGTHEN_POISON,20,0,28,70,0,31,false,false,POCKET_ITEMS,0,0,0,0,false,false,false,false,false,false,false,false,false,false,false,false,0,0,0,0,0,0,0,false,false,false,false,false,false,false,false,false,false,false,false,false,false,0,0,0,0,0,0,0,0,0,0,0,0,0
ITEM_NEVERMELTICE,3000,HOLD_EFFECT_STRENGTHEN_ICE,20,0,0,30,0,31,false,false,POCKET_ITEMS,0,0,0,0,false,false,false,false,false,false,false,false,false,false,false,false,0,0,0,0,0,0,0,false,false,false,false,false,false,false,false,false,false,false,false,false,false,0,0,0,0,0,0,0,0,0,0,0,0,0
ITEM_SPELL_TAG,3000,HOLD_EFFECT_STRENGTHEN_GHOST,20,0,0,30,0,31,false,false,POCKET_ITEMS,0,0,0,0,false,false,false,false,false,false,false,false,false,false,false,false,0,0,0,0,0,0,0,false,false,false,false,false,false,false,false,false,false,false,false,false,false,0,0,0,0,0,0,0,0,0,0,0,0,0
ITEM_TWISTEDSPOON,3000,HOLD_EFFECT_STRENGTHEN_PSYCHIC,20,0,0,30,0,31,false,false,POCKET_ITEMS,0,0,0,0,false,false,false,false,false,false,false,false,false,false,false,false,0,0,0,0,0,0,0,false,false,false,false,false,false,false,false,false,false,false,false,false,false,0,0,0,0,0,0,0,0,0,0,0,0,0
ITEM_CHARCOAL,3000,HOLD_EFFECT_STRENGTHEN_FIRE,20,0,0,30,0,31,false,false,POCKET_ITEMS,0,0,0,0,false,false,false,false,false,false,false,false,false,false,false,false,0,0,0,0,0,0,0,false,false,false,false,false,false,false,false,false,false,false,false,false,false,0,0,0,0,0,0,0,0,0,0,0,0,0
ITEM_DRAGON_FANG,3000,HOLD_EFFECT_STRENGTHEN_DRAGON,20,0,0,70,0,31,false,false,POCKET_ITEMS,0,0,0,0,false,false,false,false,false,false,false,false,false,false,false,false,0,0,0,0,0,0,0,false,false,false,false,false,false,false,false,false,false,false,false,false,false,0,0,0,0,0,0,0,0,0,0,0,0,0
ITEM_SILK_SCARF,3000,HOLD_EFFECT_STRENGTHEN_NORMAL,20,0,0,10,0,31,false,false,POCKET_ITEMS,0,0,0,0,false,false,false,false,false,false,false,false,false,false,false,false,0,0,0,0,0,0,0,false,false,false,false,false,false,false,false,false,false,false,false,false,false,0,0,0,0,0,0,0,0,0,0,0,0,0
ITEM_UPGRADE,2100,HOLD_EFFECT_EVOLVE_PORYGON,0,0,0,30,0,31,false,false,POCKET_ITEMS,0,0,0,0,false,false,false,false,false,false,false,false,false,false,false,false,0,0,0,0,0,0,0,false,false,false,false,false,false,false,false,false,false,false,false,false,false,0,0,0,0,0,0,0,0,0,0,0,0,0
ITEM_SHELL_BELL,20000,HOLD_EFFECT_HP_RESTORE_ON_DMG,8,0,0,30,0,31,false,false,POCKET_ITEMS,0,0,0,0,false,false,false,false,false,false,false,false,false,false,false,false,0,0,0,0,0,0,0,false,false,false,false,false,false,false,false,false,false,false,false,false,false,0,0,0,0,0,0,0,0,0,0,0,0,0
ITEM_SEA_INCENSE,9600,HOLD_EFFECT_STRENGTHEN_WATER,20,0,0,10,0,31,false,false,POCKET_ITEMS,0,0,0,0,false,false,false,false,false,false,false,false,false,false,false,false,0,0,0,0,0,0,0,false,false,false,false,false,false,false,false,false,false,false,false,false,false,0,0,0,0,0,0,0,0,0,0,0,0,0
ITEM_LAX_INCENSE,9600,HOLD_EFFECT_ACC_REDUCE,10,0,0,10,0,31,false,false,POCKET_ITEMS,0,0,0,0,false,false,false,false,false,false,false,false,false,false,false,false,0,0,0,0,0,0,0,false,false,false,false,false,false,false,false,false,false,false,false,false,false,0,0,0,0,0,0,0,0,0,0,0,0,0
ITEM_LUCKY_PUNCH,10,HOLD_EFFECT_CHANSEY_CRITRATE_UP,0,0,0,40,0,31,false,false,POCKET_ITEMS,0,0,0,0,false,false,false,false,false,false,false,false,false,false,false,false,0,0,0,0,0,0,0,false,false,false,false,false,false,false,false,false,false,false,false,false,false,0,0,0,0,0,0,0,0,0,0,0,0,0
ITEM_METAL_POWDER,10,HOLD_EFFECT_DITTO_DEF_UP,0,0,0,10,0,31,false,false,POCKET_ITEMS,0,0,0,0,false,false,false,false,false,false,false,false,false,false,false,false,0,0,0,0,0,0,0,false,false,false,false,false,false,false,false,false,false,false,false,false,false,0,0,0,0,0,0,0,0,0,0,0,0,0
ITEM_THICK_CLUB,500,HOLD_EFFECT_CUBONE_ATK_UP,0,0,0,90,0,31,false,false,POCKET_ITEMS,0,0,0,0,false,false,false,false,false,false,false,false,false,false,false,false,0,0,0,0,0,0,0,false,false,false,false,false,false,false,false,false,false,false,false,false,false,0,0,0,0,0,0,0,0,0,0,0,0,0
ITEM_STICK,200,HOLD_EFFECT_FARFETCHD_CRITRATE_UP,0,0,0,60,0,31,false,false,POCKET_ITEMS,0,0,0,0,false,false,false,false,false,false,false,false,false,false,false,false,0,0,0,0,0,0,0,false,false,false,false,false,false,false,false,false,false,false,false,false,false,0,0,0,0,0,0,0,0,0,0,0,0,0
ITEM_RED_SCARF,100,HOLD_EFFECT_NONE,0,0,0,10,0,31,false,false,POCKET_ITEMS,0,0,0,0,false,false,false,false,false,false,false,false,false,false,false,false,0,0,0,0,0,0,0,false,false,false,false,false,false,false,false,false,false,false,false,false,false,0,0,0,0,0,0,0,0,0,0,0,0,0
ITEM_BLUE_SCARF,100,HOLD_EFFECT_NONE,0,0,0,10,0,31,false,false,POCKET_ITEMS,0,0,0,0,false,false,false,false,false,false,false,false,false,false,false,false,0,0,0,0,0,0,0,false,false,false,false,false,false,false,false,false,false,false,false,false,false,0,0,0,0,0,0,0,0,0,0,0,0,0
ITEM_PINK_SCARF,100,HOLD_EFFECT_NONE,0,0,0,10,0,31,false,false,POCKET_ITEMS,0,0,0,0,false,false,false,false,false,false,false,false,false,false,false,false,0,0,0,0,0,0,0,false,false,false,false,false,false,false,false,false,false,false,false,false,false,0,0,0,0,0,0,0,0,0,0,0,0,0
ITEM_GREEN_SCARF,100,HOLD_EFFECT_NONE,0,0,0,10,0,31,false,false,POCKET_ITEMS,0,0,0,0,false,false,false,false,false,false,false,false,false,false,false,false,0,0,0,0,0,0,0,false,false,false,false,false,false,false,false,false,false,false,false,false,false,0,0,0,0,0,0,0,0,0,0,0,0,0
ITEM_YELLOW_SCARF,100,HOLD_EFFECT_NONE,0,0,0,10,0,31,false,false,POCKET_ITEMS,0,0,0,0,false,false,false,false,false,false,false,false,false,false,false,false,0,0,0,0,0,0,0,false,false,false,false,false,false,false,false,false,false,false,false,false,false,0,0,0,0,0,0,0,0,0,0,0,0,0
ITEM_WIDE_LENS,20000,HOLD_EFFECT_ACCURACY_UP,10,0,0,10,0,31,false,false,POCKET_ITEMS,0,0,0,0,false,false,false,false,false,false,false,false,false,false,false,false,0,0,0,0,0,0,0,false,false,false,false,false,false,false,false,false,false,false,false,false,false,0,0,0,0,0,0,0,0,0,0,0,0,0
ITEM_MUSCLE_BAND,8000,HOLD_EFFECT_POWER_UP_PHYS,10,0,0,10,0,31,false,false,POCKET_ITEMS,0,0,0,0,false,false,false,false,false,false,false,false,false,false,false,false,0,0,0,0,0,0,0,false,false,false,false,false,false,false,false,false,false,false,false,false,false,0,0,0,0,0,0,0,0,0,0,0,0,0
ITEM_WISE_GLASSES,8000,HOLD_EFFECT_POWER_UP_SPEC,10,0,0,10,0,31,false,false,POCKET_ITEMS,0,0,0,0,false,false,false,false,false,false,false,false,false,false,false,false,0,0,0,0,0,0,0,false,false,false,false,false,false,false,false,false,false,false,false,false,false,0,0,0,0,0,0,0,0,0,0,0,0,0
ITEM_EXPERT_BELT,30000,HOLD_EFFECT_POWER_UP_SE,20,0,0,10,0,31,false,false,POCKET_ITEMS,0,0,0,0,false,false,false,false,false,false,false,false,false,false,false,false,0,0,0,0,0,0,0,false,false,false,false,false,false,false,false,false,false,false,false,false,false,0,0,0,0,0,0,0,0,0,0,0,0,0
ITEM_LIGHT_CLAY,20000,HOLD_EFFECT_EXTEND_SCREENS,3,0,0,30,0,31,false,false,POCKET_ITEMS,0,0,0,0,false,false,false,false,false,false,false,false,false,false,false,false,0,0,0,0,0,0,0,false,false,false,false,false,false,false,false,false,false,false,false,false,false,0,0,0,0,0,0,0,0,0,0,0,0,0
ITEM_LIFE_ORB,50000,HOLD_EFFECT_HP_DRAIN_ON_ATK,30,0,0,30,0,31,false,false,POCKET_ITEMS,0,0,0,0,false,false,false,false,false,false,false,false,false,false,false,false,0,0,0,0,0,0,0,false,false,false,false,false,false,false,false,false,false,false,false,false,false,0,0,0,0,0,0,0,0,0,0,0,0,0
ITEM_POWER_HERB,30000,HOLD_EFFECT_CHARGE_SKIP,0,0,0,10,0,31,false,false,POCKET_ITEMS,0,0,0,0,false,false,false,false,false,false,false,false,false,false,false,false,0,0,0,0,0,0,0,false,false,false,false,false,false,false,false,false,false,false,false,false,false,0,0,0,0,0,0,0,0,0,0,0,0,0
ITEM_TOXIC_ORB,15000,HOLD_EFFECT_PSN_USER,0,0,29,30,0,31,false,false,POCKET_ITEMS,0,0,0,0,false,false,false,false,false,false,false,false,false,false,false,false,0,0,0,0,0,0,0,false,false,false,false,false,false,false,false,false,false,false,false,false,false,0,0,0,0,0,0,0,0,0,0,0,0,0
ITEM_FLAME_ORB,15000,HOLD_EFFECT_BRN_USER,0,0,30,30,0,31,false,false,POCKET_ITEMS,0,0,0,0,false,false,false,false,false,false,false,false,false,false,false,false,0,0,0,0,0,0,0,false,false,false,false,false,false,false,false,false,false,false,false,false,false,0,0,0,0,0,0,0,0,0,0,0,0,0
ITEM_QUICK_POWDER,10,HOLD_EFFECT_DITTO_SPEED_UP,0,0,0,10,0,31,false,false,POCKET_ITEMS,0,0,0,0,false,false,false,false,false,false,false,false,false,false,false,false,0,0,0,0,0,0,0,false,false,false,false,false,false,false,false,false,false,false,false,false,false,0,0,0,0,0,0,0,0,0,0,0,0,0
ITEM_FOCUS_SASH,50000,HOLD_EFFECT_ENDURE,0,0,0,10,0,31,false,false,POCKET_ITEMS,0,0,0,0,false,false,false,false,false,false,false,false,false,false,false,false,0,0,0,0,0,0,0,false,false,false,false,false,false,false,false,false,false,false,false,false,false,0,0,0,0,0,0,0,0,0,0,0,0,0
ITEM_ZOOM_LENS,10000,HOLD_EFFECT_CRITRATE_UP_SLOWER,20,0,0,10,0,31,false,false,POCKET_ITEMS,0,0,0,0,false,false,false,false,false,false,false,false,false,false,false,false,0,0,0,0,0,0,0,false,false,false,false,false,false,false,false,false,false,false,false,false,false,0,0,0,0,0,0,0,0,0,0,0,0,0
ITEM_METRONOME,15000,HOLD_EFFECT_BOOST_REPEATED,10,0,0,30,0,31,false,false,POCKET_ITEMS,0,0,0,0,false,false,false,false,false,false,false,false,false,false,false,false,0,0,0,0,0,0,0,false,false,false,false,false,false,false,false,false,false,false,false,false,false,0,0,0,0,0,0,0,0,0,0,0,0,0
ITEM_IRON_BALL,20000,HOLD_EFFECT_SPEED_DOWN_GROUNDED,0,0,0,130,0,31,false,false,POCKET_ITEMS,0,0,0,0,false,false,false,false,false,false,false,false,false,false,false,false,0,0,0,0,0,0,0,false,false,false,false,false,false,false,false,false,false,false,false,false,false,0,0,0,0,0,0,0,0,0,0,0,0,0
ITEM_LAGGING_TAIL,20000,HOLD_EFFECT_SPEED_DOWN,0,0,0,10,0,31,false,false,POCKET_ITEMS,0,0,0,0,false,false,false,false,false,false,false,false,false,false,false,false,0,0,0,0,0,0,0,false,false,false,false,false,false,false,false,false,false,false,false,false,false,0,0,0,0,0,0,0,0,0,0,0,0,0
ITEM_DESTINY_KNOT,20000,HOLD_EFFECT_RECIPROCATE_INFAT,0,0,0,10,0,31,false,false,POCKET_ITEMS,0,0,0,0,false,false,false,false,false,false,false,false,false,false,false,false,0,0,0,0,0,0,0,false,false,false,false,false,false,false,false,false,false,false,false,false,false,0,0,0,0,0,0,0,0,0,0,0,0,0
ITEM_BLACK_SLUDGE,10000,HOLD_EFFECT_HP_RESTORE_PSN_TYPE,16,0,0,30,0,31,false,false,POCKET_ITEMS,0,0,0,0,false,false,false,false,false,false,false,false,false,false,false,false,0,0,0,0,0,0,0,false,false,false,false,false,false,false,false,false,false,false,false,false,false,0,0,0,0,0,0,0,0,0,0,0,0,0
ITEM_ICY_ROCK,8000,HOLD_EFFECT_EXTEND_HAIL,3,0,0,40,0,31,false,false,POCKET_ITEMS,0,0,0,0,false,false,false,false,false,false,false,false,false,false,false,false,0,0,0,0,0,0,0,false,false,false,false,false,false,false,false,false,false,false,false,false,false,0,0,0,0,0,0,0,0,0,0,0,0,0
ITEM_SMOOTH_ROCK,8000,HOLD_EFFECT_EXTEND_SANDSTORM,3,0,0,10,0,31,false,false,POCKET_ITEMS,0,0,0,0,false,false,false,false,false,false,false,false,false,false,false,false,0,0,0,0,0,0,0,false,false,false,false,false,false,false,false,false,false,false,false,false,false,0,0,0,0,0,0,0,0,0,0,0,0,0
ITEM_HEAT_ROCK,8000,HOLD_EFFECT_EXTEND_SUN,3,0,0,60,0,31,false,false,POCKET_ITEMS,0,0,0,0,false,false,false,false,false,false,false,false,false,false,false,false,0,0,0,0,0,0,0,false,false,false,false,false,false,false,false,false,false,false,false,false,false,0,0,0,0,0,0,0,0,0,0,0,0,0
ITEM_DAMP_ROCK,8000,HOLD_EFFECT_EXTEND_RAIN,3,0,0,60,0,31,false,false,POCKET_ITEMS,0,0,0,0,false,false,false,false,false,false,false,false,false,false,false,false,0,0,0,0,0,0,0,false,false,false,false,false,false,false,false,false,false,false,false,false,false,0,0,0,0,0,0,0,0,0,0,0,0,0
ITEM_GRIP_CLAW,10000,HOLD_EFFECT_EXTEND_TRAPPING,0,0,0,90,0,31,false,false,POCKET_ITEMS,0,0,0,0,false,false,false,false,false,false,false,false,false,false,false,false,0,0,0,0,0,0,0,false,false,false,false,false,false,false,false,false,false,false,false,false,false,0,0,0,0,0,0,0,0,0,0,0,0,0
ITEM_CHOICE_SCARF,34464,HOLD_EFFECT_CHOICE_SPEED,0,0,0,10,0,31,false,false,POCKET_ITEMS,0,0,0,0,false,false,false,false,false,false,false,false,false,false,false,false,0,0,0,0,0,0,0,false,false,false,false,false,false,false,false,false,false,false,false,false,false,0,0,0,0,0,0,0,0,0,0,0,1,0
ITEM_STICKY_BARB,10000,HOLD_EFFECT_DMG_USER_CONTACT_XFR,8,0,0,80,0,31,false,false,POCKET_ITEMS,0,0,0,0,false,false,false,false,false,false,false,false,false,false,false,false,0,0,0,0,0,0,0,false,false,false,false,false,false,false,false,false,false,false,false,false,false,0,0,0,0,0,0,0,0,0,0,0,0,0
ITEM_POWER_BRACER,10000,HOLD_EFFECT_LVLUP_ATK_EV_UP,4,0,0,70,0,31,false,false,POCKET_ITEMS,0,0,0,0,false,false,false,false,false,false,false,false,false,false,false,false,0,0,0,0,0,0,0,false,false,false,false,false,false,false,false,false,false,false,false,false,false,0,0,0,0,0,0,0,0,0,0,0,0,0
ITEM_POWER_BELT,10000,HOLD_EFFECT_LVLUP_DEF_EV_UP,4,0,0,70,0,31,false,false,POCKET_ITEMS,0,0,0,0,false,false,false,false,false,false,false,false,false,false,false,false,0,0,0,0,0,0,0,false,false,false,false,false,false,false,false,false,false,false,false,false,false,0,0,0,0,0,0,0,0,0,0,0,0,0
ITEM_POWER_LENS,10000,HOLD_EFFECT_LVLUP_SPATK_EV_UP,4,0,0,70,0,31,false,false,POCKET_ITEMS,0,0,0,0,false,false,false,false,false,false,false,false,false,false,false,false,0,0,0,0,0,0,0,false,false,false,false,false,false,false,false,false,false,false,false,false,false,0,0,0,0,0,0,0,0,0,0,0,0,0
ITEM_POWER_BAND,10000,HOLD_EFFECT_LVLUP_SPDEF_EV_UP,4,0,0,70,0,31,false,false,POCKET_ITEMS,0,0,0,0,false,false,false,false,false,false,false,false,false,false,false,false,0,0,0,0,0,0,0,false,false,false,false,false,false,false,false,false,false,false,false,false,false,0,0,0,0,0,0,0,0,0,0,0,0,0
ITEM_POWER_ANKLET,10000,HOLD_EFFECT_LVLUP_SPEED_EV_UP,4,0,0,70,0,31,false,false,POCKET_ITEMS,0,0,0,0,false,false,false,false,false,false,false,false,false,false,false,false,0,0,0,0,0,0,0,false,false,false,false,false,false,false,false,false,false,false,false,false,false,0,0,0,0,0,0,0,0,0,0,0,0,0
ITEM_POWER_WEIGHT,10000,HOLD_EFFECT_LVLUP_HP_EV_UP,4,0,0,70,0,31,false,false,POCKET_ITEMS,0,0,0,0,false,false,false,false,false,false,false,false,false,false,false,false,0,0,0,0,0,0,0,false,false,false,false,false,false,false,false,false,false,false,false,false,false,0,0,0,0,0,0,0,0,0,0,0,0,0
ITEM_SHED_SHELL,20000,HOLD_EFFECT_SWITCH,0,0,0,10,0,31,false,false,POCKET_ITEMS,0,0,0,0,false,false,false,false,false,false,false,false,false,false,false,false,0,0,0,0,0,0,0,false,false,false,false,false,false,false,false,false,false,false,false,false,false,0,0,0,0,0,0,0,0,0,0,0,0,0
ITEM_BIG_ROOT,10000,HOLD_EFFECT_LEECH_BOOST,30,0,0,10,0,31,false,false,POCKET_ITEMS,0,0,0,0,false,false,false,false,false,false,false,false,false,false,false,false,0,0,0,0,0,0,0,false,false,false,false,false,false,false,false,false,false,false,false,false,false,0,0,0,0,0,0,0,0,0,0,0,0,0
ITEM_CHOICE_SPECS,34464,HOLD_EFFECT_CHOICE_SPATK,0,0,0,10,0,31,false,false,POCKET_ITEMS,0,0,0,0,false,false,false,false,false,false,false,false,false,false,false,false,0,0,0,0,0,0,0,false,false,false,false,false,false,false,false,false,false,false,false,false,false,0,0,0,0,0,0,0,0,0,0,0,1,0
ITEM_FLAME_PLATE,1000,HOLD_EFFECT_ARCEUS_FIRE,20,0,0,90,0,31,false,false,POCKET_ITEMS,0,0,0,0,false,false,false,false,false,false,false,false,false,false,false,false,0,0,0,0,0,0,0,false,false,false,false,false,false,false,false,false,false,false,false,false,false,0,0,0,0,0,0,0,0,0,0,0,0,0
ITEM_SPLASH_PLATE,1000,HOLD_EFFECT_ARCEUS_WATER,20,0,0,90,0,31,false,false,POCKET_ITEMS,0,0,0,0,false,false,false,false,false,false,false,false,false,false,false,false,0,0,0,0,0,0,0,false,false,false,false,false,false,false,false,false,false,false,false,false,false,0,0,0,0,0,0,0,0,0,0,0,0,0
ITEM_ZAP_PLATE,1000,HOLD_EFFECT_ARCEUS_ELECTRIC,20,0,0,90,0,31,false,false,POCKET_ITEMS,0,0,0,0,false,false,false,false,false,false,false,false,false,false,false,false,0,0,0,0,0,0,0,false,false,false,false,false,false,false,false,false,false,false,false,false,false,0,0,0,0,0,0,0,0,0,0,0,0,0
ITEM_MEADOW_PLATE,1000,HOLD_EFFECT_ARCEUS_GRASS,20,0,0,90,0,31,false,false,POCKET_ITEMS,0,0,0,0,false,false,false,false,false,false,false,false,false,false,false,false,0,0,0,0,0,0,0,false,false,false,false,false,false,false,false,false,false,false,false,false,false,0,0,0,0,0,0,0,0,0,0,0,0,0
ITEM_ICICLE_PLATE,1000,HOLD_EFFECT_ARCEUS_ICE,20,0,0,90,0,31,false,false,POCKET_ITEMS,0,0,0,0,false,false,false,false,false,false,false,false,false,false,false,false,0,0,0,0,0,0,0,false,false,false,false,false,false,false,false,false,false,false,false,false,false,0,0,0,0,0,0,0,0,0,0,0,0,0
ITEM_FIST_PLATE,1000,HOLD_EFFECT_ARCEUS_FIGHTING,20,0,0,90,0,31,false,false,POCKET_ITEMS,0,0,0,0,false,false,false,false,false,false,false,false,false,false,false,false,0,0,0,0,0,0,0,false,false,false,false,false,false,false,false,false,false,false,false,false,false,0,0,0,0,0,0,0,0,0,0,0,0,0
ITEM_TOXIC_PLATE,1000,HOLD_EFFECT_ARCEUS_POISON,20,0,0,90,0,31,false,false,POCKET_ITEMS,0,0,0,0,false,false,false,false,false,false,false,false,false,false,false,false,0,0,0,0,0,0,0,false,false,false,false,false,false,false,false,false,false,false,false,false,false,0,0,0,0,0,0,0,0,0,0,0,0,0
ITEM_EARTH_PLATE,1000,HOLD_EFFECT_ARCEUS_GROUND,20,0,0,90,0,31,false,false,POCKET_ITEMS,0,0,0,0,false,false,false,false,false,false,false,false,false,false,false,false,0,0,0,0,0,0,0,false,false,false,false,false,false,false,false,false,false,false,false,false,false,0,0,0,0,0,0,0,0,0,0,0,0,0
ITEM_SKY_PLATE,1000,HOLD_EFFECT_ARCEUS_FLYING,20,0,0,90,0,31,false,false,POCKET_ITEMS,0,0,0,0,false,false,false,false,false,false,false,false,false,false,false,false,0,0,0,0,0,0,0,false,false,false,false,false,false,false,false,false,false,false,false,false,false,0,0,0,0,0,0,0,0,0,0,0,0,0
ITEM_MIND_PLATE,1000,HOLD_EFFECT_ARCEUS_PSYCHIC,20,0,0,90,0,31,false,false,POCKET_ITEMS,0,0,0,0,false,false,false,false,false,false,false,false,false,false,false,false,0,0,0,0,0,0,0,false,false,false,false,false,false,false,false,false,false,false,false,false,false,0,0,0,0,0,0,0,0,0,0,0,0,0
ITEM_INSECT_PLATE,1000,HOLD_EFFECT_ARCEUS_BUG,20,0,0,90,0,31,false,false,POCKET_ITEMS,0,0,0,0,false,false,false,false,false,false,false,false,false,false,false,false,0,0,0,0,0,0,0,false,false,false,false,false,false,false,false,false,false,false,false,false,false,0,0,0,0,0,0,0,0,0,0,0,0,0
ITEM_STONE_PLATE,1000,HOLD_EFFECT_ARCEUS_ROCK,20,0,0,90,0,31,false,false,POCKET_ITEMS,0,0,0,0,false,false,false,false,false,false,false,false,false,false,false,false,0,0,0,0,0,0,0,false,false,false,false,false,false,false,false,false,false,false,false,false,false,0,0,0,0,0,0,0,0,0,0,0,0,0
ITEM_SPOOKY_PLATE,1000,HOLD_EFFECT_ARCEUS_GHOST,20,0,0,90,0,31,false,false,POCKET_ITEMS,0,0,0,0,false,false,false,false,false,false,false,false,false,false,false,false,0,0,0,0,0,0,0,false,false,false,false,false,false,false,false,false,false,false,false,false,false,0,0,0,0,0,0,0,0,0,0,0,0,0
ITEM_DRACO_PLATE,1000,HOLD_EFFECT_ARCEUS_DRAGON,20,0,0,90,0,31,false,false,POCKET_ITEMS,0,0,0,0,false,false,false,false,false,false,false,false,false,false,false,false,0,0,0,0,0,0,0,false,false,false,false,false,false,false,false,false,false,false,false,false,false,0,0,0,0,0,0,0,0,0,0,0,0,0
ITEM_DREAD_PLATE,1000,HOLD_EFFECT_ARCEUS_DARK,20,0,0,90,0,31,false,false,POCKET_ITEMS,0,0,0,0,false,false,false,false,false,false,false,false,false,false,false,false,0,0,0,0,0,0,0,false,false,false,false,false,false,false,false,false,false,false,false,false,false,0,0,0,0,0,0,0,0,0,0,0,0,0
ITEM_IRON_PLATE,1000,HOLD_EFFECT_ARCEUS_STEEL,20,0,0,90,0,31,false,false,POCKET_ITEMS,0,0,0,0,false,false,false,false,false,false,false,false,false,false,false,false,0,0,0,0,0,0,0,false,false,false,false,false,false,false,false,false,false,false,false,false,false,0,0,0,0,0,0,0,0,0,0,0,0,0
ITEM_ODD_INCENSE,9600,HOLD_EFFECT_STRENGTHEN_PSYCHIC,20,0,0,10,0,31,false,false,POCKET_ITEMS,0,0,0,0,false,false,false,false,false,false,false,false,false,false,false,false,0,0,0,0,0,0,0,false,false,false,false,false,false,false,false,false,false,false,false,false,false,0,0,0,0,0,0,0,0,0,0,0,0,0
ITEM_ROCK_INCENSE,9600,HOLD_EFFECT_STRENGTHEN_ROCK,20,0,0,10,0,31,false,false,POCKET_ITEMS,0,0,0,0,false,false,false,false,false,false,false,false,false,false,false,false,0,0,0,0,0,0,0,false,false,false,false,false,false,false,false,false,false,false,false,false,false,0,0,0,0,0,0,0,0,0,0,0,0,0
ITEM_FULL_INCENSE,9600,HOLD_EFFECT_SPEED_DOWN,0,0,0,10,0,31,false,false,POCKET_ITEMS,0,0,0,0,false,false,false,false,false,false,false,false,false,false,false,false,0,0,0,0,0,0,0,false,false,false,false,false,false,false,false,false,false,false,false,false,false,0,0,0,0,0,0,0,0,0,0,0,0,0
ITEM_WAVE_INCENSE,9600,HOLD_EFFECT_STRENGTHEN_WATER,20,0,0,10,0,31,false,false,POCKET_ITEMS,0,0,0,0,false,false,false,false,false,false,false,false,false,false,false,false,0,0,0,0,0,0,0,false,false,false,false,false,false,false,false,false,false,false,false,false,false,0,0,0,0,0,0,0,0,0,0,0,0,0
ITEM_ROSE_INCENSE,9600,HOLD_EFFECT_STRENGTHEN_GRASS,20,0,0,10,0,31,false,false,POCKET_ITEMS,0,0,0,0,false,false,false,false,false,false,false,false,false,false,false,false,0,0,0,0,0,0,0,false,false,false,false,false,false,false,false,false,false,false,false,false,false,0,0,0,0,0,0,0,0,0,0,0,0,0
ITEM_LUCK_INCENSE,9600,HOLD_EFFECT_MONEY_UP,10,0,0,10,0,31,false,false,POCKET_ITEMS,0,0,0,0,false,false,false,false,false,false,false,false,false,false,false,false,0,0,0,0,0,0,0,false,false,false,false,false,false,false,false,false,false,false,false,false,false,0,0,0,0,0,0,0,0,0,0,0,0,0
ITEM_PURE_INCENSE,9600,HOLD_EFFECT_ENCOUNTERS_DOWN,0,0,0,10,0,31,false,false,POCKET_ITEMS,0,0,0,0,false,false,false,false,false,false,false,false,false,false,false,false,0,0,0,0,0,0,0,false,false,false,false,false,false,false,false,false,false,false,false,false,false,0,0,0,0,0,0,0,0,0,0,0,0,0
ITEM_PROTECTOR,2100,HOLD_EFFECT_EVOLVE_RHYDON,0,0,0,80,0,31,false,false,POCKET_ITEMS,0,0,0,0,false,false,false,false,false,false,false,false,false,false,false,false,0,0,0,0,0,0,0,false,false,false,false,false,false,false,false,false,false,false,false,false,false,0,0,0,0,0,0,0,0,0,0,0,0,0
ITEM_ELECTIRIZER,2100,HOLD_EFFECT_EVOLVE_ELECTABUZZ,0,0,0,80,0,31,false,false,POCKET_ITEMS,0,0,0,0,false,false,false,false,false,false,false,false,false,false,false,false,0,0,0,0,0,0,0,false,false,false,false,false,false,false,false,false,false,false,false,false,false,0,0,0,0,0,0,0,0,0,0,0,0,0
ITEM_MAGMARIZER,2100,HOLD_EFFECT_EVOLVE_MAGMAR,0,0,0,80,0,31,false,false,POCKET_ITEMS,0,0,0,0,false,false,false,false,false,false,false,false,false,false,false,false,0,0,0,0,0,0,0,false,false,false,false,false,false,false,false,false,false,false,false,false,false,0,0,0,0,0,0,0,0,0,0,0,0,0
ITEM_DUBIOUS_DISC,2100,HOLD_EFFECT_EVOLVE_PORYGON2,0,0,0,50,0,31,false,false,POCKET_ITEMS,0,0,0,0,false,false,false,false,false,false,false,false,false,false,false,false,0,0,0,0,0,0,0,false,false,false,false,false,false,false,false,false,false,false,false,false,false,0,0,0,0,0,0,0,0,0,0,0,0,0
ITEM_REAPER_CLOTH,4000,HOLD_EFFECT_EVOLVE_DUSCLOPS,0,0,0,10,0,31,false,false,POCKET_ITEMS,0,0,0,0,false,false,false,false,false,false,false,false,false,false,false,false,0,0,0,0,0,0,0,false,false,false,false,false,false,false,false,false,false,false,false,false,false,0,0,0,0,0,0,0,0,0,0,0,0,0
ITEM_RAZOR_CLAW,15000,HOLD_EFFECT_CRITRATE_UP,0,0,0,80,0,31,false,false,POCKET_ITEMS,0,0,0,0,false,false,false,false,false,false,false,false,false,false,false,false,0,0,0,0,0,0,0,false,false,false,false,false,false,false,false,false,false,false,false,false,false,0,0,0,0,0,0,0,0,0,0,0,0,0
ITEM_RAZOR_FANG,4000,HOLD_EFFECT_FLINCH_CHANCE,10,0,26,30,0,31,false,false,POCKET_ITEMS,0,0,0,0,false,false,false,false,false,false,false,false,false,false,false,false,0,0,0,0,0,0,0,false,false,false,false,false,false,false,false,false,false,false,false,false,false,0,0,0,0,0,0,0,0,0,0,0,0,0
ITEM_TM01,1600,HOLD_EFFECT_NONE,0,0,0,0,0,31,false,false,POCKET_TMHMS,0,6,0,0,false,false,false,false,false,false,false,false,false,false,false,false,0,0,0,0,0,0,0,false,false,false,false,false,false,false,false,false,false,false,false,false,false,0,0,0,0,0,0,0,0,0,0,0,0,0
ITEM_TM02,1600,HOLD_EFFECT_NONE,0,0,0,0,0,31,false,false,POCKET_TMHMS,0,6,0,0,false,false,false,false,false,false,false,false,false,false,false,false,0,0,0,0,0,0,0,false,false,false,false,false,false,false,false,false,false,false,false,false,false,0,0,0,0,0,0,0,0,0,0,0,0,0
ITEM_TM03,1600,HOLD_EFFECT_NONE,0,0,0,0,0,31,false,false,POCKET_TMHMS,0,6,0,0,false,false,false,false,false,false,false,false,false,false,false,false,0,0,0,0,0,0,0,false,false,false,false,false,false,false,false,false,false,false,false,false,false,0,0,0,0,0,0,0,0,0,0,0,0,0
ITEM_TM04,3200,HOLD_EFFECT_NONE,0,0,0,0,0,31,false,false,POCKET_TMHMS,0,6,0,0,false,false,false,false,false,false,false,false,false,false,false,false,0,0,0,0,0,0,0,false,false,false,false,false,false,false,false,false,false,false,false,false,false,0,0,0,0,0,0,0,0,0,0,0,0,0
ITEM_TM05,800,HOLD_EFFECT_NONE,0,0,0,0,0,31,false,false,POCKET_TMHMS,0,6,0,0,false,false,false,false,false,false,false,false,false,false,false,false,0,0,0,0,0,0,0,false,false,false,false,false,false,false,false,false,false,false,false,false,false,0,0,0,0,0,0,0,0,0,0,0,0,0
ITEM_TM06,1600,HOLD_EFFECT_NONE,0,0,0,0,0,31,false,false,POCKET_TMHMS,0,6,0,0,false,false,false,false,false,false,false,false,false,false,false,false,0,0,0,0,0,0,0,false,false,false,false,false,false,false,false,false,false,false,false,false,false,0,0,0,0,0,0,0,0,0,0,0,0,0
ITEM_TM07,1600,HOLD_EFFECT_NONE,0,0,0,0,0,31,false,false,POCKET_TMHMS,0,6,0,0,false,false,false,false,false,false,false,false,false,false,false,false,0,0,0,0,0,0,0,false,false,false,false,false,false,false,false,false,false,false,false,false,false,0,0,0,0,0,0,0,0,0,0,0,0,0
ITEM_TM08,3200,HOLD_EFFECT_NONE,0,0,0,0,0,31,false,false,POCKET_TMHMS,0,6,0,0,false,false,false,false,false,false,false,false,false,false,false,false,0,0,0,0,0,0,0,false,false,false,false,false,false,false,false,false,false,false,false,false,false,0,0,0,0,0,0,0,0,0,0,0,0,0
ITEM_TM09,3200,HOLD_EFFECT_NONE,0,0,0,0,0,31,false,false,POCKET_TMHMS,0,6,0,0,false,false,false,false,false,false,false,false,false,false,false,false,0,0,0,0,0,0,0,false,false,false,false,false,false,false,false,false,false,false,false,false,false,0,0,0,0,0,0,0,0,0,0,0,0,0
ITEM_TM10,3200,HOLD_EFFECT_NONE,0,0,0,0,0,31,false,false,POCKET_TMHMS,0,6,0,0,false,false,false,false,false,false,false,false,false,false,false,false,0,0,0,0,0,0,0,false,false,false,false,false,false,false,false,false,false,false,false,false,false,0,0,0,0,0,0,0,0,0,0,0,0,0
ITEM_TM11,6000,HOLD_EFFECT_NONE,0,0,0,0,0,31,false,false,POCKET_TMHMS,0,6,0,0,false,false,false,false,false,false,false,false,false,false,false,false,0,0,0,0,0,0,0,false,false,false,false,false,false,false,false,false,false,false,false,false,false,0,0,0,0,0,0,0,0,0,0,0,0,0
ITEM_TM12,1600,HOLD_EFFECT_NONE,0,0,0,0,0,31,false,false,POCKET_TMHMS,0,6,0,0,false,false,false,false,false,false,false,false,false,false,false,false,0,0,0,0,0,0,0,false,false,false,false,false,false,false,false,false,false,false,false,false,false,0,0,0,0,0,0,0,0,0,0,0,0,0
ITEM_TM13,3200,HOLD_EFFECT_NONE,0,0,0,0,0,31,false,false,POCKET_TMHMS,0,6,0,0,false,false,false,false,false,false,false,false,false,false,false,false,0,0,0,0,0,0,0,false,false,false,false,false,false,false,false,false,false,false,false,false,false,0,0,0,0,0,0,0,0,0,0,0,0,0
ITEM_TM14,12000,HOLD_EFFECT_NONE,0,0,0,0,0,31,false,false,POCKET_TMHMS,0,6,0,0,false,false,false,false,false,false,false,false,false,false,false,false,0,0,0,0,0,0,0,false,false,false,false,false,false,false,false,false,false,false,false,false,false,0,0,0,0,0,0,0,0,0,0,0,0,0
ITEM_TM15,1600,HOLD_EFFECT_NONE,0,0,0,0,0,31,false,false,POCKET_TMHMS,0,6,0,0,false,false,false,false,false,false,false,false,false,false,false,false,0,0,0,0,0,0,0,false,false,false,false,false,false,false,false,false,false,false,false,false,false,0,0,0,0,0,0,0,0,0,0,0,0,0
ITEM_TM16,3200,HOLD_EFFECT_NONE,0,0,0,0,0,31,false,false,POCKET_TMHMS,0,6,0,0,false,false,false,false,false,false,false,false,false,false,false,false,0,0,0,0,0,0,0,false,false,false,false,false,false,false,false,false,false,false,false,false,false,0,0,0,0,0,0,0,0,0,0,0,0,0
ITEM_TM17,1600,HOLD_EFFECT_NONE,0,0,0,0,0,31,false,false,POCKET_TMHMS,0,6,0,0,false,false,false,false,false,false,false,false,false,false,false,false,0,0,0,0,0,0,0,false,false,false,false,false,false,false,false,false,false,false,false,false,false,0,0,0,0,0,0,0,0,0,0,0,0,0
ITEM_TM18,12000,HOLD_EFFECT_NONE,0,0,0,0,0,31,false,false,POCKET_TMHMS,0,6,0,0,false,false,false,false,false,false,false,false,false,false,false,false,0,0,0,0,0,0,0,false,false,false,false,false,false,false,false,false,false,false,false,false,false,0,0,0,0,0,0,0,0,0,0,0,0,0
ITEM_TM19,800,HOLD_EFFECT_NONE,0,0,0,0,0,31,false,false,POCKET_TMHMS,0,6,0,0,false,false,false,false,false,false,false,false,false,false,false,false,0,0,0,0,0,0,0,false,false,false,false,false,false,false,false,false,false,false,false,false,false,0,0,0,0,0,0,0,0,0,0,0,0,0
ITEM_TM20,3200,HOLD_EFFECT_NONE,0,0,0,0,0,31,false,false,POCKET_TMHMS,0,6,0,0,false,false,false,false,false,false,false,false,false,false,false,false,0,0,0,0,0,0,0,false,false,false,false,false,false,false,false,false,false,false,false,false,false,0,0,0,0,0,0,0,0,0,0,0,0,0
ITEM_TM21,3200,HOLD_EFFECT_NONE,0,0,0,0,0,31,false,false,POCKET_TMHMS,0,6,0,0,false,false,false,false,false,false,false,false,false,false,false,false,0,0,0,0,0,0,0,false,false,false,false,false,false,false,false,false,false,false,false,false,false,0,0,0,0,0,0,0,0,0,0,0,0,0
ITEM_TM22,12000,HOLD_EFFECT_NONE,0,0,0,0,0,31,false,false,POCKET_TMHMS,0,6,0,0,false,false,false,false,false,false,false,false,false,false,false,false,0,0,0,0,0,0,0,false,false,false,false,false,false,false,false,false,false,false,false,false,false,0,0,0,0,0,0,0,0,0,0,0,0,0
ITEM_TM23,3200,HOLD_EFFECT_NONE,0,0,0,0,0,31,false,false,POCKET_TMHMS,0,6,0,0,false,false,false,false,false,false,false,false,false,false,false,false,0,0,0,0,0,0,0,false,false,false,false,false,false,false,false,false,false,false,false,false,false,0,0,0,0,0,0,0,0,0,0,0,0,0
ITEM_TM24,3200,HOLD_EFFECT_NONE,0,0,0,0,0,31,false,false,POCKET_TMHMS,0,6,0,0,false,false,false,false,false,false,false,false,false,false,false,false,0,0,0,0,0,0,0,false,false,false,false,false,false,false,false,false,false,false,false,false,false,0,0,0,0,0,0,0,0,0,0,0,0,0
ITEM_TM25,20000,HOLD_EFFECT_NONE,0,0,0,0,0,31,false,false,POCKET_TMHMS,0,6,0,0,false,false,false,false,false,false,false,false,false,false,false,false,0,0,0,0,0,0,0,false,false,false,false,false,false,false,false,false,false,false,false,false,false,0,0,0,0,0,0,0,0,0,0,0,0,0
ITEM_TM26,3200,HOLD_EFFECT_NONE,0,0,0,0,0,31,false,false,POCKET_TMHMS,0,6,0,0,false,false,false,false,false,false,false,false,false,false,false,false,0,0,0,0,0,0,0,false,false,false,false,false,false,false,false,false,false,false,false,false,false,0,0,0,0,0,0,0,0,0,0,0,0,0
ITEM_TM27,3200,HOLD_EFFECT_NONE,0,0,0,0,0,31,false,false,POCKET_TMHMS,0,6,0,0,false,false,false,false,false,false,false,false,false,false,false,false,0,0,0,0,0,0,0,false,false,false,false,false,false,false,false,false,false,false,false,false,false,0,0,0,0,0,0,0,0,0,0,0,0,0
ITEM_TM28,6000,HOLD_EFFECT_NONE,0,0,0,0,0,31,false,false,POCKET_TMHMS,0,6,0,0,false,false,false,false,false,false,false,false,false,false,false,false,0,0,0,0,0,0,0,false,false,false,false,false,false,false,false,false,false,false,false,false,false,0,0,0,0,0,0,0,0,0,0,0,0,0
ITEM_TM29,12000,HOLD_EFFECT_NONE,0,0,0,0,0,31,false,false,POCKET_TMHMS,0,6,0,0,false,false,false,false,false,false,false,false,false,false,false,false,0,0,0,0,0,0,0,false,false,false,false,false,false,false,false,false,false,false,false,false,false,0,0,0,0,0,0,0,0,0,0,0,0,0
ITEM_TM30,3200,HOLD_EFFECT_NONE,0,0,0,0,0,31,false,false,POCKET_TMHMS,0,6,0,0,false,false,false,false,false,false,false,false,false,false,false,false,0,0,0,0,0,0,0,false,false,false,false,false,false,false,false,false,false,false,false,false,false,0,0,0,0,0,0,0,0,0,0,0,0,0
ITEM_TM31,1600,HOLD_EFFECT_NONE,0,0,0,0,0,31,false,false,POCKET_TMHMS,0,6,0,0,false,false,false,false,false,false,false,false,false,false,false,false,0,0,0,0,0,0,0,false,false,false,false,false,false,false,false,false,false,false,false,false,false,0,0,0,0,0,0,0,0,0,0,0,0,0
ITEM_TM32,800,HOLD_EFFECT_NONE,0,0,0,0,0,31,false,false,POCKET_TMHMS,0,6,0,0,false,false,false,false,false,false,false,false,false,false,false,false,0,0,0,0,0,0,0,false,false,false,false,false,false,false,false,false,false,false,false,false,false,0,0,0,0,0,0,0,0,0,0,0,0,0
ITEM_TM33,6000,HOLD_EFFECT_NONE,0,0,0,0,0,31,false,false,POCKET_TMHMS,0,6,0,0,false,false,false,false,false,false,false,false,false,false,false,false,0,0,0,0,0,0,0,false,false,false,false,false,false,false,false,false,false,false,false,false,false,0,0,0,0,0,0,0,0,0,0,0,0,0
ITEM_TM34,3200,HOLD_EFFECT_NONE,0,0,0,0,0,31,false,false,POCKET_TMHMS,0,6,0,0,false,false,false,false,false,false,false,false,false,false,false,false,0,0,0,0,0,0,0,false,false,false,false,false,false,false,false,false,false,false,false,false,false,0,0,0,0,0,0,0,0,0,0,0,0,0
ITEM_TM35,3200,HOLD_EFFECT_NONE,0,0,0,0,0,31,false,false,POCKET_TMHMS,0,6,0,0,false,false,false,false,false,false,false,false,false,false,false,false,0,0,0,0,0,0,0,false,false,false,false,false,false,false,false,false,false,false,false,false,false,0,0,0,0,0,0,0,0,0,0,0,0,0
ITEM_TM36,6000,HOLD_EFFECT_NONE,0,0,0,0,0,31,false,false,POCKET_TMHMS,0,6,0,0,false,false,false,false,false,false,false,false,false,false,false,false,0,0,0,0,0,0,0,false,false,false,false,false,false,false,false,false,false,false,false,false,false,0,0,0,0,0,0,0,0,0,0,0,0,0
ITEM_TM37,3200,HOLD_EFFECT_NONE,0,0,0,0,0,31,false,false,POCKET_TMHMS,0,6,0,0,false,false,false,false,false,false,false,false,false,false,false,false,0,0,0,0,0,0,0,false,false,false,false,false,false,false,false,false,false,false,false,false,false,0,0,0,0,0,0,0,0,0,0,0,0,0
ITEM_TM38,3200,HOLD_EFFECT_NONE,0,0,0,0,0,31,false,false,POCKET_TMHMS,0,6,0,0,false,false,false,false,false,false,false,false,false,false,false,false,0,0,0,0,0,0,0,false,false,false,false,false,false,false,false,false,false,false,false,false,false,0,0,0,0,0,0,0,0,0,0,0,0,0
ITEM_TM39,12000,HOLD_EFFECT_NONE,0,0,0,0,0,31,false,false,POCKET_TMHMS,0,6,0,0,false,false,false,false,false,false,false,false,false,false,false,false,0,0,0,0,0,0,0,false,false,false,false,false,false,false,false,false,false,false,false,false,false,0,0,0,0,0,0,0,0,0,0,0,0,0
ITEM_TM40,1600,HOLD_EFFECT_NONE,0,0,0,0,0,31,false,false,POCKET_TMHMS,0,6,0,0,false,false,false,false,false,false,false,false,false,false,false,false,0,0,0,0,0,0,0,false,false,false,false,false,false,false,false,false,false,false,false,false,false,0,0,0,0,0,0,0,0,0,0,0,0,0
ITEM_TM41,3200,HOLD_EFFECT_NONE,0,0,0,0,0,31,false,false,POCKET_TMHMS,0,6,0,0,false,false,false,false,false,false,false,false,false,false,false,false,0,0,0,0,0,0,0,false,false,false,false,false,false,false,false,false,false,false,false,false,false,0,0,0,0,0,0,0,0,0,0,0,0,0
ITEM_TM42,1600,HOLD_EFFECT_NONE,0,0,0,0,0,31,false,false,POCKET_TMHMS,0,6,0,0,false,false,false,false,false,false,false,false,false,false,false,false,0,0,0,0,0,0,0,false,false,false,false,false,false,false,false,false,false,false,false,false,false,0,0,0,0,0,0,0,0,0,0,0,0,0
ITEM_TM43,12000,HOLD_EFFECT_NONE,0,0,0,0,0,31,false,false,POCKET_TMHMS,0,6,0,0,false,false,false,false,false,false,false,false,false,false,false,false,0,0,0,0,0,0,0,false,false,false,false,false,false,false,false,false,false,false,false,false,false,0,0,0,0,0,0,0,0,0,0,0,0,0
ITEM_TM44,6000,HOLD_EFFECT_NONE,0,0,0,0,0,31,false,false,POCKET_TMHMS,0,6,0,0,false,false,false,false,false,false,false,false,false,false,false,false,0,0,0,0,0,0,0,false,false,false,false,false,false,false,false,false,false,false,false,false,false,0,0,0,0,0,0,0,0,0,0,0,0,0
ITEM_TM45,12000,HOLD_EFFECT_NONE,0,0,0,0,0,31,false,false,POCKET_TMHMS,0,6,0,0,false,false,false,false,false,false,false,false,false,false,false,false,0,0,0,0,0,0,0,false,false,false,false,false,false,false,false,false,false,false,false,false,false,0,0,0,0,0,0,0,0,0,0,0,0,0
ITEM_TM46,6000,HOLD_EFFECT_NONE,0,0,0,0,0,31,false,false,POCKET_TMHMS,0,6,0,0,false,false,false,false,false,false,false,false,false,false,false,false,0,0,0,0,0,0,0,false,false,false,false,false,false,false,false,false,false,false,false,false,false,0,0,0,0,0,0,0,0,0,0,0,0,0
ITEM_TM47,800,HOLD_EFFECT_NONE,0,0,0,0,0,31,false,false,POCKET_TMHMS,0,6,0,0,false,false,false,false,false,false,false,false,false,false,false,false,0,0,0,0,0,0,0,false,false,false,false,false,false,false,false,false,false,false,false,false,false,0,0,0,0,0,0,0,0,0,0,0,0,0
ITEM_TM48,12000,HOLD_EFFECT_NONE,0,0,0,0,0,31,false,false,POCKET_TMHMS,0,6,0,0,false,false,false,false,false,false,false,false,false,false,false,false,0,0,0,0,0,0,0,false,false,false,false,false,false,false,false,false,false,false,false,false,false,0,0,0,0,0,0,0,0,0,0,0,0,0
ITEM_TM49,12000,HOLD_EFFECT_NONE,0,0,0,0,0,31,false,false,POCKET_TMHMS,0,6,0,0,false,false,false,false,false,false,false,false,false,false,false,false,0,0,0,0,0,0,0,false,false,false,false,false,false,false,false,false,false,false,false,false,false,0,0,0,0,0,0,0,0,0,0,0,0,0
ITEM_TM50,12000,HOLD_EFFECT_NONE,0,0,0,0,0,31,false,false,POCKET_TMHMS,0,6,0,0,false,false,false,false,false,false,false,false,false,false,false,false,0,0,0,0,0,0,0,false,false,false,false,false,false,false,false,false,false,false,false,false,false,0,0,0,0,0,0,0,0,0,0,0,0,0
ITEM_TM51,12000,HOLD_EFFECT_NONE,0,0,0,0,0,31,false,false,POCKET_TMHMS,0,6,0,0,false,false,false,false,false,false,false,false,false,false,false,false,0,0,0,0,0,0,0,false,false,false,false,false,false,false,false,false,false,false,false,false,false,0,0,0,0,0,0,0,0,0,0,0,0,0
ITEM_TM52,12000,HOLD_EFFECT_NONE,0,0,0,0,0,31,false,false,POCKET_TMHMS,0,6,0,0,false,false,false,false,false,false,false,false,false,false,false,false,0,0,0,0,0,0,0,false,false,false,false,false,false,false,false,false,false,false,false,false,false,0,0,0,0,0,0,0,0,0,0,0,0,0
ITEM_TM53,12000,HOLD_EFFECT_NONE,0,0,0,0,0,31,false,false,POCKET_TMHMS,0,6,0,0,false,false,false,false,false,false,false,false,false,false,false,false,0,0,0,0,0,0,0,false,false,false,false,false,false,false,false,false,false,false,false,false,false,0,0,0,0,0,0,0,0,0,0,0,0,0
ITEM_TM54,20000,HOLD_EFFECT_NONE,0,0,0,0,0,31,false,false,POCKET_TMHMS,0,6,0,0,false,false,false,false,false,false,false,false,false,false,false,false,0,0,0,0,0,0,0,false,false,false,false,false,false,false,false,false,false,false,false,false,false,0,0,0,0,0,0,0,0,0,0,0,0,0
ITEM_TM55,20000,HOLD_EFFECT_NONE,0,0,0,0,0,31,false,false,POCKET_TMHMS,0,6,0,0,false,false,false,false,false,false,false,false,false,false,false,false,0,0,0,0,0,0,0,false,false,false,false,false,false,false,false,false,false,false,false,false,false,0,0,0,0,0,0,0,0,0,0,0,0,0
ITEM_TM56,12000,HOLD_EFFECT_NONE,0,0,0,0,0,31,false,false,POCKET_TMHMS,0,6,0,0,false,false,false,false,false,false,false,false,false,false,false,false,0,0,0,0,0,0,0,false,false,false,false,false,false,false,false,false,false,false,false,false,false,0,0,0,0,0,0,0,0,0,0,0,0,0
ITEM_TM57,1600,HOLD_EFFECT_NONE,0,0,0,0,0,31,false,false,POCKET_TMHMS,0,6,0,0,false,false,false,false,false,false,false,false,false,false,false,false,0,0,0,0,0,0,0,false,false,false,false,false,false,false,false,false,false,false,false,false,false,0,0,0,0,0,0,0,0,0,0,0,0,0
ITEM_TM58,20000,HOLD_EFFECT_NONE,0,0,0,0,0,31,false,false,POCKET_TMHMS,0,6,0,0,false,false,false,false,false,false,false,false,false,false,false,false,0,0,0,0,0,0,0,false,false,false,false,false,false,false,false,false,false,false,false,false,false,0,0,0,0,0,0,0,0,0,0,0,0,0
ITEM_TM59,20000,HOLD_EFFECT_NONE,0,0,0,0,0,31,false,false,POCKET_TMHMS,0,6,0,0,false,false,false,false,false,false,false,false,false,false,false,false,0,0,0,0,0,0,0,false,false,false,false,false,false,false,false,false,false,false,false,false,false,0,0,0,0,0,0,0,0,0,0,0,0,0
ITEM_TM60,12000,HOLD_EFFECT_NONE,0,0,0,0,0,31,false,false,POCKET_TMHMS,0,6,0,0,false,false,false,false,false,false,false,false,false,false,false,false,0,0,0,0,0,0,0,false,false,false,false,false,false,false,false,false,false,false,false,false,false,0,0,0,0,0,0,0,0,0,0,0,0,0
ITEM_TM61,12000,HOLD_EFFECT_NONE,0,0,0,0,0,31,false,false,POCKET_TMHMS,0,6,0,0,false,false,false,false,false,false,false,false,false,false,false,false,0,0,0,0,0,0,0,false,false,false,false,false,false,false,false,false,false,false,false,false,false,0,0,0,0,0,0,0,0,0,0,0,0,0
ITEM_TM62,12000,HOLD_EFFECT_NONE,0,0,0,0,0,31,false,false,POCKET_TMHMS,0,6,0,0,false,false,false,false,false,false,false,false,false,false,false,false,0,0,0,0,0,0,0,false,false,false,false,false,false,false,false,false,false,false,false,false,false,0,0,0,0,0,0,0,0,0,0,0,0,0
ITEM_TM63,40000,HOLD_EFFECT_NONE,0,0,0,0,0,31,false,false,POCKET_TMHMS,0,6,0,0,false,false,false,false,false,false,false,false,false,false,false,false,0,0,0,0,0,0,0,false,false,false,false,false,false,false,false,false,false,false,false,false,false,0,0,0,0,0,0,0,0,0,0,0,0,0
ITEM_TM64,12000,HOLD_EFFECT_NONE,0,0,0,0,0,31,false,false,POCKET_TMHMS,0,6,0,0,false,false,false,false,false,false,false,false,false,false,false,false,0,0,0,0,0,0,0,false,false,false,false,false,false,false,false,false,false,false,false,false,false,0,0,0,0,0,0,0,0,0,0,0,0,0
ITEM_TM65,20000,HOLD_EFFECT_NONE,0,0,0,0,0,31,false,false,POCKET_TMHMS,0,6,0,0,false,false,false,false,false,false,false,false,false,false,false,false,0,0,0,0,0,0,0,false,false,false,false,false,false,false,false,false,false,false,false,false,false,0,0,0,0,0,0,0,0,0,0,0,0,0
ITEM_TM66,20000,HOLD_EFFECT_NONE,0,0,0,0,0,31,false,false,POCKET_TMHMS,0,6,0,0,false,false,false,false,false,false,false,false,false,false,false,false,0,0,0,0,0,0,0,false,false,false,false,false,false,false,false,false,false,false,false,false,false,0,0,0,0,0,0,0,0,0,0,0,0,0
ITEM_TM67,20000,HOLD_EFFECT_NONE,0,0,0,0,0,31,false,false,POCKET_TMHMS,0,6,0,0,false,false,false,false,false,false,false,false,false,false,false,false,0,0,0,0,0,0,0,false,false,false,false,false,false,false,false,false,false,false,false,false,false,0,0,0,0,0,0,0,0,0,0,0,0,0
ITEM_TM68,20000,HOLD_EFFECT_NONE,0,0,0,0,0,31,false,false,POCKET_TMHMS,0,6,0,0,false,false,false,false,false,false,false,false,false,false,false,false,0,0,0,0,0,0,0,false,false,false,false,false,false,false,false,false,false,false,false,false,false,0,0,0,0,0,0,0,0,0,0,0,0,0
ITEM_TM69,20000,HOLD_EFFECT_NONE,0,0,0,0,0,31,false,false,POCKET_TMHMS,0,6,0,0,false,false,false,false,false,false,false,false,false,false,false,false,0,0,0,0,0,0,0,false,false,false,false,false,false,false,false,false,false,false,false,false,false,0,0,0,0,0,0,0,0,0,0,0,0,0
ITEM_TM70,1600,HOLD_EFFECT_NONE,0,0,0,0,0,31,false,false,POCKET_TMHMS,0,6,0,0,false,false,false,false,false,false,false,false,false,false,false,false,0,0,0,0,0,0,0,false,false,false,false,false,false,false,false,false,false,false,false,false,false,0,0,0,0,0,0,0,0,0,0,0,0,0
ITEM_TM71,32000,HOLD_EFFECT_NONE,0,0,0,0,0,31,false,false,POCKET_TMHMS,0,6,0,0,false,false,false,false,false,false,false,false,false,false,false,false,0,0,0,0,0,0,0,false,false,false,false,false,false,false,false,false,false,false,false,false,false,0,0,0,0,0,0,0,0,0,0,0,0,0
ITEM_TM72,20000,HOLD_EFFECT_NONE,0,0,0,0,0,31,false,false,POCKET_TMHMS,0,6,0,0,false,false,false,false,false,false,false,false,false,false,false,false,0,0,0,0,0,0,0,false,false,false,false,false,false,false,false,false,false,false,false,false,false,0,0,0,0,0,0,0,0,0,0,0,0,0
ITEM_TM73,32000,HOLD_EFFECT_NONE,0,0,0,0,0,31,false,false,POCKET_TMHMS,0,6,0,0,false,false,false,false,false,false,false,false,false,false,false,false,0,0,0,0,0,0,0,false,false,false,false,false,false,false,false,false,false,false,false,false,false,0,0,0,0,0,0,0,0,0,0,0,0,0
ITEM_TM74,3200,HOLD_EFFECT_NONE,0,0,0,0,0,31,false,false,POCKET_TMHMS,0,6,0,0,false,false,false,false,false,false,false,false,false,false,false,false,0,0,0,0,0,0,0,false,false,false,false,false,false,false,false,false,false,false,false,false,false,0,0,0,0,0,0,0,0,0,0,0,0,0
ITEM_TM75,3200,HOLD_EFFECT_NONE,0,0,0,0,0,31,false,false,POCKET_TMHMS,0,6,0,0,false,false,false,false,false,false,false,false,false,false,false,false,0,0,0,0,0,0,0,false,false,false,false,false,false,false,false,false,false,false,false,false,false,0,0,0,0,0,0,0,0,0,0,0,0,0
ITEM_TM76,12000,HOLD_EFFECT_NONE,0,0,0,0,0,31,false,false,POCKET_TMHMS,0,6,0,0,false,false,false,false,false,false,false,false,false,false,false,false,0,0,0,0,0,0,0,false,false,false,false,false,false,false,false,false,false,false,false,false,false,0,0,0,0,0,0,0,0,0,0,0,0,0
ITEM_TM77,32000,HOLD_EFFECT_NONE,0,0,0,0,0,31,false,false,POCKET_TMHMS,0,6,0,0,false,false,false,false,false,false,false,false,false,false,false,false,0,0,0,0,0,0,0,false,false,false,false,false,false,false,false,false,false,false,false,false,false,0,0,0,0,0,0,0,0,0,0,0,0,0
ITEM_TM78,32000,HOLD_EFFECT_NONE,0,0,0,0,0,31,false,false,POCKET_TMHMS,0,6,0,0,false,false,false,false,false,false,false,false,false,false,false,false,0,0,0,0,0,0,0,false,false,false,false,false,false,false,false,false,false,false,false,false,false,0,0,0,0,0,0,0,0,0,0,0,0,0
ITEM_TM79,32000,HOLD_EFFECT_NONE,0,0,0,0,0,31,false,false,POCKET_TMHMS,0,6,0,0,false,false,false,false,false,false,false,false,false,false,false,false,0,0,0,0,0,0,0,false,false,false,false,false,false,false,false,false,false,false,false,false,false,0,0,0,0,0,0,0,0,0,0,0,0,0
ITEM_TM80,1600,HOLD_EFFECT_NONE,0,0,0,0,0,31,false,false,POCKET_TMHMS,0,6,0,0,false,false,false,false,false,false,false,false,false,false,false,false,0,0,0,0,0,0,0,false,false,false,false,false,false,false,false,false,false,false,false,false,false,0,0,0,0,0,0,0,0,0,0,0,0,0
ITEM_TM81,12000,HOLD_EFFECT_NONE,0,0,0,0,0,31,false,false,POCKET_TMHMS,0,6,0,0,false,false,false,false,false,false,false,false,false,false,false,false,0,0,0,0,0,0,0,false,false,false,false,false,false,false,false,false,false,false,false,false,false,0,0,0,0,0,0,0,0,0,0,0,0,0
ITEM_TM82,1600,HOLD_EFFECT_NONE,0,0,0,0,0,31,false,false,POCKET_TMHMS,0,6,0,0,false,false,false,false,false,false,false,false,false,false,false,false,0,0,0,0,0,0,0,false,false,false,false,false,false,false,false,false,false,false,false,false,false,0,0,0,0,0,0,0,0,0,0,0,0,0
ITEM_TM83,20000,HOLD_EFFECT_NONE,0,0,0,0,0,31,false,false,POCKET_TMHMS,0,6,0,0,false,false,false,false,false,false,false,false,false,false,false,false,0,0,0,0,0,0,0,false,false,false,false,false,false,false,false,false,false,false,false,false,false,0,0,0,0,0,0,0,0,0,0,0,0,0
ITEM_TM84,20000,HOLD_EFFECT_NONE,0,0,0,0,0,31,false,false,POCKET_TMHMS,0,6,0,0,false,false,false,false,false,false,false,false,false,false,false,false,0,0,0,0,0,0,0,false,false,false,false,false,false,false,false,false,false,false,false,false,false,0,0,0,0,0,0,0,0,0,0,0,0,0
ITEM_TM85,1600,HOLD_EFFECT_NONE,0,0,0,0,0,31,false,false,POCKET_TMHMS,0,6,0,0,false,false,false,false,false,false,false,false,false,false,false,false,0,0,0,0,0,0,0,false,false,false,false,false,false,false,false,false,false,false,false,false,false,0,0,0,0,0,0,0,0,0,0,0,0,0
ITEM_TM86,20000,HOLD_EFFECT_NONE,0,0,0,0,0,31,false,false,POCKET_TMHMS,0,6,0,0,false,false,false,false,false,false,false,false,false,false,false,false,0,0,0,0,0,0,0,false,false,false,false,false,false,false,false,false,false,false,false,false,false,0,0,0,0,0,0,0,0,0,0,0,0,0
ITEM_TM87,12000,HOLD_EFFECT_NONE,0,0,0,0,0,31,false,false,POCKET_TMHMS,0,6,0,0,false,false,false,false,false,false,false,false,false,false,false,false,0,0,0,0,0,0,0,false,false,false,false,false,false,false,false,false,false,false,false,false,false,0,0,0,0,0,0,0,0,0,0,0,0,0
ITEM_TM88,20000,HOLD_EFFECT_NONE,0,0,0,0,0,31,false,false,POCKET_TMHMS,0,6,0,0,false,false,false,false,false,false,false,false,false,false,false,false,0,0,0,0,0,0,0,false,false,false,false,false,false,false,false,false,false,false,false,false,false,0,0,0,0,0,0,0,0,0,0,0,0,0
ITEM_TM89,32000,HOLD_EFFECT_NONE,0,0,0,0,0,31,false,false,POCKET_TMHMS,0,6,0,0,false,false,false,false,false,false,false,false,false,false,false,false,0,0,0,0,0,0,0,false,false,false,false,false,false,false,false,false,false,false,false,false,false,0,0,0,0,0,0,0,0,0,0,0,0,0
ITEM_TM90,12000,HOLD_EFFECT_NONE,0,0,0,0,0,31,false,false,POCKET_TMHMS,0,6,0,0,false,false,false,false,false,false,false,false,false,false,false,false,0,0,0,0,0,0,0,false,false,false,false,false,false,false,false,false,false,false,false,false,false,0,0,0,0,0,0,0,0,0,0,0,0,0
ITEM_TM91,12000,HOLD_EFFECT_NONE,0,0,0,0,0,31,false,false,POCKET_TMHMS,0,6,0,0,false,false,false,false,false,false,false,false,false,false,false,false,0,0,0,0,0,0,0,false,false,false,false,false,false,false,false,false,false,false,false,false,false,0,0,0,0,0,0,0,0,0,0,0,0,0
ITEM_TM92,12000,HOLD_EFFECT_NONE,0,0,0,0,0,31,false,false,POCKET_TMHMS,0,6,0,0,false,false,false,false,false,false,false,false,false,false,false,false,0,0,0,0,0,0,0,false,false,false,false,false,false,false,false,false,false,false,false,false,false,0,0,0,0,0,0,0,0,0,0,0,0,0
ITEM_HM01,0,HOLD_EFFECT_NONE,0,0,0,0,0,31,true,false,POCKET_TMHMS,0,6,0,0,false,false,false,false,false,false,false,false,false,false,false,false,0,0,0,0,0,0,0,false,false,false,false,false,false,false,false,false,false,false,false,false,false,0,0,0,0,0,0,0,0,0,0,0,0,0
ITEM_HM02,0,HOLD_EFFECT_NONE,0,0,0,0,0,31,true,false,POCKET_TMHMS,0,6,0,0,false,false,false,false,false,false,false,false,false,false,false,false,0,0,0,0,0,0,0,false,false,false,false,false,false,false,false,false,false,false,false,false,false,0,0,0,0,0,0,0,0,0,0,0,0,0
ITEM_HM03,0,HOLD_EFFECT_NONE,0,0,0,0,0,31,true,false,POCKET_TMHMS,0,6,0,0,false,false,false,false,false,false,false,false,false,false,false,false,0,0,0,0,0,0,0,false,false,false,false,false,false,false,false,false,false,false,false,false,false,0,0,0,0,0,0,0,0,0,0,0,0,0
ITEM_HM04,0,HOLD_EFFECT_NONE,0,0,0,0,0,31,true,false,POCKET_TMHMS,0,6,0,0,false,false,false,false,false,false,false,false,false,false,false,false,0,0,0,0,0,0,0,false,false,false,false,false,false,false,false,false,false,false,false,false,false,0,0,0,0,0,0,0,0,0,0,0,0,0
ITEM_HM05,0,HOLD_EFFECT_NONE,0,0,0,0,0,31,true,false,POCKET_TMHMS,0,6,0,0,false,false,false,false,false,false,false,false,false,false,false,false,0,0,0,0,0,0,0,false,false,false,false,false,false,false,false,false,false,false,false,false,false,0,0,0,0,0,0,0,0,0,0,0,0,0
ITEM_HM06,0,HOLD_EFFECT_NONE,0,0,0,0,0,31,true,false,POCKET_TMHMS,0,6,0,0,false,false,false,false,false,false,false,false,false,false,false,false,0,0,0,0,0,0,0,false,false,false,false,false,false,false,false,false,false,false,false,false,false,0,0,0,0,0,0,0,0,0,0,0,0,0
ITEM_HM07,0,HOLD_EFFECT_NONE,0,0,0,0,0,31,true,false,POCKET_TMHMS,0,6,0,0,false,false,false,false,false,false,false,false,false,false,false,false,0,0,0,0,0,0,0,false,false,false,false,false,false,false,false,false,false,false,false,false,false,0,0,0,0,0,0,0,0,0,0,0,0,0
ITEM_HM08,0,HOLD_EFFECT_NONE,0,0,0,0,0,31,true,false,POCKET_TMHMS,0,6,0,0,false,false,false,false,false,false,false,false,false,false,false,false,0,0,0,0,0,0,0,false,false,false,false,false,false,false,false,false,false,false,false,false,false,0,0,0,0,0,0,0,0,0,0,0,0,0
ITEM_LOOT_SACK,0,HOLD_EFFECT_NONE,0,0,0,0,0,31,true,false,POCKET_KEY_ITEMS,0,0,0,0,false,false,false,false,false,false,false,false,false,false,false,false,0,0,0,0,0,0,0,false,false,false,false,false,false,false,false,false,false,false,false,false,false,0,0,0,0,0,0,0,0,0,0,0,0,0
ITEM_RULE_BOOK,0,HOLD_EFFECT_NONE,0,0,0,0,0,31,true,false,POCKET_KEY_ITEMS,0,0,0,0,false,false,false,false,false,false,false,false,false,false,false,false,0,0,0,0,0,0,0,false,false,false,false,false,false,false,false,false,false,false,false,false,false,0,0,0,0,0,0,0,0,0,0,0,0,0
ITEM_POKE_RADAR,0,HOLD_EFFECT_NONE,0,0,0,0,0,31,true,true,POCKET_KEY_ITEMS,0,11,0,0,false,false,false,false,false,false,false,false,false,false,false,false,0,0,0,0,0,0,0,false,false,false,false,false,false,false,false,false,false,false,false,false,false,0,0,0,0,0,0,0,0,0,0,0,0,0
ITEM_POINT_CARD,0,HOLD_EFFECT_NONE,0,0,0,0,0,31,true,true,POCKET_KEY_ITEMS,0,19,0,0,false,false,false,false,false,false,false,false,false,false,false,false,0,0,0,0,0,0,0,false,false,false,false,false,false,false,false,false,false,false,false,false,false,0,0,0,0,0,0,0,0,0,0,0,0,0
ITEM_JOURNAL,0,HOLD_EFFECT_NONE,0,0,0,0,0,31,true,true,POCKET_KEY_ITEMS,0,5,0,0,false,false,false,false,false,false,false,false,false,false,false,false,0,0,0,0,0,0,0,false,false,false,false,false,false,false,false,false,false,false,false,false,false,0,0,0,0,0,0,0,0,0,0,0,0,0
ITEM_SEAL_CASE,0,HOLD_EFFECT_NONE,0,0,0,0,0,31,true,true,POCKET_KEY_ITEMS,0,19,0,0,false,false,false,false,false,false,false,false,false,false,false,false,0,0,0,0,0,0,0,false,false,false,false,false,false,false,false,false,false,false,false,false,false,0,0,0,0,0,0,0,0,0,0,0,0,0
ITEM_FASHION_CASE,0,HOLD_EFFECT_NONE,0,0,0,0,0,31,true,true,POCKET_KEY_ITEMS,0,19,0,0,false,false,false,false,false,false,false,false,false,false,false,false,0,0,0,0,0,0,0,false,false,false,false,false,false,false,false,false,false,false,false,false,false,0,0,0,0,0,0,0,0,0,0,0,0,0
ITEM_SEAL_BAG,0,HOLD_EFFECT_NONE,0,0,0,0,0,31,true,false,POCKET_KEY_ITEMS,0,0,0,0,false,false,false,false,false,false,false,false,false,false,false,false,0,0,0,0,0,0,0,false,false,false,false,false,false,false,false,false,false,false,false,false,false,0,0,0,0,0,0,0,0,0,0,0,0,0
ITEM_PAL_PAD,0,HOLD_EFFECT_NONE,0,0,0,0,0,31,true,true,POCKET_KEY_ITEMS,0,10,0,0,false,false,false,false,false,false,false,false,false,false,false,false,0,0,0,0,0,0,0,false,false,false,false,false,false,false,false,false,false,false,false,false,false,0,0,0,0,0,0,0,0,0,0,0,0,0
ITEM_WORKS_KEY,0,HOLD_EFFECT_NONE,0,0,0,0,0,31,true,false,POCKET_KEY_ITEMS,0,0,0,0,false,false,false,false,false,false,false,false,false,false,false,false,0,0,0,0,0,0,0,false,false,false,false,false,false,false,false,false,false,false,false,false,false,0,0,0,0,0,0,0,0,0,0,0,0,0
ITEM_OLD_CHARM,0,HOLD_EFFECT_NONE,0,0,0,0,0,31,true,false,POCKET_KEY_ITEMS,0,0,0,0,false,false,false,false,false,false,false,false,false,false,false,false,0,0,0,0,0,0,0,false,false,false,false,false,false,false,false,false,false,false,false,false,false,0,0,0,0,0,0,0,0,0,0,0,0,0
ITEM_GALACTIC_KEY,0,HOLD_EFFECT_NONE,0,0,0,0,0,31,true,false,POCKET_KEY_ITEMS,0,0,0,0,false,false,false,false,false,false,false,false,false,false,false,false,0,0,0,0,0,0,0,false,false,false,false,false,false,false,false,false,false,false,false,false,false,0,0,0,0,0,0,0,0,0,0,0,0,0
ITEM_RED_CHAIN,0,HOLD_EFFECT_NONE,0,0,0,0,0,31,true,false,POCKET_KEY_ITEMS,0,0,0,0,false,false,false,false,false,false,false,false,false,false,false,false,0,0,0,0,0,0,0,false,false,false,false,false,false,false,false,false,false,false,false,false,false,0,0,0,0,0,0,0,0,0,0,0,0,0
ITEM_TOWN_MAP,0,HOLD_EFFECT_NONE,0,0,0,0,0,31,true,true,POCKET_KEY_ITEMS,0,2,0,0,false,false,false,false,false,false,false,false,false,false,false,false,0,0,0,0,0,0,0,false,false,false,false,false,false,false,false,false,false,false,false,false,false,0,0,0,0,0,0,0,0,0,0,0,0,0
ITEM_VS__SEEKER,0,HOLD_EFFECT_NONE,0,0,0,0,0,31,true,true,POCKET_KEY_ITEMS,0,15,0,0,false,false,false,false,false,false,false,false,false,false,false,false,0,0,0,0,0,0,0,false,false,false,false,false,false,false,false,false,false,false,false,false,false,0,0,0,0,0,0,0,0,0,0,0,0,0
ITEM_COIN_CASE,0,HOLD_EFFECT_NONE,0,0,0,0,0,31,true,true,POCKET_KEY_ITEMS,0,19,0,0,false,false,false,false,false,false,false,false,false,false,false,false,0,0,0,0,0,0,0,false,false,false,false,false,false,false,false,false,false,false,false,false,false,0,0,0,0,0,0,0,0,0,0,0,0,0
ITEM_OLD_ROD,0,HOLD_EFFECT_NONE,0,0,0,0,0,31,true,true,POCKET_KEY_ITEMS,0,16,0,0,false,false,false,false,false,false,false,false,false,false,false,false,0,0,0,0,0,0,0,false,false,false,false,false,false,false,false,false,false,false,false,false,false,0,0,0,0,0,0,0,0,0,0,0,0,0
ITEM_GOOD_ROD,0,HOLD_EFFECT_NONE,0,0,0,0,0,31,true,true,POCKET_KEY_ITEMS,0,17,0,0,true,false,false,false,false,false,false,false,false,false,false,false,0,0,0,0,0,0,0,false,false,false,false,false,false,false,false,false,false,false,false,false,false,0,0,0,0,0,0,0,0,0,0,0,0,0
ITEM_SUPER_ROD,0,HOLD_EFFECT_NONE,0,0,0,0,0,31,true,true,POCKET_KEY_ITEMS,0,18,0,0,false,true,false,false,false,false,false,false,false,false,false,false,0,0,0,0,0,0,0,false,false,false,false,false,false,false,false,false,false,false,false,false,false,0,0,0,0,0,0,0,0,0,0,0,0,0
ITEM_SPRAYDUCK,0,HOLD_EFFECT_NONE,0,0,0,0,0,31,true,true,POCKET_KEY_ITEMS,0,12,0,0,false,false,false,false,false,false,false,false,false,false,false,false,0,0,0,0,0,0,0,false,false,false,false,false,false,false,false,false,false,false,false,false,false,0,0,0,0,0,0,0,0,0,0,0,0,0
ITEM_POFFIN_CASE,0,HOLD_EFFECT_NONE,0,0,0,0,0,31,true,true,POCKET_KEY_ITEMS,0,9,0,0,false,false,false,false,false,false,false,false,false,false,false,false,0,0,0,0,0,0,0,false,false,false,false,false,false,false,false,false,false,false,false,false,false,0,0,0,0,0,0,0,0,0,0,0,0,0
ITEM_BICYCLE,0,HOLD_EFFECT_NONE,0,0,0,0,0,31,true,true,POCKET_KEY_ITEMS,0,4,0,0,false,false,false,false,false,false,false,false,false,false,false,false,0,0,0,0,0,0,0,false,false,false,false,false,false,false,false,false,false,false,false,false,false,0,0,0,0,0,0,0,0,0,0,0,0,0
ITEM_SUITE_KEY,0,HOLD_EFFECT_NONE,0,0,0,0,0,31,true,false,POCKET_KEY_ITEMS,0,0,0,0,false,false,false,false,false,false,false,false,false,false,false,false,0,0,0,0,0,0,0,false,false,false,false,false,false,false,false,false,false,false,false,false,false,0,0,0,0,0,0,0,0,0,0,0,0,0
ITEM_OAKS_LETTER,0,HOLD_EFFECT_NONE,0,0,0,0,0,31,true,false,POCKET_KEY_ITEMS,0,0,0,0,false,false,false,false,false,false,false,false,false,false,false,false,0,0,0,0,0,0,0,false,false,false,false,false,false,false,false,false,false,false,false,false,false,0,0,0,0,0,0,0,0,0,0,0,0,0
ITEM_LUNAR_WING,0,HOLD_EFFECT_NONE,0,0,0,0,0,31,true,false,POCKET_KEY_ITEMS,0,0,0,0,false,false,false,false,false,false,false,false,false,false,false,false,0,0,0,0,0,0,0,false,false,false,false,false,false,false,false,false,false,false,false,false,false,0,0,0,0,0,0,0,0,0,0,0,0,0
ITEM_MEMBER_CARD,0,HOLD_EFFECT_NONE,0,0,0,0,0,31,true,false,POCKET_KEY_ITEMS,0,0,0,0,false,false,false,false,false,false,false,false,false,false,false,false,0,0,0,0,0,0,0,false,false,false,false,false,false,false,false,false,false,false,false,false,false,0,0,0,0,0,0,0,0,0,0,0,0,0
ITEM_AZURE_FLUTE,0,HOLD_EFFECT_NONE,0,0,0,0,0,31,true,true,POCKET_KEY_ITEMS,0,22,0,0,false,false,false,false,false,false,false,false,false,false,false,false,0,0,0,0,0,0,0,false,false,false,false,false,false,false,false,false,false,false,false,false,false,0,0,0,0,0,0,0,0,0,0,0,0,0
ITEM_S_S__TICKET,0,HOLD_EFFECT_NONE,0,0,0,0,0,31,true,false,POCKET_KEY_ITEMS,0,0,0,0,false,false,false,false,false,false,false,false,false,false,false,false,0,0,0,0,0,0,0,false,false,false,false,false,false,false,false,false,false,false,false,false,false,0,0,0,0,0,0,0,0,0,0,0,0,0
ITEM_CONTEST_PASS,0,HOLD_EFFECT_NONE,0,0,0,0,0,31,true,false,POCKET_KEY_ITEMS,0,0,0,0,false,false,false,false,false,false,false,false,false,false,false,false,0,0,0,0,0,0,0,false,false,false,false,false,false,false,false,false,false,false,false,false,false,0,0,0,0,0,0,0,0,0,0,0,0,0
ITEM_MAGMA_STONE,0,HOLD_EFFECT_NONE,0,0,0,0,0,31,true,false,POCKET_KEY_ITEMS,0,0,0,0,false,false,false,false,false,false,false,false,false,false,false,false,0,0,0,0,0,0,0,false,false,false,false,false,false,false,false,false,false,false,false,false,false,0,0,0,0,0,0,0,0,0,0,0,0,0
ITEM_PARCEL,0,HOLD_EFFECT_NONE,0,0,0,0,0,31,true,false,POCKET_KEY_ITEMS,0,0,0,0,false,false,false,false,false,false,false,false,false,false,false,false,0,0,0,0,0,0,0,false,false,false,false,false,false,false,false,false,false,false,false,false,false,0,0,0,0,0,0,0,0,0,0,0,0,0
ITEM_COUPON_1,0,HOLD_EFFECT_NONE,0,0,0,0,0,31,true,false,POCKET_KEY_ITEMS,0,0,0,0,false,false,false,false,false,false,false,false,false,false,false,false,0,0,0,0,0,0,0,false,false,false,false,false,false,false,false,false,false,false,false,false,false,0,0,0,0,0,0,0,0,0,0,0,0,0
ITEM_COUPON_2,0,HOLD_EFFECT_NONE,0,0,0,0,0,31,true,false,POCKET_KEY_ITEMS,0,0,0,0,false,false,false,false,false,false,false,false,false,false,false,false,0,0,0,0,0,0,0,false,false,false,false,false,false,false,false,false,false,false,false,false,false,0,0,0,0,0,0,0,0,0,0,0,0,0
ITEM_COUPON_3,0,HOLD_EFFECT_NONE,0,0,0,0,0,31,true,false,POCKET_KEY_ITEMS,0,0,0,0,false,false,false,false,false,false,false,false,false,false,false,false,0,0,0,0,0,0,0,false,false,false,false,false,false,false,false,false,false,false,false,false,false,0,0,0,0,0,0,0,0,0,0,0,0,0
ITEM_STORAGE_KEY,0,HOLD_EFFECT_NONE,0,0,0,0,0,31,true,false,POCKET_KEY_ITEMS,0,0,0,0,false,false,false,false,false,false,false,false,false,false,false,false,0,0,0,0,0,0,0,false,false,false,false,false,false,false,false,false,false,false,false,false,false,0,0,0,0,0,0,0,0,0,0,0,0,0
ITEM_SECRETPOTION,0,HOLD_EFFECT_NONE,0,0,0,0,0,31,true,false,POCKET_KEY_ITEMS,0,0,0,0,false,false,false,false,false,false,false,false,false,false,false,false,0,0,0,0,0,0,0,false,false,false,false,false,false,false,false,false,false,false,false,false,false,0,0,0,0,0,0,0,0,0,0,0,0,0
ITEM_VS__RECORDER,0,HOLD_EFFECT_NONE,0,0,0,0,0,31,true,true,POCKET_KEY_ITEMS,0,29,0,0,false,false,false,false,false,false,false,false,false,false,false,false,0,0,0,0,0,0,0,false,false,false,false,false,false,false,false,false,false,false,false,false,false,0,0,0,0,0,0,0,0,0,0,0,0,0
ITEM_GRACIDEA,0,HOLD_EFFECT_NONE,0,0,0,0,0,31,true,true,POCKET_KEY_ITEMS,0,28,0,0,false,false,false,false,false,false,false,false,false,false,false,false,0,0,0,0,0,0,0,false,false,false,false,false,false,false,false,false,false,false,false,false,false,0,0,0,0,0,0,0,0,0,0,0,0,0
ITEM_SECRET_KEY,0,HOLD_EFFECT_NONE,0,0,0,0,0,31,true,false,POCKET_KEY_ITEMS,0,0,0,0,false,false,false,false,false,false,false,false,false,false,false,false,0,0,0,0,0,0,0,false,false,false,false,false,false,false,false,false,false,false,false,false,false,0,0,0,0,0,0,0,0,0,0,0,0,0
ITEM_APRICORN_BOX,0,HOLD_EFFECT_NONE,0,0,0,0,0,31,true,true,POCKET_KEY_ITEMS,0,23,0,0,false,false,false,false,false,false,false,false,false,false,false,false,0,0,0,0,0,0,0,false,false,false,false,false,false,false,false,false,false,false,false,false,false,0,0,0,0,0,0,0,0,0,0,0,0,0
ITEM_UNOWN_REPORT,0,HOLD_EFFECT_NONE,0,0,0,0,0,31,true,true,POCKET_KEY_ITEMS,0,25,0,0,false,false,false,false,false,false,false,false,false,false,false,false,0,0,0,0,0,0,0,false,false,false,false,false,false,false,false,false,false,false,false,false,false,0,0,0,0,0,0,0,0,0,0,0,0,0
ITEM_BERRY_POTS,0,HOLD_EFFECT_NONE,0,0,0,0,0,31,true,true,POCKET_KEY_ITEMS,0,24,0,0,false,false,false,false,false,false,false,false,false,false,false,false,0,0,0,0,0,0,0,false,false,false,false,false,false,false,false,false,false,false,false,false,false,0,0,0,0,0,0,0,0,0,0,0,0,0
ITEM_DOWSING_MCHN,0,HOLD_EFFECT_NONE,0,0,0,0,0,31,true,true,POCKET_KEY_ITEMS,0,26,0,0,false,false,false,false,false,false,false,false,false,false,false,false,0,0,0,0,0,0,0,false,false,false,false,false,false,false,false,false,false,false,false,false,false,0,0,0,0,0,0,0,0,0,0,0,0,0
ITEM_BLUE_CARD,0,HOLD_EFFECT_NONE,0,0,0,0,0,31,true,false,POCKET_KEY_ITEMS,0,0,0,0,false,false,false,false,false,false,false,false,false,false,false,false,0,0,0,0,0,0,0,false,false,false,false,false,false,false,false,false,false,false,false,false,false,0,0,0,0,0,0,0,0,0,0,0,0,0
ITEM_SLOWPOKETAIL,0,HOLD_EFFECT_NONE,0,0,0,0,0,31,true,false,POCKET_KEY_ITEMS,0,0,0,0,false,false,false,false,false,false,false,false,false,false,false,false,0,0,0,0,0,0,0,false,false,false,false,false,false,false,false,false,false,false,false,false,false,0,0,0,0,0,0,0,0,0,0,0,0,0
ITEM_CLEAR_BELL,0,HOLD_EFFECT_NONE,0,0,0,0,0,31,true,false,POCKET_KEY_ITEMS,0,0,0,0,false,false,false,false,false,false,false,false,false,false,false,false,0,0,0,0,0,0,0,false,false,false,false,false,false,false,false,false,false,false,false,false,false,0,0,0,0,0,0,0,0,0,0,0,0,0
ITEM_CARD_KEY,0,HOLD_EFFECT_NONE,0,0,0,0,0,31,true,false,POCKET_KEY_ITEMS,0,0,0,0,false,false,false,false,false,false,false,false,false,false,false,false,0,0,0,0,0,0,0,false,false,false,false,false,false,false,false,false,false,false,false,false,false,0,0,0,0,0,0,0,0,0,0,0,0,0
ITEM_BASEMENT_KEY,0,HOLD_EFFECT_NONE,0,0,0,0,0,31,true,false,POCKET_KEY_ITEMS,0,0,0,0,false,false,false,false,false,false,false,false,false,false,false,false,0,0,0,0,0,0,0,false,false,false,false,false,false,false,false,false,false,false,false,false,false,0,0,0,0,0,0,0,0,0,0,0,0,0
ITEM_SQUIRTBOTTLE,0,HOLD_EFFECT_NONE,0,0,0,0,0,31,true,false,POCKET_KEY_ITEMS,0,0,0,0,false,false,false,false,false,false,false,false,false,false,false,false,0,0,0,0,0,0,0,false,false,false,false,false,false,false,false,false,false,false,false,false,false,0,0,0,0,0,0,0,0,0,0,0,0,0
ITEM_RED_SCALE,0,HOLD_EFFECT_NONE,0,0,0,0,0,31,true,false,POCKET_KEY_ITEMS,0,0,0,0,false,false,false,false,false,false,false,false,false,false,false,false,0,0,0,0,0,0,0,false,false,false,false,false,false,false,false,false,false,false,false,false,false,0,0,0,0,0,0,0,0,0,0,0,0,0
ITEM_LOST_ITEM,0,HOLD_EFFECT_NONE,0,0,0,0,0,31,true,false,POCKET_KEY_ITEMS,0,0,0,0,false,false,false,false,false,false,false,false,false,false,false,false,0,0,0,0,0,0,0,false,false,false,false,false,false,false,false,false,false,false,false,false,false,0,0,0,0,0,0,0,0,0,0,0,0,0
ITEM_PASS,0,HOLD_EFFECT_NONE,0,0,0,0,0,31,true,false,POCKET_KEY_ITEMS,0,0,0,0,false,false,false,false,false,false,false,false,false,false,false,false,0,0,0,0,0,0,0,false,false,false,false,false,false,false,false,false,false,false,false,false,false,0,0,0,0,0,0,0,0,0,0,0,0,0
ITEM_MACHINE_PART,0,HOLD_EFFECT_NONE,0,0,0,0,0,31,true,false,POCKET_KEY_ITEMS,0,0,0,0,false,false,false,false,false,false,false,false,false,false,false,false,0,0,0,0,0,0,0,false,false,false,false,false,false,false,false,false,false,false,false,false,false,0,0,0,0,0,0,0,0,0,0,0,0,0
ITEM_SILVER_WING,0,HOLD_EFFECT_NONE,0,0,0,0,0,31,true,false,POCKET_KEY_ITEMS,0,0,0,0,false,false,false,false,false,false,false,false,false,false,false,false,0,0,0,0,0,0,0,false,false,false,false,false,false,false,false,false,false,false,false,false,false,0,0,0,0,0,0,0,0,0,0,0,0,0
ITEM_RAINBOW_WING,0,HOLD_EFFECT_NONE,0,0,0,0,0,31,true,false,POCKET_KEY_ITEMS,0,0,0,0,false,false,false,false,false,false,false,false,false,false,false,false,0,0,0,0,0,0,0,false,false,false,false,false,false,false,false,false,false,false,false,false,false,0,0,0,0,0,0,0,0,0,0,0,0,0
ITEM_MYSTERY_EGG,0,HOLD_EFFECT_NONE,0,0,0,0,0,31,true,false,POCKET_KEY_ITEMS,0,0,0,0,false,false,false,false,false,false,false,false,false,false,false,false,0,0,0,0,0,0,0,false,false,false,false,false,false,false,false,false,false,false,false,false,false,0,0,0,0,0,0,0,0,0,0,0,0,0
ITEM_RED_APRICORN,200,HOLD_EFFECT_NONE,0,0,0,0,0,31,true,false,POCKET_ITEMS,0,0,0,0,false,false,false,false,false,false,false,false,false,false,false,false,0,0,0,0,0,0,0,false,false,false,false,false,false,false,false,false,false,false,false,false,false,0,0,0,0,0,0,0,0,0,0,0,0,0
ITEM_YLW_APRICORN,200,HOLD_EFFECT_NONE,0,0,0,0,0,31,true,false,POCKET_ITEMS,0,0,0,0,false,false,false,false,false,false,false,false,false,false,false,false,0,0,0,0,0,0,0,false,false,false,false,false,false,false,false,false,false,false,false,false,false,0,0,0,0,0,0,0,0,0,0,0,0,0
ITEM_BLU_APRICORN,200,HOLD_EFFECT_NONE,0,0,0,0,0,31,true,false,POCKET_ITEMS,0,0,0,0,false,false,false,false,false,false,false,false,false,false,false,false,0,0,0,0,0,0,0,false,false,false,false,false,false,false,false,false,false,false,false,false,false,0,0,0,0,0,0,0,0,0,0,0,0,0
ITEM_GRN_APRICORN,200,HOLD_EFFECT_NONE,0,0,0,0,0,31,true,false,POCKET_ITEMS,0,0,0,0,false,false,false,false,false,false,false,false,false,false,false,false,0,0,0,0,0,0,0,false,false,false,false,false,false,false,false,false,false,false,false,false,false,0,0,0,0,0,0,0,0,0,0,0,0,0
ITEM_PNK_APRICORN,200,HOLD_EFFECT_NONE,0,0,0,0,0,31,true,false,POCKET_ITEMS,0,0,0,0,false,false,false,false,false,false,false,false,false,false,false,false,0,0,0,0,0,0,0,false,false,false,false,false,false,false,false,false,false,false,false,false,false,0,0,0,0,0,0,0,0,0,0,0,0,0
ITEM_WHT_APRICORN,200,HOLD_EFFECT_NONE,0,0,0,0,0,31,true,false,POCKET_ITEMS,0,0,0,0,false,false,false,false,false,false,false,false,false,false,false,false,0,0,0,0,0,0,0,false,false,false,false,false,false,false,false,false,false,false,false,false,false,0,0,0,0,0,0,0,0,0,0,0,0,0
ITEM_BLK_APRICORN,200,HOLD_EFFECT_NONE,0,0,0,0,0,31,true,false,POCKET_ITEMS,0,0,0,0,false,false,false,false,false,false,false,false,false,false,false,false,0,0,0,0,0,0,0,false,false,false,false,false,false,false,false,false,false,false,false,false,false,0,0,0,0,0,0,0,0,0,0,0,0,0
ITEM_FAST_BALL,300,HOLD_EFFECT_NONE,0,0,0,0,0,31,false,false,POCKET_BALLS,1,0,1,0,false,false,false,false,true,false,false,false,false,false,false,false,0,0,0,0,0,0,0,false,false,false,false,false,false,false,false,false,false,false,false,false,false,0,0,0,0,0,0,0,0,0,0,0,0,0
ITEM_LEVEL_BALL,300,HOLD_EFFECT_NONE,0,0,0,0,0,31,false,false,POCKET_BALLS,1,0,1,0,true,false,false,false,true,false,false,false,false,false,false,false,0,0,0,0,0,0,0,false,false,false,false,false,false,false,false,false,false,false,false,false,false,0,0,0,0,0,0,0,0,0,0,0,0,0
ITEM_LURE_BALL,300,HOLD_EFFECT_NONE,0,0,0,0,0,31,false,false,POCKET_BALLS,1,0,1,0,false,true,false,false,true,false,false,false,false,false,false,false,0,0,0,0,0,0,0,false,false,false,false,false,false,false,false,false,false,false,false,false,false,0,0,0,0,0,0,0,0,0,0,0,0,0
ITEM_HEAVY_BALL,300,HOLD_EFFECT_NONE,0,0,0,0,0,31,false,false,POCKET_BALLS,1,0,1,0,true,true,false,false,true,false,false,false,false,false,false,false,0,0,0,0,0,0,0,false,false,false,false,false,false,false,false,false,false,false,false,false,false,0,0,0,0,0,0,0,0,0,0,0,0,0
ITEM_LOVE_BALL,300,HOLD_EFFECT_NONE,0,0,0,0,0,31,false,false,POCKET_BALLS,1,0,1,0,false,false,true,false,true,false,false,false,false,false,false,false,0,0,0,0,0,0,0,false,false,false,false,false,false,false,false,false,false,false,false,false,false,0,0,0,0,0,0,0,0,0,0,0,0,0
ITEM_FRIEND_BALL,300,HOLD_EFFECT_NONE,0,0,0,0,0,31,false,false,POCKET_BALLS,1,0,1,0,true,false,true,false,true,false,false,false,false,false,false,false,0,0,0,0,0,0,0,false,false,false,false,false,false,false,false,false,false,false,false,false,false,0,0,0,0,0,0,0,0,0,0,0,0,0
ITEM_MOON_BALL,300,HOLD_EFFECT_NONE,0,0,0,0,0,31,false,false,POCKET_BALLS,1,0,1,0,false,true,true,false,true,false,false,false,false,false,false,false,0,0,0,0,0,0,0,false,false,false,false,false,false,false,false,false,false,false,false,false,false,0,0,0,0,0,0,0,0,0,0,0,0,0
ITEM_SPORT_BALL,300,HOLD_EFFECT_NONE,0,0,0,0,0,31,false,false,POCKET_BALLS,1,0,1,0,true,true,true,false,true,false,false,false,false,false,false,false,0,0,0,0,0,0,0,false,false,false,false,false,false,false,false,false,false,false,false,false,false,0,0,0,0,0,0,0,0,0,0,0,0,0
ITEM_PARK_BALL,0,HOLD_EFFECT_NONE,0,0,0,0,0,31,false,false,POCKET_BALLS,1,0,0,0,false,false,false,false,false,false,false,false,false,false,false,false,0,0,0,0,0,0,0,false,false,false,false,false,false,false,false,false,false,false,false,false,false,0,0,0,0,0,0,0,0,0,0,0,0,0
ITEM_PHOTO_ALBUM,0,HOLD_EFFECT_NONE,0,0,0,0,0,31,true,true,POCKET_KEY_ITEMS,0,0,0,0,false,false,false,false,false,false,false,false,false,false,false,false,0,0,0,0,0,0,0,false,false,false,false,false,false,false,false,false,false,false,false,false,false,0,0,0,0,0,0,0,0,0,0,0,0,0
ITEM_GB_SOUNDS,0,HOLD_EFFECT_NONE,0,0,0,0,0,31,true,true,POCKET_KEY_ITEMS,0,27,0,0,false,false,false,false,false,false,false,false,false,false,false,false,0,0,0,0,0,0,0,false,false,false,false,false,false,false,false,false,false,false,false,false,false,0,0,0,0,0,0,0,0,0,0,0,0,0
ITEM_TIDAL_BELL,0,HOLD_EFFECT_NONE,0,0,0,0,0,31,true,false,POCKET_KEY_ITEMS,0,0,0,0,false,false,false,false,false,false,false,false,false,false,false,false,0,0,0,0,0,0,0,false,false,false,false,false,false,false,false,false,false,false,false,false,false,0,0,0,0,0,0,0,0,0,0,0,0,0
ITEM_RAGECANDYBAR,0,HOLD_EFFECT_NONE,0,0,0,0,0,31,true,false,POCKET_KEY_ITEMS,0,0,0,0,false,false,false,false,false,false,false,false,false,false,false,false,0,0,0,0,0,0,0,false,false,false,false,false,false,false,false,false,false,false,false,false,false,0,0,0,0,0,0,0,0,0,0,0,0,0
ITEM_DATA_CARD_01,0,HOLD_EFFECT_NONE,0,0,0,0,0,31,true,false,POCKET_ITEMS,0,0,0,0,false,false,false,false,false,false,false,false,false,false,false,false,0,0,0,0,0,0,0,false,false,false,false,false,false,false,false,false,false,false,false,false,false,0,0,0,0,0,0,0,0,0,0,0,0,0
ITEM_DATA_CARD_02,0,HOLD_EFFECT_NONE,0,0,0,0,0,31,true,false,POCKET_ITEMS,0,0,0,0,false,false,false,false,false,false,false,false,false,false,false,false,0,0,0,0,0,0,0,false,false,false,false,false,false,false,false,false,false,false,false,false,false,0,0,0,0,0,0,0,0,0,0,0,0,0
ITEM_DATA_CARD_03,0,HOLD_EFFECT_NONE,0,0,0,0,0,31,true,false,POCKET_ITEMS,0,0,0,0,false,false,false,false,false,false,false,false,false,false,false,false,0,0,0,0,0,0,0,false,false,false,false,false,false,false,false,false,false,false,false,false,false,0,0,0,0,0,0,0,0,0,0,0,0,0
ITEM_DATA_CARD_04,0,HOLD_EFFECT_NONE,0,0,0,0,0,31,true,false,POCKET_ITEMS,0,0,0,0,false,false,false,false,false,false,false,false,false,false,false,false,0,0,0,0,0,0,0,false,false,false,false,false,false,false,false,false,false,false,false,false,false,0,0,0,0,0,0,0,0,0,0,0,0,0
ITEM_DATA_CARD_05,0,HOLD_EFFECT_NONE,0,0,0,0,0,31,true,false,POCKET_ITEMS,0,0,0,0,false,false,false,false,false,false,false,false,false,false,false,false,0,0,0,0,0,0,0,false,false,false,false,false,false,false,false,false,false,false,false,false,false,0,0,0,0,0,0,0,0,0,0,0,0,0
ITEM_DATA_CARD_06,0,HOLD_EFFECT_NONE,0,0,0,0,0,31,true,false,POCKET_ITEMS,0,0,0,0,false,false,false,false,false,false,false,false,false,false,false,false,0,0,0,0,0,0,0,false,false,false,false,false,false,false,false,false,false,false,false,false,false,0,0,0,0,0,0,0,0,0,0,0,0,0
ITEM_DATA_CARD_07,0,HOLD_EFFECT_NONE,0,0,0,0,0,31,true,false,POCKET_ITEMS,0,0,0,0,false,false,false,false,false,false,false,false,false,false,false,false,0,0,0,0,0,0,0,false,false,false,false,false,false,false,false,false,false,false,false,false,false,0,0,0,0,0,0,0,0,0,0,0,0,0
ITEM_DATA_CARD_08,0,HOLD_EFFECT_NONE,0,0,0,0,0,31,true,false,POCKET_ITEMS,0,0,0,0,false,false,false,false,false,false,false,false,false,false,false,false,0,0,0,0,0,0,0,false,false,false,false,false,false,false,false,false,false,false,false,false,false,0,0,0,0,0,0,0,0,0,0,0,0,0
ITEM_DATA_CARD_09,0,HOLD_EFFECT_NONE,0,0,0,0,0,31,true,false,POCKET_ITEMS,0,0,0,0,false,false,false,false,false,false,false,false,false,false,false,false,0,0,0,0,0,0,0,false,false,false,false,false,false,false,false,false,false,false,false,false,false,0,0,0,0,0,0,0,0,0,0,0,0,0
ITEM_DATA_CARD_10,0,HOLD_EFFECT_NONE,0,0,0,0,0,31,true,false,POCKET_ITEMS,0,0,0,0,false,false,false,false,false,false,false,false,false,false,false,false,0,0,0,0,0,0,0,false,false,false,false,false,false,false,false,false,false,false,false,false,false,0,0,0,0,0,0,0,0,0,0,0,0,0
ITEM_DATA_CARD_11,0,HOLD_EFFECT_NONE,0,0,0,0,0,31,true,false,POCKET_ITEMS,0,0,0,0,false,false,false,false,false,false,false,false,false,false,false,false,0,0,0,0,0,0,0,false,false,false,false,false,false,false,false,false,false,false,false,false,false,0,0,0,0,0,0,0,0,0,0,0,0,0
ITEM_DATA_CARD_12,0,HOLD_EFFECT_NONE,0,0,0,0,0,31,true,false,POCKET_ITEMS,0,0,0,0,false,false,false,false,false,false,false,false,false,false,false,false,0,0,0,0,0,0,0,false,false,false,false,false,false,false,false,false,false,false,false,false,false,0,0,0,0,0,0,0,0,0,0,0,0,0
ITEM_DATA_CARD_13,0,HOLD_EFFECT_NONE,0,0,0,0,0,31,true,false,POCKET_ITEMS,0,0,0,0,false,false,false,false,false,false,false,false,false,false,false,false,0,0,0,0,0,0,0,false,false,false,false,false,false,false,false,false,false,false,false,false,false,0,0,0,0,0,0,0,0,0,0,0,0,0
ITEM_DATA_CARD_14,0,HOLD_EFFECT_NONE,0,0,0,0,0,31,true,false,POCKET_ITEMS,0,0,0,0,false,false,false,false,false,false,false,false,false,false,false,false,0,0,0,0,0,0,0,false,false,false,false,false,false,false,false,false,false,false,false,false,false,0,0,0,0,0,0,0,0,0,0,0,0,0
ITEM_DATA_CARD_15,0,HOLD_EFFECT_NONE,0,0,0,0,0,31,true,false,POCKET_ITEMS,0,0,0,0,false,false,false,false,false,false,false,false,false,false,false,false,0,0,0,0,0,0,0,false,false,false,false,false,false,false,false,false,false,false,false,false,false,0,0,0,0,0,0,0,0,0,0,0,0,0
ITEM_DATA_CARD_16,0,HOLD_EFFECT_NONE,0,0,0,0,0,31,true,false,POCKET_ITEMS,0,0,0,0,false,false,false,false,false,false,false,false,false,false,false,false,0,0,0,0,0,0,0,false,false,false,false,false,false,false,false,false,false,false,false,false,false,0,0,0,0,0,0,0,0,0,0,0,0,0
ITEM_DATA_CARD_17,0,HOLD_EFFECT_NONE,0,0,0,0,0,31,true,false,POCKET_ITEMS,0,0,0,0,false,false,false,false,false,false,false,false,false,false,false,false,0,0,0,0,0,0,0,false,false,false,false,false,false,false,false,false,false,false,false,false,false,0,0,0,0,0,0,0,0,0,0,0,0,0
ITEM_DATA_CARD_18,0,HOLD_EFFECT_NONE,0,0,0,0,0,31,true,false,POCKET_ITEMS,0,0,0,0,false,false,false,false,false,false,false,false,false,false,false,false,0,0,0,0,0,0,0,false,false,false,false,false,false,false,false,false,false,false,false,false,false,0,0,0,0,0,0,0,0,0,0,0,0,0
ITEM_DATA_CARD_19,0,HOLD_EFFECT_NONE,0,0,0,0,0,31,true,false,POCKET_ITEMS,0,0,0,0,false,false,false,false,false,false,false,false,false,false,false,false,0,0,0,0,0,0,0,false,false,false,false,false,false,false,false,false,false,false,false,false,false,0,0,0,0,0,0,0,0,0,0,0,0,0
ITEM_DATA_CARD_20,0,HOLD_EFFECT_NONE,0,0,0,0,0,31,true,false,POCKET_ITEMS,0,0,0,0,false,false,false,false,false,false,false,false,false,false,false,false,0,0,0,0,0,0,0,false,false,false,false,false,false,false,false,false,false,false,false,false,false,0,0,0,0,0,0,0,0,0,0,0,0,0
ITEM_DATA_CARD_21,0,HOLD_EFFECT_NONE,0,0,0,0,0,31,true,false,POCKET_ITEMS,0,0,0,0,false,false,false,false,false,false,false,false,false,false,false,false,0,0,0,0,0,0,0,false,false,false,false,false,false,false,false,false,false,false,false,false,false,0,0,0,0,0,0,0,0,0,0,0,0,0
ITEM_DATA_CARD_22,0,HOLD_EFFECT_NONE,0,0,0,0,0,31,true,false,POCKET_ITEMS,0,0,0,0,false,false,false,false,false,false,false,false,false,false,false,false,0,0,0,0,0,0,0,false,false,false,false,false,false,false,false,false,false,false,false,false,false,0,0,0,0,0,0,0,0,0,0,0,0,0
ITEM_DATA_CARD_23,0,HOLD_EFFECT_NONE,0,0,0,0,0,31,true,false,POCKET_ITEMS,0,0,0,0,false,false,false,false,false,false,false,false,false,false,false,false,0,0,0,0,0,0,0,false,false,false,false,false,false,false,false,false,false,false,false,false,false,0,0,0,0,0,0,0,0,0,0,0,0,0
ITEM_DATA_CARD_24,0,HOLD_EFFECT_NONE,0,0,0,0,0,31,true,false,POCKET_ITEMS,0,0,0,0,false,false,false,false,false,false,false,false,false,false,false,false,0,0,0,0,0,0,0,false,false,false,false,false,false,false,false,false,false,false,false,false,false,0,0,0,0,0,0,0,0,0,0,0,0,0
ITEM_DATA_CARD_25,0,HOLD_EFFECT_NONE,0,0,0,0,0,31,true,false,POCKET_ITEMS,0,0,0,0,false,false,false,false,false,false,false,false,false,false,false,false,0,0,0,0,0,0,0,false,false,false,false,false,false,false,false,false,false,false,false,false,false,0,0,0,0,0,0,0,0,0,0,0,0,0
ITEM_DATA_CARD_26,0,HOLD_EFFECT_NONE,0,0,0,0,0,31,true,false,POCKET_ITEMS,0,0,0,0,false,false,false,false,false,false,false,false,false,false,false,false,0,0,0,0,0,0,0,false,false,false,false,false,false,false,false,false,false,false,false,false,false,0,0,0,0,0,0,0,0,0,0,0,0,0
ITEM_DATA_CARD_27,0,HOLD_EFFECT_NONE,0,0,0,0,0,31,true,false,POCKET_ITEMS,0,0,0,0,false,false,false,false,false,false,false,false,false,false,false,false,0,0,0,0,0,0,0,false,false,false,false,false,false,false,false,false,false,false,false,false,false,0,0,0,0,0,0,0,0,0,0,0,0,0
ITEM_JADE_ORB,0,HOLD_EFFECT_NONE,0,0,0,0,0,31,true,false,POCKET_KEY_ITEMS,0,0,0,0,false,false,false,false,false,false,false,false,false,false,false,false,0,0,0,0,0,0,0,false,false,false,false,false,false,false,false,false,false,false,false,false,false,0,0,0,0,0,0,0,0,0,0,0,0,0
ITEM_LOCK_CAPSULE,0,HOLD_EFFECT_NONE,0,0,0,0,0,31,true,false,POCKET_KEY_ITEMS,0,0,0,0,false,false,false,false,false,false,false,false,false,false,false,false,0,0,0,0,0,0,0,false,false,false,false,false,false,false,false,false,false,false,false,false,false,0,0,0,0,0,0,0,0,0,0,0,0,0
ITEM_RED_ORB,0,HOLD_EFFECT_NONE,0,0,0,0,0,31,true,false,POCKET_KEY_ITEMS,0,0,0,0,false,false,false,false,false,false,false,false,false,false,false,false,0,0,0,0,0,0,0,false,false,false,false,false,false,false,false,false,false,false,false,false,false,0,0,0,0,0,0,0,0,0,0,0,0,0
ITEM_BLUE_ORB,0,HOLD_EFFECT_NONE,0,0,0,0,0,31,true,false,POCKET_KEY_ITEMS,0,0,0,0,false,false,false,false,false,false,false,false,false,false,false,false,0,0,0,0,0,0,0,false,false,false,false,false,false,false,false,false,false,false,false,false,false,0,0,0,0,0,0,0,0,0,0,0,0,0
ITEM_ENIGMA_STONE,0,HOLD_EFFECT_NONE,0,0,0,0,0,31,true,false,POCKET_KEY_ITEMS,0,0,0,0,false,false,false,false,false,false,false,false,false,false,false,false,0,0,0,0,0,0,0,false,false,false,false,false,false,false,false,false,false,false,false,false,false,0,0,0,0,0,0,0,0,0,0,0,0,0
ITEM_BLACK_AUGURITE,8000,HOLD_EFFECT_NONE,0,0,0,30,0,31,false,false,POCKET_ITEMS,0,20,0,1,false,false,false,false,false,false,false,false,false,false,false,true,0,0,0,0,0,0,0,false,false,false,false,false,false,false,false,false,false,false,false,false,false,0,0,0,0,0,0,0,0,0,0,0,0,0
ITEM_PEAT_BLOCK,2100,HOLD_EFFECT_NONE,0,0,0,10,0,31,false,false,POCKET_ITEMS,0,20,0,1,false,false,false,false,false,false,false,false,false,false,false,true,0,0,0,0,0,0,0,false,false,false,false,false,false,false,false,false,false,false,false,false,false,0,0,0,0,0,0,0,0,0,0,0,0,0
ITEM_TART_APPLE,2200,HOLD_EFFECT_NONE,0,0,0,30,0,31,false,false,POCKET_ITEMS,0,20,0,1,false,false,false,false,false,false,false,false,false,false,false,true,0,0,0,0,0,0,0,false,false,false,false,false,false,false,false,false,false,false,false,false,false,0,0,0,0,0,0,0,0,0,0,0,0,0
ITEM_SWEET_APPLE,2200,HOLD_EFFECT_NONE,0,0,0,30,0,31,false,false,POCKET_ITEMS,0,20,0,1,false,false,false,false,false,false,false,false,false,false,false,true,0,0,0,0,0,0,0,false,false,false,false,false,false,false,false,false,false,false,false,false,false,0,0,0,0,0,0,0,0,0,0,0,0,0
ITEM_SYRUPY_APPLE,2200,HOLD_EFFECT_NONE,0,0,0,30,0,31,false,false,POCKET_ITEMS,0,20,0,1,false,false,false,false,false,false,false,false,false,false,false,true,0,0,0,0,0,0,0,false,false,false,false,false,false,false,false,false,false,false,false,false,false,0,0,0,0,0,0,0,0,0,0,0,0,0
ITEM_EVIOLITE,50000,HOLD_EFFECT_BOOST_IF_NOT_EVOLVED,0,0,0,30,0,31,false,false,POCKET_ITEMS,0,0,0,0,false,false,false,false,false,false,false,false,false,false,false,false,0,0,0,0,0,0,0,false,false,false,false,false,false,false,false,false,false,false,false,false,false,0,0,0,0,0,0,0,0,0,0,0,0,0
ITEM_PRISM_SCALE,3000,HOLD_EFFECT_NONE,0,0,0,30,0,31,false,false,POCKET_ITEMS,0,20,0,1,false,false,false,false,false,false,false,false,false,false,false,true,0,0,0,0,0,0,0,false,false,false,false,false,false,false,false,false,false,false,false,false,false,0,0,0,0,0,0,0,0,0,0,0,0,0
ITEM_ICE_STONE,3000,HOLD_EFFECT_NONE,0,0,0,30,0,31,false,false,POCKET_ITEMS,0,20,0,1,false,false,false,false,false,false,false,false,false,false,false,true,0,0,0,0,0,0,0,false,false,false,false,false,false,false,false,false,false,false,false,false,false,0,0,0,0,0,0,0,0,0,0,0,0,0
ITEM_LINKING_CORD,8000,HOLD_EFFECT_NONE,0,0,0,30,0,31,false,false,POCKET_ITEMS,0,20,0,1,false,false,false,false,false,false,false,false,false,false,false,true,0,0,0,0,0,0,0,false,false,false,false,false,false,false,false,false,false,false,false,false,false,0,0,0,0,0,0,0,0,0,0,0,0,0
ITEM_AUSPICIOUS_ARMOR,3000,HOLD_EFFECT_NONE,0,0,0,30,0,31,false,false,POCKET_ITEMS,0,20,0,1,false,false,false,false,false,false,false,false,false,false,false,true,0,0,0,0,0,0,0,false,false,false,false,false,false,false,false,false,false,false,false,false,false,0,0,0,0,0,0,0,0,0,0,0,0,0
ITEM_CHIPPED_POT,38000,HOLD_EFFECT_NONE,0,0,0,30,0,31,false,false,POCKET_ITEMS,0,20,0,1,false,false,false,false,false,false,false,false,false,false,false,true,0,0,0,0,0,0,0,false,false,false,false,false,false,false,false,false,false,false,false,false,false,0,0,0,0,0,0,0,0,0,0,0,0,0
ITEM_CRACKED_POT,1600,HOLD_EFFECT_NONE,0,0,0,30,0,31,false,false,POCKET_ITEMS,0,20,0,1,false,false,false,false,false,false,false,false,false,false,false,true,0,0,0,0,0,0,0,false,false,false,false,false,false,false,false,false,false,false,false,false,false,0,0,0,0,0,0,0,0,0,0,0,0,0
ITEM_GALARICA_CUFF,3000,HOLD_EFFECT_NONE,0,0,0,30,0,31,false,false,POCKET_ITEMS,0,20,0,1,false,false,false,false,false,false,false,false,false,false,false,true,0,0,0,0,0,0,0,false,false,false,false,false,false,false,false,false,false,false,false,false,false,0,0,0,0,0,0,0,0,0,0,0,0,0
ITEM_GALARICA_WREATH,3000,HOLD_EFFECT_NONE,0,0,0,30,0,31,false,false,POCKET_ITEMS,0,20,0,1,false,false,false,false,false,false,false,false,false,false,false,true,0,0,0,0,0,0,0,false,false,false,false,false,false,false,false,false,false,false,false,false,false,0,0,0,0,0,0,0,0,0,0,0,0,0
ITEM_MALICIOUS_ARMOR,3000,HOLD_EFFECT_NONE,0,0,0,30,0,31,false,false,POCKET_ITEMS,0,20,0,1,false,false,false,false,false,false,false,false,false,false,false,true,0,0,0,0,0,0,0,false,false,false,false,false,false,false,false,false,false,false,false,false,false,0,0,0,0,0,0,0,0,0,0,0,0,0
ITEM_METAL_ALLOY,3000,HOLD_EFFECT_NONE,0,0,0,30,0,31,false,false,POCKET_ITEMS,0,20,0,1,false,false,false,false,false,false,false,false,false,false,false,true,0,0,0,0,0,0,0,false,false,false,false,false,false,false,false,false,false,false,false,false,false,0,0,0,0,0,0,0,0,0,0,0,0,0
ITEM_SCROLL_OF_DARKNESS,0,HOLD_EFFECT_NONE,0,0,0,0,0,31,true,false,POCKET_KEY_ITEMS,0,0,0,0,false,false,false,false,false,false,false,false,false,false,false,true,0,0,0,0,0,0,0,false,false,false,false,false,false,false,false,false,false,false,false,false,false,0,0,0,0,0,0,0,0,0,0,0,0,0
ITEM_SCROLL_OF_WATERS,0,HOLD_EFFECT_NONE,0,0,0,0,0,31,true,false,POCKET_KEY_ITEMS,0,0,0,0,false,false,false,false,false,false,false,false,false,false,false,true,0,0,0,0,0,0,0,false,false,false,false,false,false,false,false,false,false,false,false,false,false,0,0,0,0,0,0,0,0,0,0,0,0,0
ITEM_ABSORB_BULB,5000,HOLD_EFFECT_BOOST_SPECIAL_ATTACK_ON_WATER_HIT,0,0,0,30,0,31,false,false,POCKET_ITEMS,0,0,0,0,false,false,false,false,false,false,false,false,false,false,false,false,0,0,0,0,0,0,0,false,false,false,false,false,false,false,false,false,false,false,false,false,false,0,0,0,0,0,0,0,0,0,0,0,0,0
ITEM_AIR_BALLOON,15000,HOLD_EFFECT_UNGROUND_DESTROYED_ON_HIT,0,0,0,30,0,31,false,false,POCKET_ITEMS,0,0,0,0,false,false,false,false,false,false,false,false,false,false,false,false,0,0,0,0,0,0,0,false,false,false,false,false,false,false,false,false,false,false,false,false,false,0,0,0,0,0,0,0,0,0,0,0,0,0
ITEM_CELL_BATTERY,5000,HOLD_EFFECT_BOOST_ATK_ON_ELECTRIC_HIT,0,0,0,30,0,31,false,false,POCKET_ITEMS,0,0,0,0,false,false,false,false,false,false,false,false,false,false,false,false,0,0,0,0,0,0,0,false,false,false,false,false,false,false,false,false,false,false,false,false,false,0,0,0,0,0,0,0,0,0,0,0,0,0
ITEM_ELECTRIC_SEED,20000,HOLD_EFFECT_BOOST_DEF_ON_ELECRIC_TERRAIN,0,0,0,10,0,31,false,false,POCKET_ITEMS,0,0,0,0,false,false,false,false,false,false,false,false,false,false,false,false,0,0,0,0,0,0,0,false,false,false,false,false,false,false,false,false,false,false,false,false,false,0,0,0,0,0,0,0,0,0,0,0,0,0
ITEM_GRASSY_SEED,20000,HOLD_EFFECT_BOOST_DEF_ON_GRASSY_TERRAIN,0,0,0,10,0,31,false,false,POCKET_ITEMS,0,0,0,0,false,false,false,false,false,false,false,false,false,false,false,false,0,0,0,0,0,0,0,false,false,false,false,false,false,false,false,false,false,false,false,false,false,0,0,0,0,0,0,0,0,0,0,0,0,0
ITEM_MISTY_SEED,20000,HOLD_EFFECT_BOOST_SPDEF_ON_MISTY_TERRAIN,0,0,0,10,0,31,false,false,POCKET_ITEMS,0,0,0,0,false,false,false,false,false,false,false,false,false,false,false,false,0,0,0,0,0,0,0,false,false,false,false,false,false,false,false,false,false,false,false,false,false,0,0,0,0,0,0,0,0,0,0,0,0,0
ITEM_PSYCHIC_SEED,20000,HOLD_EFFECT_BOOST_SPDEF_ON_PSYCHIC_TERRAIN,0,0,0,10,0,31,false,false,POCKET_ITEMS,0,0,0,0,false,false,false,false,false,false,false,false,false,false,false,false,0,0,0,0,0,0,0,false,false,false,false,false,false,false,false,false,false,false,false,false,false,0,0,0,0,0,0,0,0,0,0,0,0,0
ITEM_PRETTY_FEATHER,2000,HOLD_EFFECT_NONE,0,0,0,20,0,31,false,false,POCKET_ITEMS,0,0,0,0,false,false,false,false,false,false,false,false,false,false,false,false,0,0,0,0,0,0,0,false,false,false,false,false,false,false,false,false,false,false,false,false,false,0,0,0,0,0,0,0,0,0,0,0,0,0
ITEM_SNOWBALL,5000,HOLD_EFFECT_BOOST_ATK_ON_ICE_HIT,0,0,0,30,0,31,false,false,POCKET_ITEMS,0,0,0,0,false,false,false,false,false,false,false,false,false,false,false,false,0,0,0,0,0,0,0,false,false,false,false,false,false,false,false,false,false,false,false,false,false,0,0,0,0,0,0,0,0,0,0,0,0,0
ITEM_TEA,0,HOLD_EFFECT_NONE,0,0,0,0,0,31,true,false,POCKET_KEY_ITEMS,0,0,0,0,false,false,false,false,false,false,false,false,false,false,false,false,0,0,0,0,0,0,0,false,false,false,false,false,false,false,false,false,false,false,false,false,false,0,0,0,0,0,0,0,0,0,0,0,0,0
ITEM_AUTOGRAPH,0,HOLD_EFFECT_NONE,0,0,0,0,0,31,true,false,POCKET_KEY_ITEMS,0,0,0,0,false,false,false,false,false,false,false,false,false,false,false,false,0,0,0,0,0,0,0,false,false,false,false,false,false,false,false,false,false,false,false,false,false,0,0,0,0,0,0,0,0,0,0,0,0,0
ITEM_DOUSE_DRIVE,1000,HOLD_EFFECT_DOUSE_DRIVE,0,0,0,70,0,31,false,false,POCKET_ITEMS,0,0,0,0,false,false,false,false,false,false,false,false,false,false,false,false,0,0,0,0,0,0,0,false,false,false,false,false,false,false,false,false,false,false,false,false,false,0,0,0,0,0,0,0,0,0,0,0,0,0
ITEM_SHOCK_DRIVE,1000,HOLD_EFFECT_SHOCK_DRIVE,0,0,0,70,0,31,false,false,POCKET_ITEMS,0,0,0,0,false,false,false,false,false,false,false,false,false,false,false,false,0,0,0,0,0,0,0,false,false,false,false,false,false,false,false,false,false,false,false,false,false,0,0,0,0,0,0,0,0,0,0,0,0,0
ITEM_BURN_DRIVE,1000,HOLD_EFFECT_BURN_DRIVE,0,0,0,70,0,31,false,false,POCKET_ITEMS,0,0,0,0,false,false,false,false,false,false,false,false,false,false,false,false,0,0,0,0,0,0,0,false,false,false,false,false,false,false,false,false,false,false,false,false,false,0,0,0,0,0,0,0,0,0,0,0,0,0
ITEM_CHILL_DRIVE,1000,HOLD_EFFECT_CHILL_DRIVE,0,0,0,70,0,31,false,false,POCKET_ITEMS,0,0,0,0,false,false,false,false,false,false,false,false,false,false,false,false,0,0,0,0,0,0,0,false,false,false,false,false,false,false,false,false,false,false,false,false,false,0,0,0,0,0,0,0,0,0,0,0,0,0
ITEM_POKEMON_BOX,0,HOLD_EFFECT_NONE,0,0,0,0,0,TYPE_NORMAL,false,false,POCKET_ITEMS,0,0,0,0,false,false,false,false,false,false,false,false,false,false,false,false,0,0,0,0,0,0,0,false,false,false,false,false,false,false,false,false,false,false,false,false,false,0,0,0,0,0,0,0,0,0,0,0,0,0
ITEM_SWEET_HEART,100,HOLD_EFFECT_NONE,20,0,0,30,0,31,false,false,POCKET_MEDICINE,4,1,2,1,false,false,false,false,false,false,false,false,false,false,false,false,0,0,0,0,0,0,0,false,false,false,false,true,false,false,false,false,false,false,false,false,false,0,0,0,0,0,0,20,0,0,0,0,0,0
ITEM_FLOAT_STONE,10000,HOLD_EFFECT_HALVE_WEIGHT,0,0,0,30,0,31,false,false,POCKET_ITEMS,0,0,0,0,false,false,false,false,false,false,false,false,false,false,false,false,0,0,0,0,0,0,0,false,false,false,false,false,false,false,false,false,false,false,false,false,false,0,0,0,0,0,0,0,0,0,0,0,0,0
ITEM_ROCKY_HELMET,50000,HOLD_EFFECT_DAMAGE_ON_CONTACT,6,0,0,30,0,31,false,false,POCKET_ITEMS,0,0,0,0,false,false,false,false,false,false,false,false,false,false,false,false,0,0,0,0,0,0,0,false,false,false,false,false,false,false,false,false,false,false,false,false,false,0,0,0,0,0,0,0,0,0,0,0,0,0
ITEM_RED_CARD,30000,HOLD_EFFECT_FORCE_SWITCH_ON_DAMAGE,0,0,0,30,0,31,false,false,POCKET_ITEMS,0,0,0,0,false,false,false,false,false,false,false,false,false,false,false,false,0,0,0,0,0,0,0,false,false,false,false,false,false,false,false,false,false,false,false,false,false,0,0,0,0,0,0,0,0,0,0,0,0,0
ITEM_RING_TARGET,10000,HOLD_EFFECT_LOSE_TYPE_IMMUNITIES,0,0,0,30,0,31,false,false,POCKET_ITEMS,0,0,0,0,false,false,false,false,false,false,false,false,false,false,false,false,0,0,0,0,0,0,0,false,false,false,false,false,false,false,false,false,false,false,false,false,false,0,0,0,0,0,0,0,0,0,0,0,0,0
ITEM_BINDING_BAND,20000,HOLD_EFFECT_TRAPPING_DAMAGE_UP,0,0,0,30,0,31,false,false,POCKET_ITEMS,0,0,0,0,false,false,false,false,false,false,false,false,false,false,false,false,0,0,0,0,0,0,0,false,false,false,false,false,false,false,false,false,false,false,false,false,false,0,0,0,0,0,0,0,0,0,0,0,0,0
ITEM_EJECT_BUTTON,30000,HOLD_EFFECT_SWITCH_OUT_WHEN_HIT,0,0,0,30,0,31,false,false,POCKET_ITEMS,0,0,0,0,false,false,false,false,false,false,false,false,false,false,false,false,0,0,0,0,0,0,0,false,false,false,false,false,false,false,false,false,false,false,false,false,false,0,0,0,0,0,0,0,0,0,0,0,0,0
ITEM_FIRE_GEM,200,HOLD_EFFECT_POWERING_UP_MOVE_ONCE,10,0,0,30,0,31,false,false,POCKET_ITEMS,0,0,0,0,false,false,false,false,false,false,false,false,false,false,false,false,0,0,0,0,0,0,0,false,false,false,false,false,false,false,false,false,false,false,false,false,false,0,0,0,0,0,0,0,0,0,0,0,0,0
ITEM_WATER_GEM,200,HOLD_EFFECT_POWERING_UP_MOVE_ONCE,11,0,0,30,0,31,false,false,POCKET_ITEMS,0,0,0,0,false,false,false,false,false,false,false,false,false,false,false,false,0,0,0,0,0,0,0,false,false,false,false,false,false,false,false,false,false,false,false,false,false,0,0,0,0,0,0,0,0,0,0,0,0,0
ITEM_ELECTRIC_GEM,200,HOLD_EFFECT_POWERING_UP_MOVE_ONCE,13,0,0,30,0,31,false,false,POCKET_ITEMS,0,0,0,0,false,false,false,false,false,false,false,false,false,false,false,false,0,0,0,0,0,0,0,false,false,false,false,false,false,false,false,false,false,false,false,false,false,0,0,0,0,0,0,0,0,0,0,0,0,0
ITEM_GRASS_GEM,200,HOLD_EFFECT_POWERING_UP_MOVE_ONCE,12,0,0,30,0,31,false,false,POCKET_ITEMS,0,0,0,0,false,false,false,false,false,false,false,false,false,false,false,false,0,0,0,0,0,0,0,false,false,false,false,false,false,false,false,false,false,false,false,false,false,0,0,0,0,0,0,0,0,0,0,0,0,0
ITEM_ICE_GEM,200,HOLD_EFFECT_POWERING_UP_MOVE_ONCE,15,0,0,30,0,31,false,false,POCKET_ITEMS,0,0,0,0,false,false,false,false,false,false,false,false,false,false,false,false,0,0,0,0,0,0,0,false,false,false,false,false,false,false,false,false,false,false,false,false,false,0,0,0,0,0,0,0,0,0,0,0,0,0
ITEM_FIGHTING_GEM,200,HOLD_EFFECT_POWERING_UP_MOVE_ONCE,1,0,0,30,0,31,false,false,POCKET_ITEMS,0,0,0,0,false,false,false,false,false,false,false,false,false,false,false,false,0,0,0,0,0,0,0,false,false,false,false,false,false,false,false,false,false,false,false,false,false,0,0,0,0,0,0,0,0,0,0,0,0,0
ITEM_POISON_GEM,200,HOLD_EFFECT_POWERING_UP_MOVE_ONCE,3,0,0,30,0,31,false,false,POCKET_ITEMS,0,0,0,0,false,false,false,false,false,false,false,false,false,false,false,false,0,0,0,0,0,0,0,false,false,false,false,false,false,false,false,false,false,false,false,false,false,0,0,0,0,0,0,0,0,0,0,0,0,0
ITEM_GROUND_GEM,200,HOLD_EFFECT_POWERING_UP_MOVE_ONCE,4,0,0,30,0,31,false,false,POCKET_ITEMS,0,0,0,0,false,false,false,false,false,false,false,false,false,false,false,false,0,0,0,0,0,0,0,false,false,false,false,false,false,false,false,false,false,false,false,false,false,0,0,0,0,0,0,0,0,0,0,0,0,0
ITEM_FLYING_GEM,200,HOLD_EFFECT_POWERING_UP_MOVE_ONCE,2,0,0,30,0,31,false,false,POCKET_ITEMS,0,0,0,0,false,false,false,false,false,false,false,false,false,false,false,false,0,0,0,0,0,0,0,false,false,false,false,false,false,false,false,false,false,false,false,false,false,0,0,0,0,0,0,0,0,0,0,0,0,0
ITEM_PSYCHIC_GEM,200,HOLD_EFFECT_POWERING_UP_MOVE_ONCE,14,0,0,30,0,31,false,false,POCKET_ITEMS,0,0,0,0,false,false,false,false,false,false,false,false,false,false,false,false,0,0,0,0,0,0,0,false,false,false,false,false,false,false,false,false,false,false,false,false,false,0,0,0,0,0,0,0,0,0,0,0,0,0
ITEM_BUG_GEM,200,HOLD_EFFECT_POWERING_UP_MOVE_ONCE,6,0,0,30,0,31,false,false,POCKET_ITEMS,0,0,0,0,false,false,false,false,false,false,false,false,false,false,false,false,0,0,0,0,0,0,0,false,false,false,false,false,false,false,false,false,false,false,false,false,false,0,0,0,0,0,0,0,0,0,0,0,0,0
ITEM_ROCK_GEM,200,HOLD_EFFECT_POWERING_UP_MOVE_ONCE,5,0,0,30,0,31,false,false,POCKET_ITEMS,0,0,0,0,false,false,false,false,false,false,false,false,false,false,false,false,0,0,0,0,0,0,0,false,false,false,false,false,false,false,false,false,false,false,false,false,false,0,0,0,0,0,0,0,0,0,0,0,0,0
ITEM_GHOST_GEM,200,HOLD_EFFECT_POWERING_UP_MOVE_ONCE,7,0,0,30,0,31,false,false,POCKET_ITEMS,0,0,0,0,false,false,false,false,false,false,false,false,false,false,false,false,0,0,0,0,0,0,0,false,false,false,false,false,false,false,false,false,false,false,false,false,false,0,0,0,0,0,0,0,0,0,0,0,0,0
ITEM_DRAGON_GEM,200,HOLD_EFFECT_POWERING_UP_MOVE_ONCE,16,0,0,30,0,31,false,false,POCKET_ITEMS,0,0,0,0,false,false,false,false,false,false,false,false,false,false,false,false,0,0,0,0,0,0,0,false,false,false,false,false,false,false,false,false,false,false,false,false,false,0,0,0,0,0,0,0,0,0,0,0,0,0
ITEM_DARK_GEM,200,HOLD_EFFECT_POWERING_UP_MOVE_ONCE,17,0,0,30,0,31,false,false,POCKET_ITEMS,0,0,0,0,false,false,false,false,false,false,false,false,false,false,false,false,0,0,0,0,0,0,0,false,false,false,false,false,false,false,false,false,false,false,false,false,false,0,0,0,0,0,0,0,0,0,0,0,0,0
ITEM_STEEL_GEM,200,HOLD_EFFECT_POWERING_UP_MOVE_ONCE,8,0,0,30,0,31,false,false,POCKET_ITEMS,0,0,0,0,false,false,false,false,false,false,false,false,false,false,false,false,0,0,0,0,0,0,0,false,false,false,false,false,false,false,false,false,false,false,false,false,false,0,0,0,0,0,0,0,0,0,0,0,0,0
ITEM_NORMAL_GEM,15000,HOLD_EFFECT_POWERING_UP_MOVE_ONCE,0,0,0,30,0,31,false,false,POCKET_ITEMS,0,0,0,0,false,false,false,false,false,false,false,false,false,false,false,false,0,0,0,0,0,0,0,false,false,false,false,false,false,false,false,false,false,false,false,false,false,0,0,0,0,0,0,0,0,0,0,0,0,0
ITEM_HEALTH_FEATHER,300,HOLD_EFFECT_NONE,0,0,0,20,0,31,false,false,POCKET_ITEMS,0,0,0,0,false,false,false,false,false,false,false,false,false,false,false,false,0,0,0,0,0,0,0,false,false,false,false,false,false,false,false,false,false,false,false,false,false,0,0,0,0,0,0,0,0,0,0,0,0,0
ITEM_MUSCLE_FEATHER,300,HOLD_EFFECT_NONE,0,0,0,20,0,31,false,false,POCKET_ITEMS,0,0,0,0,false,false,false,false,false,false,false,false,false,false,false,false,0,0,0,0,0,0,0,false,false,false,false,false,false,false,false,false,false,false,false,false,false,0,0,0,0,0,0,0,0,0,0,0,0,0
ITEM_RESIST_FEATHER,300,HOLD_EFFECT_NONE,0,0,0,20,0,31,false,false,POCKET_ITEMS,0,0,0,0,false,false,false,false,false,false,false,false,false,false,false,false,0,0,0,0,0,0,0,false,false,false,false,false,false,false,false,false,false,false,false,false,false,0,0,0,0,0,0,0,0,0,0,0,0,0
ITEM_GENIUS_FEATHER,300,HOLD_EFFECT_NONE,0,0,0,20,0,31,false,false,POCKET_ITEMS,0,0,0,0,false,false,false,false,false,false,false,false,false,false,false,false,0,0,0,0,0,0,0,false,false,false,false,false,false,false,false,false,false,false,false,false,false,0,0,0,0,0,0,0,0,0,0,0,0,0
ITEM_CLEVER_FEATHER,300,HOLD_EFFECT_NONE,0,0,0,20,0,31,false,false,POCKET_ITEMS,0,0,0,0,false,false,false,false,false,false,false,false,false,false,false,false,0,0,0,0,0,0,0,false,false,false,false,false,false,false,false,false,false,false,false,false,false,0,0,0,0,0,0,0,0,0,0,0,0,0
ITEM_SWIFT_FEATHER,300,HOLD_EFFECT_NONE,0,0,0,20,0,31,false,false,POCKET_ITEMS,0,0,0,0,false,false,false,false,false,false,false,false,false,false,false,false,0,0,0,0,0,0,0,false,false,false,false,false,false,false,false,false,false,false,false,false,false,0,0,0,0,0,0,0,0,0,0,0,0,0
ITEM_COVER_FOSSIL,1000,HOLD_EFFECT_NONE,0,0,0,100,0,31,false,false,POCKET_ITEMS,0,0,0,1,false,false,false,false,false,false,false,false,false,false,false,false,0,0,0,0,0,0,0,false,false,false,false,false,false,false,false,false,false,false,false,false,false,0,0,0,0,0,0,0,0,0,0,0,0,0
ITEM_PLUME_FOSSIL,1000,HOLD_EFFECT_NONE,0,0,0,100,0,31,false,false,POCKET_ITEMS,0,0,0,1,false,false,false,false,false,false,false,false,false,false,false,false,0,0,0,0,0,0,0,false,false,false,false,false,false,false,false,false,false,false,false,false,false,0,0,0,0,0,0,0,0,0,0,0,0,0
ITEM_LIBERTY_PASS,0,HOLD_EFFECT_NONE,0,0,0,0,0,TYPE_NORMAL,false,false,POCKET_ITEMS,0,0,0,0,false,false,false,false,false,false,false,false,false,false,false,false,0,0,0,0,0,0,0,false,false,false,false,false,false,false,false,false,false,false,false,false,false,0,0,0,0,0,0,0,0,0,0,0,0,0
ITEM_PASS_ORB,0,HOLD_EFFECT_NONE,0,0,0,0,0,TYPE_NORMAL,false,false,POCKET_ITEMS,0,0,0,0,false,false,false,false,false,false,false,false,false,false,false,false,0,0,0,0,0,0,0,false,false,false,false,false,false,false,false,false,false,false,false,false,false,0,0,0,0,0,0,0,0,0,0,0,0,0
ITEM_DREAM_BALL,0,HOLD_EFFECT_NONE,0,0,0,0,0,31,false,false,POCKET_BALLS,1,0,1,0,false,false,false,false,false,false,false,false,false,false,false,false,0,0,0,0,0,0,0,false,false,false,false,false,false,false,false,false,false,false,false,false,false,0,0,0,0,0,0,0,0,0,0,0,0,0
ITEM_POKE_TOY,0,HOLD_EFFECT_NONE,0,0,0,0,0,TYPE_NORMAL,false,false,POCKET_ITEMS,0,0,0,0,false,false,false,false,false,false,false,false,false,false,false,false,0,0,0,0,0,0,0,false,false,false,false,false,false,false,false,false,false,false,false,false,false,0,0,0,0,0,0,0,0,0,0,0,0,0
ITEM_PROP_CASE,0,HOLD_EFFECT_NONE,0,0,0,0,0,TYPE_NORMAL,false,false,POCKET_ITEMS,0,0,0,0,false,false,false,false,false,false,false,false,false,false,false,false,0,0,0,0,0,0,0,false,false,false,false,false,false,false,false,false,false,false,false,false,false,0,0,0,0,0,0,0,0,0,0,0,0,0
ITEM_DRAGON_SKULL,0,HOLD_EFFECT_NONE,0,0,0,0,0,TYPE_NORMAL,false,false,POCKET_ITEMS,0,0,0,0,false,false,false,false,false,false,false,false,false,false,false,false,0,0,0,0,0,0,0,false,false,false,false,false,false,false,false,false,false,false,false,false,false,0,0,0,0,0,0,0,0,0,0,0,0,0
ITEM_BALM_MUSHROOM,30000,HOLD_EFFECT_NONE,0,0,0,30,0,31,false,false,POCKET_ITEMS,0,0,0,1,false,false,false,false,false,false,false,false,false,false,false,false,0,0,0,0,0,0,0,false,false,false,false,false,false,false,false,false,false,false,false,false,false,0,0,0,0,0,0,0,0,0,0,0,0,0
ITEM_BIG_NUGGET,14464,HOLD_EFFECT_NONE,0,0,0,130,0,31,false,false,POCKET_ITEMS,0,0,0,1,false,false,false,false,false,false,false,false,false,false,false,false,0,0,0,0,0,0,0,false,false,false,false,false,false,false,false,false,false,false,false,false,false,0,0,0,0,0,0,0,0,0,0,0,1,0
ITEM_PEARL_STRING,40000,HOLD_EFFECT_NONE,0,0,0,30,0,31,false,false,POCKET_ITEMS,0,0,0,1,false,false,false,false,false,false,false,false,false,false,false,false,0,0,0,0,0,0,0,false,false,false,false,false,false,false,false,false,false,false,false,false,false,0,0,0,0,0,0,0,0,0,0,0,0,0
ITEM_COMET_SHARD,50000,HOLD_EFFECT_NONE,0,0,0,30,0,31,false,false,POCKET_ITEMS,0,0,0,0,false,false,false,false,false,false,false,false,false,false,false,false,0,0,0,0,0,0,0,false,false,false,false,false,false,false,false,false,false,false,false,false,false,0,0,0,0,0,0,0,0,0,0,0,0,0
ITEM_RELIC_COPPER,0,HOLD_EFFECT_NONE,0,0,0,30,0,31,false,false,POCKET_ITEMS,0,0,0,1,false,false,false,false,false,false,false,false,false,false,false,false,0,0,0,0,0,0,0,false,false,false,false,false,false,false,false,false,false,false,false,false,false,0,0,0,0,0,0,0,0,0,0,0,0,0
ITEM_RELIC_SILVER,0,HOLD_EFFECT_NONE,0,0,0,30,0,31,false,false,POCKET_ITEMS,0,0,0,1,false,false,false,false,false,false,false,false,false,false,false,false,0,0,0,0,0,0,0,false,false,false,false,false,false,false,false,false,false,false,false,false,false,0,0,0,0,0,0,0,0,0,0,0,0,0
ITEM_RELIC_GOLD,0,HOLD_EFFECT_NONE,0,0,0,30,0,31,false,false,POCKET_ITEMS,0,0,0,1,false,false,false,false,false,false,false,false,false,false,false,false,0,0,0,0,0,0,0,false,false,false,false,false,false,false,false,false,false,false,false,false,false,0,0,0,0,0,0,0,0,0,0,0,0,0
ITEM_RELIC_VASE,0,HOLD_EFFECT_NONE,0,0,0,30,0,31,false,false,POCKET_ITEMS,0,0,0,1,false,false,false,false,false,false,false,false,false,false,false,false,0,0,0,0,0,0,0,false,false,false,false,false,false,false,false,false,false,false,false,false,false,0,0,0,0,0,0,0,0,0,0,0,0,0
ITEM_RELIC_BAND,0,HOLD_EFFECT_NONE,0,0,0,30,0,31,false,false,POCKET_ITEMS,0,0,0,1,false,false,false,false,false,false,false,false,false,false,false,false,0,0,0,0,0,0,0,false,false,false,false,false,false,false,false,false,false,false,false,false,false,0,0,0,0,0,0,0,0,0,0,0,0,0
ITEM_RELIC_STATUE,0,HOLD_EFFECT_NONE,0,0,0,30,0,31,false,false,POCKET_ITEMS,0,0,0,1,false,false,false,false,false,false,false,false,false,false,false,false,0,0,0,0,0,0,0,false,false,false,false,false,false,false,false,false,false,false,false,false,false,0,0,0,0,0,0,0,0,0,0,0,0,0
ITEM_RELIC_CROWN,0,HOLD_EFFECT_NONE,0,0,0,30,0,31,false,false,POCKET_ITEMS,0,0,0,1,false,false,false,false,false,false,false,false,false,false,false,false,0,0,0,0,0,0,0,false,false,false,false,false,false,false,false,false,false,false,false,false,false,0,0,0,0,0,0,0,0,0,0,0,0,0
ITEM_CASTELIACONE,100,HOLD_EFFECT_NONE,0,0,0,30,0,31,false,false,POCKET_MEDICINE,8,1,2,1,true,true,true,true,true,true,false,false,false,false,false,false,0,0,0,0,0,0,0,false,false,false,false,false,false,false,false,false,false,false,false,false,false,0,0,0,0,0,0,0,0,0,0,0,0,0
ITEM_DIRE_HIT_2,0,HOLD_EFFECT_NONE,0,0,0,0,0,TYPE_NORMAL,false,false,POCKET_ITEMS,0,0,0,0,false,false,false,false,false,false,false,false,false,false,false,false,0,0,0,0,0,0,0,false,false,false,false,false,false,false,false,false,false,false,false,false,false,0,0,0,0,0,0,0,0,0,0,0,0,0
ITEM_X_SPEED_2,0,HOLD_EFFECT_NONE,0,0,0,0,0,TYPE_NORMAL,false,false,POCKET_ITEMS,0,0,0,0,false,false,false,false,false,false,false,false,false,false,false,false,0,0,0,0,0,0,0,false,false,false,false,false,false,false,false,false,false,false,false,false,false,0,0,0,0,0,0,0,0,0,0,0,0,0
ITEM_X_SP_ATK_2,0,HOLD_EFFECT_NONE,0,0,0,0,0,TYPE_NORMAL,false,false,POCKET_ITEMS,0,0,0,0,false,false,false,false,false,false,false,false,false,false,false,false,0,0,0,0,0,0,0,false,false,false,false,false,false,false,false,false,false,false,false,false,false,0,0,0,0,0,0,0,0,0,0,0,0,0
ITEM_X_SP_DEF_2,0,HOLD_EFFECT_NONE,0,0,0,0,0,TYPE_NORMAL,false,false,POCKET_ITEMS,0,0,0,0,false,false,false,false,false,false,false,false,false,false,false,false,0,0,0,0,0,0,0,false,false,false,false,false,false,false,false,false,false,false,false,false,false,0,0,0,0,0,0,0,0,0,0,0,0,0
ITEM_X_DEFENSE_2,0,HOLD_EFFECT_NONE,0,0,0,0,0,TYPE_NORMAL,false,false,POCKET_ITEMS,0,0,0,0,false,false,false,false,false,false,false,false,false,false,false,false,0,0,0,0,0,0,0,false,false,false,false,false,false,false,false,false,false,false,false,false,false,0,0,0,0,0,0,0,0,0,0,0,0,0
ITEM_X_ATTACK_2,0,HOLD_EFFECT_NONE,0,0,0,0,0,TYPE_NORMAL,false,false,POCKET_ITEMS,0,0,0,0,false,false,false,false,false,false,false,false,false,false,false,false,0,0,0,0,0,0,0,false,false,false,false,false,false,false,false,false,false,false,false,false,false,0,0,0,0,0,0,0,0,0,0,0,0,0
ITEM_X_ACCURACY_2,0,HOLD_EFFECT_NONE,0,0,0,0,0,TYPE_NORMAL,false,false,POCKET_ITEMS,0,0,0,0,false,false,false,false,false,false,false,false,false,false,false,false,0,0,0,0,0,0,0,false,false,false,false,false,false,false,false,false,false,false,false,false,false,0,0,0,0,0,0,0,0,0,0,0,0,0
ITEM_X_SPEED_3,0,HOLD_EFFECT_NONE,0,0,0,0,0,TYPE_NORMAL,false,false,POCKET_ITEMS,0,0,0,0,false,false,false,false,false,false,false,false,false,false,false,false,0,0,0,0,0,0,0,false,false,false,false,false,false,false,false,false,false,false,false,false,false,0,0,0,0,0,0,0,0,0,0,0,0,0
ITEM_X_SP_ATK_3,0,HOLD_EFFECT_NONE,0,0,0,0,0,TYPE_NORMAL,false,false,POCKET_ITEMS,0,0,0,0,false,false,false,false,false,false,false,false,false,false,false,false,0,0,0,0,0,0,0,false,false,false,false,false,false,false,false,false,false,false,false,false,false,0,0,0,0,0,0,0,0,0,0,0,0,0
ITEM_X_SP_DEF_3,0,HOLD_EFFECT_NONE,0,0,0,0,0,TYPE_NORMAL,false,false,POCKET_ITEMS,0,0,0,0,false,false,false,false,false,false,false,false,false,false,false,false,0,0,0,0,0,0,0,false,false,false,false,false,false,false,false,false,false,false,false,false,false,0,0,0,0,0,0,0,0,0,0,0,0,0
ITEM_X_DEFENSE_3,0,HOLD_EFFECT_NONE,0,0,0,0,0,TYPE_NORMAL,false,false,POCKET_ITEMS,0,0,0,0,false,false,false,false,false,false,false,false,false,false,false,false,0,0,0,0,0,0,0,false,false,false,false,false,false,false,false,false,false,false,false,false,false,0,0,0,0,0,0,0,0,0,0,0,0,0
ITEM_X_ATTACK_3,0,HOLD_EFFECT_NONE,0,0,0,0,0,TYPE_NORMAL,false,false,POCKET_ITEMS,0,0,0,0,false,false,false,false,false,false,false,false,false,false,false,false,0,0,0,0,0,0,0,false,false,false,false,false,false,false,false,false,false,false,false,false,false,0,0,0,0,0,0,0,0,0,0,0,0,0
ITEM_X_ACCURACY_3,0,HOLD_EFFECT_NONE,0,0,0,0,0,TYPE_NORMAL,false,false,POCKET_ITEMS,0,0,0,0,false,false,false,false,false,false,false,false,false,false,false,false,0,0,0,0,0,0,0,false,false,false,false,false,false,false,false,false,false,false,false,false,false,0,0,0,0,0,0,0,0,0,0,0,0,0
ITEM_X_SPEED_6,0,HOLD_EFFECT_NONE,0,0,0,0,0,TYPE_NORMAL,false,false,POCKET_ITEMS,0,0,0,0,false,false,false,false,false,false,false,false,false,false,false,false,0,0,0,0,0,0,0,false,false,false,false,false,false,false,false,false,false,false,false,false,false,0,0,0,0,0,0,0,0,0,0,0,0,0
ITEM_X_SP_ATK_6,0,HOLD_EFFECT_NONE,0,0,0,0,0,TYPE_NORMAL,false,false,POCKET_ITEMS,0,0,0,0,false,false,false,false,false,false,false,false,false,false,false,false,0,0,0,0,0,0,0,false,false,false,false,false,false,false,false,false,false,false,false,false,false,0,0,0,0,0,0,0,0,0,0,0,0,0
ITEM_X_SP_DEF_6,0,HOLD_EFFECT_NONE,0,0,0,0,0,TYPE_NORMAL,false,false,POCKET_ITEMS,0,0,0,0,false,false,false,false,false,false,false,false,false,false,false,false,0,0,0,0,0,0,0,false,false,false,false,false,false,false,false,false,false,false,false,false,false,0,0,0,0,0,0,0,0,0,0,0,0,0
ITEM_X_DEFENSE_6,0,HOLD_EFFECT_NONE,0,0,0,0,0,TYPE_NORMAL,false,false,POCKET_ITEMS,0,0,0,0,false,false,false,false,false,false,false,false,false,false,false,false,0,0,0,0,0,0,0,false,false,false,false,false,false,false,false,false,false,false,false,false,false,0,0,0,0,0,0,0,0,0,0,0,0,0
ITEM_X_ATTACK_6,0,HOLD_EFFECT_NONE,0,0,0,0,0,TYPE_NORMAL,false,false,POCKET_ITEMS,0,0,0,0,false,false,false,false,false,false,false,false,false,false,false,false,0,0,0,0,0,0,0,false,false,false,false,false,false,false,false,false,false,false,false,false,false,0,0,0,0,0,0,0,0,0,0,0,0,0
ITEM_X_ACCURACY_6,0,HOLD_EFFECT_NONE,0,0,0,0,0,TYPE_NORMAL,false,false,POCKET_ITEMS,0,0,0,0,false,false,false,false,false,false,false,false,false,false,false,false,0,0,0,0,0,0,0,false,false,false,false,false,false,false,false,false,false,false,false,false,false,0,0,0,0,0,0,0,0,0,0,0,0,0
ITEM_ABILITY_URGE,0,HOLD_EFFECT_NONE,0,0,0,0,0,TYPE_NORMAL,false,false,POCKET_ITEMS,0,0,0,0,false,false,false,false,false,false,false,false,false,false,false,false,0,0,0,0,0,0,0,false,false,false,false,false,false,false,false,false,false,false,false,false,false,0,0,0,0,0,0,0,0,0,0,0,0,0
ITEM_ITEM_DROP,0,HOLD_EFFECT_NONE,0,0,0,0,0,TYPE_NORMAL,false,false,POCKET_ITEMS,0,0,0,0,false,false,false,false,false,false,false,false,false,false,false,false,0,0,0,0,0,0,0,false,false,false,false,false,false,false,false,false,false,false,false,false,false,0,0,0,0,0,0,0,0,0,0,0,0,0
ITEM_ITEM_URGE,0,HOLD_EFFECT_NONE,0,0,0,0,0,TYPE_NORMAL,false,false,POCKET_ITEMS,0,0,0,0,false,false,false,false,false,false,false,false,false,false,false,false,0,0,0,0,0,0,0,false,false,false,false,false,false,false,false,false,false,false,false,false,false,0,0,0,0,0,0,0,0,0,0,0,0,0
ITEM_RESET_URGE,0,HOLD_EFFECT_NONE,0,0,0,0,0,TYPE_NORMAL,false,false,POCKET_ITEMS,0,0,0,0,false,false,false,false,false,false,false,false,false,false,false,false,0,0,0,0,0,0,0,false,false,false,false,false,false,false,false,false,false,false,false,false,false,0,0,0,0,0,0,0,0,0,0,0,0,0
ITEM_DIRE_HIT_3,0,HOLD_EFFECT_NONE,0,0,0,0,0,TYPE_NORMAL,false,false,POCKET_ITEMS,0,0,0,0,false,false,false,false,false,false,false,false,false,false,false,false,0,0,0,0,0,0,0,false,false,false,false,false,false,false,false,false,false,false,false,false,false,0,0,0,0,0,0,0,0,0,0,0,0,0
ITEM_LIGHT_STONE,0,HOLD_EFFECT_NONE,0,0,0,0,0,31,true,false,POCKET_KEY_ITEMS,0,0,0,0,false,false,false,false,false,false,false,false,false,false,false,false,0,0,0,0,0,0,0,false,false,false,false,false,false,false,false,false,false,false,false,false,false,0,0,0,0,0,0,0,0,0,0,0,0,0
ITEM_DARK_STONE,0,HOLD_EFFECT_NONE,0,0,0,0,0,31,true,false,POCKET_KEY_ITEMS,0,0,0,0,false,false,false,false,false,false,false,false,false,false,false,false,0,0,0,0,0,0,0,false,false,false,false,false,false,false,false,false,false,false,false,false,false,0,0,0,0,0,0,0,0,0,0,0,0,0
ITEM_TM093,32000,HOLD_EFFECT_NONE,0,0,0,0,0,31,false,false,POCKET_TMHMS,0,6,0,0,false,false,false,false,false,false,false,false,false,false,false,false,0,0,0,0,0,0,0,false,false,false,false,false,false,false,false,false,false,false,false,false,false,0,0,0,0,0,0,0,0,0,0,0,0,0
ITEM_TM094,32000,HOLD_EFFECT_NONE,0,0,0,0,0,31,false,false,POCKET_TMHMS,0,6,0,0,false,false,false,false,false,false,false,false,false,false,false,false,0,0,0,0,0,0,0,false,false,false,false,false,false,false,false,false,false,false,false,false,false,0,0,0,0,0,0,0,0,0,0,0,0,0
ITEM_TM095,32000,HOLD_EFFECT_NONE,0,0,0,0,0,31,false,false,POCKET_TMHMS,0,6,0,0,false,false,false,false,false,false,false,false,false,false,false,false,0,0,0,0,0,0,0,false,false,false,false,false,false,false,false,false,false,false,false,false,false,0,0,0,0,0,0,0,0,0,0,0,0,0
ITEM_XTRANSCEIVER_BW,0,HOLD_EFFECT_NONE,0,0,0,0,0,TYPE_NORMAL,false,false,POCKET_ITEMS,0,0,0,0,false,false,false,false,false,false,false,false,false,false,false,false,0,0,0,0,0,0,0,false,false,false,false,false,false,false,false,false,false,false,false,false,false,0,0,0,0,0,0,0,0,0,0,0,0,0
ITEM_UNKNOWN_622,0,HOLD_EFFECT_NONE,0,0,0,0,0,TYPE_NORMAL,false,false,POCKET_ITEMS,0,0,0,0,false,false,false,false,false,false,false,false,false,false,false,false,0,0,0,0,0,0,0,false,false,false,false,false,false,false,false,false,false,false,false,false,false,0,0,0,0,0,0,0,0,0,0,0,0,0
ITEM_GRAM_1,0,HOLD_EFFECT_NONE,0,0,0,0,0,TYPE_NORMAL,false,false,POCKET_ITEMS,0,0,0,0,false,false,false,false,false,false,false,false,false,false,false,false,0,0,0,0,0,0,0,false,false,false,false,false,false,false,false,false,false,false,false,false,false,0,0,0,0,0,0,0,0,0,0,0,0,0
ITEM_GRAM_2,0,HOLD_EFFECT_NONE,0,0,0,0,0,TYPE_NORMAL,false,false,POCKET_ITEMS,0,0,0,0,false,false,false,false,false,false,false,false,false,false,false,false,0,0,0,0,0,0,0,false,false,false,false,false,false,false,false,false,false,false,false,false,false,0,0,0,0,0,0,0,0,0,0,0,0,0
ITEM_GRAM_3,0,HOLD_EFFECT_NONE,0,0,0,0,0,TYPE_NORMAL,false,false,POCKET_ITEMS,0,0,0,0,false,false,false,false,false,false,false,false,false,false,false,false,0,0,0,0,0,0,0,false,false,false,false,false,false,false,false,false,false,false,false,false,false,0,0,0,0,0,0,0,0,0,0,0,0,0
ITEM_XTRANSCEIVER_BW2,0,HOLD_EFFECT_NONE,0,0,0,0,0,TYPE_NORMAL,false,false,POCKET_ITEMS,0,0,0,0,false,false,false,false,false,false,false,false,false,false,false,false,0,0,0,0,0,0,0,false,false,false,false,false,false,false,false,false,false,false,false,false,false,0,0,0,0,0,0,0,0,0,0,0,0,0
ITEM_MEDAL_BOX,0,HOLD_EFFECT_NONE,0,0,0,0,0,TYPE_NORMAL,false,false,POCKET_ITEMS,0,0,0,0,false,false,false,false,false,false,false,false,false,false,false,false,0,0,0,0,0,0,0,false,false,false,false,false,false,false,false,false,false,false,false,false,false,0,0,0,0,0,0,0,0,0,0,0,0,0
ITEM_DNA_SPLICERS_FUSE,0,HOLD_EFFECT_NONE,0,0,0,0,0,31,true,true,POCKET_KEY_ITEMS,0,0,0,0,false,false,false,false,false,false,false,false,false,false,false,false,0,0,0,0,0,0,0,false,false,false,false,false,false,false,false,false,false,false,false,false,false,0,0,0,0,0,0,0,0,0,0,0,0,0
ITEM_DNA_SPLICERS_UNFUSE,0,HOLD_EFFECT_NONE,0,0,0,0,0,TYPE_NORMAL,false,false,POCKET_ITEMS,0,0,0,0,false,false,false,false,false,false,false,false,false,false,false,false,0,0,0,0,0,0,0,false,false,false,false,false,false,false,false,false,false,false,false,false,false,0,0,0,0,0,0,0,0,0,0,0,0,0
ITEM_PERMIT,0,HOLD_EFFECT_NONE,0,0,0,0,0,TYPE_NORMAL,false,false,POCKET_ITEMS,0,0,0,0,false,false,false,false,false,false,false,false,false,false,false,false,0,0,0,0,0,0,0,false,false,false,false,false,false,false,false,false,false,false,false,false,false,0,0,0,0,0,0,0,0,0,0,0,0,0
ITEM_OVAL_CHARM,0,HOLD_EFFECT_NONE,0,0,0,0,0,31,true,false,POCKET_KEY_ITEMS,0,0,0,0,false,false,false,false,false,false,false,false,false,false,false,false,0,0,0,0,0,0,0,false,false,false,false,false,false,false,false,false,false,false,false,false,false,0,0,0,0,0,0,0,0,0,0,0,0,0
ITEM_SHINY_CHARM,0,HOLD_EFFECT_NONE,0,0,0,0,0,31,true,false,POCKET_KEY_ITEMS,0,0,0,0,false,false,false,false,false,false,false,false,false,false,false,false,0,0,0,0,0,0,0,false,false,false,false,false,false,false,false,false,false,false,false,false,false,0,0,0,0,0,0,0,0,0,0,0,0,0
ITEM_PLASMA_CARD,0,HOLD_EFFECT_NONE,0,0,0,0,0,TYPE_NORMAL,false,false,POCKET_ITEMS,0,0,0,0,false,false,false,false,false,false,false,false,false,false,false,false,0,0,0,0,0,0,0,false,false,false,false,false,false,false,false,false,false,false,false,false,false,0,0,0,0,0,0,0,0,0,0,0,0,0
ITEM_GRUBBY_HANKY,0,HOLD_EFFECT_NONE,0,0,0,0,0,TYPE_NORMAL,false,false,POCKET_ITEMS,0,0,0,0,false,false,false,false,false,false,false,false,false,false,false,false,0,0,0,0,0,0,0,false,false,false,false,false,false,false,false,false,false,false,false,false,false,0,0,0,0,0,0,0,0,0,0,0,0,0
ITEM_COLRESS_MACHINE,0,HOLD_EFFECT_NONE,0,0,0,0,0,TYPE_NORMAL,false,false,POCKET_ITEMS,0,0,0,0,false,false,false,false,false,false,false,false,false,false,false,false,0,0,0,0,0,0,0,false,false,false,false,false,false,false,false,false,false,false,false,false,false,0,0,0,0,0,0,0,0,0,0,0,0,0
ITEM_DROPPED_ITEM_CURTIS,0,HOLD_EFFECT_NONE,0,0,0,0,0,TYPE_NORMAL,false,false,POCKET_ITEMS,0,0,0,0,false,false,false,false,false,false,false,false,false,false,false,false,0,0,0,0,0,0,0,false,false,false,false,false,false,false,false,false,false,false,false,false,false,0,0,0,0,0,0,0,0,0,0,0,0,0
ITEM_DROPPED_ITEM_YANCY,0,HOLD_EFFECT_NONE,0,0,0,0,0,TYPE_NORMAL,false,false,POCKET_ITEMS,0,0,0,0,false,false,false,false,false,false,false,false,false,false,false,false,0,0,0,0,0,0,0,false,false,false,false,false,false,false,false,false,false,false,false,false,false,0,0,0,0,0,0,0,0,0,0,0,0,0
ITEM_REVEAL_GLASS,0,HOLD_EFFECT_NONE,0,0,0,0,0,31,true,true,POCKET_KEY_ITEMS,0,0,0,0,false,false,false,false,false,false,false,false,false,false,false,false,0,0,0,0,0,0,0,false,false,false,false,false,false,false,false,false,false,false,false,false,false,0,0,0,0,0,0,0,0,0,0,0,0,0
ITEM_WEAKNESS_POLICY,50000,HOLD_EFFECT_BOOST_ATK_AND_SPATK_ON_SE,0,0,0,30,0,31,false,false,POCKET_ITEMS,0,0,0,0,false,false,false,false,false,false,false,false,false,false,false,false,0,0,0,0,0,0,0,false,false,false,false,false,false,false,false,false,false,false,false,false,false,0,0,0,0,0,0,0,0,0,0,0,0,0
ITEM_ASSAULT_VEST,50000,HOLD_EFFECT_SPDEF_BOOST_NO_STATUS_MOVES,50,0,0,30,0,31,false,false,POCKET_ITEMS,0,0,0,0,false,false,false,false,false,false,false,false,false,false,false,false,0,0,0,0,0,0,0,false,false,false,false,false,false,false,false,false,false,false,false,false,false,0,0,0,0,0,0,0,0,0,0,0,0,0
ITEM_HOLO_CASTER_MALE,0,HOLD_EFFECT_NONE,0,0,0,0,0,TYPE_NORMAL,false,false,POCKET_ITEMS,0,0,0,0,false,false,false,false,false,false,false,false,false,false,false,false,0,0,0,0,0,0,0,false,false,false,false,false,false,false,false,false,false,false,false,false,false,0,0,0,0,0,0,0,0,0,0,0,0,0
ITEM_PROFS_LETTER,0,HOLD_EFFECT_NONE,0,0,0,0,0,TYPE_NORMAL,false,false,POCKET_ITEMS,0,0,0,0,false,false,false,false,false,false,false,false,false,false,false,false,0,0,0,0,0,0,0,false,false,false,false,false,false,false,false,false,false,false,false,false,false,0,0,0,0,0,0,0,0,0,0,0,0,0
ITEM_ROLLER_SKATES,0,HOLD_EFFECT_NONE,0,0,0,0,0,TYPE_NORMAL,false,false,POCKET_ITEMS,0,0,0,0,false,false,false,false,false,false,false,false,false,false,false,false,0,0,0,0,0,0,0,false,false,false,false,false,false,false,false,false,false,false,false,false,false,0,0,0,0,0,0,0,0,0,0,0,0,0
ITEM_PIXIE_PLATE,1000,HOLD_EFFECT_ARCEUS_FAIRY,20,0,0,90,0,31,false,false,POCKET_ITEMS,0,0,0,0,false,false,false,false,false,false,false,false,false,false,false,false,0,0,0,0,0,0,0,false,false,false,false,false,false,false,false,false,false,false,false,false,false,0,0,0,0,0,0,0,0,0,0,0,0,0
ITEM_ABILITY_CAPSULE,34464,HOLD_EFFECT_NONE,0,0,0,0,0,31,false,false,POCKET_MEDICINE,0,1,0,1,false,false,false,false,false,false,false,false,false,false,false,false,0,0,0,0,0,0,0,false,false,false,false,false,false,false,false,false,false,false,false,false,false,0,0,0,0,0,0,0,0,0,0,0,1,0
ITEM_WHIPPED_DREAM,2100,HOLD_EFFECT_EVOLVE_SWIRLIX,0,0,0,80,0,31,false,false,POCKET_ITEMS,0,0,0,0,false,false,false,false,false,false,false,false,false,false,false,false,0,0,0,0,0,0,0,false,false,false,false,false,false,false,false,false,false,false,false,false,false,0,0,0,0,0,0,0,0,0,0,0,0,0
ITEM_SACHET,2100,HOLD_EFFECT_EVOLVE_SPRITZEE,0,0,0,30,0,31,false,false,POCKET_ITEMS,0,0,0,0,false,false,false,false,false,false,false,false,false,false,false,false,0,0,0,0,0,0,0,false,false,false,false,false,false,false,false,false,false,false,false,false,false,0,0,0,0,0,0,0,0,0,0,0,0,0
ITEM_LUMINOUS_MOSS,5000,HOLD_EFFECT_BOOST_SPECIAL_DEFENSE_ON_WATER_HIT,0,0,0,30,0,31,false,false,POCKET_ITEMS,0,0,0,0,false,false,false,false,false,false,false,false,false,false,false,false,0,0,0,0,0,0,0,false,false,false,false,false,false,false,false,false,false,false,false,false,false,0,0,0,0,0,0,0,0,0,0,0,0,0
ITEM_SAFETY_GOGGLES,20000,HOLD_EFFECT_SPORE_POWDER_IMMUNITY,0,0,0,30,0,31,false,false,POCKET_ITEMS,0,0,0,0,false,false,false,false,false,false,false,false,false,false,false,false,0,0,0,0,0,0,0,false,false,false,false,false,false,false,false,false,false,false,false,false,false,0,0,0,0,0,0,0,0,0,0,0,0,0
ITEM_POKE_FLUTE,0,HOLD_EFFECT_NONE,0,0,0,0,0,TYPE_NORMAL,false,false,POCKET_ITEMS,0,0,0,0,false,false,false,false,false,false,false,false,false,false,false,false,0,0,0,0,0,0,0,false,false,false,false,false,false,false,false,false,false,false,false,false,false,0,0,0,0,0,0,0,0,0,0,0,0,0
ITEM_RICH_MULCH,0,HOLD_EFFECT_NONE,0,0,0,0,0,TYPE_NORMAL,false,false,POCKET_ITEMS,0,0,0,0,false,false,false,false,false,false,false,false,false,false,false,false,0,0,0,0,0,0,0,false,false,false,false,false,false,false,false,false,false,false,false,false,false,0,0,0,0,0,0,0,0,0,0,0,0,0
ITEM_SURPRISE_MULCH,0,HOLD_EFFECT_NONE,0,0,0,0,0,TYPE_NORMAL,false,false,POCKET_ITEMS,0,0,0,0,false,false,false,false,false,false,false,false,false,false,false,false,0,0,0,0,0,0,0,false,false,false,false,false,false,false,false,false,false,false,false,false,false,0,0,0,0,0,0,0,0,0,0,0,0,0
ITEM_BOOST_MULCH,0,HOLD_EFFECT_NONE,0,0,0,0,0,TYPE_NORMAL,false,false,POCKET_ITEMS,0,0,0,0,false,false,false,false,false,false,false,false,false,false,false,false,0,0,0,0,0,0,0,false,false,false,false,false,false,false,false,false,false,false,false,false,false,0,0,0,0,0,0,0,0,0,0,0,0,0
ITEM_AMAZE_MULCH,0,HOLD_EFFECT_NONE,0,0,0,0,0,TYPE_NORMAL,false,false,POCKET_ITEMS,0,0,0,0,false,false,false,false,false,false,false,false,false,false,false,false,0,0,0,0,0,0,0,false,false,false,false,false,false,false,false,false,false,false,false,false,false,0,0,0,0,0,0,0,0,0,0,0,0,0
ITEM_GENGARITE,0,HOLD_EFFECT_NONE,0,0,0,0,0,31,false,false,POCKET_ITEMS,0,0,0,1,false,false,false,false,false,false,false,false,false,false,false,false,0,0,0,0,0,0,0,false,false,false,false,false,false,false,false,false,false,false,false,false,false,0,0,0,0,0,0,0,0,0,0,0,0,0
ITEM_GARDEVOIRITE,0,HOLD_EFFECT_NONE,0,0,0,0,0,31,false,false,POCKET_ITEMS,0,0,0,1,false,false,false,false,false,false,false,false,false,false,false,false,0,0,0,0,0,0,0,false,false,false,false,false,false,false,false,false,false,false,false,false,false,0,0,0,0,0,0,0,0,0,0,0,0,0
ITEM_AMPHAROSITE,0,HOLD_EFFECT_NONE,0,0,0,0,0,31,false,false,POCKET_ITEMS,0,0,0,1,false,false,false,false,false,false,false,false,false,false,false,false,0,0,0,0,0,0,0,false,false,false,false,false,false,false,false,false,false,false,false,false,false,0,0,0,0,0,0,0,0,0,0,0,0,0
ITEM_VENUSAURITE,0,HOLD_EFFECT_NONE,0,0,0,0,0,31,false,false,POCKET_ITEMS,0,0,0,1,false,false,false,false,false,false,false,false,false,false,false,false,0,0,0,0,0,0,0,false,false,false,false,false,false,false,false,false,false,false,false,false,false,0,0,0,0,0,0,0,0,0,0,0,0,0
ITEM_CHARIZARDITE_X,0,HOLD_EFFECT_NONE,0,0,0,0,0,31,false,false,POCKET_ITEMS,0,0,0,1,false,false,false,false,false,false,false,false,false,false,false,false,0,0,0,0,0,0,0,false,false,false,false,false,false,false,false,false,false,false,false,false,false,0,0,0,0,0,0,0,0,0,0,0,0,0
ITEM_BLASTOISINITE,0,HOLD_EFFECT_NONE,0,0,0,0,0,31,false,false,POCKET_ITEMS,0,0,0,1,false,false,false,false,false,false,false,false,false,false,false,false,0,0,0,0,0,0,0,false,false,false,false,false,false,false,false,false,false,false,false,false,false,0,0,0,0,0,0,0,0,0,0,0,0,0
ITEM_MEWTWONITE_X,0,HOLD_EFFECT_NONE,0,0,0,0,0,31,false,false,POCKET_ITEMS,0,0,0,1,false,false,false,false,false,false,false,false,false,false,false,false,0,0,0,0,0,0,0,false,false,false,false,false,false,false,false,false,false,false,false,false,false,0,0,0,0,0,0,0,0,0,0,0,0,0
ITEM_MEWTWONITE_Y,0,HOLD_EFFECT_NONE,0,0,0,0,0,31,false,false,POCKET_ITEMS,0,0,0,1,false,false,false,false,false,false,false,false,false,false,false,false,0,0,0,0,0,0,0,false,false,false,false,false,false,false,false,false,false,false,false,false,false,0,0,0,0,0,0,0,0,0,0,0,0,0
ITEM_BLAZIKENITE,0,HOLD_EFFECT_NONE,0,0,0,0,0,31,false,false,POCKET_ITEMS,0,0,0,1,false,false,false,false,false,false,false,false,false,false,false,false,0,0,0,0,0,0,0,false,false,false,false,false,false,false,false,false,false,false,false,false,false,0,0,0,0,0,0,0,0,0,0,0,0,0
ITEM_MEDICHAMITE,0,HOLD_EFFECT_NONE,0,0,0,0,0,31,false,false,POCKET_ITEMS,0,0,0,1,false,false,false,false,false,false,false,false,false,false,false,false,0,0,0,0,0,0,0,false,false,false,false,false,false,false,false,false,false,false,false,false,false,0,0,0,0,0,0,0,0,0,0,0,0,0
ITEM_HOUNDOOMINITE,0,HOLD_EFFECT_NONE,0,0,0,0,0,31,false,false,POCKET_ITEMS,0,0,0,1,false,false,false,false,false,false,false,false,false,false,false,false,0,0,0,0,0,0,0,false,false,false,false,false,false,false,false,false,false,false,false,false,false,0,0,0,0,0,0,0,0,0,0,0,0,0
ITEM_AGGRONITE,0,HOLD_EFFECT_NONE,0,0,0,0,0,31,false,false,POCKET_ITEMS,0,0,0,1,false,false,false,false,false,false,false,false,false,false,false,false,0,0,0,0,0,0,0,false,false,false,false,false,false,false,false,false,false,false,false,false,false,0,0,0,0,0,0,0,0,0,0,0,0,0
ITEM_BANETTITE,0,HOLD_EFFECT_NONE,0,0,0,0,0,31,false,false,POCKET_ITEMS,0,0,0,1,false,false,false,false,false,false,false,false,false,false,false,false,0,0,0,0,0,0,0,false,false,false,false,false,false,false,false,false,false,false,false,false,false,0,0,0,0,0,0,0,0,0,0,0,0,0
ITEM_TYRANITARITE,0,HOLD_EFFECT_NONE,0,0,0,0,0,31,false,false,POCKET_ITEMS,0,0,0,1,false,false,false,false,false,false,false,false,false,false,false,false,0,0,0,0,0,0,0,false,false,false,false,false,false,false,false,false,false,false,false,false,false,0,0,0,0,0,0,0,0,0,0,0,0,0
ITEM_SCIZORITE,0,HOLD_EFFECT_NONE,0,0,0,0,0,31,false,false,POCKET_ITEMS,0,0,0,1,false,false,false,false,false,false,false,false,false,false,false,false,0,0,0,0,0,0,0,false,false,false,false,false,false,false,false,false,false,false,false,false,false,0,0,0,0,0,0,0,0,0,0,0,0,0
ITEM_PINSIRITE,0,HOLD_EFFECT_NONE,0,0,0,0,0,31,false,false,POCKET_ITEMS,0,0,0,1,false,false,false,false,false,false,false,false,false,false,false,false,0,0,0,0,0,0,0,false,false,false,false,false,false,false,false,false,false,false,false,false,false,0,0,0,0,0,0,0,0,0,0,0,0,0
ITEM_AERODACTYLITE,0,HOLD_EFFECT_NONE,0,0,0,0,0,31,false,false,POCKET_ITEMS,0,0,0,1,false,false,false,false,false,false,false,false,false,false,false,false,0,0,0,0,0,0,0,false,false,false,false,false,false,false,false,false,false,false,false,false,false,0,0,0,0,0,0,0,0,0,0,0,0,0
ITEM_LUCARIONITE,0,HOLD_EFFECT_NONE,0,0,0,0,0,31,false,false,POCKET_ITEMS,0,0,0,1,false,false,false,false,false,false,false,false,false,false,false,false,0,0,0,0,0,0,0,false,false,false,false,false,false,false,false,false,false,false,false,false,false,0,0,0,0,0,0,0,0,0,0,0,0,0
ITEM_ABOMASITE,0,HOLD_EFFECT_NONE,0,0,0,0,0,31,false,false,POCKET_ITEMS,0,0,0,1,false,false,false,false,false,false,false,false,false,false,false,false,0,0,0,0,0,0,0,false,false,false,false,false,false,false,false,false,false,false,false,false,false,0,0,0,0,0,0,0,0,0,0,0,0,0
ITEM_KANGASKHANITE,0,HOLD_EFFECT_NONE,0,0,0,0,0,31,false,false,POCKET_ITEMS,0,0,0,1,false,false,false,false,false,false,false,false,false,false,false,false,0,0,0,0,0,0,0,false,false,false,false,false,false,false,false,false,false,false,false,false,false,0,0,0,0,0,0,0,0,0,0,0,0,0
ITEM_GYARADOSITE,0,HOLD_EFFECT_NONE,0,0,0,0,0,31,false,false,POCKET_ITEMS,0,0,0,1,false,false,false,false,false,false,false,false,false,false,false,false,0,0,0,0,0,0,0,false,false,false,false,false,false,false,false,false,false,false,false,false,false,0,0,0,0,0,0,0,0,0,0,0,0,0
ITEM_ABSOLITE,0,HOLD_EFFECT_NONE,0,0,0,0,0,31,false,false,POCKET_ITEMS,0,0,0,1,false,false,false,false,false,false,false,false,false,false,false,false,0,0,0,0,0,0,0,false,false,false,false,false,false,false,false,false,false,false,false,false,false,0,0,0,0,0,0,0,0,0,0,0,0,0
ITEM_CHARIZARDITE_Y,0,HOLD_EFFECT_NONE,0,0,0,0,0,31,false,false,POCKET_ITEMS,0,0,0,1,false,false,false,false,false,false,false,false,false,false,false,false,0,0,0,0,0,0,0,false,false,false,false,false,false,false,false,false,false,false,false,false,false,0,0,0,0,0,0,0,0,0,0,0,0,0
ITEM_ALAKAZITE,0,HOLD_EFFECT_NONE,0,0,0,0,0,31,false,false,POCKET_ITEMS,0,0,0,1,false,false,false,false,false,false,false,false,false,false,false,false,0,0,0,0,0,0,0,false,false,false,false,false,false,false,false,false,false,false,false,false,false,0,0,0,0,0,0,0,0,0,0,0,0,0
ITEM_HERACRONITE,0,HOLD_EFFECT_NONE,0,0,0,0,0,31,false,false,POCKET_ITEMS,0,0,0,1,false,false,false,false,false,false,false,false,false,false,false,false,0,0,0,0,0,0,0,false,false,false,false,false,false,false,false,false,false,false,false,false,false,0,0,0,0,0,0,0,0,0,0,0,0,0
ITEM_MAWILITE,0,HOLD_EFFECT_NONE,0,0,0,0,0,31,false,false,POCKET_ITEMS,0,0,0,1,false,false,false,false,false,false,false,false,false,false,false,false,0,0,0,0,0,0,0,false,false,false,false,false,false,false,false,false,false,false,false,false,false,0,0,0,0,0,0,0,0,0,0,0,0,0
ITEM_MANECTITE,0,HOLD_EFFECT_NONE,0,0,0,0,0,31,false,false,POCKET_ITEMS,0,0,0,1,false,false,false,false,false,false,false,false,false,false,false,false,0,0,0,0,0,0,0,false,false,false,false,false,false,false,false,false,false,false,false,false,false,0,0,0,0,0,0,0,0,0,0,0,0,0
ITEM_GARCHOMPITE,0,HOLD_EFFECT_NONE,0,0,0,0,0,31,false,false,POCKET_ITEMS,0,0,0,1,false,false,false,false,false,false,false,false,false,false,false,false,0,0,0,0,0,0,0,false,false,false,false,false,false,false,false,false,false,false,false,false,false,0,0,0,0,0,0,0,0,0,0,0,0,0
ITEM_LATIASITE,0,HOLD_EFFECT_NONE,0,0,0,0,0,31,false,false,POCKET_ITEMS,0,0,0,1,false,false,false,false,false,false,false,false,false,false,false,false,0,0,0,0,0,0,0,false,false,false,false,false,false,false,false,false,false,false,false,false,false,0,0,0,0,0,0,0,0,0,0,0,0,0
ITEM_LATIOSITE,0,HOLD_EFFECT_NONE,0,0,0,0,0,31,false,false,POCKET_ITEMS,0,0,0,1,false,false,false,false,false,false,false,false,false,false,false,false,0,0,0,0,0,0,0,false,false,false,false,false,false,false,false,false,false,false,false,false,false,0,0,0,0,0,0,0,0,0,0,0,0,0
ITEM_ROSELI_BERRY,80,HOLD_EFFECT_WEAKEN_SE_FAIRY,0,0,0,10,80,TYPE_FAIRY,false,false,POCKET_BERRIES,0,8,0,1,false,false,false,false,false,false,false,false,false,false,false,false,0,0,0,0,0,0,0,false,false,false,false,false,false,false,false,false,false,false,false,false,false,0,0,0,0,0,0,0,0,0,0,0,0,0
ITEM_KEE_BERRY,80,HOLD_EFFECT_BOOST_DEF_ON_PHYSICAL_HIT,0,0,0,30,100,31,false,false,POCKET_ITEMS,0,0,0,0,false,false,false,false,false,false,false,false,false,false,false,false,0,0,0,0,0,0,0,false,false,false,false,false,false,false,false,false,false,false,false,false,false,0,0,0,0,0,0,0,0,0,0,0,0,0
ITEM_MARANGA_BERRY,80,HOLD_EFFECT_BOOST_SPDEF_ON_SPECIAL_HIT,0,0,0,30,100,31,false,false,POCKET_ITEMS,0,0,0,0,false,false,false,false,false,false,false,false,false,false,false,false,0,0,0,0,0,0,0,false,false,false,false,false,false,false,false,false,false,false,false,false,false,0,0,0,0,0,0,0,0,0,0,0,0,0
ITEM_SPRINKLOTAD,0,HOLD_EFFECT_NONE,0,0,0,0,0,TYPE_NORMAL,false,false,POCKET_ITEMS,0,0,0,0,false,false,false,false,false,false,false,false,false,false,false,false,0,0,0,0,0,0,0,false,false,false,false,false,false,false,false,false,false,false,false,false,false,0,0,0,0,0,0,0,0,0,0,0,0,0
ITEM_TM096,1600,HOLD_EFFECT_NONE,0,0,0,0,0,31,false,false,POCKET_TMHMS,0,6,0,0,false,false,false,false,false,false,false,false,false,false,false,false,0,0,0,0,0,0,0,false,false,false,false,false,false,false,false,false,false,false,false,false,false,0,0,0,0,0,0,0,0,0,0,0,0,0
ITEM_TM097,20000,HOLD_EFFECT_NONE,0,0,0,0,0,31,false,false,POCKET_TMHMS,0,6,0,0,false,false,false,false,false,false,false,false,false,false,false,false,0,0,0,0,0,0,0,false,false,false,false,false,false,false,false,false,false,false,false,false,false,0,0,0,0,0,0,0,0,0,0,0,0,0
ITEM_TM098,12000,HOLD_EFFECT_NONE,0,0,0,0,0,31,false,false,POCKET_TMHMS,0,6,0,0,false,false,false,false,false,false,false,false,false,false,false,false,0,0,0,0,0,0,0,false,false,false,false,false,false,false,false,false,false,false,false,false,false,0,0,0,0,0,0,0,0,0,0,0,0,0
ITEM_TM099,32000,HOLD_EFFECT_NONE,0,0,0,0,0,31,false,false,POCKET_TMHMS,0,6,0,0,false,false,false,false,false,false,false,false,false,false,false,false,0,0,0,0,0,0,0,false,false,false,false,false,false,false,false,false,false,false,false,false,false,0,0,0,0,0,0,0,0,0,0,0,0,0
ITEM_TM100,0,HOLD_EFFECT_NONE,0,0,0,0,0,TYPE_NORMAL,false,false,POCKET_TMHMS,0,6,0,0,false,false,false,false,false,false,false,false,false,false,false,false,0,0,0,0,0,0,0,false,false,false,false,false,false,false,false,false,false,false,false,false,false,0,0,0,0,0,0,0,0,0,0,0,0,0
ITEM_POWER_PLANT_PASS,0,HOLD_EFFECT_NONE,0,0,0,0,0,TYPE_NORMAL,false,false,POCKET_ITEMS,0,0,0,0,false,false,false,false,false,false,false,false,false,false,false,false,0,0,0,0,0,0,0,false,false,false,false,false,false,false,false,false,false,false,false,false,false,0,0,0,0,0,0,0,0,0,0,0,0,0
ITEM_MEGA_RING,0,HOLD_EFFECT_NONE,0,0,0,0,0,31,true,false,POCKET_KEY_ITEMS,0,0,0,0,false,false,false,false,false,false,false,false,false,false,false,false,0,0,0,0,0,0,0,false,false,false,false,false,false,false,false,false,false,false,false,false,false,0,0,0,0,0,0,0,0,0,0,0,0,0
ITEM_INTRIGUING_STONE,0,HOLD_EFFECT_NONE,0,0,0,0,0,TYPE_NORMAL,false,false,POCKET_ITEMS,0,0,0,0,false,false,false,false,false,false,false,false,false,false,false,false,0,0,0,0,0,0,0,false,false,false,false,false,false,false,false,false,false,false,false,false,false,0,0,0,0,0,0,0,0,0,0,0,0,0
ITEM_COMMON_STONE,0,HOLD_EFFECT_NONE,0,0,0,0,0,TYPE_NORMAL,false,false,POCKET_ITEMS,0,0,0,0,false,false,false,false,false,false,false,false,false,false,false,false,0,0,0,0,0,0,0,false,false,false,false,false,false,false,false,false,false,false,false,false,false,0,0,0,0,0,0,0,0,0,0,0,0,0
ITEM_DISCOUNT_COUPON,0,HOLD_EFFECT_NONE,0,0,0,0,0,TYPE_NORMAL,false,false,POCKET_ITEMS,0,0,0,0,false,false,false,false,false,false,false,false,false,false,false,false,0,0,0,0,0,0,0,false,false,false,false,false,false,false,false,false,false,false,false,false,false,0,0,0,0,0,0,0,0,0,0,0,0,0
ITEM_ELEVATOR_KEY,0,HOLD_EFFECT_NONE,0,0,0,0,0,TYPE_NORMAL,false,false,POCKET_ITEMS,0,0,0,0,false,false,false,false,false,false,false,false,false,false,false,false,0,0,0,0,0,0,0,false,false,false,false,false,false,false,false,false,false,false,false,false,false,0,0,0,0,0,0,0,0,0,0,0,0,0
ITEM_TMV_PASS,0,HOLD_EFFECT_NONE,0,0,0,0,0,TYPE_NORMAL,false,false,POCKET_ITEMS,0,0,0,0,false,false,false,false,false,false,false,false,false,false,false,false,0,0,0,0,0,0,0,false,false,false,false,false,false,false,false,false,false,false,false,false,false,0,0,0,0,0,0,0,0,0,0,0,0,0
ITEM_HONOR_OF_KALOS,0,HOLD_EFFECT_NONE,0,0,0,0,0,TYPE_NORMAL,false,false,POCKET_ITEMS,0,0,0,0,false,false,false,false,false,false,false,false,false,false,false,false,0,0,0,0,0,0,0,false,false,false,false,false,false,false,false,false,false,false,false,false,false,0,0,0,0,0,0,0,0,0,0,0,0,0
ITEM_ADVENTURE_GUIDE,0,HOLD_EFFECT_NONE,0,0,0,0,0,31,false,false,POCKET_KEY_ITEMS,0,0,0,0,false,false,false,false,false,false,false,false,false,false,false,false,0,0,0,0,0,0,0,false,false,false,false,false,false,false,false,false,false,false,false,false,false,0,0,0,0,0,0,0,0,0,0,0,0,0
ITEM_STRANGE_SOUVENIR,0,HOLD_EFFECT_NONE,0,0,0,0,0,TYPE_NORMAL,false,false,POCKET_ITEMS,0,0,0,0,false,false,false,false,false,false,false,false,false,false,false,false,0,0,0,0,0,0,0,false,false,false,false,false,false,false,false,false,false,false,false,false,false,0,0,0,0,0,0,0,0,0,0,0,0,0
ITEM_LENS_CASE,0,HOLD_EFFECT_NONE,0,0,0,0,0,TYPE_NORMAL,false,false,POCKET_ITEMS,0,0,0,0,false,false,false,false,false,false,false,false,false,false,false,false,0,0,0,0,0,0,0,false,false,false,false,false,false,false,false,false,false,false,false,false,false,0,0,0,0,0,0,0,0,0,0,0,0,0
ITEM_MAKEUP_BAG,0,HOLD_EFFECT_NONE,0,0,0,0,0,TYPE_NORMAL,false,false,POCKET_ITEMS,0,0,0,0,false,false,false,false,false,false,false,false,false,false,false,false,0,0,0,0,0,0,0,false,false,false,false,false,false,false,false,false,false,false,false,false,false,0,0,0,0,0,0,0,0,0,0,0,0,0
ITEM_TRAVEL_TRUNK,0,HOLD_EFFECT_NONE,0,0,0,0,0,TYPE_NORMAL,false,false,POCKET_ITEMS,0,0,0,0,false,false,false,false,false,false,false,false,false,false,false,false,0,0,0,0,0,0,0,false,false,false,false,false,false,false,false,false,false,false,false,false,false,0,0,0,0,0,0,0,0,0,0,0,0,0
ITEM_LUMIOSE_GALETTE,350,HOLD_EFFECT_NONE,0,0,0,30,0,31,false,false,POCKET_MEDICINE,8,1,2,1,true,true,true,true,true,true,false,false,false,false,false,false,0,0,0,0,0,0,0,false,false,false,false,false,false,false,false,false,false,false,false,false,false,0,0,0,0,0,0,0,0,0,0,0,0,0
ITEM_SHALOUR_SABLE,350,HOLD_EFFECT_NONE,0,0,0,30,0,31,false,false,POCKET_MEDICINE,8,1,2,1,true,true,true,true,true,true,false,false,false,false,false,false,0,0,0,0,0,0,0,false,false,false,false,false,false,false,false,false,false,false,false,false,false,0,0,0,0,0,0,0,0,0,0,0,0,0
ITEM_JAW_FOSSIL,1000,HOLD_EFFECT_NONE,0,0,0,100,0,31,false,false,POCKET_ITEMS,0,0,0,1,false,false,false,false,false,false,false,false,false,false,false,false,0,0,0,0,0,0,0,false,false,false,false,false,false,false,false,false,false,false,false,false,false,0,0,0,0,0,0,0,0,0,0,0,0,0
ITEM_SAIL_FOSSIL,1000,HOLD_EFFECT_NONE,0,0,0,100,0,31,false,false,POCKET_ITEMS,0,0,0,1,false,false,false,false,false,false,false,false,false,false,false,false,0,0,0,0,0,0,0,false,false,false,false,false,false,false,false,false,false,false,false,false,false,0,0,0,0,0,0,0,0,0,0,0,0,0
ITEM_LOOKER_TICKET,0,HOLD_EFFECT_NONE,0,0,0,0,0,TYPE_NORMAL,false,false,POCKET_ITEMS,0,0,0,0,false,false,false,false,false,false,false,false,false,false,false,false,0,0,0,0,0,0,0,false,false,false,false,false,false,false,false,false,false,false,false,false,false,0,0,0,0,0,0,0,0,0,0,0,0,0
ITEM_BIKE_XY,0,HOLD_EFFECT_NONE,0,0,0,0,0,TYPE_NORMAL,false,false,POCKET_ITEMS,0,0,0,0,false,false,false,false,false,false,false,false,false,false,false,false,0,0,0,0,0,0,0,false,false,false,false,false,false,false,false,false,false,false,false,false,false,0,0,0,0,0,0,0,0,0,0,0,0,0
ITEM_HOLO_CASTER_FEMALE,0,HOLD_EFFECT_NONE,0,0,0,0,0,TYPE_NORMAL,false,false,POCKET_ITEMS,0,0,0,0,false,false,false,false,false,false,false,false,false,false,false,false,0,0,0,0,0,0,0,false,false,false,false,false,false,false,false,false,false,false,false,false,false,0,0,0,0,0,0,0,0,0,0,0,0,0
ITEM_FAIRY_GEM,200,HOLD_EFFECT_POWERING_UP_MOVE_ONCE,18,0,0,30,0,31,false,false,POCKET_ITEMS,0,0,0,0,false,false,false,false,false,false,false,false,false,false,false,false,0,0,0,0,0,0,0,false,false,false,false,false,false,false,false,false,false,false,false,false,false,0,0,0,0,0,0,0,0,0,0,0,0,0
ITEM_MEGA_CHARM,0,HOLD_EFFECT_NONE,0,0,0,0,0,TYPE_NORMAL,false,false,POCKET_ITEMS,0,0,0,0,false,false,false,false,false,false,false,false,false,false,false,false,0,0,0,0,0,0,0,false,false,false,false,false,false,false,false,false,false,false,false,false,false,0,0,0,0,0,0,0,0,0,0,0,0,0
ITEM_MEGA_GLOVE,0,HOLD_EFFECT_NONE,0,0,0,0,0,TYPE_NORMAL,false,false,POCKET_ITEMS,0,0,0,0,false,false,false,false,false,false,false,false,false,false,false,false,0,0,0,0,0,0,0,false,false,false,false,false,false,false,false,false,false,false,false,false,false,0,0,0,0,0,0,0,0,0,0,0,0,0
ITEM_MACH_BIKE,0,HOLD_EFFECT_NONE,0,0,0,0,0,TYPE_NORMAL,false,false,POCKET_ITEMS,0,0,0,0,false,false,false,false,false,false,false,false,false,false,false,false,0,0,0,0,0,0,0,false,false,false,false,false,false,false,false,false,false,false,false,false,false,0,0,0,0,0,0,0,0,0,0,0,0,0
ITEM_ACRO_BIKE,0,HOLD_EFFECT_NONE,0,0,0,0,0,TYPE_NORMAL,false,false,POCKET_ITEMS,0,0,0,0,false,false,false,false,false,false,false,false,false,false,false,false,0,0,0,0,0,0,0,false,false,false,false,false,false,false,false,false,false,false,false,false,false,0,0,0,0,0,0,0,0,0,0,0,0,0
ITEM_WAILMER_PAIL,0,HOLD_EFFECT_NONE,0,0,0,0,0,TYPE_NORMAL,false,false,POCKET_ITEMS,0,0,0,0,false,false,false,false,false,false,false,false,false,false,false,false,0,0,0,0,0,0,0,false,false,false,false,false,false,false,false,false,false,false,false,false,false,0,0,0,0,0,0,0,0,0,0,0,0,0
ITEM_DEVON_PARTS,0,HOLD_EFFECT_NONE,0,0,0,0,0,TYPE_NORMAL,false,false,POCKET_ITEMS,0,0,0,0,false,false,false,false,false,false,false,false,false,false,false,false,0,0,0,0,0,0,0,false,false,false,false,false,false,false,false,false,false,false,false,false,false,0,0,0,0,0,0,0,0,0,0,0,0,0
ITEM_SOOT_SACK,0,HOLD_EFFECT_NONE,0,0,0,0,0,TYPE_NORMAL,false,false,POCKET_ITEMS,0,0,0,0,false,false,false,false,false,false,false,false,false,false,false,false,0,0,0,0,0,0,0,false,false,false,false,false,false,false,false,false,false,false,false,false,false,0,0,0,0,0,0,0,0,0,0,0,0,0
ITEM_BASEMENT_KEY_ORAS,0,HOLD_EFFECT_NONE,0,0,0,0,0,TYPE_NORMAL,false,false,POCKET_ITEMS,0,0,0,0,false,false,false,false,false,false,false,false,false,false,false,false,0,0,0,0,0,0,0,false,false,false,false,false,false,false,false,false,false,false,false,false,false,0,0,0,0,0,0,0,0,0,0,0,0,0
ITEM_POKEBLOCK_KIT,0,HOLD_EFFECT_NONE,0,0,0,0,0,TYPE_NORMAL,false,false,POCKET_ITEMS,0,0,0,0,false,false,false,false,false,false,false,false,false,false,false,false,0,0,0,0,0,0,0,false,false,false,false,false,false,false,false,false,false,false,false,false,false,0,0,0,0,0,0,0,0,0,0,0,0,0
ITEM_LETTER,0,HOLD_EFFECT_NONE,0,0,0,0,0,TYPE_NORMAL,false,false,POCKET_ITEMS,0,0,0,0,false,false,false,false,false,false,false,false,false,false,false,false,0,0,0,0,0,0,0,false,false,false,false,false,false,false,false,false,false,false,false,false,false,0,0,0,0,0,0,0,0,0,0,0,0,0
ITEM_EON_TICKET,0,HOLD_EFFECT_NONE,0,0,0,0,0,TYPE_NORMAL,false,false,POCKET_ITEMS,0,0,0,0,false,false,false,false,false,false,false,false,false,false,false,false,0,0,0,0,0,0,0,false,false,false,false,false,false,false,false,false,false,false,false,false,false,0,0,0,0,0,0,0,0,0,0,0,0,0
ITEM_SCANNER,0,HOLD_EFFECT_NONE,0,0,0,0,0,TYPE_NORMAL,false,false,POCKET_ITEMS,0,0,0,0,false,false,false,false,false,false,false,false,false,false,false,false,0,0,0,0,0,0,0,false,false,false,false,false,false,false,false,false,false,false,false,false,false,0,0,0,0,0,0,0,0,0,0,0,0,0
ITEM_GO_GOGGLES,0,HOLD_EFFECT_NONE,0,0,0,0,0,TYPE_NORMAL,false,false,POCKET_ITEMS,0,0,0,0,false,false,false,false,false,false,false,false,false,false,false,false,0,0,0,0,0,0,0,false,false,false,false,false,false,false,false,false,false,false,false,false,false,0,0,0,0,0,0,0,0,0,0,0,0,0
ITEM_METEORITE_ORAS_DEFAULT,0,HOLD_EFFECT_NONE,0,0,0,0,0,TYPE_NORMAL,false,false,POCKET_ITEMS,0,0,0,0,false,false,false,false,false,false,false,false,false,false,false,false,0,0,0,0,0,0,0,false,false,false,false,false,false,false,false,false,false,false,false,false,false,0,0,0,0,0,0,0,0,0,0,0,0,0
ITEM_KEY_TO_ROOM_1,0,HOLD_EFFECT_NONE,0,0,0,0,0,TYPE_NORMAL,false,false,POCKET_ITEMS,0,0,0,0,false,false,false,false,false,false,false,false,false,false,false,false,0,0,0,0,0,0,0,false,false,false,false,false,false,false,false,false,false,false,false,false,false,0,0,0,0,0,0,0,0,0,0,0,0,0
ITEM_KEY_TO_ROOM_2,0,HOLD_EFFECT_NONE,0,0,0,0,0,TYPE_NORMAL,false,false,POCKET_ITEMS,0,0,0,0,false,false,false,false,false,false,false,false,false,false,false,false,0,0,0,0,0,0,0,false,false,false,false,false,false,false,false,false,false,false,false,false,false,0,0,0,0,0,0,0,0,0,0,0,0,0
ITEM_KEY_TO_ROOM_4,0,HOLD_EFFECT_NONE,0,0,0,0,0,TYPE_NORMAL,false,false,POCKET_ITEMS,0,0,0,0,false,false,false,false,false,false,false,false,false,false,false,false,0,0,0,0,0,0,0,false,false,false,false,false,false,false,false,false,false,false,false,false,false,0,0,0,0,0,0,0,0,0,0,0,0,0
ITEM_KEY_TO_ROOM_6,0,HOLD_EFFECT_NONE,0,0,0,0,0,TYPE_NORMAL,false,false,POCKET_ITEMS,0,0,0,0,false,false,false,false,false,false,false,false,false,false,false,false,0,0,0,0,0,0,0,false,false,false,false,false,false,false,false,false,false,false,false,false,false,0,0,0,0,0,0,0,0,0,0,0,0,0
ITEM_STORAGE_KEY_HOENN,0,HOLD_EFFECT_NONE,0,0,0,0,0,TYPE_NORMAL,false,false,POCKET_ITEMS,0,0,0,0,false,false,false,false,false,false,false,false,false,false,false,false,0,0,0,0,0,0,0,false,false,false,false,false,false,false,false,false,false,false,false,false,false,0,0,0,0,0,0,0,0,0,0,0,0,0
ITEM_DEVON_SCOPE,0,HOLD_EFFECT_NONE,0,0,0,0,0,TYPE_NORMAL,false,false,POCKET_ITEMS,0,0,0,0,false,false,false,false,false,false,false,false,false,false,false,false,0,0,0,0,0,0,0,false,false,false,false,false,false,false,false,false,false,false,false,false,false,0,0,0,0,0,0,0,0,0,0,0,0,0
ITEM_SS_TICKET_ORAS,0,HOLD_EFFECT_NONE,0,0,0,0,0,TYPE_NORMAL,false,false,POCKET_ITEMS,0,0,0,0,false,false,false,false,false,false,false,false,false,false,false,false,0,0,0,0,0,0,0,false,false,false,false,false,false,false,false,false,false,false,false,false,false,0,0,0,0,0,0,0,0,0,0,0,0,0
ITEM_HM07_ORAS,0,HOLD_EFFECT_NONE,0,0,0,0,0,TYPE_NORMAL,true,false,POCKET_TMHMS,0,6,0,0,false,false,false,false,false,false,false,false,false,false,false,false,0,0,0,0,0,0,0,false,false,false,false,false,false,false,false,false,false,false,false,false,false,0,0,0,0,0,0,0,0,0,0,0,0,0
ITEM_DEVON_SCUBA_GEAR,0,HOLD_EFFECT_NONE,0,0,0,0,0,TYPE_NORMAL,false,false,POCKET_ITEMS,0,0,0,0,false,false,false,false,false,false,false,false,false,false,false,false,0,0,0,0,0,0,0,false,false,false,false,false,false,false,false,false,false,false,false,false,false,0,0,0,0,0,0,0,0,0,0,0,0,0
ITEM_CONTEST_COSTUME_MALE,0,HOLD_EFFECT_NONE,0,0,0,0,0,TYPE_NORMAL,false,false,POCKET_ITEMS,0,0,0,0,false,false,false,false,false,false,false,false,false,false,false,false,0,0,0,0,0,0,0,false,false,false,false,false,false,false,false,false,false,false,false,false,false,0,0,0,0,0,0,0,0,0,0,0,0,0
ITEM_CONTEST_COSTUME_FEMALE,0,HOLD_EFFECT_NONE,0,0,0,0,0,TYPE_NORMAL,false,false,POCKET_ITEMS,0,0,0,0,false,false,false,false,false,false,false,false,false,false,false,false,0,0,0,0,0,0,0,false,false,false,false,false,false,false,false,false,false,false,false,false,false,0,0,0,0,0,0,0,0,0,0,0,0,0
ITEM_MAGMA_SUIT,0,HOLD_EFFECT_NONE,0,0,0,0,0,TYPE_NORMAL,false,false,POCKET_ITEMS,0,0,0,0,false,false,false,false,false,false,false,false,false,false,false,false,0,0,0,0,0,0,0,false,false,false,false,false,false,false,false,false,false,false,false,false,false,0,0,0,0,0,0,0,0,0,0,0,0,0
ITEM_AQUA_SUIT,0,HOLD_EFFECT_NONE,0,0,0,0,0,TYPE_NORMAL,false,false,POCKET_ITEMS,0,0,0,0,false,false,false,false,false,false,false,false,false,false,false,false,0,0,0,0,0,0,0,false,false,false,false,false,false,false,false,false,false,false,false,false,false,0,0,0,0,0,0,0,0,0,0,0,0,0
ITEM_PAIR_OF_TICKETS,0,HOLD_EFFECT_NONE,0,0,0,0,0,TYPE_NORMAL,false,false,POCKET_ITEMS,0,0,0,0,false,false,false,false,false,false,false,false,false,false,false,false,0,0,0,0,0,0,0,false,false,false,false,false,false,false,false,false,false,false,false,false,false,0,0,0,0,0,0,0,0,0,0,0,0,0
ITEM_MEGA_BRACELET,0,HOLD_EFFECT_NONE,0,0,0,0,0,TYPE_NORMAL,false,false,POCKET_ITEMS,0,0,0,0,false,false,false,false,false,false,false,false,false,false,false,false,0,0,0,0,0,0,0,false,false,false,false,false,false,false,false,false,false,false,false,false,false,0,0,0,0,0,0,0,0,0,0,0,0,0
ITEM_MEGA_PENDANT,0,HOLD_EFFECT_NONE,0,0,0,0,0,TYPE_NORMAL,false,false,POCKET_ITEMS,0,0,0,0,false,false,false,false,false,false,false,false,false,false,false,false,0,0,0,0,0,0,0,false,false,false,false,false,false,false,false,false,false,false,false,false,false,0,0,0,0,0,0,0,0,0,0,0,0,0
ITEM_MEGA_GLASSES,0,HOLD_EFFECT_NONE,0,0,0,0,0,TYPE_NORMAL,false,false,POCKET_ITEMS,0,0,0,0,false,false,false,false,false,false,false,false,false,false,false,false,0,0,0,0,0,0,0,false,false,false,false,false,false,false,false,false,false,false,false,false,false,0,0,0,0,0,0,0,0,0,0,0,0,0
ITEM_MEGA_ANCHOR,0,HOLD_EFFECT_NONE,0,0,0,0,0,TYPE_NORMAL,false,false,POCKET_ITEMS,0,0,0,0,false,false,false,false,false,false,false,false,false,false,false,false,0,0,0,0,0,0,0,false,false,false,false,false,false,false,false,false,false,false,false,false,false,0,0,0,0,0,0,0,0,0,0,0,0,0
ITEM_MEGA_STICKPIN,0,HOLD_EFFECT_NONE,0,0,0,0,0,TYPE_NORMAL,false,false,POCKET_ITEMS,0,0,0,0,false,false,false,false,false,false,false,false,false,false,false,false,0,0,0,0,0,0,0,false,false,false,false,false,false,false,false,false,false,false,false,false,false,0,0,0,0,0,0,0,0,0,0,0,0,0
ITEM_MEGA_TIARA,0,HOLD_EFFECT_NONE,0,0,0,0,0,TYPE_NORMAL,false,false,POCKET_ITEMS,0,0,0,0,false,false,false,false,false,false,false,false,false,false,false,false,0,0,0,0,0,0,0,false,false,false,false,false,false,false,false,false,false,false,false,false,false,0,0,0,0,0,0,0,0,0,0,0,0,0
ITEM_MEGA_ANKLET,0,HOLD_EFFECT_NONE,0,0,0,0,0,TYPE_NORMAL,false,false,POCKET_ITEMS,0,0,0,0,false,false,false,false,false,false,false,false,false,false,false,false,0,0,0,0,0,0,0,false,false,false,false,false,false,false,false,false,false,false,false,false,false,0,0,0,0,0,0,0,0,0,0,0,0,0
ITEM_METEORITE_ORAS_SECOND,0,HOLD_EFFECT_NONE,0,0,0,0,0,TYPE_NORMAL,false,false,POCKET_ITEMS,0,0,0,0,false,false,false,false,false,false,false,false,false,false,false,false,0,0,0,0,0,0,0,false,false,false,false,false,false,false,false,false,false,false,false,false,false,0,0,0,0,0,0,0,0,0,0,0,0,0
ITEM_SWAMPERTITE,0,HOLD_EFFECT_NONE,0,0,0,0,0,31,false,false,POCKET_ITEMS,0,0,0,1,false,false,false,false,false,false,false,false,false,false,false,false,0,0,0,0,0,0,0,false,false,false,false,false,false,false,false,false,false,false,false,false,false,0,0,0,0,0,0,0,0,0,0,0,0,0
ITEM_SCEPTILITE,0,HOLD_EFFECT_NONE,0,0,0,0,0,31,false,false,POCKET_ITEMS,0,0,0,1,false,false,false,false,false,false,false,false,false,false,false,false,0,0,0,0,0,0,0,false,false,false,false,false,false,false,false,false,false,false,false,false,false,0,0,0,0,0,0,0,0,0,0,0,0,0
ITEM_SABLENITE,0,HOLD_EFFECT_NONE,0,0,0,0,0,31,false,false,POCKET_ITEMS,0,0,0,1,false,false,false,false,false,false,false,false,false,false,false,false,0,0,0,0,0,0,0,false,false,false,false,false,false,false,false,false,false,false,false,false,false,0,0,0,0,0,0,0,0,0,0,0,0,0
ITEM_ALTARIANITE,0,HOLD_EFFECT_NONE,0,0,0,0,0,31,false,false,POCKET_ITEMS,0,0,0,1,false,false,false,false,false,false,false,false,false,false,false,false,0,0,0,0,0,0,0,false,false,false,false,false,false,false,false,false,false,false,false,false,false,0,0,0,0,0,0,0,0,0,0,0,0,0
ITEM_GALLADITE,0,HOLD_EFFECT_NONE,0,0,0,0,0,31,false,false,POCKET_ITEMS,0,0,0,1,false,false,false,false,false,false,false,false,false,false,false,false,0,0,0,0,0,0,0,false,false,false,false,false,false,false,false,false,false,false,false,false,false,0,0,0,0,0,0,0,0,0,0,0,0,0
ITEM_AUDINITE,0,HOLD_EFFECT_NONE,0,0,0,0,0,31,false,false,POCKET_ITEMS,0,0,0,1,false,false,false,false,false,false,false,false,false,false,false,false,0,0,0,0,0,0,0,false,false,false,false,false,false,false,false,false,false,false,false,false,false,0,0,0,0,0,0,0,0,0,0,0,0,0
ITEM_METAGROSSITE,0,HOLD_EFFECT_NONE,0,0,0,0,0,31,false,false,POCKET_ITEMS,0,0,0,1,false,false,false,false,false,false,false,false,false,false,false,false,0,0,0,0,0,0,0,false,false,false,false,false,false,false,false,false,false,false,false,false,false,0,0,0,0,0,0,0,0,0,0,0,0,0
ITEM_SHARPEDONITE,0,HOLD_EFFECT_NONE,0,0,0,0,0,31,false,false,POCKET_ITEMS,0,0,0,1,false,false,false,false,false,false,false,false,false,false,false,false,0,0,0,0,0,0,0,false,false,false,false,false,false,false,false,false,false,false,false,false,false,0,0,0,0,0,0,0,0,0,0,0,0,0
ITEM_SLOWBRONITE,0,HOLD_EFFECT_NONE,0,0,0,0,0,31,false,false,POCKET_ITEMS,0,0,0,1,false,false,false,false,false,false,false,false,false,false,false,false,0,0,0,0,0,0,0,false,false,false,false,false,false,false,false,false,false,false,false,false,false,0,0,0,0,0,0,0,0,0,0,0,0,0
ITEM_STEELIXITE,0,HOLD_EFFECT_NONE,0,0,0,0,0,31,false,false,POCKET_ITEMS,0,0,0,1,false,false,false,false,false,false,false,false,false,false,false,false,0,0,0,0,0,0,0,false,false,false,false,false,false,false,false,false,false,false,false,false,false,0,0,0,0,0,0,0,0,0,0,0,0,0
ITEM_PIDGEOTITE,0,HOLD_EFFECT_NONE,0,0,0,0,0,31,false,false,POCKET_ITEMS,0,0,0,1,false,false,false,false,false,false,false,false,false,false,false,false,0,0,0,0,0,0,0,false,false,false,false,false,false,false,false,false,false,false,false,false,false,0,0,0,0,0,0,0,0,0,0,0,0,0
ITEM_GLALITITE,0,HOLD_EFFECT_NONE,0,0,0,0,0,31,false,false,POCKET_ITEMS,0,0,0,1,false,false,false,false,false,false,false,false,false,false,false,false,0,0,0,0,0,0,0,false,false,false,false,false,false,false,false,false,false,false,false,false,false,0,0,0,0,0,0,0,0,0,0,0,0,0
ITEM_DIANCITE,0,HOLD_EFFECT_NONE,0,0,0,0,0,31,false,false,POCKET_ITEMS,0,0,0,1,false,false,false,false,false,false,false,false,false,false,false,false,0,0,0,0,0,0,0,false,false,false,false,false,false,false,false,false,false,false,false,false,false,0,0,0,0,0,0,0,0,0,0,0,0,0
ITEM_PRISON_BOTTLE,0,HOLD_EFFECT_NONE,0,0,0,0,0,31,true,true,POCKET_KEY_ITEMS,0,28,0,0,false,false,false,false,false,false,false,false,false,false,false,false,0,0,0,0,0,0,0,false,false,false,false,false,false,false,false,false,false,false,false,false,false,0,0,0,0,0,0,0,0,0,0,0,0,0
ITEM_MEGA_CUFF,0,HOLD_EFFECT_NONE,0,0,0,0,0,TYPE_NORMAL,false,false,POCKET_ITEMS,0,0,0,0,false,false,false,false,false,false,false,false,false,false,false,false,0,0,0,0,0,0,0,false,false,false,false,false,false,false,false,false,false,false,false,false,false,0,0,0,0,0,0,0,0,0,0,0,0,0
ITEM_CAMERUPTITE,0,HOLD_EFFECT_NONE,0,0,0,0,0,31,false,false,POCKET_ITEMS,0,0,0,1,false,false,false,false,false,false,false,false,false,false,false,false,0,0,0,0,0,0,0,false,false,false,false,false,false,false,false,false,false,false,false,false,false,0,0,0,0,0,0,0,0,0,0,0,0,0
ITEM_LOPUNNITE,0,HOLD_EFFECT_NONE,0,0,0,0,0,31,false,false,POCKET_ITEMS,0,0,0,1,false,false,false,false,false,false,false,false,false,false,false,false,0,0,0,0,0,0,0,false,false,false,false,false,false,false,false,false,false,false,false,false,false,0,0,0,0,0,0,0,0,0,0,0,0,0
ITEM_SALAMENCITE,0,HOLD_EFFECT_NONE,0,0,0,0,0,31,false,false,POCKET_ITEMS,0,0,0,1,false,false,false,false,false,false,false,false,false,false,false,false,0,0,0,0,0,0,0,false,false,false,false,false,false,false,false,false,false,false,false,false,false,0,0,0,0,0,0,0,0,0,0,0,0,0
ITEM_BEEDRILLITE,0,HOLD_EFFECT_NONE,0,0,0,0,0,31,false,false,POCKET_ITEMS,0,0,0,1,false,false,false,false,false,false,false,false,false,false,false,false,0,0,0,0,0,0,0,false,false,false,false,false,false,false,false,false,false,false,false,false,false,0,0,0,0,0,0,0,0,0,0,0,0,0
ITEM_METEORITE_ORAS_THIRD,0,HOLD_EFFECT_NONE,0,0,0,0,0,TYPE_NORMAL,false,false,POCKET_ITEMS,0,0,0,0,false,false,false,false,false,false,false,false,false,false,false,false,0,0,0,0,0,0,0,false,false,false,false,false,false,false,false,false,false,false,false,false,false,0,0,0,0,0,0,0,0,0,0,0,0,0
ITEM_METEORITE_ORAS_FINAL,0,HOLD_EFFECT_NONE,0,0,0,0,0,TYPE_NORMAL,false,false,POCKET_ITEMS,0,0,0,0,false,false,false,false,false,false,false,false,false,false,false,false,0,0,0,0,0,0,0,false,false,false,false,false,false,false,false,false,false,false,false,false,false,0,0,0,0,0,0,0,0,0,0,0,0,0
ITEM_KEY_STONE,0,HOLD_EFFECT_NONE,0,0,0,0,0,31,true,false,POCKET_KEY_ITEMS,0,0,0,0,false,false,false,false,false,false,false,false,false,false,false,false,0,0,0,0,0,0,0,false,false,false,false,false,false,false,false,false,false,false,false,false,false,0,0,0,0,0,0,0,0,0,0,0,0,0
ITEM_METEORITE_SHARD,0,HOLD_EFFECT_NONE,0,0,0,0,0,TYPE_NORMAL,false,false,POCKET_ITEMS,0,0,0,0,false,false,false,false,false,false,false,false,false,false,false,false,0,0,0,0,0,0,0,false,false,false,false,false,false,false,false,false,false,false,false,false,false,0,0,0,0,0,0,0,0,0,0,0,0,0
ITEM_EON_FLUTE,0,HOLD_EFFECT_NONE,0,0,0,0,0,TYPE_NORMAL,false,false,POCKET_ITEMS,0,0,0,0,false,false,false,false,false,false,false,false,false,false,false,false,0,0,0,0,0,0,0,false,false,false,false,false,false,false,false,false,false,false,false,false,false,0,0,0,0,0,0,0,0,0,0,0,0,0
ITEM_NORMALIUM_Z_HELD,0,HOLD_EFFECT_NONE,0,0,0,0,0,TYPE_NORMAL,false,false,POCKET_ITEMS,0,0,0,0,false,false,false,false,false,false,false,false,false,false,false,false,0,0,0,0,0,0,0,false,false,false,false,false,false,false,false,false,false,false,false,false,false,0,0,0,0,0,0,0,0,0,0,0,0,0
ITEM_FIRIUM_Z_HELD,0,HOLD_EFFECT_NONE,0,0,0,0,0,TYPE_NORMAL,false,false,POCKET_ITEMS,0,0,0,0,false,false,false,false,false,false,false,false,false,false,false,false,0,0,0,0,0,0,0,false,false,false,false,false,false,false,false,false,false,false,false,false,false,0,0,0,0,0,0,0,0,0,0,0,0,0
ITEM_WATERIUM_Z_HELD,0,HOLD_EFFECT_NONE,0,0,0,0,0,TYPE_NORMAL,false,false,POCKET_ITEMS,0,0,0,0,false,false,false,false,false,false,false,false,false,false,false,false,0,0,0,0,0,0,0,false,false,false,false,false,false,false,false,false,false,false,false,false,false,0,0,0,0,0,0,0,0,0,0,0,0,0
ITEM_ELECTRIUM_Z_HELD,0,HOLD_EFFECT_NONE,0,0,0,0,0,TYPE_NORMAL,false,false,POCKET_ITEMS,0,0,0,0,false,false,false,false,false,false,false,false,false,false,false,false,0,0,0,0,0,0,0,false,false,false,false,false,false,false,false,false,false,false,false,false,false,0,0,0,0,0,0,0,0,0,0,0,0,0
ITEM_GRASSIUM_Z_HELD,0,HOLD_EFFECT_NONE,0,0,0,0,0,TYPE_NORMAL,false,false,POCKET_ITEMS,0,0,0,0,false,false,false,false,false,false,false,false,false,false,false,false,0,0,0,0,0,0,0,false,false,false,false,false,false,false,false,false,false,false,false,false,false,0,0,0,0,0,0,0,0,0,0,0,0,0
ITEM_ICIUM_Z_HELD,0,HOLD_EFFECT_NONE,0,0,0,0,0,TYPE_NORMAL,false,false,POCKET_ITEMS,0,0,0,0,false,false,false,false,false,false,false,false,false,false,false,false,0,0,0,0,0,0,0,false,false,false,false,false,false,false,false,false,false,false,false,false,false,0,0,0,0,0,0,0,0,0,0,0,0,0
ITEM_FIGHTINIUM_Z_HELD,0,HOLD_EFFECT_NONE,0,0,0,0,0,TYPE_NORMAL,false,false,POCKET_ITEMS,0,0,0,0,false,false,false,false,false,false,false,false,false,false,false,false,0,0,0,0,0,0,0,false,false,false,false,false,false,false,false,false,false,false,false,false,false,0,0,0,0,0,0,0,0,0,0,0,0,0
ITEM_POISONIUM_Z_HELD,0,HOLD_EFFECT_NONE,0,0,0,0,0,TYPE_NORMAL,false,false,POCKET_ITEMS,0,0,0,0,false,false,false,false,false,false,false,false,false,false,false,false,0,0,0,0,0,0,0,false,false,false,false,false,false,false,false,false,false,false,false,false,false,0,0,0,0,0,0,0,0,0,0,0,0,0
ITEM_GROUNDIUM_Z_HELD,0,HOLD_EFFECT_NONE,0,0,0,0,0,TYPE_NORMAL,false,false,POCKET_ITEMS,0,0,0,0,false,false,false,false,false,false,false,false,false,false,false,false,0,0,0,0,0,0,0,false,false,false,false,false,false,false,false,false,false,false,false,false,false,0,0,0,0,0,0,0,0,0,0,0,0,0
ITEM_FLYINIUM_Z_HELD,0,HOLD_EFFECT_NONE,0,0,0,0,0,TYPE_NORMAL,false,false,POCKET_ITEMS,0,0,0,0,false,false,false,false,false,false,false,false,false,false,false,false,0,0,0,0,0,0,0,false,false,false,false,false,false,false,false,false,false,false,false,false,false,0,0,0,0,0,0,0,0,0,0,0,0,0
ITEM_PSYCHIUM_Z_HELD,0,HOLD_EFFECT_NONE,0,0,0,0,0,TYPE_NORMAL,false,false,POCKET_ITEMS,0,0,0,0,false,false,false,false,false,false,false,false,false,false,false,false,0,0,0,0,0,0,0,false,false,false,false,false,false,false,false,false,false,false,false,false,false,0,0,0,0,0,0,0,0,0,0,0,0,0
ITEM_BUGINIUM_Z_HELD,0,HOLD_EFFECT_NONE,0,0,0,0,0,TYPE_NORMAL,false,false,POCKET_ITEMS,0,0,0,0,false,false,false,false,false,false,false,false,false,false,false,false,0,0,0,0,0,0,0,false,false,false,false,false,false,false,false,false,false,false,false,false,false,0,0,0,0,0,0,0,0,0,0,0,0,0
ITEM_ROCKIUM_Z_HELD,0,HOLD_EFFECT_NONE,0,0,0,0,0,TYPE_NORMAL,false,false,POCKET_ITEMS,0,0,0,0,false,false,false,false,false,false,false,false,false,false,false,false,0,0,0,0,0,0,0,false,false,false,false,false,false,false,false,false,false,false,false,false,false,0,0,0,0,0,0,0,0,0,0,0,0,0
ITEM_GHOSTIUM_Z_HELD,0,HOLD_EFFECT_NONE,0,0,0,0,0,TYPE_NORMAL,false,false,POCKET_ITEMS,0,0,0,0,false,false,false,false,false,false,false,false,false,false,false,false,0,0,0,0,0,0,0,false,false,false,false,false,false,false,false,false,false,false,false,false,false,0,0,0,0,0,0,0,0,0,0,0,0,0
ITEM_DRAGONIUM_Z_HELD,0,HOLD_EFFECT_NONE,0,0,0,0,0,TYPE_NORMAL,false,false,POCKET_ITEMS,0,0,0,0,false,false,false,false,false,false,false,false,false,false,false,false,0,0,0,0,0,0,0,false,false,false,false,false,false,false,false,false,false,false,false,false,false,0,0,0,0,0,0,0,0,0,0,0,0,0
ITEM_DARKINIUM_Z_HELD,0,HOLD_EFFECT_NONE,0,0,0,0,0,TYPE_NORMAL,false,false,POCKET_ITEMS,0,0,0,0,false,false,false,false,false,false,false,false,false,false,false,false,0,0,0,0,0,0,0,false,false,false,false,false,false,false,false,false,false,false,false,false,false,0,0,0,0,0,0,0,0,0,0,0,0,0
ITEM_STEELIUM_Z_HELD,0,HOLD_EFFECT_NONE,0,0,0,0,0,TYPE_NORMAL,false,false,POCKET_ITEMS,0,0,0,0,false,false,false,false,false,false,false,false,false,false,false,false,0,0,0,0,0,0,0,false,false,false,false,false,false,false,false,false,false,false,false,false,false,0,0,0,0,0,0,0,0,0,0,0,0,0
ITEM_FAIRIUM_Z_HELD,0,HOLD_EFFECT_NONE,0,0,0,0,0,TYPE_NORMAL,false,false,POCKET_ITEMS,0,0,0,0,false,false,false,false,false,false,false,false,false,false,false,false,0,0,0,0,0,0,0,false,false,false,false,false,false,false,false,false,false,false,false,false,false,0,0,0,0,0,0,0,0,0,0,0,0,0
ITEM_PIKANIUM_Z_HELD,0,HOLD_EFFECT_NONE,0,0,0,0,0,TYPE_NORMAL,false,false,POCKET_ITEMS,0,0,0,0,false,false,false,false,false,false,false,false,false,false,false,false,0,0,0,0,0,0,0,false,false,false,false,false,false,false,false,false,false,false,false,false,false,0,0,0,0,0,0,0,0,0,0,0,0,0
ITEM_BOTTLE_CAP,20000,HOLD_EFFECT_NONE,0,0,0,30,0,31,false,false,POCKET_ITEMS,0,0,0,1,false,false,false,false,false,false,false,false,false,false,false,false,0,0,0,0,0,0,0,false,false,false,false,false,false,false,false,false,false,false,false,false,false,0,0,0,0,0,0,0,0,0,0,0,0,0
ITEM_GOLD_BOTTLE_CAP,60000,HOLD_EFFECT_NONE,0,0,0,30,0,31,false,false,POCKET_ITEMS,0,0,0,1,false,false,false,false,false,false,false,false,false,false,false,false,0,0,0,0,0,0,0,false,false,false,false,false,false,false,false,false,false,false,false,false,false,0,0,0,0,0,0,0,0,0,0,0,0,0
ITEM_Z_RING,0,HOLD_EFFECT_NONE,0,0,0,0,0,TYPE_NORMAL,false,false,POCKET_ITEMS,0,0,0,0,false,false,false,false,false,false,false,false,false,false,false,false,0,0,0,0,0,0,0,false,false,false,false,false,false,false,false,false,false,false,false,false,false,0,0,0,0,0,0,0,0,0,0,0,0,0
ITEM_DECIDIUM_Z_HELD,0,HOLD_EFFECT_NONE,0,0,0,0,0,TYPE_NORMAL,false,false,POCKET_ITEMS,0,0,0,0,false,false,false,false,false,false,false,false,false,false,false,false,0,0,0,0,0,0,0,false,false,false,false,false,false,false,false,false,false,false,false,false,false,0,0,0,0,0,0,0,0,0,0,0,0,0
ITEM_INCINIUM_Z_HELD,0,HOLD_EFFECT_NONE,0,0,0,0,0,TYPE_NORMAL,false,false,POCKET_ITEMS,0,0,0,0,false,false,false,false,false,false,false,false,false,false,false,false,0,0,0,0,0,0,0,false,false,false,false,false,false,false,false,false,false,false,false,false,false,0,0,0,0,0,0,0,0,0,0,0,0,0
ITEM_PRIMARIUM_Z_HELD,0,HOLD_EFFECT_NONE,0,0,0,0,0,TYPE_NORMAL,false,false,POCKET_ITEMS,0,0,0,0,false,false,false,false,false,false,false,false,false,false,false,false,0,0,0,0,0,0,0,false,false,false,false,false,false,false,false,false,false,false,false,false,false,0,0,0,0,0,0,0,0,0,0,0,0,0
ITEM_TAPUNIUM_Z_HELD,0,HOLD_EFFECT_NONE,0,0,0,0,0,TYPE_NORMAL,false,false,POCKET_ITEMS,0,0,0,0,false,false,false,false,false,false,false,false,false,false,false,false,0,0,0,0,0,0,0,false,false,false,false,false,false,false,false,false,false,false,false,false,false,0,0,0,0,0,0,0,0,0,0,0,0,0
ITEM_MARSHADIUM_Z_HELD,0,HOLD_EFFECT_NONE,0,0,0,0,0,TYPE_NORMAL,false,false,POCKET_ITEMS,0,0,0,0,false,false,false,false,false,false,false,false,false,false,false,false,0,0,0,0,0,0,0,false,false,false,false,false,false,false,false,false,false,false,false,false,false,0,0,0,0,0,0,0,0,0,0,0,0,0
ITEM_ALORAICHIUM_Z_HELD,0,HOLD_EFFECT_NONE,0,0,0,0,0,TYPE_NORMAL,false,false,POCKET_ITEMS,0,0,0,0,false,false,false,false,false,false,false,false,false,false,false,false,0,0,0,0,0,0,0,false,false,false,false,false,false,false,false,false,false,false,false,false,false,0,0,0,0,0,0,0,0,0,0,0,0,0
ITEM_SNORLIUM_Z_HELD,0,HOLD_EFFECT_NONE,0,0,0,0,0,TYPE_NORMAL,false,false,POCKET_ITEMS,0,0,0,0,false,false,false,false,false,false,false,false,false,false,false,false,0,0,0,0,0,0,0,false,false,false,false,false,false,false,false,false,false,false,false,false,false,0,0,0,0,0,0,0,0,0,0,0,0,0
ITEM_EEVIUM_Z_HELD,0,HOLD_EFFECT_NONE,0,0,0,0,0,TYPE_NORMAL,false,false,POCKET_ITEMS,0,0,0,0,false,false,false,false,false,false,false,false,false,false,false,false,0,0,0,0,0,0,0,false,false,false,false,false,false,false,false,false,false,false,false,false,false,0,0,0,0,0,0,0,0,0,0,0,0,0
ITEM_MEWNIUM_Z_HELD,0,HOLD_EFFECT_NONE,0,0,0,0,0,TYPE_NORMAL,false,false,POCKET_ITEMS,0,0,0,0,false,false,false,false,false,false,false,false,false,false,false,false,0,0,0,0,0,0,0,false,false,false,false,false,false,false,false,false,false,false,false,false,false,0,0,0,0,0,0,0,0,0,0,0,0,0
ITEM_NORMALIUM_Z_BAG,0,HOLD_EFFECT_NONE,0,0,0,0,0,TYPE_NORMAL,false,false,POCKET_ITEMS,0,0,0,0,false,false,false,false,false,false,false,false,false,false,false,false,0,0,0,0,0,0,0,false,false,false,false,false,false,false,false,false,false,false,false,false,false,0,0,0,0,0,0,0,0,0,0,0,0,0
ITEM_FIRIUM_Z_BAG,0,HOLD_EFFECT_NONE,0,0,0,0,0,TYPE_NORMAL,false,false,POCKET_ITEMS,0,0,0,0,false,false,false,false,false,false,false,false,false,false,false,false,0,0,0,0,0,0,0,false,false,false,false,false,false,false,false,false,false,false,false,false,false,0,0,0,0,0,0,0,0,0,0,0,0,0
ITEM_WATERIUM_Z_BAG,0,HOLD_EFFECT_NONE,0,0,0,0,0,TYPE_NORMAL,false,false,POCKET_ITEMS,0,0,0,0,false,false,false,false,false,false,false,false,false,false,false,false,0,0,0,0,0,0,0,false,false,false,false,false,false,false,false,false,false,false,false,false,false,0,0,0,0,0,0,0,0,0,0,0,0,0
ITEM_ELECTRIUM_Z_BAG,0,HOLD_EFFECT_NONE,0,0,0,0,0,TYPE_NORMAL,false,false,POCKET_ITEMS,0,0,0,0,false,false,false,false,false,false,false,false,false,false,false,false,0,0,0,0,0,0,0,false,false,false,false,false,false,false,false,false,false,false,false,false,false,0,0,0,0,0,0,0,0,0,0,0,0,0
ITEM_GRASSIUM_Z_BAG,0,HOLD_EFFECT_NONE,0,0,0,0,0,TYPE_NORMAL,false,false,POCKET_ITEMS,0,0,0,0,false,false,false,false,false,false,false,false,false,false,false,false,0,0,0,0,0,0,0,false,false,false,false,false,false,false,false,false,false,false,false,false,false,0,0,0,0,0,0,0,0,0,0,0,0,0
ITEM_ICIUM_Z_BAG,0,HOLD_EFFECT_NONE,0,0,0,0,0,TYPE_NORMAL,false,false,POCKET_ITEMS,0,0,0,0,false,false,false,false,false,false,false,false,false,false,false,false,0,0,0,0,0,0,0,false,false,false,false,false,false,false,false,false,false,false,false,false,false,0,0,0,0,0,0,0,0,0,0,0,0,0
ITEM_FIGHTINIUM_Z_BAG,0,HOLD_EFFECT_NONE,0,0,0,0,0,TYPE_NORMAL,false,false,POCKET_ITEMS,0,0,0,0,false,false,false,false,false,false,false,false,false,false,false,false,0,0,0,0,0,0,0,false,false,false,false,false,false,false,false,false,false,false,false,false,false,0,0,0,0,0,0,0,0,0,0,0,0,0
ITEM_POISONIUM_Z_BAG,0,HOLD_EFFECT_NONE,0,0,0,0,0,TYPE_NORMAL,false,false,POCKET_ITEMS,0,0,0,0,false,false,false,false,false,false,false,false,false,false,false,false,0,0,0,0,0,0,0,false,false,false,false,false,false,false,false,false,false,false,false,false,false,0,0,0,0,0,0,0,0,0,0,0,0,0
ITEM_GROUNDIUM_Z_BAG,0,HOLD_EFFECT_NONE,0,0,0,0,0,TYPE_NORMAL,false,false,POCKET_ITEMS,0,0,0,0,false,false,false,false,false,false,false,false,false,false,false,false,0,0,0,0,0,0,0,false,false,false,false,false,false,false,false,false,false,false,false,false,false,0,0,0,0,0,0,0,0,0,0,0,0,0
ITEM_FLYINIUM_Z_BAG,0,HOLD_EFFECT_NONE,0,0,0,0,0,TYPE_NORMAL,false,false,POCKET_ITEMS,0,0,0,0,false,false,false,false,false,false,false,false,false,false,false,false,0,0,0,0,0,0,0,false,false,false,false,false,false,false,false,false,false,false,false,false,false,0,0,0,0,0,0,0,0,0,0,0,0,0
ITEM_PSYCHIUM_Z_BAG,0,HOLD_EFFECT_NONE,0,0,0,0,0,TYPE_NORMAL,false,false,POCKET_ITEMS,0,0,0,0,false,false,false,false,false,false,false,false,false,false,false,false,0,0,0,0,0,0,0,false,false,false,false,false,false,false,false,false,false,false,false,false,false,0,0,0,0,0,0,0,0,0,0,0,0,0
ITEM_BUGINIUM_Z_BAG,0,HOLD_EFFECT_NONE,0,0,0,0,0,TYPE_NORMAL,false,false,POCKET_ITEMS,0,0,0,0,false,false,false,false,false,false,false,false,false,false,false,false,0,0,0,0,0,0,0,false,false,false,false,false,false,false,false,false,false,false,false,false,false,0,0,0,0,0,0,0,0,0,0,0,0,0
ITEM_ROCKIUM_Z_BAG,0,HOLD_EFFECT_NONE,0,0,0,0,0,TYPE_NORMAL,false,false,POCKET_ITEMS,0,0,0,0,false,false,false,false,false,false,false,false,false,false,false,false,0,0,0,0,0,0,0,false,false,false,false,false,false,false,false,false,false,false,false,false,false,0,0,0,0,0,0,0,0,0,0,0,0,0
ITEM_GHOSTIUM_Z_BAG,0,HOLD_EFFECT_NONE,0,0,0,0,0,TYPE_NORMAL,false,false,POCKET_ITEMS,0,0,0,0,false,false,false,false,false,false,false,false,false,false,false,false,0,0,0,0,0,0,0,false,false,false,false,false,false,false,false,false,false,false,false,false,false,0,0,0,0,0,0,0,0,0,0,0,0,0
ITEM_DRAGONIUM_Z_BAG,0,HOLD_EFFECT_NONE,0,0,0,0,0,TYPE_NORMAL,false,false,POCKET_ITEMS,0,0,0,0,false,false,false,false,false,false,false,false,false,false,false,false,0,0,0,0,0,0,0,false,false,false,false,false,false,false,false,false,false,false,false,false,false,0,0,0,0,0,0,0,0,0,0,0,0,0
ITEM_DARKINIUM_Z_BAG,0,HOLD_EFFECT_NONE,0,0,0,0,0,TYPE_NORMAL,false,false,POCKET_ITEMS,0,0,0,0,false,false,false,false,false,false,false,false,false,false,false,false,0,0,0,0,0,0,0,false,false,false,false,false,false,false,false,false,false,false,false,false,false,0,0,0,0,0,0,0,0,0,0,0,0,0
ITEM_STEELIUM_Z_BAG,0,HOLD_EFFECT_NONE,0,0,0,0,0,TYPE_NORMAL,false,false,POCKET_ITEMS,0,0,0,0,false,false,false,false,false,false,false,false,false,false,false,false,0,0,0,0,0,0,0,false,false,false,false,false,false,false,false,false,false,false,false,false,false,0,0,0,0,0,0,0,0,0,0,0,0,0
ITEM_FAIRIUM_Z_BAG,0,HOLD_EFFECT_NONE,0,0,0,0,0,TYPE_NORMAL,false,false,POCKET_ITEMS,0,0,0,0,false,false,false,false,false,false,false,false,false,false,false,false,0,0,0,0,0,0,0,false,false,false,false,false,false,false,false,false,false,false,false,false,false,0,0,0,0,0,0,0,0,0,0,0,0,0
ITEM_PIKANIUM_Z_BAG,0,HOLD_EFFECT_NONE,0,0,0,0,0,TYPE_NORMAL,false,false,POCKET_ITEMS,0,0,0,0,false,false,false,false,false,false,false,false,false,false,false,false,0,0,0,0,0,0,0,false,false,false,false,false,false,false,false,false,false,false,false,false,false,0,0,0,0,0,0,0,0,0,0,0,0,0
ITEM_DECIDIUM_Z_BAG,0,HOLD_EFFECT_NONE,0,0,0,0,0,TYPE_NORMAL,false,false,POCKET_ITEMS,0,0,0,0,false,false,false,false,false,false,false,false,false,false,false,false,0,0,0,0,0,0,0,false,false,false,false,false,false,false,false,false,false,false,false,false,false,0,0,0,0,0,0,0,0,0,0,0,0,0
ITEM_INCINIUM_Z_BAG,0,HOLD_EFFECT_NONE,0,0,0,0,0,TYPE_NORMAL,false,false,POCKET_ITEMS,0,0,0,0,false,false,false,false,false,false,false,false,false,false,false,false,0,0,0,0,0,0,0,false,false,false,false,false,false,false,false,false,false,false,false,false,false,0,0,0,0,0,0,0,0,0,0,0,0,0
ITEM_PRIMARIUM_Z_BAG,0,HOLD_EFFECT_NONE,0,0,0,0,0,TYPE_NORMAL,false,false,POCKET_ITEMS,0,0,0,0,false,false,false,false,false,false,false,false,false,false,false,false,0,0,0,0,0,0,0,false,false,false,false,false,false,false,false,false,false,false,false,false,false,0,0,0,0,0,0,0,0,0,0,0,0,0
ITEM_TAPUNIUM_Z_BAG,0,HOLD_EFFECT_NONE,0,0,0,0,0,TYPE_NORMAL,false,false,POCKET_ITEMS,0,0,0,0,false,false,false,false,false,false,false,false,false,false,false,false,0,0,0,0,0,0,0,false,false,false,false,false,false,false,false,false,false,false,false,false,false,0,0,0,0,0,0,0,0,0,0,0,0,0
ITEM_MARSHADIUM_Z_BAG,0,HOLD_EFFECT_NONE,0,0,0,0,0,TYPE_NORMAL,false,false,POCKET_ITEMS,0,0,0,0,false,false,false,false,false,false,false,false,false,false,false,false,0,0,0,0,0,0,0,false,false,false,false,false,false,false,false,false,false,false,false,false,false,0,0,0,0,0,0,0,0,0,0,0,0,0
ITEM_ALORAICHIUM_Z_BAG,0,HOLD_EFFECT_NONE,0,0,0,0,0,TYPE_NORMAL,false,false,POCKET_ITEMS,0,0,0,0,false,false,false,false,false,false,false,false,false,false,false,false,0,0,0,0,0,0,0,false,false,false,false,false,false,false,false,false,false,false,false,false,false,0,0,0,0,0,0,0,0,0,0,0,0,0
ITEM_SNORLIUM_Z_BAG,0,HOLD_EFFECT_NONE,0,0,0,0,0,TYPE_NORMAL,false,false,POCKET_ITEMS,0,0,0,0,false,false,false,false,false,false,false,false,false,false,false,false,0,0,0,0,0,0,0,false,false,false,false,false,false,false,false,false,false,false,false,false,false,0,0,0,0,0,0,0,0,0,0,0,0,0
ITEM_EEVIUM_Z_BAG,0,HOLD_EFFECT_NONE,0,0,0,0,0,TYPE_NORMAL,false,false,POCKET_ITEMS,0,0,0,0,false,false,false,false,false,false,false,false,false,false,false,false,0,0,0,0,0,0,0,false,false,false,false,false,false,false,false,false,false,false,false,false,false,0,0,0,0,0,0,0,0,0,0,0,0,0
ITEM_MEWNIUM_Z_BAG,0,HOLD_EFFECT_NONE,0,0,0,0,0,TYPE_NORMAL,false,false,POCKET_ITEMS,0,0,0,0,false,false,false,false,false,false,false,false,false,false,false,false,0,0,0,0,0,0,0,false,false,false,false,false,false,false,false,false,false,false,false,false,false,0,0,0,0,0,0,0,0,0,0,0,0,0
ITEM_PIKASHUNIUM_Z_HELD,0,HOLD_EFFECT_NONE,0,0,0,0,0,TYPE_NORMAL,false,false,POCKET_ITEMS,0,0,0,0,false,false,false,false,false,false,false,false,false,false,false,false,0,0,0,0,0,0,0,false,false,false,false,false,false,false,false,false,false,false,false,false,false,0,0,0,0,0,0,0,0,0,0,0,0,0
ITEM_PIKASHUNIUM_Z_BAG,0,HOLD_EFFECT_NONE,0,0,0,0,0,TYPE_NORMAL,false,false,POCKET_ITEMS,0,0,0,0,false,false,false,false,false,false,false,false,false,false,false,false,0,0,0,0,0,0,0,false,false,false,false,false,false,false,false,false,false,false,false,false,false,0,0,0,0,0,0,0,0,0,0,0,0,0
ITEM_UNKNOWN_837,0,HOLD_EFFECT_NONE,0,0,0,0,0,TYPE_NORMAL,false,false,POCKET_ITEMS,0,0,0,0,false,false,false,false,false,false,false,false,false,false,false,false,0,0,0,0,0,0,0,false,false,false,false,false,false,false,false,false,false,false,false,false,false,0,0,0,0,0,0,0,0,0,0,0,0,0
ITEM_UNKNOWN_838,0,HOLD_EFFECT_NONE,0,0,0,0,0,TYPE_NORMAL,false,false,POCKET_ITEMS,0,0,0,0,false,false,false,false,false,false,false,false,false,false,false,false,0,0,0,0,0,0,0,false,false,false,false,false,false,false,false,false,false,false,false,false,false,0,0,0,0,0,0,0,0,0,0,0,0,0
ITEM_UNKNOWN_839,0,HOLD_EFFECT_NONE,0,0,0,0,0,TYPE_NORMAL,false,false,POCKET_ITEMS,0,0,0,0,false,false,false,false,false,false,false,false,false,false,false,false,0,0,0,0,0,0,0,false,false,false,false,false,false,false,false,false,false,false,false,false,false,0,0,0,0,0,0,0,0,0,0,0,0,0
ITEM_UNKNOWN_840,0,HOLD_EFFECT_NONE,0,0,0,0,0,TYPE_NORMAL,false,false,POCKET_ITEMS,0,0,0,0,false,false,false,false,false,false,false,false,false,false,false,false,0,0,0,0,0,0,0,false,false,false,false,false,false,false,false,false,false,false,false,false,false,0,0,0,0,0,0,0,0,0,0,0,0,0
ITEM_FORAGE_BAG,0,HOLD_EFFECT_NONE,0,0,0,0,0,TYPE_NORMAL,false,false,POCKET_ITEMS,0,0,0,0,false,false,false,false,false,false,false,false,false,false,false,false,0,0,0,0,0,0,0,false,false,false,false,false,false,false,false,false,false,false,false,false,false,0,0,0,0,0,0,0,0,0,0,0,0,0
ITEM_FISHING_ROD_SM,0,HOLD_EFFECT_NONE,0,0,0,0,0,TYPE_NORMAL,false,false,POCKET_ITEMS,0,0,0,0,false,false,false,false,false,false,false,false,false,false,false,false,0,0,0,0,0,0,0,false,false,false,false,false,false,false,false,false,false,false,false,false,false,0,0,0,0,0,0,0,0,0,0,0,0,0
ITEM_PROFESSORS_MASK,0,HOLD_EFFECT_NONE,0,0,0,0,0,TYPE_NORMAL,false,false,POCKET_ITEMS,0,0,0,0,false,false,false,false,false,false,false,false,false,false,false,false,0,0,0,0,0,0,0,false,false,false,false,false,false,false,false,false,false,false,false,false,false,0,0,0,0,0,0,0,0,0,0,0,0,0
ITEM_FESTIVAL_TICKET,0,HOLD_EFFECT_NONE,0,0,0,0,0,TYPE_NORMAL,false,false,POCKET_ITEMS,0,0,0,0,false,false,false,false,false,false,false,false,false,false,false,false,0,0,0,0,0,0,0,false,false,false,false,false,false,false,false,false,false,false,false,false,false,0,0,0,0,0,0,0,0,0,0,0,0,0
ITEM_SPARKLING_STONE,0,HOLD_EFFECT_NONE,0,0,0,0,0,TYPE_NORMAL,false,false,POCKET_ITEMS,0,0,0,0,false,false,false,false,false,false,false,false,false,false,false,false,0,0,0,0,0,0,0,false,false,false,false,false,false,false,false,false,false,false,false,false,false,0,0,0,0,0,0,0,0,0,0,0,0,0
ITEM_ADRENALINE_ORB,5000,HOLD_EFFECT_INTIMIDATE_BOOST_SPEED,0,0,0,30,0,31,false,false,POCKET_ITEMS,0,0,0,0,false,false,false,false,false,false,false,false,false,false,false,false,0,0,0,0,0,0,0,false,false,false,false,false,false,false,false,false,false,false,false,false,false,0,0,0,0,0,0,0,0,0,0,0,0,0
ITEM_ZYGARDE_CUBE,0,HOLD_EFFECT_NONE,0,0,0,0,0,31,true,false,POCKET_KEY_ITEMS,0,0,0,0,false,false,false,false,false,false,false,false,false,false,false,false,0,0,0,0,0,0,0,false,false,false,false,false,false,false,false,false,false,false,false,false,false,0,0,0,0,0,0,0,0,0,0,0,0,0
ITEM_UNKNOWN_848,0,HOLD_EFFECT_NONE,0,0,0,0,0,TYPE_NORMAL,false,false,POCKET_ITEMS,0,0,0,0,false,false,false,false,false,false,false,false,false,false,false,false,0,0,0,0,0,0,0,false,false,false,false,false,false,false,false,false,false,false,false,false,false,0,0,0,0,0,0,0,0,0,0,0,0,0
ITEM_RIDE_PAGER,0,HOLD_EFFECT_NONE,0,0,0,0,0,TYPE_NORMAL,false,false,POCKET_ITEMS,0,0,0,0,false,false,false,false,false,false,false,false,false,false,false,false,0,0,0,0,0,0,0,false,false,false,false,false,false,false,false,false,false,false,false,false,false,0,0,0,0,0,0,0,0,0,0,0,0,0
ITEM_BEAST_BALL,0,HOLD_EFFECT_NONE,0,0,0,0,0,31,false,false,POCKET_BALLS,1,0,1,0,false,false,false,false,false,false,false,false,false,false,false,false,0,0,0,0,0,0,0,false,false,false,false,false,false,false,false,false,false,false,false,false,false,0,0,0,0,0,0,0,0,0,0,0,0,0
ITEM_BIG_MALASADA,350,HOLD_EFFECT_NONE,0,0,0,30,0,31,false,false,POCKET_MEDICINE,8,1,2,1,true,true,true,true,true,true,false,false,false,false,false,false,0,0,0,0,0,0,0,false,false,false,false,false,false,false,false,false,false,false,false,false,false,0,0,0,0,0,0,0,0,0,0,0,0,0
ITEM_RED_NECTAR,300,HOLD_EFFECT_NONE,0,0,0,10,0,31,false,false,POCKET_ITEMS,0,0,0,0,false,false,false,false,false,false,false,false,false,false,false,false,0,0,0,0,0,0,0,false,false,false,false,false,false,false,false,false,false,false,false,false,false,0,0,0,0,0,0,0,0,0,0,0,0,0
ITEM_YELLOW_NECTAR,300,HOLD_EFFECT_NONE,0,0,0,10,0,31,false,false,POCKET_ITEMS,0,0,0,0,false,false,false,false,false,false,false,false,false,false,false,false,0,0,0,0,0,0,0,false,false,false,false,false,false,false,false,false,false,false,false,false,false,0,0,0,0,0,0,0,0,0,0,0,0,0
ITEM_PINK_NECTAR,300,HOLD_EFFECT_NONE,0,0,0,10,0,31,false,false,POCKET_ITEMS,0,0,0,0,false,false,false,false,false,false,false,false,false,false,false,false,0,0,0,0,0,0,0,false,false,false,false,false,false,false,false,false,false,false,false,false,false,0,0,0,0,0,0,0,0,0,0,0,0,0
ITEM_PURPLE_NECTAR,300,HOLD_EFFECT_NONE,0,0,0,10,0,31,false,false,POCKET_ITEMS,0,0,0,0,false,false,false,false,false,false,false,false,false,false,false,false,0,0,0,0,0,0,0,false,false,false,false,false,false,false,false,false,false,false,false,false,false,0,0,0,0,0,0,0,0,0,0,0,0,0
ITEM_SUN_FLUTE,0,HOLD_EFFECT_NONE,0,0,0,0,0,31,true,false,POCKET_KEY_ITEMS,0,0,0,0,false,false,false,false,false,false,false,false,false,false,false,false,0,0,0,0,0,0,0,false,false,false,false,false,false,false,false,false,false,false,false,false,false,0,0,0,0,0,0,0,0,0,0,0,0,0
ITEM_MOON_FLUTE,0,HOLD_EFFECT_NONE,0,0,0,0,0,31,true,false,POCKET_KEY_ITEMS,0,0,0,0,false,false,false,false,false,false,false,false,false,false,false,false,0,0,0,0,0,0,0,false,false,false,false,false,false,false,false,false,false,false,false,false,false,0,0,0,0,0,0,0,0,0,0,0,0,0
ITEM_UNKNOWN_859,0,HOLD_EFFECT_NONE,0,0,0,0,0,TYPE_NORMAL,false,false,POCKET_ITEMS,0,0,0,0,false,false,false,false,false,false,false,false,false,false,false,false,0,0,0,0,0,0,0,false,false,false,false,false,false,false,false,false,false,false,false,false,false,0,0,0,0,0,0,0,0,0,0,0,0,0
ITEM_ENIGMATIC_CARD,0,HOLD_EFFECT_NONE,0,0,0,0,0,TYPE_NORMAL,false,false,POCKET_ITEMS,0,0,0,0,false,false,false,false,false,false,false,false,false,false,false,false,0,0,0,0,0,0,0,false,false,false,false,false,false,false,false,false,false,false,false,false,false,0,0,0,0,0,0,0,0,0,0,0,0,0
ITEM_SILVER_RAZZ_BERRY,0,HOLD_EFFECT_NONE,0,0,0,0,0,TYPE_NORMAL,false,false,POCKET_ITEMS,0,0,0,0,false,false,false,false,false,false,false,false,false,false,false,false,0,0,0,0,0,0,0,false,false,false,false,false,false,false,false,false,false,false,false,false,false,0,0,0,0,0,0,0,0,0,0,0,0,0
ITEM_GOLDEN_RAZZ_BERRY,0,HOLD_EFFECT_NONE,0,0,0,0,0,TYPE_NORMAL,false,false,POCKET_ITEMS,0,0,0,0,false,false,false,false,false,false,false,false,false,false,false,false,0,0,0,0,0,0,0,false,false,false,false,false,false,false,false,false,false,false,false,false,false,0,0,0,0,0,0,0,0,0,0,0,0,0
ITEM_SILVER_NANAB_BERRY,0,HOLD_EFFECT_NONE,0,0,0,0,0,TYPE_NORMAL,false,false,POCKET_ITEMS,0,0,0,0,false,false,false,false,false,false,false,false,false,false,false,false,0,0,0,0,0,0,0,false,false,false,false,false,false,false,false,false,false,false,false,false,false,0,0,0,0,0,0,0,0,0,0,0,0,0
ITEM_GOLDEN_NANAB_BERRY,0,HOLD_EFFECT_NONE,0,0,0,0,0,TYPE_NORMAL,false,false,POCKET_ITEMS,0,0,0,0,false,false,false,false,false,false,false,false,false,false,false,false,0,0,0,0,0,0,0,false,false,false,false,false,false,false,false,false,false,false,false,false,false,0,0,0,0,0,0,0,0,0,0,0,0,0
ITEM_SILVER_PINAP_BERRY,0,HOLD_EFFECT_NONE,0,0,0,0,0,TYPE_NORMAL,false,false,POCKET_ITEMS,0,0,0,0,false,false,false,false,false,false,false,false,false,false,false,false,0,0,0,0,0,0,0,false,false,false,false,false,false,false,false,false,false,false,false,false,false,0,0,0,0,0,0,0,0,0,0,0,0,0
ITEM_GOLDEN_PINAP_BERRY,0,HOLD_EFFECT_NONE,0,0,0,0,0,TYPE_NORMAL,false,false,POCKET_ITEMS,0,0,0,0,false,false,false,false,false,false,false,false,false,false,false,false,0,0,0,0,0,0,0,false,false,false,false,false,false,false,false,false,false,false,false,false,false,0,0,0,0,0,0,0,0,0,0,0,0,0
ITEM_UNKNOWN_867,0,HOLD_EFFECT_NONE,0,0,0,0,0,TYPE_NORMAL,false,false,POCKET_ITEMS,0,0,0,0,false,false,false,false,false,false,false,false,false,false,false,false,0,0,0,0,0,0,0,false,false,false,false,false,false,false,false,false,false,false,false,false,false,0,0,0,0,0,0,0,0,0,0,0,0,0
ITEM_UNKNOWN_868,0,HOLD_EFFECT_NONE,0,0,0,0,0,TYPE_NORMAL,false,false,POCKET_ITEMS,0,0,0,0,false,false,false,false,false,false,false,false,false,false,false,false,0,0,0,0,0,0,0,false,false,false,false,false,false,false,false,false,false,false,false,false,false,0,0,0,0,0,0,0,0,0,0,0,0,0
ITEM_UNKNOWN_869,0,HOLD_EFFECT_NONE,0,0,0,0,0,TYPE_NORMAL,false,false,POCKET_ITEMS,0,0,0,0,false,false,false,false,false,false,false,false,false,false,false,false,0,0,0,0,0,0,0,false,false,false,false,false,false,false,false,false,false,false,false,false,false,0,0,0,0,0,0,0,0,0,0,0,0,0
ITEM_UNKNOWN_870,0,HOLD_EFFECT_NONE,0,0,0,0,0,TYPE_NORMAL,false,false,POCKET_ITEMS,0,0,0,0,false,false,false,false,false,false,false,false,false,false,false,false,0,0,0,0,0,0,0,false,false,false,false,false,false,false,false,false,false,false,false,false,false,0,0,0,0,0,0,0,0,0,0,0,0,0
ITEM_UNKNOWN_871,0,HOLD_EFFECT_NONE,0,0,0,0,0,TYPE_NORMAL,false,false,POCKET_ITEMS,0,0,0,0,false,false,false,false,false,false,false,false,false,false,false,false,0,0,0,0,0,0,0,false,false,false,false,false,false,false,false,false,false,false,false,false,false,0,0,0,0,0,0,0,0,0,0,0,0,0
ITEM_SECRET_KEY_LGPE,0,HOLD_EFFECT_NONE,0,0,0,0,0,TYPE_NORMAL,false,false,POCKET_ITEMS,0,0,0,0,false,false,false,false,false,false,false,false,false,false,false,false,0,0,0,0,0,0,0,false,false,false,false,false,false,false,false,false,false,false,false,false,false,0,0,0,0,0,0,0,0,0,0,0,0,0
ITEM_SS_TICKET_LGPE,0,HOLD_EFFECT_NONE,0,0,0,0,0,TYPE_NORMAL,false,false,POCKET_ITEMS,0,0,0,0,false,false,false,false,false,false,false,false,false,false,false,false,0,0,0,0,0,0,0,false,false,false,false,false,false,false,false,false,false,false,false,false,false,0,0,0,0,0,0,0,0,0,0,0,0,0
ITEM_SILPH_SCOPE,0,HOLD_EFFECT_NONE,0,0,0,0,0,31,true,false,POCKET_KEY_ITEMS,0,0,0,0,false,false,false,false,false,false,false,false,false,false,false,false,0,0,0,0,0,0,0,false,false,false,false,false,false,false,false,false,false,false,false,false,false,0,0,0,0,0,0,0,0,0,0,0,0,0
ITEM_PARCEL_LGPE,0,HOLD_EFFECT_NONE,0,0,0,0,0,TYPE_NORMAL,false,false,POCKET_ITEMS,0,0,0,0,false,false,false,false,false,false,false,false,false,false,false,false,0,0,0,0,0,0,0,false,false,false,false,false,false,false,false,false,false,false,false,false,false,0,0,0,0,0,0,0,0,0,0,0,0,0
ITEM_CARD_KEY_KANTO,0,HOLD_EFFECT_NONE,0,0,0,0,0,TYPE_NORMAL,false,false,POCKET_ITEMS,0,0,0,0,false,false,false,false,false,false,false,false,false,false,false,false,0,0,0,0,0,0,0,false,false,false,false,false,false,false,false,false,false,false,false,false,false,0,0,0,0,0,0,0,0,0,0,0,0,0
ITEM_GOLD_TEETH,0,HOLD_EFFECT_NONE,0,0,0,0,0,31,true,false,POCKET_KEY_ITEMS,0,0,0,0,false,false,false,false,false,false,false,false,false,false,false,false,0,0,0,0,0,0,0,false,false,false,false,false,false,false,false,false,false,false,false,false,false,0,0,0,0,0,0,0,0,0,0,0,0,0
ITEM_LIFT_KEY,0,HOLD_EFFECT_NONE,0,0,0,0,0,31,true,false,POCKET_KEY_ITEMS,0,0,0,0,false,false,false,false,false,false,false,false,false,false,false,false,0,0,0,0,0,0,0,false,false,false,false,false,false,false,false,false,false,false,false,false,false,0,0,0,0,0,0,0,0,0,0,0,0,0
ITEM_TERRAIN_EXTENDER,15000,HOLD_EFFECT_EXTEND_TERRAIN,3,0,0,60,0,31,false,false,POCKET_ITEMS,0,0,0,0,false,false,false,false,false,false,false,false,false,false,false,false,0,0,0,0,0,0,0,false,false,false,false,false,false,false,false,false,false,false,false,false,false,0,0,0,0,0,0,0,0,0,0,0,0,0
ITEM_PROTECTIVE_PADS,15000,HOLD_EFFECT_PREVENT_CONTACT_EFFECTS,0,0,0,30,0,31,false,false,POCKET_ITEMS,0,0,0,0,false,false,false,false,false,false,false,false,false,false,false,false,0,0,0,0,0,0,0,false,false,false,false,false,false,false,false,false,false,false,false,false,false,0,0,0,0,0,0,0,0,0,0,0,0,0
ITEM_STRETCHY_SPRING,0,HOLD_EFFECT_NONE,0,0,0,0,0,TYPE_NORMAL,false,false,POCKET_ITEMS,0,0,0,0,false,false,false,false,false,false,false,false,false,false,false,false,0,0,0,0,0,0,0,false,false,false,false,false,false,false,false,false,false,false,false,false,false,0,0,0,0,0,0,0,0,0,0,0,0,0
ITEM_CHALKY_STONE,0,HOLD_EFFECT_NONE,0,0,0,0,0,TYPE_NORMAL,false,false,POCKET_ITEMS,0,0,0,0,false,false,false,false,false,false,false,false,false,false,false,false,0,0,0,0,0,0,0,false,false,false,false,false,false,false,false,false,false,false,false,false,false,0,0,0,0,0,0,0,0,0,0,0,0,0
ITEM_MARBLE,0,HOLD_EFFECT_NONE,0,0,0,0,0,TYPE_NORMAL,false,false,POCKET_ITEMS,0,0,0,0,false,false,false,false,false,false,false,false,false,false,false,false,0,0,0,0,0,0,0,false,false,false,false,false,false,false,false,false,false,false,false,false,false,0,0,0,0,0,0,0,0,0,0,0,0,0
ITEM_LONE_EARRING,0,HOLD_EFFECT_NONE,0,0,0,0,0,TYPE_NORMAL,false,false,POCKET_ITEMS,0,0,0,0,false,false,false,false,false,false,false,false,false,false,false,false,0,0,0,0,0,0,0,false,false,false,false,false,false,false,false,false,false,false,false,false,false,0,0,0,0,0,0,0,0,0,0,0,0,0
ITEM_BEACH_GLASS,0,HOLD_EFFECT_NONE,0,0,0,0,0,TYPE_NORMAL,false,false,POCKET_ITEMS,0,0,0,0,false,false,false,false,false,false,false,false,false,false,false,false,0,0,0,0,0,0,0,false,false,false,false,false,false,false,false,false,false,false,false,false,false,0,0,0,0,0,0,0,0,0,0,0,0,0
ITEM_GOLD_LEAF,0,HOLD_EFFECT_NONE,0,0,0,0,0,TYPE_NORMAL,false,false,POCKET_ITEMS,0,0,0,0,false,false,false,false,false,false,false,false,false,false,false,false,0,0,0,0,0,0,0,false,false,false,false,false,false,false,false,false,false,false,false,false,false,0,0,0,0,0,0,0,0,0,0,0,0,0
ITEM_SILVER_LEAF,0,HOLD_EFFECT_NONE,0,0,0,0,0,TYPE_NORMAL,false,false,POCKET_ITEMS,0,0,0,0,false,false,false,false,false,false,false,false,false,false,false,false,0,0,0,0,0,0,0,false,false,false,false,false,false,false,false,false,false,false,false,false,false,0,0,0,0,0,0,0,0,0,0,0,0,0
ITEM_POLISHED_MUD_BALL,0,HOLD_EFFECT_NONE,0,0,0,0,0,TYPE_NORMAL,false,false,POCKET_ITEMS,0,0,0,0,false,false,false,false,false,false,false,false,false,false,false,false,0,0,0,0,0,0,0,false,false,false,false,false,false,false,false,false,false,false,false,false,false,0,0,0,0,0,0,0,0,0,0,0,0,0
ITEM_TROPICAL_SHELL,0,HOLD_EFFECT_NONE,0,0,0,0,0,TYPE_NORMAL,false,false,POCKET_ITEMS,0,0,0,0,false,false,false,false,false,false,false,false,false,false,false,false,0,0,0,0,0,0,0,false,false,false,false,false,false,false,false,false,false,false,false,false,false,0,0,0,0,0,0,0,0,0,0,0,0,0
ITEM_LEAF_LETTER_1,0,HOLD_EFFECT_NONE,0,0,0,0,0,TYPE_NORMAL,false,false,POCKET_ITEMS,0,0,0,0,false,false,false,false,false,false,false,false,false,false,false,false,0,0,0,0,0,0,0,false,false,false,false,false,false,false,false,false,false,false,false,false,false,0,0,0,0,0,0,0,0,0,0,0,0,0
ITEM_LEAF_LETTER_2,0,HOLD_EFFECT_NONE,0,0,0,0,0,TYPE_NORMAL,false,false,POCKET_ITEMS,0,0,0,0,false,false,false,false,false,false,false,false,false,false,false,false,0,0,0,0,0,0,0,false,false,false,false,false,false,false,false,false,false,false,false,false,false,0,0,0,0,0,0,0,0,0,0,0,0,0
ITEM_SMALL_BOUQUET,0,HOLD_EFFECT_NONE,0,0,0,0,0,TYPE_NORMAL,false,false,POCKET_ITEMS,0,0,0,0,false,false,false,false,false,false,false,false,false,false,false,false,0,0,0,0,0,0,0,false,false,false,false,false,false,false,false,false,false,false,false,false,false,0,0,0,0,0,0,0,0,0,0,0,0,0
ITEM_UNKNOWN_897,0,HOLD_EFFECT_NONE,0,0,0,0,0,TYPE_NORMAL,false,false,POCKET_ITEMS,0,0,0,0,false,false,false,false,false,false,false,false,false,false,false,false,0,0,0,0,0,0,0,false,false,false,false,false,false,false,false,false,false,false,false,false,false,0,0,0,0,0,0,0,0,0,0,0,0,0
ITEM_UNKNOWN_898,0,HOLD_EFFECT_NONE,0,0,0,0,0,TYPE_NORMAL,false,false,POCKET_ITEMS,0,0,0,0,false,false,false,false,false,false,false,false,false,false,false,false,0,0,0,0,0,0,0,false,false,false,false,false,false,false,false,false,false,false,false,false,false,0,0,0,0,0,0,0,0,0,0,0,0,0
ITEM_UNKNOWN_899,0,HOLD_EFFECT_NONE,0,0,0,0,0,TYPE_NORMAL,false,false,POCKET_ITEMS,0,0,0,0,false,false,false,false,false,false,false,false,false,false,false,false,0,0,0,0,0,0,0,false,false,false,false,false,false,false,false,false,false,false,false,false,false,0,0,0,0,0,0,0,0,0,0,0,0,0
ITEM_LURE,0,HOLD_EFFECT_NONE,0,0,0,0,0,TYPE_NORMAL,false,false,POCKET_ITEMS,0,0,0,0,false,false,false,false,false,false,false,false,false,false,false,false,0,0,0,0,0,0,0,false,false,false,false,false,false,false,false,false,false,false,false,false,false,0,0,0,0,0,0,0,0,0,0,0,0,0
ITEM_SUPER_LURE,0,HOLD_EFFECT_NONE,0,0,0,0,0,TYPE_NORMAL,false,false,POCKET_ITEMS,0,0,0,0,false,false,false,false,false,false,false,false,false,false,false,false,0,0,0,0,0,0,0,false,false,false,false,false,false,false,false,false,false,false,false,false,false,0,0,0,0,0,0,0,0,0,0,0,0,0
ITEM_MAX_LURE,0,HOLD_EFFECT_NONE,0,0,0,0,0,TYPE_NORMAL,false,false,POCKET_ITEMS,0,0,0,0,false,false,false,false,false,false,false,false,false,false,false,false,0,0,0,0,0,0,0,false,false,false,false,false,false,false,false,false,false,false,false,false,false,0,0,0,0,0,0,0,0,0,0,0,0,0
ITEM_PEWTER_CRUNCHIES,500,HOLD_EFFECT_NONE,0,0,0,30,0,31,false,false,POCKET_MEDICINE,8,1,2,1,true,true,true,true,true,true,false,false,false,false,false,false,0,0,0,0,0,0,0,false,false,false,false,false,false,false,false,false,false,false,false,false,false,0,0,0,0,0,0,0,0,0,0,0,0,0
ITEM_FIGHTING_MEMORY,1000,HOLD_EFFECT_FIGHTING_MEMORY,0,0,0,50,0,31,false,false,POCKET_ITEMS,0,0,0,0,false,false,false,false,false,false,false,false,false,false,false,false,0,0,0,0,0,0,0,false,false,false,false,false,false,false,false,false,false,false,false,false,false,0,0,0,0,0,0,0,0,0,0,0,0,0
ITEM_FLYING_MEMORY,1000,HOLD_EFFECT_FLYING_MEMORY,0,0,0,50,0,31,false,false,POCKET_ITEMS,0,0,0,0,false,false,false,false,false,false,false,false,false,false,false,false,0,0,0,0,0,0,0,false,false,false,false,false,false,false,false,false,false,false,false,false,false,0,0,0,0,0,0,0,0,0,0,0,0,0
ITEM_POISON_MEMORY,1000,HOLD_EFFECT_POISON_MEMORY,0,0,0,50,0,31,false,false,POCKET_ITEMS,0,0,0,0,false,false,false,false,false,false,false,false,false,false,false,false,0,0,0,0,0,0,0,false,false,false,false,false,false,false,false,false,false,false,false,false,false,0,0,0,0,0,0,0,0,0,0,0,0,0
ITEM_GROUND_MEMORY,1000,HOLD_EFFECT_GROUND_MEMORY,0,0,0,50,0,31,false,false,POCKET_ITEMS,0,0,0,0,false,false,false,false,false,false,false,false,false,false,false,false,0,0,0,0,0,0,0,false,false,false,false,false,false,false,false,false,false,false,false,false,false,0,0,0,0,0,0,0,0,0,0,0,0,0
ITEM_ROCK_MEMORY,1000,HOLD_EFFECT_ROCK_MEMORY,0,0,0,50,0,31,false,false,POCKET_ITEMS,0,0,0,0,false,false,false,false,false,false,false,false,false,false,false,false,0,0,0,0,0,0,0,false,false,false,false,false,false,false,false,false,false,false,false,false,false,0,0,0,0,0,0,0,0,0,0,0,0,0
ITEM_BUG_MEMORY,1000,HOLD_EFFECT_BUG_MEMORY,0,0,0,50,0,31,false,false,POCKET_ITEMS,0,0,0,0,false,false,false,false,false,false,false,false,false,false,false,false,0,0,0,0,0,0,0,false,false,false,false,false,false,false,false,false,false,false,false,false,false,0,0,0,0,0,0,0,0,0,0,0,0,0
ITEM_GHOST_MEMORY,1000,HOLD_EFFECT_GHOST_MEMORY,0,0,0,50,0,31,false,false,POCKET_ITEMS,0,0,0,0,false,false,false,false,false,false,false,false,false,false,false,false,0,0,0,0,0,0,0,false,false,false,false,false,false,false,false,false,false,false,false,false,false,0,0,0,0,0,0,0,0,0,0,0,0,0
ITEM_STEEL_MEMORY,1000,HOLD_EFFECT_STEEL_MEMORY,0,0,0,50,0,31,false,false,POCKET_ITEMS,0,0,0,0,false,false,false,false,false,false,false,false,false,false,false,false,0,0,0,0,0,0,0,false,false,false,false,false,false,false,false,false,false,false,false,false,false,0,0,0,0,0,0,0,0,0,0,0,0,0
ITEM_FIRE_MEMORY,1000,HOLD_EFFECT_FIRE_MEMORY,0,0,0,50,0,31,false,false,POCKET_ITEMS,0,0,0,0,false,false,false,false,false,false,false,false,false,false,false,false,0,0,0,0,0,0,0,false,false,false,false,false,false,false,false,false,false,false,false,false,false,0,0,0,0,0,0,0,0,0,0,0,0,0
ITEM_WATER_MEMORY,1000,HOLD_EFFECT_WATER_MEMORY,0,0,0,50,0,31,false,false,POCKET_ITEMS,0,0,0,0,false,false,false,false,false,false,false,false,false,false,false,false,0,0,0,0,0,0,0,false,false,false,false,false,false,false,false,false,false,false,false,false,false,0,0,0,0,0,0,0,0,0,0,0,0,0
ITEM_GRASS_MEMORY,1000,HOLD_EFFECT_GRASS_MEMORY,0,0,0,50,0,31,false,false,POCKET_ITEMS,0,0,0,0,false,false,false,false,false,false,false,false,false,false,false,false,0,0,0,0,0,0,0,false,false,false,false,false,false,false,false,false,false,false,false,false,false,0,0,0,0,0,0,0,0,0,0,0,0,0
ITEM_ELECTRIC_MEMORY,1000,HOLD_EFFECT_ELECTRIC_MEMORY,0,0,0,50,0,31,false,false,POCKET_ITEMS,0,0,0,0,false,false,false,false,false,false,false,false,false,false,false,false,0,0,0,0,0,0,0,false,false,false,false,false,false,false,false,false,false,false,false,false,false,0,0,0,0,0,0,0,0,0,0,0,0,0
ITEM_PSYCHIC_MEMORY,1000,HOLD_EFFECT_PSYCHIC_MEMORY,0,0,0,50,0,31,false,false,POCKET_ITEMS,0,0,0,0,false,false,false,false,false,false,false,false,false,false,false,false,0,0,0,0,0,0,0,false,false,false,false,false,false,false,false,false,false,false,false,false,false,0,0,0,0,0,0,0,0,0,0,0,0,0
ITEM_ICE_MEMORY,1000,HOLD_EFFECT_ICE_MEMORY,0,0,0,50,0,31,false,false,POCKET_ITEMS,0,0,0,0,false,false,false,false,false,false,false,false,false,false,false,false,0,0,0,0,0,0,0,false,false,false,false,false,false,false,false,false,false,false,false,false,false,0,0,0,0,0,0,0,0,0,0,0,0,0
ITEM_DRAGON_MEMORY,1000,HOLD_EFFECT_DRAGON_MEMORY,0,0,0,50,0,31,false,false,POCKET_ITEMS,0,0,0,0,false,false,false,false,false,false,false,false,false,false,false,false,0,0,0,0,0,0,0,false,false,false,false,false,false,false,false,false,false,false,false,false,false,0,0,0,0,0,0,0,0,0,0,0,0,0
ITEM_DARK_MEMORY,1000,HOLD_EFFECT_DARK_MEMORY,0,0,0,50,0,31,false,false,POCKET_ITEMS,0,0,0,0,false,false,false,false,false,false,false,false,false,false,false,false,0,0,0,0,0,0,0,false,false,false,false,false,false,false,false,false,false,false,false,false,false,0,0,0,0,0,0,0,0,0,0,0,0,0
ITEM_FAIRY_MEMORY,1000,HOLD_EFFECT_FAIRY_MEMORY,0,0,0,50,0,31,false,false,POCKET_ITEMS,0,0,0,0,false,false,false,false,false,false,false,false,false,false,false,false,0,0,0,0,0,0,0,false,false,false,false,false,false,false,false,false,false,false,false,false,false,0,0,0,0,0,0,0,0,0,0,0,0,0
ITEM_SOLGANIUM_Z_BAG,0,HOLD_EFFECT_NONE,0,0,0,0,0,TYPE_NORMAL,false,false,POCKET_ITEMS,0,0,0,0,false,false,false,false,false,false,false,false,false,false,false,false,0,0,0,0,0,0,0,false,false,false,false,false,false,false,false,false,false,false,false,false,false,0,0,0,0,0,0,0,0,0,0,0,0,0
ITEM_LUNALIUM_Z_BAG,0,HOLD_EFFECT_NONE,0,0,0,0,0,TYPE_NORMAL,false,false,POCKET_ITEMS,0,0,0,0,false,false,false,false,false,false,false,false,false,false,false,false,0,0,0,0,0,0,0,false,false,false,false,false,false,false,false,false,false,false,false,false,false,0,0,0,0,0,0,0,0,0,0,0,0,0
ITEM_ULTRANECROZIUM_Z_BAG,0,HOLD_EFFECT_NONE,0,0,0,0,0,TYPE_NORMAL,false,false,POCKET_ITEMS,0,0,0,0,false,false,false,false,false,false,false,false,false,false,false,false,0,0,0,0,0,0,0,false,false,false,false,false,false,false,false,false,false,false,false,false,false,0,0,0,0,0,0,0,0,0,0,0,0,0
ITEM_MIMIKIUM_Z_ITEM,0,HOLD_EFFECT_NONE,0,0,0,0,0,TYPE_NORMAL,false,false,POCKET_ITEMS,0,0,0,0,false,false,false,false,false,false,false,false,false,false,false,false,0,0,0,0,0,0,0,false,false,false,false,false,false,false,false,false,false,false,false,false,false,0,0,0,0,0,0,0,0,0,0,0,0,0
ITEM_LYCANIUM_Z_ITEM,0,HOLD_EFFECT_NONE,0,0,0,0,0,TYPE_NORMAL,false,false,POCKET_ITEMS,0,0,0,0,false,false,false,false,false,false,false,false,false,false,false,false,0,0,0,0,0,0,0,false,false,false,false,false,false,false,false,false,false,false,false,false,false,0,0,0,0,0,0,0,0,0,0,0,0,0
ITEM_KOMMONIUM_Z_ITEM,0,HOLD_EFFECT_NONE,0,0,0,0,0,TYPE_NORMAL,false,false,POCKET_ITEMS,0,0,0,0,false,false,false,false,false,false,false,false,false,false,false,false,0,0,0,0,0,0,0,false,false,false,false,false,false,false,false,false,false,false,false,false,false,0,0,0,0,0,0,0,0,0,0,0,0,0
ITEM_SOLGANIUM_Z_ITEM,0,HOLD_EFFECT_NONE,0,0,0,0,0,TYPE_NORMAL,false,false,POCKET_ITEMS,0,0,0,0,false,false,false,false,false,false,false,false,false,false,false,false,0,0,0,0,0,0,0,false,false,false,false,false,false,false,false,false,false,false,false,false,false,0,0,0,0,0,0,0,0,0,0,0,0,0
ITEM_LUNALIUM_Z_ITEM,0,HOLD_EFFECT_NONE,0,0,0,0,0,TYPE_NORMAL,false,false,POCKET_ITEMS,0,0,0,0,false,false,false,false,false,false,false,false,false,false,false,false,0,0,0,0,0,0,0,false,false,false,false,false,false,false,false,false,false,false,false,false,false,0,0,0,0,0,0,0,0,0,0,0,0,0
ITEM_ULTRANECROZIUM_Z_ITEM,0,HOLD_EFFECT_NONE,0,0,0,0,0,TYPE_NORMAL,false,false,POCKET_ITEMS,0,0,0,0,false,false,false,false,false,false,false,false,false,false,false,false,0,0,0,0,0,0,0,false,false,false,false,false,false,false,false,false,false,false,false,false,false,0,0,0,0,0,0,0,0,0,0,0,0,0
ITEM_MIMIKIUM_Z_BAG,0,HOLD_EFFECT_NONE,0,0,0,0,0,TYPE_NORMAL,false,false,POCKET_ITEMS,0,0,0,0,false,false,false,false,false,false,false,false,false,false,false,false,0,0,0,0,0,0,0,false,false,false,false,false,false,false,false,false,false,false,false,false,false,0,0,0,0,0,0,0,0,0,0,0,0,0
ITEM_LYCANIUM_Z_BAG,0,HOLD_EFFECT_NONE,0,0,0,0,0,TYPE_NORMAL,false,false,POCKET_ITEMS,0,0,0,0,false,false,false,false,false,false,false,false,false,false,false,false,0,0,0,0,0,0,0,false,false,false,false,false,false,false,false,false,false,false,false,false,false,0,0,0,0,0,0,0,0,0,0,0,0,0
ITEM_KOMMONIUM_Z_BAG,0,HOLD_EFFECT_NONE,0,0,0,0,0,TYPE_NORMAL,false,false,POCKET_ITEMS,0,0,0,0,false,false,false,false,false,false,false,false,false,false,false,false,0,0,0,0,0,0,0,false,false,false,false,false,false,false,false,false,false,false,false,false,false,0,0,0,0,0,0,0,0,0,0,0,0,0
ITEM_Z_POWER_RING,0,HOLD_EFFECT_NONE,0,0,0,0,0,TYPE_NORMAL,false,false,POCKET_ITEMS,0,0,0,0,false,false,false,false,false,false,false,false,false,false,false,false,0,0,0,0,0,0,0,false,false,false,false,false,false,false,false,false,false,false,false,false,false,0,0,0,0,0,0,0,0,0,0,0,0,0
ITEM_PINK_PETAL,0,HOLD_EFFECT_NONE,0,0,0,0,0,TYPE_NORMAL,false,false,POCKET_ITEMS,0,0,0,0,false,false,false,false,false,false,false,false,false,false,false,false,0,0,0,0,0,0,0,false,false,false,false,false,false,false,false,false,false,false,false,false,false,0,0,0,0,0,0,0,0,0,0,0,0,0
ITEM_ORANGE_PETAL,0,HOLD_EFFECT_NONE,0,0,0,0,0,TYPE_NORMAL,false,false,POCKET_ITEMS,0,0,0,0,false,false,false,false,false,false,false,false,false,false,false,false,0,0,0,0,0,0,0,false,false,false,false,false,false,false,false,false,false,false,false,false,false,0,0,0,0,0,0,0,0,0,0,0,0,0
ITEM_BLUE_PETAL,0,HOLD_EFFECT_NONE,0,0,0,0,0,TYPE_NORMAL,false,false,POCKET_ITEMS,0,0,0,0,false,false,false,false,false,false,false,false,false,false,false,false,0,0,0,0,0,0,0,false,false,false,false,false,false,false,false,false,false,false,false,false,false,0,0,0,0,0,0,0,0,0,0,0,0,0
ITEM_RED_PETAL,0,HOLD_EFFECT_NONE,0,0,0,0,0,TYPE_NORMAL,false,false,POCKET_ITEMS,0,0,0,0,false,false,false,false,false,false,false,false,false,false,false,false,0,0,0,0,0,0,0,false,false,false,false,false,false,false,false,false,false,false,false,false,false,0,0,0,0,0,0,0,0,0,0,0,0,0
ITEM_GREEN_PETAL,0,HOLD_EFFECT_NONE,0,0,0,0,0,TYPE_NORMAL,false,false,POCKET_ITEMS,0,0,0,0,false,false,false,false,false,false,false,false,false,false,false,false,0,0,0,0,0,0,0,false,false,false,false,false,false,false,false,false,false,false,false,false,false,0,0,0,0,0,0,0,0,0,0,0,0,0
ITEM_YELLOW_PETAL,0,HOLD_EFFECT_NONE,0,0,0,0,0,TYPE_NORMAL,false,false,POCKET_ITEMS,0,0,0,0,false,false,false,false,false,false,false,false,false,false,false,false,0,0,0,0,0,0,0,false,false,false,false,false,false,false,false,false,false,false,false,false,false,0,0,0,0,0,0,0,0,0,0,0,0,0
ITEM_PURPLE_PETAL,0,HOLD_EFFECT_NONE,0,0,0,0,0,TYPE_NORMAL,false,false,POCKET_ITEMS,0,0,0,0,false,false,false,false,false,false,false,false,false,false,false,false,0,0,0,0,0,0,0,false,false,false,false,false,false,false,false,false,false,false,false,false,false,0,0,0,0,0,0,0,0,0,0,0,0,0
ITEM_RAINBOW_FLOWER,0,HOLD_EFFECT_NONE,0,0,0,0,0,TYPE_NORMAL,false,false,POCKET_ITEMS,0,0,0,0,false,false,false,false,false,false,false,false,false,false,false,false,0,0,0,0,0,0,0,false,false,false,false,false,false,false,false,false,false,false,false,false,false,0,0,0,0,0,0,0,0,0,0,0,0,0
ITEM_SURGE_BADGE,0,HOLD_EFFECT_NONE,0,0,0,0,0,TYPE_NORMAL,false,false,POCKET_ITEMS,0,0,0,0,false,false,false,false,false,false,false,false,false,false,false,false,0,0,0,0,0,0,0,false,false,false,false,false,false,false,false,false,false,false,false,false,false,0,0,0,0,0,0,0,0,0,0,0,0,0
ITEM_N_SOLARIZER_FUSE,0,HOLD_EFFECT_NONE,0,0,0,0,0,31,true,false,POCKET_KEY_ITEMS,0,0,0,0,false,false,false,false,false,false,false,false,false,false,false,false,0,0,0,0,0,0,0,false,false,false,false,false,false,false,false,false,false,false,false,false,false,0,0,0,0,0,0,0,0,0,0,0,0,0
ITEM_N_LUNARIZER_FUSE,0,HOLD_EFFECT_NONE,0,0,0,0,0,31,true,false,POCKET_KEY_ITEMS,0,0,0,0,false,false,false,false,false,false,false,false,false,false,false,false,0,0,0,0,0,0,0,false,false,false,false,false,false,false,false,false,false,false,false,false,false,0,0,0,0,0,0,0,0,0,0,0,0,0
ITEM_N_SOLARIZER_UNFUSE,0,HOLD_EFFECT_NONE,0,0,0,0,0,TYPE_NORMAL,false,false,POCKET_ITEMS,0,0,0,0,false,false,false,false,false,false,false,false,false,false,false,false,0,0,0,0,0,0,0,false,false,false,false,false,false,false,false,false,false,false,false,false,false,0,0,0,0,0,0,0,0,0,0,0,0,0
ITEM_N_LUNARIZER_UNFUSE,0,HOLD_EFFECT_NONE,0,0,0,0,0,TYPE_NORMAL,false,false,POCKET_ITEMS,0,0,0,0,false,false,false,false,false,false,false,false,false,false,false,false,0,0,0,0,0,0,0,false,false,false,false,false,false,false,false,false,false,false,false,false,false,0,0,0,0,0,0,0,0,0,0,0,0,0
ITEM_ILIMAS_NORMALIUM_Z,0,HOLD_EFFECT_NONE,0,0,0,0,0,TYPE_NORMAL,false,false,POCKET_ITEMS,0,0,0,0,false,false,false,false,false,false,false,false,false,false,false,false,0,0,0,0,0,0,0,false,false,false,false,false,false,false,false,false,false,false,false,false,false,0,0,0,0,0,0,0,0,0,0,0,0,0
ITEM_LEFT_POKE_BALL,0,HOLD_EFFECT_NONE,0,0,0,0,0,TYPE_NORMAL,false,false,POCKET_ITEMS,0,0,0,0,false,false,false,false,false,false,false,false,false,false,false,false,0,0,0,0,0,0,0,false,false,false,false,false,false,false,false,false,false,false,false,false,false,0,0,0,0,0,0,0,0,0,0,0,0,0
ITEM_ROTO_HATCH,0,HOLD_EFFECT_NONE,0,0,0,0,0,TYPE_NORMAL,false,false,POCKET_ITEMS,0,0,0,0,false,false,false,false,false,false,false,false,false,false,false,false,0,0,0,0,0,0,0,false,false,false,false,false,false,false,false,false,false,false,false,false,false,0,0,0,0,0,0,0,0,0,0,0,0,0
ITEM_ROTO_BARGAIN,0,HOLD_EFFECT_NONE,0,0,0,0,0,TYPE_NORMAL,false,false,POCKET_ITEMS,0,0,0,0,false,false,false,false,false,false,false,false,false,false,false,false,0,0,0,0,0,0,0,false,false,false,false,false,false,false,false,false,false,false,false,false,false,0,0,0,0,0,0,0,0,0,0,0,0,0
ITEM_ROTO_PRIZE_MONEY,0,HOLD_EFFECT_NONE,0,0,0,0,0,TYPE_NORMAL,false,false,POCKET_ITEMS,0,0,0,0,false,false,false,false,false,false,false,false,false,false,false,false,0,0,0,0,0,0,0,false,false,false,false,false,false,false,false,false,false,false,false,false,false,0,0,0,0,0,0,0,0,0,0,0,0,0
ITEM_ROTO_EXP_POINTS,0,HOLD_EFFECT_NONE,0,0,0,0,0,TYPE_NORMAL,false,false,POCKET_ITEMS,0,0,0,0,false,false,false,false,false,false,false,false,false,false,false,false,0,0,0,0,0,0,0,false,false,false,false,false,false,false,false,false,false,false,false,false,false,0,0,0,0,0,0,0,0,0,0,0,0,0
ITEM_ROTO_FRIENDSHIP,0,HOLD_EFFECT_NONE,0,0,0,0,0,TYPE_NORMAL,false,false,POCKET_ITEMS,0,0,0,0,false,false,false,false,false,false,false,false,false,false,false,false,0,0,0,0,0,0,0,false,false,false,false,false,false,false,false,false,false,false,false,false,false,0,0,0,0,0,0,0,0,0,0,0,0,0
ITEM_ROTO_ENCOUNTER,0,HOLD_EFFECT_NONE,0,0,0,0,0,TYPE_NORMAL,false,false,POCKET_ITEMS,0,0,0,0,false,false,false,false,false,false,false,false,false,false,false,false,0,0,0,0,0,0,0,false,false,false,false,false,false,false,false,false,false,false,false,false,false,0,0,0,0,0,0,0,0,0,0,0,0,0
ITEM_ROTO_STEALTH,0,HOLD_EFFECT_NONE,0,0,0,0,0,TYPE_NORMAL,false,false,POCKET_ITEMS,0,0,0,0,false,false,false,false,false,false,false,false,false,false,false,false,0,0,0,0,0,0,0,false,false,false,false,false,false,false,false,false,false,false,false,false,false,0,0,0,0,0,0,0,0,0,0,0,0,0
ITEM_ROTO_HP_RESTORE,0,HOLD_EFFECT_NONE,0,0,0,0,0,TYPE_NORMAL,false,false,POCKET_ITEMS,0,0,0,0,false,false,false,false,false,false,false,false,false,false,false,false,0,0,0,0,0,0,0,false,false,false,false,false,false,false,false,false,false,false,false,false,false,0,0,0,0,0,0,0,0,0,0,0,0,0
ITEM_ROTO_PP_RESTORE,0,HOLD_EFFECT_NONE,0,0,0,0,0,TYPE_NORMAL,false,false,POCKET_ITEMS,0,0,0,0,false,false,false,false,false,false,false,false,false,false,false,false,0,0,0,0,0,0,0,false,false,false,false,false,false,false,false,false,false,false,false,false,false,0,0,0,0,0,0,0,0,0,0,0,0,0
ITEM_ROTO_BOOST,0,HOLD_EFFECT_NONE,0,0,0,0,0,TYPE_NORMAL,false,false,POCKET_ITEMS,0,0,0,0,false,false,false,false,false,false,false,false,false,false,false,false,0,0,0,0,0,0,0,false,false,false,false,false,false,false,false,false,false,false,false,false,false,0,0,0,0,0,0,0,0,0,0,0,0,0
ITEM_ROTO_CATCH,0,HOLD_EFFECT_NONE,0,0,0,0,0,TYPE_NORMAL,false,false,POCKET_ITEMS,0,0,0,0,false,false,false,false,false,false,false,false,false,false,false,false,0,0,0,0,0,0,0,false,false,false,false,false,false,false,false,false,false,false,false,false,false,0,0,0,0,0,0,0,0,0,0,0,0,0
ITEM_HEALTH_CANDY,0,HOLD_EFFECT_NONE,0,0,0,0,0,TYPE_NORMAL,false,false,POCKET_ITEMS,0,0,0,0,false,false,false,false,false,false,false,false,false,false,false,false,0,0,0,0,0,0,0,false,false,false,false,false,false,false,false,false,false,false,false,false,false,0,0,0,0,0,0,0,0,0,0,0,0,0
ITEM_MIGHTY_CANDY,0,HOLD_EFFECT_NONE,0,0,0,0,0,TYPE_NORMAL,false,false,POCKET_ITEMS,0,0,0,0,false,false,false,false,false,false,false,false,false,false,false,false,0,0,0,0,0,0,0,false,false,false,false,false,false,false,false,false,false,false,false,false,false,0,0,0,0,0,0,0,0,0,0,0,0,0
ITEM_TOUGH_CANDY,0,HOLD_EFFECT_NONE,0,0,0,0,0,TYPE_NORMAL,false,false,POCKET_ITEMS,0,0,0,0,false,false,false,false,false,false,false,false,false,false,false,false,0,0,0,0,0,0,0,false,false,false,false,false,false,false,false,false,false,false,false,false,false,0,0,0,0,0,0,0,0,0,0,0,0,0
ITEM_SMART_CANDY,0,HOLD_EFFECT_NONE,0,0,0,0,0,TYPE_NORMAL,false,false,POCKET_ITEMS,0,0,0,0,false,false,false,false,false,false,false,false,false,false,false,false,0,0,0,0,0,0,0,false,false,false,false,false,false,false,false,false,false,false,false,false,false,0,0,0,0,0,0,0,0,0,0,0,0,0
ITEM_COURAGE_CANDY,0,HOLD_EFFECT_NONE,0,0,0,0,0,TYPE_NORMAL,false,false,POCKET_ITEMS,0,0,0,0,false,false,false,false,false,false,false,false,false,false,false,false,0,0,0,0,0,0,0,false,false,false,false,false,false,false,false,false,false,false,false,false,false,0,0,0,0,0,0,0,0,0,0,0,0,0
ITEM_QUICK_CANDY,0,HOLD_EFFECT_NONE,0,0,0,0,0,TYPE_NORMAL,false,false,POCKET_ITEMS,0,0,0,0,false,false,false,false,false,false,false,false,false,false,false,false,0,0,0,0,0,0,0,false,false,false,false,false,false,false,false,false,false,false,false,false,false,0,0,0,0,0,0,0,0,0,0,0,0,0
ITEM_HEALTH_CANDY_L,0,HOLD_EFFECT_NONE,0,0,0,0,0,TYPE_NORMAL,false,false,POCKET_ITEMS,0,0,0,0,false,false,false,false,false,false,false,false,false,false,false,false,0,0,0,0,0,0,0,false,false,false,false,false,false,false,false,false,false,false,false,false,false,0,0,0,0,0,0,0,0,0,0,0,0,0
ITEM_MIGHTY_CANDY_L,0,HOLD_EFFECT_NONE,0,0,0,0,0,TYPE_NORMAL,false,false,POCKET_ITEMS,0,0,0,0,false,false,false,false,false,false,false,false,false,false,false,false,0,0,0,0,0,0,0,false,false,false,false,false,false,false,false,false,false,false,false,false,false,0,0,0,0,0,0,0,0,0,0,0,0,0
ITEM_TOUGH_CANDY_L,0,HOLD_EFFECT_NONE,0,0,0,0,0,TYPE_NORMAL,false,false,POCKET_ITEMS,0,0,0,0,false,false,false,false,false,false,false,false,false,false,false,false,0,0,0,0,0,0,0,false,false,false,false,false,false,false,false,false,false,false,false,false,false,0,0,0,0,0,0,0,0,0,0,0,0,0
ITEM_SMART_CANDY_L,0,HOLD_EFFECT_NONE,0,0,0,0,0,TYPE_NORMAL,false,false,POCKET_ITEMS,0,0,0,0,false,false,false,false,false,false,false,false,false,false,false,false,0,0,0,0,0,0,0,false,false,false,false,false,false,false,false,false,false,false,false,false,false,0,0,0,0,0,0,0,0,0,0,0,0,0
ITEM_COURAGE_CANDY_L,0,HOLD_EFFECT_NONE,0,0,0,0,0,TYPE_NORMAL,false,false,POCKET_ITEMS,0,0,0,0,false,false,false,false,false,false,false,false,false,false,false,false,0,0,0,0,0,0,0,false,false,false,false,false,false,false,false,false,false,false,false,false,false,0,0,0,0,0,0,0,0,0,0,0,0,0
ITEM_QUICK_CANDY_L,0,HOLD_EFFECT_NONE,0,0,0,0,0,TYPE_NORMAL,false,false,POCKET_ITEMS,0,0,0,0,false,false,false,false,false,false,false,false,false,false,false,false,0,0,0,0,0,0,0,false,false,false,false,false,false,false,false,false,false,false,false,false,false,0,0,0,0,0,0,0,0,0,0,0,0,0
ITEM_HEALTH_CANDY_XL,0,HOLD_EFFECT_NONE,0,0,0,0,0,TYPE_NORMAL,false,false,POCKET_ITEMS,0,0,0,0,false,false,false,false,false,false,false,false,false,false,false,false,0,0,0,0,0,0,0,false,false,false,false,false,false,false,false,false,false,false,false,false,false,0,0,0,0,0,0,0,0,0,0,0,0,0
ITEM_MIGHTY_CANDY_XL,0,HOLD_EFFECT_NONE,0,0,0,0,0,TYPE_NORMAL,false,false,POCKET_ITEMS,0,0,0,0,false,false,false,false,false,false,false,false,false,false,false,false,0,0,0,0,0,0,0,false,false,false,false,false,false,false,false,false,false,false,false,false,false,0,0,0,0,0,0,0,0,0,0,0,0,0
ITEM_TOUGH_CANDY_XL,0,HOLD_EFFECT_NONE,0,0,0,0,0,TYPE_NORMAL,false,false,POCKET_ITEMS,0,0,0,0,false,false,false,false,false,false,false,false,false,false,false,false,0,0,0,0,0,0,0,false,false,false,false,false,false,false,false,false,false,false,false,false,false,0,0,0,0,0,0,0,0,0,0,0,0,0
ITEM_SMART_CANDY_XL,0,HOLD_EFFECT_NONE,0,0,0,0,0,TYPE_NORMAL,false,false,POCKET_ITEMS,0,0,0,0,false,false,false,false,false,false,false,false,false,false,false,false,0,0,0,0,0,0,0,false,false,false,false,false,false,false,false,false,false,false,false,false,false,0,0,0,0,0,0,0,0,0,0,0,0,0
ITEM_COURAGE_CANDY_XL,0,HOLD_EFFECT_NONE,0,0,0,0,0,TYPE_NORMAL,false,false,POCKET_ITEMS,0,0,0,0,false,false,false,false,false,false,false,false,false,false,false,false,0,0,0,0,0,0,0,false,false,false,false,false,false,false,false,false,false,false,false,false,false,0,0,0,0,0,0,0,0,0,0,0,0,0
ITEM_QUICK_CANDY_XL,0,HOLD_EFFECT_NONE,0,0,0,0,0,TYPE_NORMAL,false,false,POCKET_ITEMS,0,0,0,0,false,false,false,false,false,false,false,false,false,false,false,false,0,0,0,0,0,0,0,false,false,false,false,false,false,false,false,false,false,false,false,false,false,0,0,0,0,0,0,0,0,0,0,0,0,0
ITEM_BULBASAUR_CANDY,0,HOLD_EFFECT_NONE,0,0,0,0,0,TYPE_NORMAL,false,false,POCKET_ITEMS,0,0,0,0,false,false,false,false,false,false,false,false,false,false,false,false,0,0,0,0,0,0,0,false,false,false,false,false,false,false,false,false,false,false,false,false,false,0,0,0,0,0,0,0,0,0,0,0,0,0
ITEM_CHARMANDER_CANDY,0,HOLD_EFFECT_NONE,0,0,0,0,0,TYPE_NORMAL,false,false,POCKET_ITEMS,0,0,0,0,false,false,false,false,false,false,false,false,false,false,false,false,0,0,0,0,0,0,0,false,false,false,false,false,false,false,false,false,false,false,false,false,false,0,0,0,0,0,0,0,0,0,0,0,0,0
ITEM_SQUIRTLE_CANDY,0,HOLD_EFFECT_NONE,0,0,0,0,0,TYPE_NORMAL,false,false,POCKET_ITEMS,0,0,0,0,false,false,false,false,false,false,false,false,false,false,false,false,0,0,0,0,0,0,0,false,false,false,false,false,false,false,false,false,false,false,false,false,false,0,0,0,0,0,0,0,0,0,0,0,0,0
ITEM_CATERPIE_CANDY,0,HOLD_EFFECT_NONE,0,0,0,0,0,TYPE_NORMAL,false,false,POCKET_ITEMS,0,0,0,0,false,false,false,false,false,false,false,false,false,false,false,false,0,0,0,0,0,0,0,false,false,false,false,false,false,false,false,false,false,false,false,false,false,0,0,0,0,0,0,0,0,0,0,0,0,0
ITEM_WEEDLE_CANDY,0,HOLD_EFFECT_NONE,0,0,0,0,0,TYPE_NORMAL,false,false,POCKET_ITEMS,0,0,0,0,false,false,false,false,false,false,false,false,false,false,false,false,0,0,0,0,0,0,0,false,false,false,false,false,false,false,false,false,false,false,false,false,false,0,0,0,0,0,0,0,0,0,0,0,0,0
ITEM_PIDGEY_CANDY,0,HOLD_EFFECT_NONE,0,0,0,0,0,TYPE_NORMAL,false,false,POCKET_ITEMS,0,0,0,0,false,false,false,false,false,false,false,false,false,false,false,false,0,0,0,0,0,0,0,false,false,false,false,false,false,false,false,false,false,false,false,false,false,0,0,0,0,0,0,0,0,0,0,0,0,0
ITEM_RATTATA_CANDY,0,HOLD_EFFECT_NONE,0,0,0,0,0,TYPE_NORMAL,false,false,POCKET_ITEMS,0,0,0,0,false,false,false,false,false,false,false,false,false,false,false,false,0,0,0,0,0,0,0,false,false,false,false,false,false,false,false,false,false,false,false,false,false,0,0,0,0,0,0,0,0,0,0,0,0,0
ITEM_SPEAROW_CANDY,0,HOLD_EFFECT_NONE,0,0,0,0,0,TYPE_NORMAL,false,false,POCKET_ITEMS,0,0,0,0,false,false,false,false,false,false,false,false,false,false,false,false,0,0,0,0,0,0,0,false,false,false,false,false,false,false,false,false,false,false,false,false,false,0,0,0,0,0,0,0,0,0,0,0,0,0
ITEM_EKANS_CANDY,0,HOLD_EFFECT_NONE,0,0,0,0,0,TYPE_NORMAL,false,false,POCKET_ITEMS,0,0,0,0,false,false,false,false,false,false,false,false,false,false,false,false,0,0,0,0,0,0,0,false,false,false,false,false,false,false,false,false,false,false,false,false,false,0,0,0,0,0,0,0,0,0,0,0,0,0
ITEM_PIKACHU_CANDY,0,HOLD_EFFECT_NONE,0,0,0,0,0,TYPE_NORMAL,false,false,POCKET_ITEMS,0,0,0,0,false,false,false,false,false,false,false,false,false,false,false,false,0,0,0,0,0,0,0,false,false,false,false,false,false,false,false,false,false,false,false,false,false,0,0,0,0,0,0,0,0,0,0,0,0,0
ITEM_SANDSHREW_CANDY,0,HOLD_EFFECT_NONE,0,0,0,0,0,TYPE_NORMAL,false,false,POCKET_ITEMS,0,0,0,0,false,false,false,false,false,false,false,false,false,false,false,false,0,0,0,0,0,0,0,false,false,false,false,false,false,false,false,false,false,false,false,false,false,0,0,0,0,0,0,0,0,0,0,0,0,0
ITEM_NIDORAN_FEMALE_CANDY,0,HOLD_EFFECT_NONE,0,0,0,0,0,TYPE_NORMAL,false,false,POCKET_ITEMS,0,0,0,0,false,false,false,false,false,false,false,false,false,false,false,false,0,0,0,0,0,0,0,false,false,false,false,false,false,false,false,false,false,false,false,false,false,0,0,0,0,0,0,0,0,0,0,0,0,0
ITEM_NIDORAN_MALE_CANDY,0,HOLD_EFFECT_NONE,0,0,0,0,0,TYPE_NORMAL,false,false,POCKET_ITEMS,0,0,0,0,false,false,false,false,false,false,false,false,false,false,false,false,0,0,0,0,0,0,0,false,false,false,false,false,false,false,false,false,false,false,false,false,false,0,0,0,0,0,0,0,0,0,0,0,0,0
ITEM_CLEFAIRY_CANDY,0,HOLD_EFFECT_NONE,0,0,0,0,0,TYPE_NORMAL,false,false,POCKET_ITEMS,0,0,0,0,false,false,false,false,false,false,false,false,false,false,false,false,0,0,0,0,0,0,0,false,false,false,false,false,false,false,false,false,false,false,false,false,false,0,0,0,0,0,0,0,0,0,0,0,0,0
ITEM_VULPIX_CANDY,0,HOLD_EFFECT_NONE,0,0,0,0,0,TYPE_NORMAL,false,false,POCKET_ITEMS,0,0,0,0,false,false,false,false,false,false,false,false,false,false,false,false,0,0,0,0,0,0,0,false,false,false,false,false,false,false,false,false,false,false,false,false,false,0,0,0,0,0,0,0,0,0,0,0,0,0
ITEM_JIGGLYPUFF_CANDY,0,HOLD_EFFECT_NONE,0,0,0,0,0,TYPE_NORMAL,false,false,POCKET_ITEMS,0,0,0,0,false,false,false,false,false,false,false,false,false,false,false,false,0,0,0,0,0,0,0,false,false,false,false,false,false,false,false,false,false,false,false,false,false,0,0,0,0,0,0,0,0,0,0,0,0,0
ITEM_ZUBAT_CANDY,0,HOLD_EFFECT_NONE,0,0,0,0,0,TYPE_NORMAL,false,false,POCKET_ITEMS,0,0,0,0,false,false,false,false,false,false,false,false,false,false,false,false,0,0,0,0,0,0,0,false,false,false,false,false,false,false,false,false,false,false,false,false,false,0,0,0,0,0,0,0,0,0,0,0,0,0
ITEM_ODDISH_CANDY,0,HOLD_EFFECT_NONE,0,0,0,0,0,TYPE_NORMAL,false,false,POCKET_ITEMS,0,0,0,0,false,false,false,false,false,false,false,false,false,false,false,false,0,0,0,0,0,0,0,false,false,false,false,false,false,false,false,false,false,false,false,false,false,0,0,0,0,0,0,0,0,0,0,0,0,0
ITEM_PARAS_CANDY,0,HOLD_EFFECT_NONE,0,0,0,0,0,TYPE_NORMAL,false,false,POCKET_ITEMS,0,0,0,0,false,false,false,false,false,false,false,false,false,false,false,false,0,0,0,0,0,0,0,false,false,false,false,false,false,false,false,false,false,false,false,false,false,0,0,0,0,0,0,0,0,0,0,0,0,0
ITEM_VENONAT_CANDY,0,HOLD_EFFECT_NONE,0,0,0,0,0,TYPE_NORMAL,false,false,POCKET_ITEMS,0,0,0,0,false,false,false,false,false,false,false,false,false,false,false,false,0,0,0,0,0,0,0,false,false,false,false,false,false,false,false,false,false,false,false,false,false,0,0,0,0,0,0,0,0,0,0,0,0,0
ITEM_DIGLETT_CANDY,0,HOLD_EFFECT_NONE,0,0,0,0,0,TYPE_NORMAL,false,false,POCKET_ITEMS,0,0,0,0,false,false,false,false,false,false,false,false,false,false,false,false,0,0,0,0,0,0,0,false,false,false,false,false,false,false,false,false,false,false,false,false,false,0,0,0,0,0,0,0,0,0,0,0,0,0
ITEM_MEOWTH_CANDY,0,HOLD_EFFECT_NONE,0,0,0,0,0,TYPE_NORMAL,false,false,POCKET_ITEMS,0,0,0,0,false,false,false,false,false,false,false,false,false,false,false,false,0,0,0,0,0,0,0,false,false,false,false,false,false,false,false,false,false,false,false,false,false,0,0,0,0,0,0,0,0,0,0,0,0,0
ITEM_PSYDUCK_CANDY,0,HOLD_EFFECT_NONE,0,0,0,0,0,TYPE_NORMAL,false,false,POCKET_ITEMS,0,0,0,0,false,false,false,false,false,false,false,false,false,false,false,false,0,0,0,0,0,0,0,false,false,false,false,false,false,false,false,false,false,false,false,false,false,0,0,0,0,0,0,0,0,0,0,0,0,0
ITEM_MANKEY_CANDY,0,HOLD_EFFECT_NONE,0,0,0,0,0,TYPE_NORMAL,false,false,POCKET_ITEMS,0,0,0,0,false,false,false,false,false,false,false,false,false,false,false,false,0,0,0,0,0,0,0,false,false,false,false,false,false,false,false,false,false,false,false,false,false,0,0,0,0,0,0,0,0,0,0,0,0,0
ITEM_GROWLITHE_CANDY,0,HOLD_EFFECT_NONE,0,0,0,0,0,TYPE_NORMAL,false,false,POCKET_ITEMS,0,0,0,0,false,false,false,false,false,false,false,false,false,false,false,false,0,0,0,0,0,0,0,false,false,false,false,false,false,false,false,false,false,false,false,false,false,0,0,0,0,0,0,0,0,0,0,0,0,0
ITEM_POLIWAG_CANDY,0,HOLD_EFFECT_NONE,0,0,0,0,0,TYPE_NORMAL,false,false,POCKET_ITEMS,0,0,0,0,false,false,false,false,false,false,false,false,false,false,false,false,0,0,0,0,0,0,0,false,false,false,false,false,false,false,false,false,false,false,false,false,false,0,0,0,0,0,0,0,0,0,0,0,0,0
ITEM_ABRA_CANDY,0,HOLD_EFFECT_NONE,0,0,0,0,0,TYPE_NORMAL,false,false,POCKET_ITEMS,0,0,0,0,false,false,false,false,false,false,false,false,false,false,false,false,0,0,0,0,0,0,0,false,false,false,false,false,false,false,false,false,false,false,false,false,false,0,0,0,0,0,0,0,0,0,0,0,0,0
ITEM_MACHOP_CANDY,0,HOLD_EFFECT_NONE,0,0,0,0,0,TYPE_NORMAL,false,false,POCKET_ITEMS,0,0,0,0,false,false,false,false,false,false,false,false,false,false,false,false,0,0,0,0,0,0,0,false,false,false,false,false,false,false,false,false,false,false,false,false,false,0,0,0,0,0,0,0,0,0,0,0,0,0
ITEM_BELLSPROUT_CANDY,0,HOLD_EFFECT_NONE,0,0,0,0,0,TYPE_NORMAL,false,false,POCKET_ITEMS,0,0,0,0,false,false,false,false,false,false,false,false,false,false,false,false,0,0,0,0,0,0,0,false,false,false,false,false,false,false,false,false,false,false,false,false,false,0,0,0,0,0,0,0,0,0,0,0,0,0
ITEM_TENTACOOL_CANDY,0,HOLD_EFFECT_NONE,0,0,0,0,0,TYPE_NORMAL,false,false,POCKET_ITEMS,0,0,0,0,false,false,false,false,false,false,false,false,false,false,false,false,0,0,0,0,0,0,0,false,false,false,false,false,false,false,false,false,false,false,false,false,false,0,0,0,0,0,0,0,0,0,0,0,0,0
ITEM_GEODUDE_CANDY,0,HOLD_EFFECT_NONE,0,0,0,0,0,TYPE_NORMAL,false,false,POCKET_ITEMS,0,0,0,0,false,false,false,false,false,false,false,false,false,false,false,false,0,0,0,0,0,0,0,false,false,false,false,false,false,false,false,false,false,false,false,false,false,0,0,0,0,0,0,0,0,0,0,0,0,0
ITEM_PONYTA_CANDY,0,HOLD_EFFECT_NONE,0,0,0,0,0,TYPE_NORMAL,false,false,POCKET_ITEMS,0,0,0,0,false,false,false,false,false,false,false,false,false,false,false,false,0,0,0,0,0,0,0,false,false,false,false,false,false,false,false,false,false,false,false,false,false,0,0,0,0,0,0,0,0,0,0,0,0,0
ITEM_SLOWPOKE_CANDY,0,HOLD_EFFECT_NONE,0,0,0,0,0,TYPE_NORMAL,false,false,POCKET_ITEMS,0,0,0,0,false,false,false,false,false,false,false,false,false,false,false,false,0,0,0,0,0,0,0,false,false,false,false,false,false,false,false,false,false,false,false,false,false,0,0,0,0,0,0,0,0,0,0,0,0,0
ITEM_MAGNEMITE_CANDY,0,HOLD_EFFECT_NONE,0,0,0,0,0,TYPE_NORMAL,false,false,POCKET_ITEMS,0,0,0,0,false,false,false,false,false,false,false,false,false,false,false,false,0,0,0,0,0,0,0,false,false,false,false,false,false,false,false,false,false,false,false,false,false,0,0,0,0,0,0,0,0,0,0,0,0,0
ITEM_FARFETCHD_CANDY,0,HOLD_EFFECT_NONE,0,0,0,0,0,TYPE_NORMAL,false,false,POCKET_ITEMS,0,0,0,0,false,false,false,false,false,false,false,false,false,false,false,false,0,0,0,0,0,0,0,false,false,false,false,false,false,false,false,false,false,false,false,false,false,0,0,0,0,0,0,0,0,0,0,0,0,0
ITEM_DODUO_CANDY,0,HOLD_EFFECT_NONE,0,0,0,0,0,TYPE_NORMAL,false,false,POCKET_ITEMS,0,0,0,0,false,false,false,false,false,false,false,false,false,false,false,false,0,0,0,0,0,0,0,false,false,false,false,false,false,false,false,false,false,false,false,false,false,0,0,0,0,0,0,0,0,0,0,0,0,0
ITEM_SEEL_CANDY,0,HOLD_EFFECT_NONE,0,0,0,0,0,TYPE_NORMAL,false,false,POCKET_ITEMS,0,0,0,0,false,false,false,false,false,false,false,false,false,false,false,false,0,0,0,0,0,0,0,false,false,false,false,false,false,false,false,false,false,false,false,false,false,0,0,0,0,0,0,0,0,0,0,0,0,0
ITEM_GRIMER_CANDY,0,HOLD_EFFECT_NONE,0,0,0,0,0,TYPE_NORMAL,false,false,POCKET_ITEMS,0,0,0,0,false,false,false,false,false,false,false,false,false,false,false,false,0,0,0,0,0,0,0,false,false,false,false,false,false,false,false,false,false,false,false,false,false,0,0,0,0,0,0,0,0,0,0,0,0,0
ITEM_SHELLDER_CANDY,0,HOLD_EFFECT_NONE,0,0,0,0,0,TYPE_NORMAL,false,false,POCKET_ITEMS,0,0,0,0,false,false,false,false,false,false,false,false,false,false,false,false,0,0,0,0,0,0,0,false,false,false,false,false,false,false,false,false,false,false,false,false,false,0,0,0,0,0,0,0,0,0,0,0,0,0
ITEM_GASTLY_CANDY,0,HOLD_EFFECT_NONE,0,0,0,0,0,TYPE_NORMAL,false,false,POCKET_ITEMS,0,0,0,0,false,false,false,false,false,false,false,false,false,false,false,false,0,0,0,0,0,0,0,false,false,false,false,false,false,false,false,false,false,false,false,false,false,0,0,0,0,0,0,0,0,0,0,0,0,0
ITEM_ONIX_CANDY,0,HOLD_EFFECT_NONE,0,0,0,0,0,TYPE_NORMAL,false,false,POCKET_ITEMS,0,0,0,0,false,false,false,false,false,false,false,false,false,false,false,false,0,0,0,0,0,0,0,false,false,false,false,false,false,false,false,false,false,false,false,false,false,0,0,0,0,0,0,0,0,0,0,0,0,0
ITEM_DROWZEE_CANDY,0,HOLD_EFFECT_NONE,0,0,0,0,0,TYPE_NORMAL,false,false,POCKET_ITEMS,0,0,0,0,false,false,false,false,false,false,false,false,false,false,false,false,0,0,0,0,0,0,0,false,false,false,false,false,false,false,false,false,false,false,false,false,false,0,0,0,0,0,0,0,0,0,0,0,0,0
ITEM_KRABBY_CANDY,0,HOLD_EFFECT_NONE,0,0,0,0,0,TYPE_NORMAL,false,false,POCKET_ITEMS,0,0,0,0,false,false,false,false,false,false,false,false,false,false,false,false,0,0,0,0,0,0,0,false,false,false,false,false,false,false,false,false,false,false,false,false,false,0,0,0,0,0,0,0,0,0,0,0,0,0
ITEM_VOLTORB_CANDY,0,HOLD_EFFECT_NONE,0,0,0,0,0,TYPE_NORMAL,false,false,POCKET_ITEMS,0,0,0,0,false,false,false,false,false,false,false,false,false,false,false,false,0,0,0,0,0,0,0,false,false,false,false,false,false,false,false,false,false,false,false,false,false,0,0,0,0,0,0,0,0,0,0,0,0,0
ITEM_EXEGGCUTE_CANDY,0,HOLD_EFFECT_NONE,0,0,0,0,0,TYPE_NORMAL,false,false,POCKET_ITEMS,0,0,0,0,false,false,false,false,false,false,false,false,false,false,false,false,0,0,0,0,0,0,0,false,false,false,false,false,false,false,false,false,false,false,false,false,false,0,0,0,0,0,0,0,0,0,0,0,0,0
ITEM_CUBONE_CANDY,0,HOLD_EFFECT_NONE,0,0,0,0,0,TYPE_NORMAL,false,false,POCKET_ITEMS,0,0,0,0,false,false,false,false,false,false,false,false,false,false,false,false,0,0,0,0,0,0,0,false,false,false,false,false,false,false,false,false,false,false,false,false,false,0,0,0,0,0,0,0,0,0,0,0,0,0
ITEM_HITMONLEE_CANDY,0,HOLD_EFFECT_NONE,0,0,0,0,0,TYPE_NORMAL,false,false,POCKET_ITEMS,0,0,0,0,false,false,false,false,false,false,false,false,false,false,false,false,0,0,0,0,0,0,0,false,false,false,false,false,false,false,false,false,false,false,false,false,false,0,0,0,0,0,0,0,0,0,0,0,0,0
ITEM_HITMONCHAN_CANDY,0,HOLD_EFFECT_NONE,0,0,0,0,0,TYPE_NORMAL,false,false,POCKET_ITEMS,0,0,0,0,false,false,false,false,false,false,false,false,false,false,false,false,0,0,0,0,0,0,0,false,false,false,false,false,false,false,false,false,false,false,false,false,false,0,0,0,0,0,0,0,0,0,0,0,0,0
ITEM_LICKITUNG_CANDY,0,HOLD_EFFECT_NONE,0,0,0,0,0,TYPE_NORMAL,false,false,POCKET_ITEMS,0,0,0,0,false,false,false,false,false,false,false,false,false,false,false,false,0,0,0,0,0,0,0,false,false,false,false,false,false,false,false,false,false,false,false,false,false,0,0,0,0,0,0,0,0,0,0,0,0,0
ITEM_KOFFING_CANDY,0,HOLD_EFFECT_NONE,0,0,0,0,0,TYPE_NORMAL,false,false,POCKET_ITEMS,0,0,0,0,false,false,false,false,false,false,false,false,false,false,false,false,0,0,0,0,0,0,0,false,false,false,false,false,false,false,false,false,false,false,false,false,false,0,0,0,0,0,0,0,0,0,0,0,0,0
ITEM_RHYHORN_CANDY,0,HOLD_EFFECT_NONE,0,0,0,0,0,TYPE_NORMAL,false,false,POCKET_ITEMS,0,0,0,0,false,false,false,false,false,false,false,false,false,false,false,false,0,0,0,0,0,0,0,false,false,false,false,false,false,false,false,false,false,false,false,false,false,0,0,0,0,0,0,0,0,0,0,0,0,0
ITEM_CHANSEY_CANDY,0,HOLD_EFFECT_NONE,0,0,0,0,0,TYPE_NORMAL,false,false,POCKET_ITEMS,0,0,0,0,false,false,false,false,false,false,false,false,false,false,false,false,0,0,0,0,0,0,0,false,false,false,false,false,false,false,false,false,false,false,false,false,false,0,0,0,0,0,0,0,0,0,0,0,0,0
ITEM_TANGELA_CANDY,0,HOLD_EFFECT_NONE,0,0,0,0,0,TYPE_NORMAL,false,false,POCKET_ITEMS,0,0,0,0,false,false,false,false,false,false,false,false,false,false,false,false,0,0,0,0,0,0,0,false,false,false,false,false,false,false,false,false,false,false,false,false,false,0,0,0,0,0,0,0,0,0,0,0,0,0
ITEM_KANGASKHAN_CANDY,0,HOLD_EFFECT_NONE,0,0,0,0,0,TYPE_NORMAL,false,false,POCKET_ITEMS,0,0,0,0,false,false,false,false,false,false,false,false,false,false,false,false,0,0,0,0,0,0,0,false,false,false,false,false,false,false,false,false,false,false,false,false,false,0,0,0,0,0,0,0,0,0,0,0,0,0
ITEM_HORSEA_CANDY,0,HOLD_EFFECT_NONE,0,0,0,0,0,TYPE_NORMAL,false,false,POCKET_ITEMS,0,0,0,0,false,false,false,false,false,false,false,false,false,false,false,false,0,0,0,0,0,0,0,false,false,false,false,false,false,false,false,false,false,false,false,false,false,0,0,0,0,0,0,0,0,0,0,0,0,0
ITEM_GOLDEEN_CANDY,0,HOLD_EFFECT_NONE,0,0,0,0,0,TYPE_NORMAL,false,false,POCKET_ITEMS,0,0,0,0,false,false,false,false,false,false,false,false,false,false,false,false,0,0,0,0,0,0,0,false,false,false,false,false,false,false,false,false,false,false,false,false,false,0,0,0,0,0,0,0,0,0,0,0,0,0
ITEM_STARYU_CANDY,0,HOLD_EFFECT_NONE,0,0,0,0,0,TYPE_NORMAL,false,false,POCKET_ITEMS,0,0,0,0,false,false,false,false,false,false,false,false,false,false,false,false,0,0,0,0,0,0,0,false,false,false,false,false,false,false,false,false,false,false,false,false,false,0,0,0,0,0,0,0,0,0,0,0,0,0
ITEM_MR_MIME_CANDY,0,HOLD_EFFECT_NONE,0,0,0,0,0,TYPE_NORMAL,false,false,POCKET_ITEMS,0,0,0,0,false,false,false,false,false,false,false,false,false,false,false,false,0,0,0,0,0,0,0,false,false,false,false,false,false,false,false,false,false,false,false,false,false,0,0,0,0,0,0,0,0,0,0,0,0,0
ITEM_SCYTHER_CANDY,0,HOLD_EFFECT_NONE,0,0,0,0,0,TYPE_NORMAL,false,false,POCKET_ITEMS,0,0,0,0,false,false,false,false,false,false,false,false,false,false,false,false,0,0,0,0,0,0,0,false,false,false,false,false,false,false,false,false,false,false,false,false,false,0,0,0,0,0,0,0,0,0,0,0,0,0
ITEM_JYNX_CANDY,0,HOLD_EFFECT_NONE,0,0,0,0,0,TYPE_NORMAL,false,false,POCKET_ITEMS,0,0,0,0,false,false,false,false,false,false,false,false,false,false,false,false,0,0,0,0,0,0,0,false,false,false,false,false,false,false,false,false,false,false,false,false,false,0,0,0,0,0,0,0,0,0,0,0,0,0
ITEM_ELECTABUZZ_CANDY,0,HOLD_EFFECT_NONE,0,0,0,0,0,TYPE_NORMAL,false,false,POCKET_ITEMS,0,0,0,0,false,false,false,false,false,false,false,false,false,false,false,false,0,0,0,0,0,0,0,false,false,false,false,false,false,false,false,false,false,false,false,false,false,0,0,0,0,0,0,0,0,0,0,0,0,0
ITEM_PINSIR_CANDY,0,HOLD_EFFECT_NONE,0,0,0,0,0,TYPE_NORMAL,false,false,POCKET_ITEMS,0,0,0,0,false,false,false,false,false,false,false,false,false,false,false,false,0,0,0,0,0,0,0,false,false,false,false,false,false,false,false,false,false,false,false,false,false,0,0,0,0,0,0,0,0,0,0,0,0,0
ITEM_TAUROS_CANDY,0,HOLD_EFFECT_NONE,0,0,0,0,0,TYPE_NORMAL,false,false,POCKET_ITEMS,0,0,0,0,false,false,false,false,false,false,false,false,false,false,false,false,0,0,0,0,0,0,0,false,false,false,false,false,false,false,false,false,false,false,false,false,false,0,0,0,0,0,0,0,0,0,0,0,0,0
ITEM_MAGIKARP_CANDY,0,HOLD_EFFECT_NONE,0,0,0,0,0,TYPE_NORMAL,false,false,POCKET_ITEMS,0,0,0,0,false,false,false,false,false,false,false,false,false,false,false,false,0,0,0,0,0,0,0,false,false,false,false,false,false,false,false,false,false,false,false,false,false,0,0,0,0,0,0,0,0,0,0,0,0,0
ITEM_LAPRAS_CANDY,0,HOLD_EFFECT_NONE,0,0,0,0,0,TYPE_NORMAL,false,false,POCKET_ITEMS,0,0,0,0,false,false,false,false,false,false,false,false,false,false,false,false,0,0,0,0,0,0,0,false,false,false,false,false,false,false,false,false,false,false,false,false,false,0,0,0,0,0,0,0,0,0,0,0,0,0
ITEM_DITTO_CANDY,0,HOLD_EFFECT_NONE,0,0,0,0,0,TYPE_NORMAL,false,false,POCKET_ITEMS,0,0,0,0,false,false,false,false,false,false,false,false,false,false,false,false,0,0,0,0,0,0,0,false,false,false,false,false,false,false,false,false,false,false,false,false,false,0,0,0,0,0,0,0,0,0,0,0,0,0
ITEM_EEVEE_CANDY,0,HOLD_EFFECT_NONE,0,0,0,0,0,TYPE_NORMAL,false,false,POCKET_ITEMS,0,0,0,0,false,false,false,false,false,false,false,false,false,false,false,false,0,0,0,0,0,0,0,false,false,false,false,false,false,false,false,false,false,false,false,false,false,0,0,0,0,0,0,0,0,0,0,0,0,0
ITEM_PORYGON_CANDY,0,HOLD_EFFECT_NONE,0,0,0,0,0,TYPE_NORMAL,false,false,POCKET_ITEMS,0,0,0,0,false,false,false,false,false,false,false,false,false,false,false,false,0,0,0,0,0,0,0,false,false,false,false,false,false,false,false,false,false,false,false,false,false,0,0,0,0,0,0,0,0,0,0,0,0,0
ITEM_OMANYTE_CANDY,0,HOLD_EFFECT_NONE,0,0,0,0,0,TYPE_NORMAL,false,false,POCKET_ITEMS,0,0,0,0,false,false,false,false,false,false,false,false,false,false,false,false,0,0,0,0,0,0,0,false,false,false,false,false,false,false,false,false,false,false,false,false,false,0,0,0,0,0,0,0,0,0,0,0,0,0
ITEM_KABUTO_CANDY,0,HOLD_EFFECT_NONE,0,0,0,0,0,TYPE_NORMAL,false,false,POCKET_ITEMS,0,0,0,0,false,false,false,false,false,false,false,false,false,false,false,false,0,0,0,0,0,0,0,false,false,false,false,false,false,false,false,false,false,false,false,false,false,0,0,0,0,0,0,0,0,0,0,0,0,0
ITEM_AERODACTYL_CANDY,0,HOLD_EFFECT_NONE,0,0,0,0,0,TYPE_NORMAL,false,false,POCKET_ITEMS,0,0,0,0,false,false,false,false,false,false,false,false,false,false,false,false,0,0,0,0,0,0,0,false,false,false,false,false,false,false,false,false,false,false,false,false,false,0,0,0,0,0,0,0,0,0,0,0,0,0
ITEM_SNORLAX_CANDY,0,HOLD_EFFECT_NONE,0,0,0,0,0,TYPE_NORMAL,false,false,POCKET_ITEMS,0,0,0,0,false,false,false,false,false,false,false,false,false,false,false,false,0,0,0,0,0,0,0,false,false,false,false,false,false,false,false,false,false,false,false,false,false,0,0,0,0,0,0,0,0,0,0,0,0,0
ITEM_ARTICUNO_CANDY,0,HOLD_EFFECT_NONE,0,0,0,0,0,TYPE_NORMAL,false,false,POCKET_ITEMS,0,0,0,0,false,false,false,false,false,false,false,false,false,false,false,false,0,0,0,0,0,0,0,false,false,false,false,false,false,false,false,false,false,false,false,false,false,0,0,0,0,0,0,0,0,0,0,0,0,0
ITEM_ZAPDOS_CANDY,0,HOLD_EFFECT_NONE,0,0,0,0,0,TYPE_NORMAL,false,false,POCKET_ITEMS,0,0,0,0,false,false,false,false,false,false,false,false,false,false,false,false,0,0,0,0,0,0,0,false,false,false,false,false,false,false,false,false,false,false,false,false,false,0,0,0,0,0,0,0,0,0,0,0,0,0
ITEM_MOLTRES_CANDY,0,HOLD_EFFECT_NONE,0,0,0,0,0,TYPE_NORMAL,false,false,POCKET_ITEMS,0,0,0,0,false,false,false,false,false,false,false,false,false,false,false,false,0,0,0,0,0,0,0,false,false,false,false,false,false,false,false,false,false,false,false,false,false,0,0,0,0,0,0,0,0,0,0,0,0,0
ITEM_DRATINI_CANDY,0,HOLD_EFFECT_NONE,0,0,0,0,0,TYPE_NORMAL,false,false,POCKET_ITEMS,0,0,0,0,false,false,false,false,false,false,false,false,false,false,false,false,0,0,0,0,0,0,0,false,false,false,false,false,false,false,false,false,false,false,false,false,false,0,0,0,0,0,0,0,0,0,0,0,0,0
ITEM_MEWTWO_CANDY,0,HOLD_EFFECT_NONE,0,0,0,0,0,TYPE_NORMAL,false,false,POCKET_ITEMS,0,0,0,0,false,false,false,false,false,false,false,false,false,false,false,false,0,0,0,0,0,0,0,false,false,false,false,false,false,false,false,false,false,false,false,false,false,0,0,0,0,0,0,0,0,0,0,0,0,0
ITEM_MEW_CANDY,0,HOLD_EFFECT_NONE,0,0,0,0,0,TYPE_NORMAL,false,false,POCKET_ITEMS,0,0,0,0,false,false,false,false,false,false,false,false,false,false,false,false,0,0,0,0,0,0,0,false,false,false,false,false,false,false,false,false,false,false,false,false,false,0,0,0,0,0,0,0,0,0,0,0,0,0
ITEM_MELTAN_CANDY,0,HOLD_EFFECT_NONE,0,0,0,0,0,TYPE_NORMAL,false,false,POCKET_ITEMS,0,0,0,0,false,false,false,false,false,false,false,false,false,false,false,false,0,0,0,0,0,0,0,false,false,false,false,false,false,false,false,false,false,false,false,false,false,0,0,0,0,0,0,0,0,0,0,0,0,0
ITEM_MAGMAR_CANDY,0,HOLD_EFFECT_NONE,0,0,0,0,0,TYPE_NORMAL,false,false,POCKET_ITEMS,0,0,0,0,false,false,false,false,false,false,false,false,false,false,false,false,0,0,0,0,0,0,0,false,false,false,false,false,false,false,false,false,false,false,false,false,false,0,0,0,0,0,0,0,0,0,0,0,0,0
ITEM_UNKNOWN_1058,0,HOLD_EFFECT_NONE,0,0,0,0,0,TYPE_NORMAL,false,false,POCKET_ITEMS,0,0,0,0,false,false,false,false,false,false,false,false,false,false,false,false,0,0,0,0,0,0,0,false,false,false,false,false,false,false,false,false,false,false,false,false,false,0,0,0,0,0,0,0,0,0,0,0,0,0
ITEM_UNKNOWN_1059,0,HOLD_EFFECT_NONE,0,0,0,0,0,TYPE_NORMAL,false,false,POCKET_ITEMS,0,0,0,0,false,false,false,false,false,false,false,false,false,false,false,false,0,0,0,0,0,0,0,false,false,false,false,false,false,false,false,false,false,false,false,false,false,0,0,0,0,0,0,0,0,0,0,0,0,0
ITEM_UNKNOWN_1060,0,HOLD_EFFECT_NONE,0,0,0,0,0,TYPE_NORMAL,false,false,POCKET_ITEMS,0,0,0,0,false,false,false,false,false,false,false,false,false,false,false,false,0,0,0,0,0,0,0,false,false,false,false,false,false,false,false,false,false,false,false,false,false,0,0,0,0,0,0,0,0,0,0,0,0,0
ITEM_UNKNOWN_1061,0,HOLD_EFFECT_NONE,0,0,0,0,0,TYPE_NORMAL,false,false,POCKET_ITEMS,0,0,0,0,false,false,false,false,false,false,false,false,false,false,false,false,0,0,0,0,0,0,0,false,false,false,false,false,false,false,false,false,false,false,false,false,false,0,0,0,0,0,0,0,0,0,0,0,0,0
ITEM_UNKNOWN_1062,0,HOLD_EFFECT_NONE,0,0,0,0,0,TYPE_NORMAL,false,false,POCKET_ITEMS,0,0,0,0,false,false,false,false,false,false,false,false,false,false,false,false,0,0,0,0,0,0,0,false,false,false,false,false,false,false,false,false,false,false,false,false,false,0,0,0,0,0,0,0,0,0,0,0,0,0
ITEM_UNKNOWN_1063,0,HOLD_EFFECT_NONE,0,0,0,0,0,TYPE_NORMAL,false,false,POCKET_ITEMS,0,0,0,0,false,false,false,false,false,false,false,false,false,false,false,false,0,0,0,0,0,0,0,false,false,false,false,false,false,false,false,false,false,false,false,false,false,0,0,0,0,0,0,0,0,0,0,0,0,0
ITEM_UNKNOWN_1064,0,HOLD_EFFECT_NONE,0,0,0,0,0,TYPE_NORMAL,false,false,POCKET_ITEMS,0,0,0,0,false,false,false,false,false,false,false,false,false,false,false,false,0,0,0,0,0,0,0,false,false,false,false,false,false,false,false,false,false,false,false,false,false,0,0,0,0,0,0,0,0,0,0,0,0,0
ITEM_UNKNOWN_1065,0,HOLD_EFFECT_NONE,0,0,0,0,0,TYPE_NORMAL,false,false,POCKET_ITEMS,0,0,0,0,false,false,false,false,false,false,false,false,false,false,false,false,0,0,0,0,0,0,0,false,false,false,false,false,false,false,false,false,false,false,false,false,false,0,0,0,0,0,0,0,0,0,0,0,0,0
ITEM_UNKNOWN_1066,0,HOLD_EFFECT_NONE,0,0,0,0,0,TYPE_NORMAL,false,false,POCKET_ITEMS,0,0,0,0,false,false,false,false,false,false,false,false,false,false,false,false,0,0,0,0,0,0,0,false,false,false,false,false,false,false,false,false,false,false,false,false,false,0,0,0,0,0,0,0,0,0,0,0,0,0
ITEM_UNKNOWN_1067,0,HOLD_EFFECT_NONE,0,0,0,0,0,TYPE_NORMAL,false,false,POCKET_ITEMS,0,0,0,0,false,false,false,false,false,false,false,false,false,false,false,false,0,0,0,0,0,0,0,false,false,false,false,false,false,false,false,false,false,false,false,false,false,0,0,0,0,0,0,0,0,0,0,0,0,0
ITEM_UNKNOWN_1068,0,HOLD_EFFECT_NONE,0,0,0,0,0,TYPE_NORMAL,false,false,POCKET_ITEMS,0,0,0,0,false,false,false,false,false,false,false,false,false,false,false,false,0,0,0,0,0,0,0,false,false,false,false,false,false,false,false,false,false,false,false,false,false,0,0,0,0,0,0,0,0,0,0,0,0,0
ITEM_UNKNOWN_1069,0,HOLD_EFFECT_NONE,0,0,0,0,0,TYPE_NORMAL,false,false,POCKET_ITEMS,0,0,0,0,false,false,false,false,false,false,false,false,false,false,false,false,0,0,0,0,0,0,0,false,false,false,false,false,false,false,false,false,false,false,false,false,false,0,0,0,0,0,0,0,0,0,0,0,0,0
ITEM_UNKNOWN_1070,0,HOLD_EFFECT_NONE,0,0,0,0,0,TYPE_NORMAL,false,false,POCKET_ITEMS,0,0,0,0,false,false,false,false,false,false,false,false,false,false,false,false,0,0,0,0,0,0,0,false,false,false,false,false,false,false,false,false,false,false,false,false,false,0,0,0,0,0,0,0,0,0,0,0,0,0
ITEM_UNKNOWN_1071,0,HOLD_EFFECT_NONE,0,0,0,0,0,TYPE_NORMAL,false,false,POCKET_ITEMS,0,0,0,0,false,false,false,false,false,false,false,false,false,false,false,false,0,0,0,0,0,0,0,false,false,false,false,false,false,false,false,false,false,false,false,false,false,0,0,0,0,0,0,0,0,0,0,0,0,0
ITEM_UNKNOWN_1072,0,HOLD_EFFECT_NONE,0,0,0,0,0,TYPE_NORMAL,false,false,POCKET_ITEMS,0,0,0,0,false,false,false,false,false,false,false,false,false,false,false,false,0,0,0,0,0,0,0,false,false,false,false,false,false,false,false,false,false,false,false,false,false,0,0,0,0,0,0,0,0,0,0,0,0,0
ITEM_UNKNOWN_1073,0,HOLD_EFFECT_NONE,0,0,0,0,0,TYPE_NORMAL,false,false,POCKET_ITEMS,0,0,0,0,false,false,false,false,false,false,false,false,false,false,false,false,0,0,0,0,0,0,0,false,false,false,false,false,false,false,false,false,false,false,false,false,false,0,0,0,0,0,0,0,0,0,0,0,0,0
ITEM_ENDORSEMENT,0,HOLD_EFFECT_NONE,0,0,0,0,0,TYPE_NORMAL,false,false,POCKET_ITEMS,0,0,0,0,false,false,false,false,false,false,false,false,false,false,false,false,0,0,0,0,0,0,0,false,false,false,false,false,false,false,false,false,false,false,false,false,false,0,0,0,0,0,0,0,0,0,0,0,0,0
ITEM_POKEMON_BOX_LINK,0,HOLD_EFFECT_NONE,0,0,0,0,0,31,true,false,POCKET_KEY_ITEMS,0,0,0,0,false,false,false,false,false,false,false,false,false,false,false,false,0,0,0,0,0,0,0,false,false,false,false,false,false,false,false,false,false,false,false,false,false,0,0,0,0,0,0,0,0,0,0,0,0,0
ITEM_WISHING_STAR,0,HOLD_EFFECT_NONE,0,0,0,0,0,TYPE_NORMAL,false,false,POCKET_ITEMS,0,0,0,0,false,false,false,false,false,false,false,false,false,false,false,false,0,0,0,0,0,0,0,false,false,false,false,false,false,false,false,false,false,false,false,false,false,0,0,0,0,0,0,0,0,0,0,0,0,0
ITEM_DYNAMAX_BAND,0,HOLD_EFFECT_NONE,0,0,0,0,0,TYPE_NORMAL,false,false,POCKET_ITEMS,0,0,0,0,false,false,false,false,false,false,false,false,false,false,false,false,0,0,0,0,0,0,0,false,false,false,false,false,false,false,false,false,false,false,false,false,false,0,0,0,0,0,0,0,0,0,0,0,0,0
ITEM_UNKNOWN_1078,0,HOLD_EFFECT_NONE,0,0,0,0,0,TYPE_NORMAL,false,false,POCKET_ITEMS,0,0,0,0,false,false,false,false,false,false,false,false,false,false,false,false,0,0,0,0,0,0,0,false,false,false,false,false,false,false,false,false,false,false,false,false,false,0,0,0,0,0,0,0,0,0,0,0,0,0
ITEM_UNKNOWN_1079,0,HOLD_EFFECT_NONE,0,0,0,0,0,TYPE_NORMAL,false,false,POCKET_ITEMS,0,0,0,0,false,false,false,false,false,false,false,false,false,false,false,false,0,0,0,0,0,0,0,false,false,false,false,false,false,false,false,false,false,false,false,false,false,0,0,0,0,0,0,0,0,0,0,0,0,0
ITEM_FISHING_ROD_SWSH,0,HOLD_EFFECT_NONE,0,0,0,0,0,TYPE_NORMAL,false,false,POCKET_ITEMS,0,0,0,0,false,false,false,false,false,false,false,false,false,false,false,false,0,0,0,0,0,0,0,false,false,false,false,false,false,false,false,false,false,false,false,false,false,0,0,0,0,0,0,0,0,0,0,0,0,0
ITEM_ROTOM_BIKE_LAND_MODE,0,HOLD_EFFECT_NONE,0,0,0,0,0,TYPE_NORMAL,false,false,POCKET_ITEMS,0,0,0,0,false,false,false,false,false,false,false,false,false,false,false,false,0,0,0,0,0,0,0,false,false,false,false,false,false,false,false,false,false,false,false,false,false,0,0,0,0,0,0,0,0,0,0,0,0,0
ITEM_UNKNOWN_1082,0,HOLD_EFFECT_NONE,0,0,0,0,0,TYPE_NORMAL,false,false,POCKET_ITEMS,0,0,0,0,false,false,false,false,false,false,false,false,false,false,false,false,0,0,0,0,0,0,0,false,false,false,false,false,false,false,false,false,false,false,false,false,false,0,0,0,0,0,0,0,0,0,0,0,0,0
ITEM_UNKNOWN_1083,0,HOLD_EFFECT_NONE,0,0,0,0,0,TYPE_NORMAL,false,false,POCKET_ITEMS,0,0,0,0,false,false,false,false,false,false,false,false,false,false,false,false,0,0,0,0,0,0,0,false,false,false,false,false,false,false,false,false,false,false,false,false,false,0,0,0,0,0,0,0,0,0,0,0,0,0
ITEM_SAUSAGES,0,HOLD_EFFECT_NONE,0,0,0,0,0,TYPE_NORMAL,false,false,POCKET_ITEMS,0,0,0,0,false,false,false,false,false,false,false,false,false,false,false,false,0,0,0,0,0,0,0,false,false,false,false,false,false,false,false,false,false,false,false,false,false,0,0,0,0,0,0,0,0,0,0,0,0,0
ITEM_BOBS_FOOD_TIN,0,HOLD_EFFECT_NONE,0,0,0,0,0,TYPE_NORMAL,false,false,POCKET_ITEMS,0,0,0,0,false,false,false,false,false,false,false,false,false,false,false,false,0,0,0,0,0,0,0,false,false,false,false,false,false,false,false,false,false,false,false,false,false,0,0,0,0,0,0,0,0,0,0,0,0,0
ITEM_BACHS_FOOD_TIN,0,HOLD_EFFECT_NONE,0,0,0,0,0,TYPE_NORMAL,false,false,POCKET_ITEMS,0,0,0,0,false,false,false,false,false,false,false,false,false,false,false,false,0,0,0,0,0,0,0,false,false,false,false,false,false,false,false,false,false,false,false,false,false,0,0,0,0,0,0,0,0,0,0,0,0,0
ITEM_TIN_OF_BEANS,0,HOLD_EFFECT_NONE,0,0,0,0,0,TYPE_NORMAL,false,false,POCKET_ITEMS,0,0,0,0,false,false,false,false,false,false,false,false,false,false,false,false,0,0,0,0,0,0,0,false,false,false,false,false,false,false,false,false,false,false,false,false,false,0,0,0,0,0,0,0,0,0,0,0,0,0
ITEM_BREAD,0,HOLD_EFFECT_NONE,0,0,0,0,0,TYPE_NORMAL,false,false,POCKET_ITEMS,0,0,0,0,false,false,false,false,false,false,false,false,false,false,false,false,0,0,0,0,0,0,0,false,false,false,false,false,false,false,false,false,false,false,false,false,false,0,0,0,0,0,0,0,0,0,0,0,0,0
ITEM_PASTA,0,HOLD_EFFECT_NONE,0,0,0,0,0,TYPE_NORMAL,false,false,POCKET_ITEMS,0,0,0,0,false,false,false,false,false,false,false,false,false,false,false,false,0,0,0,0,0,0,0,false,false,false,false,false,false,false,false,false,false,false,false,false,false,0,0,0,0,0,0,0,0,0,0,0,0,0
ITEM_MIXED_MUSHROOMS,0,HOLD_EFFECT_NONE,0,0,0,0,0,TYPE_NORMAL,false,false,POCKET_ITEMS,0,0,0,0,false,false,false,false,false,false,false,false,false,false,false,false,0,0,0,0,0,0,0,false,false,false,false,false,false,false,false,false,false,false,false,false,false,0,0,0,0,0,0,0,0,0,0,0,0,0
ITEM_SMOKE_POKE_TAIL,0,HOLD_EFFECT_NONE,0,0,0,0,0,TYPE_NORMAL,false,false,POCKET_ITEMS,0,0,0,0,false,false,false,false,false,false,false,false,false,false,false,false,0,0,0,0,0,0,0,false,false,false,false,false,false,false,false,false,false,false,false,false,false,0,0,0,0,0,0,0,0,0,0,0,0,0
ITEM_LARGE_LEEK,0,HOLD_EFFECT_NONE,0,0,0,0,0,TYPE_NORMAL,false,false,POCKET_ITEMS,0,0,0,0,false,false,false,false,false,false,false,false,false,false,false,false,0,0,0,0,0,0,0,false,false,false,false,false,false,false,false,false,false,false,false,false,false,0,0,0,0,0,0,0,0,0,0,0,0,0
ITEM_FANCY_APPLE,0,HOLD_EFFECT_NONE,0,0,0,0,0,TYPE_NORMAL,false,false,POCKET_ITEMS,0,0,0,0,false,false,false,false,false,false,false,false,false,false,false,false,0,0,0,0,0,0,0,false,false,false,false,false,false,false,false,false,false,false,false,false,false,0,0,0,0,0,0,0,0,0,0,0,0,0
ITEM_BRITTLE_BONES,0,HOLD_EFFECT_NONE,0,0,0,0,0,TYPE_NORMAL,false,false,POCKET_ITEMS,0,0,0,0,false,false,false,false,false,false,false,false,false,false,false,false,0,0,0,0,0,0,0,false,false,false,false,false,false,false,false,false,false,false,false,false,false,0,0,0,0,0,0,0,0,0,0,0,0,0
ITEM_PACK_OF_POTATOES,0,HOLD_EFFECT_NONE,0,0,0,0,0,TYPE_NORMAL,false,false,POCKET_ITEMS,0,0,0,0,false,false,false,false,false,false,false,false,false,false,false,false,0,0,0,0,0,0,0,false,false,false,false,false,false,false,false,false,false,false,false,false,false,0,0,0,0,0,0,0,0,0,0,0,0,0
ITEM_PUNGENT_ROOT,0,HOLD_EFFECT_NONE,0,0,0,0,0,TYPE_NORMAL,false,false,POCKET_ITEMS,0,0,0,0,false,false,false,false,false,false,false,false,false,false,false,false,0,0,0,0,0,0,0,false,false,false,false,false,false,false,false,false,false,false,false,false,false,0,0,0,0,0,0,0,0,0,0,0,0,0
ITEM_SALAD_MIX,0,HOLD_EFFECT_NONE,0,0,0,0,0,TYPE_NORMAL,false,false,POCKET_ITEMS,0,0,0,0,false,false,false,false,false,false,false,false,false,false,false,false,0,0,0,0,0,0,0,false,false,false,false,false,false,false,false,false,false,false,false,false,false,0,0,0,0,0,0,0,0,0,0,0,0,0
ITEM_FRIED_FOOD,0,HOLD_EFFECT_NONE,0,0,0,0,0,TYPE_NORMAL,false,false,POCKET_ITEMS,0,0,0,0,false,false,false,false,false,false,false,false,false,false,false,false,0,0,0,0,0,0,0,false,false,false,false,false,false,false,false,false,false,false,false,false,false,0,0,0,0,0,0,0,0,0,0,0,0,0
ITEM_BOILED_EGG,0,HOLD_EFFECT_NONE,0,0,0,0,0,TYPE_NORMAL,false,false,POCKET_ITEMS,0,0,0,0,false,false,false,false,false,false,false,false,false,false,false,false,0,0,0,0,0,0,0,false,false,false,false,false,false,false,false,false,false,false,false,false,false,0,0,0,0,0,0,0,0,0,0,0,0,0
ITEM_CAMPING_GEAR,0,HOLD_EFFECT_NONE,0,0,0,0,0,TYPE_NORMAL,false,false,POCKET_ITEMS,0,0,0,0,false,false,false,false,false,false,false,false,false,false,false,false,0,0,0,0,0,0,0,false,false,false,false,false,false,false,false,false,false,false,false,false,false,0,0,0,0,0,0,0,0,0,0,0,0,0
ITEM_UNKNOWN_1101,0,HOLD_EFFECT_NONE,0,0,0,0,0,TYPE_NORMAL,false,false,POCKET_ITEMS,0,0,0,0,false,false,false,false,false,false,false,false,false,false,false,false,0,0,0,0,0,0,0,false,false,false,false,false,false,false,false,false,false,false,false,false,false,0,0,0,0,0,0,0,0,0,0,0,0,0
ITEM_UNKNOWN_1102,0,HOLD_EFFECT_NONE,0,0,0,0,0,TYPE_NORMAL,false,false,POCKET_ITEMS,0,0,0,0,false,false,false,false,false,false,false,false,false,false,false,false,0,0,0,0,0,0,0,false,false,false,false,false,false,false,false,false,false,false,false,false,false,0,0,0,0,0,0,0,0,0,0,0,0,0
ITEM_RUSTED_SWORD,200,HOLD_EFFECT_TRANSFORM_ZACIAN,0,0,0,0,0,31,false,false,POCKET_ITEMS,0,0,0,0,false,false,false,false,false,false,false,false,false,false,false,false,0,0,0,0,0,0,0,false,false,false,false,false,false,false,false,false,false,false,false,false,false,0,0,0,0,0,0,0,0,0,0,0,0,0
ITEM_RUSTED_SHIELD,200,HOLD_EFFECT_TRANSFORM_ZAMAZENTA,0,0,0,0,0,31,false,false,POCKET_ITEMS,0,0,0,0,false,false,false,false,false,false,false,false,false,false,false,false,0,0,0,0,0,0,0,false,false,false,false,false,false,false,false,false,false,false,false,false,false,0,0,0,0,0,0,0,0,0,0,0,0,0
ITEM_FOSSILIZED_BIRD,1000,HOLD_EFFECT_NONE,0,0,0,100,0,31,false,false,POCKET_ITEMS,0,0,0,1,false,false,false,false,false,false,false,false,false,false,false,false,0,0,0,0,0,0,0,false,false,false,false,false,false,false,false,false,false,false,false,false,false,0,0,0,0,0,0,0,0,0,0,0,0,0
ITEM_FOSSILIZED_FISH,1000,HOLD_EFFECT_NONE,0,0,0,100,0,31,false,false,POCKET_ITEMS,0,0,0,1,false,false,false,false,false,false,false,false,false,false,false,false,0,0,0,0,0,0,0,false,false,false,false,false,false,false,false,false,false,false,false,false,false,0,0,0,0,0,0,0,0,0,0,0,0,0
ITEM_FOSSILIZED_DRAKE,1000,HOLD_EFFECT_NONE,0,0,0,100,0,31,false,false,POCKET_ITEMS,0,0,0,1,false,false,false,false,false,false,false,false,false,false,false,false,0,0,0,0,0,0,0,false,false,false,false,false,false,false,false,false,false,false,false,false,false,0,0,0,0,0,0,0,0,0,0,0,0,0
ITEM_FOSSILIZED_DINO,1000,HOLD_EFFECT_NONE,0,0,0,100,0,31,false,false,POCKET_ITEMS,0,0,0,1,false,false,false,false,false,false,false,false,false,false,false,false,0,0,0,0,0,0,0,false,false,false,false,false,false,false,false,false,false,false,false,false,false,0,0,0,0,0,0,0,0,0,0,0,0,0
ITEM_STRAWBERRY_SWEET,200,HOLD_EFFECT_NONE,0,0,0,30,0,31,false,false,POCKET_ITEMS,0,0,0,0,false,false,false,false,false,false,false,false,false,false,false,false,0,0,0,0,0,0,0,false,false,false,false,false,false,false,false,false,false,false,false,false,false,0,0,0,0,0,0,0,0,0,0,0,0,0
ITEM_LOVE_SWEET,200,HOLD_EFFECT_NONE,0,0,0,30,0,31,false,false,POCKET_ITEMS,0,0,0,0,false,false,false,false,false,false,false,false,false,false,false,false,0,0,0,0,0,0,0,false,false,false,false,false,false,false,false,false,false,false,false,false,false,0,0,0,0,0,0,0,0,0,0,0,0,0
ITEM_BERRY_SWEET,200,HOLD_EFFECT_NONE,0,0,0,30,0,31,false,false,POCKET_ITEMS,0,0,0,0,false,false,false,false,false,false,false,false,false,false,false,false,0,0,0,0,0,0,0,false,false,false,false,false,false,false,false,false,false,false,false,false,false,0,0,0,0,0,0,0,0,0,0,0,0,0
ITEM_CLOVER_SWEET,200,HOLD_EFFECT_NONE,0,0,0,30,0,31,false,false,POCKET_ITEMS,0,0,0,0,false,false,false,false,false,false,false,false,false,false,false,false,0,0,0,0,0,0,0,false,false,false,false,false,false,false,false,false,false,false,false,false,false,0,0,0,0,0,0,0,0,0,0,0,0,0
ITEM_FLOWER_SWEET,200,HOLD_EFFECT_NONE,0,0,0,30,0,31,false,false,POCKET_ITEMS,0,0,0,0,false,false,false,false,false,false,false,false,false,false,false,false,0,0,0,0,0,0,0,false,false,false,false,false,false,false,false,false,false,false,false,false,false,0,0,0,0,0,0,0,0,0,0,0,0,0
ITEM_STAR_SWEET,200,HOLD_EFFECT_NONE,0,0,0,30,0,31,false,false,POCKET_ITEMS,0,0,0,0,false,false,false,false,false,false,false,false,false,false,false,false,0,0,0,0,0,0,0,false,false,false,false,false,false,false,false,false,false,false,false,false,false,0,0,0,0,0,0,0,0,0,0,0,0,0
ITEM_RIBBON_SWEET,200,HOLD_EFFECT_NONE,0,0,0,30,0,31,false,false,POCKET_ITEMS,0,0,0,0,false,false,false,false,false,false,false,false,false,false,false,false,0,0,0,0,0,0,0,false,false,false,false,false,false,false,false,false,false,false,false,false,false,0,0,0,0,0,0,0,0,0,0,0,0,0
ITEM_THROAT_SPRAY,20000,HOLD_EFFECT_BOOST_SPATK_ON_SOUND_MOVE,0,0,0,30,0,31,false,false,POCKET_ITEMS,0,0,0,0,false,false,false,false,false,false,false,false,false,false,false,false,0,0,0,0,0,0,0,false,false,false,false,false,false,false,false,false,false,false,false,false,false,0,0,0,0,0,0,0,0,0,0,0,0,0
ITEM_EJECT_PACK,30000,HOLD_EFFECT_SWITCH_OUT_ON_STAT_DROP,0,0,0,30,0,31,false,false,POCKET_ITEMS,0,0,0,0,false,false,false,false,false,false,false,false,false,false,false,false,0,0,0,0,0,0,0,false,false,false,false,false,false,false,false,false,false,false,false,false,false,0,0,0,0,0,0,0,0,0,0,0,0,0
ITEM_HEAVY_DUTY_BOOTS,20000,HOLD_EFFECT_IGNORE_ENTRY_HAZARDS,0,0,0,30,0,31,false,false,POCKET_ITEMS,0,0,0,0,false,false,false,false,false,false,false,false,false,false,false,false,0,0,0,0,0,0,0,false,false,false,false,false,false,false,false,false,false,false,false,false,false,0,0,0,0,0,0,0,0,0,0,0,0,0
ITEM_BLUNDER_POLICY,30000,HOLD_EFFECT_BOOST_SPEED_ON_MISS,2,0,0,30,0,31,false,false,POCKET_ITEMS,0,0,0,0,false,false,false,false,false,false,false,false,false,false,false,false,0,0,0,0,0,0,0,false,false,false,false,false,false,false,false,false,false,false,false,false,false,0,0,0,0,0,0,0,0,0,0,0,0,0
ITEM_ROOM_SERVICE,20000,HOLD_EFFECT_DROP_SPEED_IN_TRICK_ROOM,0,0,0,30,0,31,false,false,POCKET_ITEMS,0,0,0,0,false,false,false,false,false,false,false,false,false,false,false,false,0,0,0,0,0,0,0,false,false,false,false,false,false,false,false,false,false,false,false,false,false,0,0,0,0,0,0,0,0,0,0,0,0,0
ITEM_UTILITY_UMBRELLA,15000,HOLD_EFFECT_UNAFFECTED_BY_RAIN_OR_SUN,0,0,0,30,0,31,false,false,POCKET_ITEMS,0,0,0,0,false,false,false,false,false,false,false,false,false,false,false,false,0,0,0,0,0,0,0,false,false,false,false,false,false,false,false,false,false,false,false,false,false,0,0,0,0,0,0,0,0,0,0,0,0,0
ITEM_EXP_CANDY_XS,20,HOLD_EFFECT_NONE,0,0,0,30,0,31,false,false,POCKET_ITEMS,0,0,0,0,false,false,false,false,false,false,false,false,false,false,false,false,0,0,0,0,0,0,0,false,false,false,false,false,false,false,false,false,false,false,false,false,false,0,0,0,0,0,0,0,0,0,0,0,0,0
ITEM_EXP_CANDY_S,240,HOLD_EFFECT_NONE,0,0,0,30,0,31,false,false,POCKET_ITEMS,0,0,0,0,false,false,false,false,false,false,false,false,false,false,false,false,0,0,0,0,0,0,0,false,false,false,false,false,false,false,false,false,false,false,false,false,false,0,0,0,0,0,0,0,0,0,0,0,0,0
ITEM_EXP_CANDY_M,1000,HOLD_EFFECT_NONE,0,0,0,30,0,31,false,false,POCKET_ITEMS,0,0,0,0,false,false,false,false,false,false,false,false,false,false,false,false,0,0,0,0,0,0,0,false,false,false,false,false,false,false,false,false,false,false,false,false,false,0,0,0,0,0,0,0,0,0,0,0,0,0
ITEM_EXP_CANDY_L,3000,HOLD_EFFECT_NONE,0,0,0,30,0,31,false,false,POCKET_ITEMS,0,0,0,0,false,false,false,false,false,false,false,false,false,false,false,false,0,0,0,0,0,0,0,false,false,false,false,false,false,false,false,false,false,false,false,false,false,0,0,0,0,0,0,0,0,0,0,0,0,0
ITEM_EXP_CANDY_XL,10000,HOLD_EFFECT_NONE,0,0,0,30,0,31,false,false,POCKET_ITEMS,0,0,0,0,false,false,false,false,false,false,false,false,false,false,false,false,0,0,0,0,0,0,0,false,false,false,false,false,false,false,false,false,false,false,false,false,false,0,0,0,0,0,0,0,0,0,0,0,0,0
ITEM_DYNAMAX_CANDY,0,HOLD_EFFECT_NONE,0,0,0,0,0,TYPE_NORMAL,false,false,POCKET_ITEMS,0,0,0,0,false,false,false,false,false,false,false,false,false,false,false,false,0,0,0,0,0,0,0,false,false,false,false,false,false,false,false,false,false,false,false,false,false,0,0,0,0,0,0,0,0,0,0,0,0,0
ITEM_TR00,0,HOLD_EFFECT_NONE,0,0,0,0,0,31,false,false,POCKET_TMHMS,0,6,0,0,false,false,false,false,false,false,false,false,false,false,false,false,0,0,0,0,0,0,0,false,false,false,false,false,false,false,false,false,false,false,false,false,false,0,0,0,0,0,0,0,0,0,0,0,0,0
ITEM_TR01,0,HOLD_EFFECT_NONE,0,0,0,0,0,31,false,false,POCKET_TMHMS,0,6,0,0,false,false,false,false,false,false,false,false,false,false,false,false,0,0,0,0,0,0,0,false,false,false,false,false,false,false,false,false,false,false,false,false,false,0,0,0,0,0,0,0,0,0,0,0,0,0
ITEM_TR02,0,HOLD_EFFECT_NONE,0,0,0,0,0,31,false,false,POCKET_TMHMS,0,6,0,0,false,false,false,false,false,false,false,false,false,false,false,false,0,0,0,0,0,0,0,false,false,false,false,false,false,false,false,false,false,false,false,false,false,0,0,0,0,0,0,0,0,0,0,0,0,0
ITEM_TR03,0,HOLD_EFFECT_NONE,0,0,0,0,0,31,false,false,POCKET_TMHMS,0,6,0,0,false,false,false,false,false,false,false,false,false,false,false,false,0,0,0,0,0,0,0,false,false,false,false,false,false,false,false,false,false,false,false,false,false,0,0,0,0,0,0,0,0,0,0,0,0,0
ITEM_TR04,0,HOLD_EFFECT_NONE,0,0,0,0,0,31,false,false,POCKET_TMHMS,0,6,0,0,false,false,false,false,false,false,false,false,false,false,false,false,0,0,0,0,0,0,0,false,false,false,false,false,false,false,false,false,false,false,false,false,false,0,0,0,0,0,0,0,0,0,0,0,0,0
ITEM_TR05,0,HOLD_EFFECT_NONE,0,0,0,0,0,31,false,false,POCKET_TMHMS,0,6,0,0,false,false,false,false,false,false,false,false,false,false,false,false,0,0,0,0,0,0,0,false,false,false,false,false,false,false,false,false,false,false,false,false,false,0,0,0,0,0,0,0,0,0,0,0,0,0
ITEM_TR06,0,HOLD_EFFECT_NONE,0,0,0,0,0,31,false,false,POCKET_TMHMS,0,6,0,0,false,false,false,false,false,false,false,false,false,false,false,false,0,0,0,0,0,0,0,false,false,false,false,false,false,false,false,false,false,false,false,false,false,0,0,0,0,0,0,0,0,0,0,0,0,0
ITEM_TR07,0,HOLD_EFFECT_NONE,0,0,0,0,0,31,false,false,POCKET_TMHMS,0,6,0,0,false,false,false,false,false,false,false,false,false,false,false,false,0,0,0,0,0,0,0,false,false,false,false,false,false,false,false,false,false,false,false,false,false,0,0,0,0,0,0,0,0,0,0,0,0,0
ITEM_TR08,0,HOLD_EFFECT_NONE,0,0,0,0,0,31,false,false,POCKET_TMHMS,0,6,0,0,false,false,false,false,false,false,false,false,false,false,false,false,0,0,0,0,0,0,0,false,false,false,false,false,false,false,false,false,false,false,false,false,false,0,0,0,0,0,0,0,0,0,0,0,0,0
ITEM_TR09,0,HOLD_EFFECT_NONE,0,0,0,0,0,31,false,false,POCKET_TMHMS,0,6,0,0,false,false,false,false,false,false,false,false,false,false,false,false,0,0,0,0,0,0,0,false,false,false,false,false,false,false,false,false,false,false,false,false,false,0,0,0,0,0,0,0,0,0,0,0,0,0
ITEM_TR10,0,HOLD_EFFECT_NONE,0,0,0,0,0,31,false,false,POCKET_TMHMS,0,6,0,0,false,false,false,false,false,false,false,false,false,false,false,false,0,0,0,0,0,0,0,false,false,false,false,false,false,false,false,false,false,false,false,false,false,0,0,0,0,0,0,0,0,0,0,0,0,0
ITEM_TR11,0,HOLD_EFFECT_NONE,0,0,0,0,0,31,false,false,POCKET_TMHMS,0,6,0,0,false,false,false,false,false,false,false,false,false,false,false,false,0,0,0,0,0,0,0,false,false,false,false,false,false,false,false,false,false,false,false,false,false,0,0,0,0,0,0,0,0,0,0,0,0,0
ITEM_TR12,0,HOLD_EFFECT_NONE,0,0,0,0,0,31,false,false,POCKET_TMHMS,0,6,0,0,false,false,false,false,false,false,false,false,false,false,false,false,0,0,0,0,0,0,0,false,false,false,false,false,false,false,false,false,false,false,false,false,false,0,0,0,0,0,0,0,0,0,0,0,0,0
ITEM_TR13,0,HOLD_EFFECT_NONE,0,0,0,0,0,31,false,false,POCKET_TMHMS,0,6,0,0,false,false,false,false,false,false,false,false,false,false,false,false,0,0,0,0,0,0,0,false,false,false,false,false,false,false,false,false,false,false,false,false,false,0,0,0,0,0,0,0,0,0,0,0,0,0
ITEM_TR14,0,HOLD_EFFECT_NONE,0,0,0,0,0,31,false,false,POCKET_TMHMS,0,6,0,0,false,false,false,false,false,false,false,false,false,false,false,false,0,0,0,0,0,0,0,false,false,false,false,false,false,false,false,false,false,false,false,false,false,0,0,0,0,0,0,0,0,0,0,0,0,0
ITEM_TR15,0,HOLD_EFFECT_NONE,0,0,0,0,0,31,false,false,POCKET_TMHMS,0,6,0,0,false,false,false,false,false,false,false,false,false,false,false,false,0,0,0,0,0,0,0,false,false,false,false,false,false,false,false,false,false,false,false,false,false,0,0,0,0,0,0,0,0,0,0,0,0,0
ITEM_TR16,0,HOLD_EFFECT_NONE,0,0,0,0,0,31,false,false,POCKET_TMHMS,0,6,0,0,false,false,false,false,false,false,false,false,false,false,false,false,0,0,0,0,0,0,0,false,false,false,false,false,false,false,false,false,false,false,false,false,false,0,0,0,0,0,0,0,0,0,0,0,0,0
ITEM_TR17,0,HOLD_EFFECT_NONE,0,0,0,0,0,31,false,false,POCKET_TMHMS,0,6,0,0,false,false,false,false,false,false,false,false,false,false,false,false,0,0,0,0,0,0,0,false,false,false,false,false,false,false,false,false,false,false,false,false,false,0,0,0,0,0,0,0,0,0,0,0,0,0
ITEM_TR18,0,HOLD_EFFECT_NONE,0,0,0,0,0,31,false,false,POCKET_TMHMS,0,6,0,0,false,false,false,false,false,false,false,false,false,false,false,false,0,0,0,0,0,0,0,false,false,false,false,false,false,false,false,false,false,false,false,false,false,0,0,0,0,0,0,0,0,0,0,0,0,0
ITEM_TR19,0,HOLD_EFFECT_NONE,0,0,0,0,0,31,false,false,POCKET_TMHMS,0,6,0,0,false,false,false,false,false,false,false,false,false,false,false,false,0,0,0,0,0,0,0,false,false,false,false,false,false,false,false,false,false,false,false,false,false,0,0,0,0,0,0,0,0,0,0,0,0,0
ITEM_TR20,0,HOLD_EFFECT_NONE,0,0,0,0,0,31,false,false,POCKET_TMHMS,0,6,0,0,false,false,false,false,false,false,false,false,false,false,false,false,0,0,0,0,0,0,0,false,false,false,false,false,false,false,false,false,false,false,false,false,false,0,0,0,0,0,0,0,0,0,0,0,0,0
ITEM_TR21,0,HOLD_EFFECT_NONE,0,0,0,0,0,31,false,false,POCKET_TMHMS,0,6,0,0,false,false,false,false,false,false,false,false,false,false,false,false,0,0,0,0,0,0,0,false,false,false,false,false,false,false,false,false,false,false,false,false,false,0,0,0,0,0,0,0,0,0,0,0,0,0
ITEM_TR22,0,HOLD_EFFECT_NONE,0,0,0,0,0,31,false,false,POCKET_TMHMS,0,6,0,0,false,false,false,false,false,false,false,false,false,false,false,false,0,0,0,0,0,0,0,false,false,false,false,false,false,false,false,false,false,false,false,false,false,0,0,0,0,0,0,0,0,0,0,0,0,0
ITEM_TR23,0,HOLD_EFFECT_NONE,0,0,0,0,0,31,false,false,POCKET_TMHMS,0,6,0,0,false,false,false,false,false,false,false,false,false,false,false,false,0,0,0,0,0,0,0,false,false,false,false,false,false,false,false,false,false,false,false,false,false,0,0,0,0,0,0,0,0,0,0,0,0,0
ITEM_TR24,0,HOLD_EFFECT_NONE,0,0,0,0,0,31,false,false,POCKET_TMHMS,0,6,0,0,false,false,false,false,false,false,false,false,false,false,false,false,0,0,0,0,0,0,0,false,false,false,false,false,false,false,false,false,false,false,false,false,false,0,0,0,0,0,0,0,0,0,0,0,0,0
ITEM_TR25,0,HOLD_EFFECT_NONE,0,0,0,0,0,31,false,false,POCKET_TMHMS,0,6,0,0,false,false,false,false,false,false,false,false,false,false,false,false,0,0,0,0,0,0,0,false,false,false,false,false,false,false,false,false,false,false,false,false,false,0,0,0,0,0,0,0,0,0,0,0,0,0
ITEM_TR26,0,HOLD_EFFECT_NONE,0,0,0,0,0,31,false,false,POCKET_TMHMS,0,6,0,0,false,false,false,false,false,false,false,false,false,false,false,false,0,0,0,0,0,0,0,false,false,false,false,false,false,false,false,false,false,false,false,false,false,0,0,0,0,0,0,0,0,0,0,0,0,0
ITEM_TR27,0,HOLD_EFFECT_NONE,0,0,0,0,0,31,false,false,POCKET_TMHMS,0,6,0,0,false,false,false,false,false,false,false,false,false,false,false,false,0,0,0,0,0,0,0,false,false,false,false,false,false,false,false,false,false,false,false,false,false,0,0,0,0,0,0,0,0,0,0,0,0,0
ITEM_TR28,0,HOLD_EFFECT_NONE,0,0,0,0,0,31,false,false,POCKET_TMHMS,0,6,0,0,false,false,false,false,false,false,false,false,false,false,false,false,0,0,0,0,0,0,0,false,false,false,false,false,false,false,false,false,false,false,false,false,false,0,0,0,0,0,0,0,0,0,0,0,0,0
ITEM_TR29,0,HOLD_EFFECT_NONE,0,0,0,0,0,31,false,false,POCKET_TMHMS,0,6,0,0,false,false,false,false,false,false,false,false,false,false,false,false,0,0,0,0,0,0,0,false,false,false,false,false,false,false,false,false,false,false,false,false,false,0,0,0,0,0,0,0,0,0,0,0,0,0
ITEM_TR30,0,HOLD_EFFECT_NONE,0,0,0,0,0,31,false,false,POCKET_TMHMS,0,6,0,0,false,false,false,false,false,false,false,false,false,false,false,false,0,0,0,0,0,0,0,false,false,false,false,false,false,false,false,false,false,false,false,false,false,0,0,0,0,0,0,0,0,0,0,0,0,0
ITEM_TR31,0,HOLD_EFFECT_NONE,0,0,0,0,0,31,false,false,POCKET_TMHMS,0,6,0,0,false,false,false,false,false,false,false,false,false,false,false,false,0,0,0,0,0,0,0,false,false,false,false,false,false,false,false,false,false,false,false,false,false,0,0,0,0,0,0,0,0,0,0,0,0,0
ITEM_TR32,0,HOLD_EFFECT_NONE,0,0,0,0,0,31,false,false,POCKET_TMHMS,0,6,0,0,false,false,false,false,false,false,false,false,false,false,false,false,0,0,0,0,0,0,0,false,false,false,false,false,false,false,false,false,false,false,false,false,false,0,0,0,0,0,0,0,0,0,0,0,0,0
ITEM_TR33,0,HOLD_EFFECT_NONE,0,0,0,0,0,31,false,false,POCKET_TMHMS,0,6,0,0,false,false,false,false,false,false,false,false,false,false,false,false,0,0,0,0,0,0,0,false,false,false,false,false,false,false,false,false,false,false,false,false,false,0,0,0,0,0,0,0,0,0,0,0,0,0
ITEM_TR34,0,HOLD_EFFECT_NONE,0,0,0,0,0,31,false,false,POCKET_TMHMS,0,6,0,0,false,false,false,false,false,false,false,false,false,false,false,false,0,0,0,0,0,0,0,false,false,false,false,false,false,false,false,false,false,false,false,false,false,0,0,0,0,0,0,0,0,0,0,0,0,0
ITEM_TR35,0,HOLD_EFFECT_NONE,0,0,0,0,0,31,false,false,POCKET_TMHMS,0,6,0,0,false,false,false,false,false,false,false,false,false,false,false,false,0,0,0,0,0,0,0,false,false,false,false,false,false,false,false,false,false,false,false,false,false,0,0,0,0,0,0,0,0,0,0,0,0,0
ITEM_TR36,0,HOLD_EFFECT_NONE,0,0,0,0,0,31,false,false,POCKET_TMHMS,0,6,0,0,false,false,false,false,false,false,false,false,false,false,false,false,0,0,0,0,0,0,0,false,false,false,false,false,false,false,false,false,false,false,false,false,false,0,0,0,0,0,0,0,0,0,0,0,0,0
ITEM_TR37,0,HOLD_EFFECT_NONE,0,0,0,0,0,31,false,false,POCKET_TMHMS,0,6,0,0,false,false,false,false,false,false,false,false,false,false,false,false,0,0,0,0,0,0,0,false,false,false,false,false,false,false,false,false,false,false,false,false,false,0,0,0,0,0,0,0,0,0,0,0,0,0
ITEM_TR38,0,HOLD_EFFECT_NONE,0,0,0,0,0,31,false,false,POCKET_TMHMS,0,6,0,0,false,false,false,false,false,false,false,false,false,false,false,false,0,0,0,0,0,0,0,false,false,false,false,false,false,false,false,false,false,false,false,false,false,0,0,0,0,0,0,0,0,0,0,0,0,0
ITEM_TR39,0,HOLD_EFFECT_NONE,0,0,0,0,0,31,false,false,POCKET_TMHMS,0,6,0,0,false,false,false,false,false,false,false,false,false,false,false,false,0,0,0,0,0,0,0,false,false,false,false,false,false,false,false,false,false,false,false,false,false,0,0,0,0,0,0,0,0,0,0,0,0,0
ITEM_TR40,0,HOLD_EFFECT_NONE,0,0,0,0,0,31,false,false,POCKET_TMHMS,0,6,0,0,false,false,false,false,false,false,false,false,false,false,false,false,0,0,0,0,0,0,0,false,false,false,false,false,false,false,false,false,false,false,false,false,false,0,0,0,0,0,0,0,0,0,0,0,0,0
ITEM_TR41,0,HOLD_EFFECT_NONE,0,0,0,0,0,31,false,false,POCKET_TMHMS,0,6,0,0,false,false,false,false,false,false,false,false,false,false,false,false,0,0,0,0,0,0,0,false,false,false,false,false,false,false,false,false,false,false,false,false,false,0,0,0,0,0,0,0,0,0,0,0,0,0
ITEM_TR42,0,HOLD_EFFECT_NONE,0,0,0,0,0,31,false,false,POCKET_TMHMS,0,6,0,0,false,false,false,false,false,false,false,false,false,false,false,false,0,0,0,0,0,0,0,false,false,false,false,false,false,false,false,false,false,false,false,false,false,0,0,0,0,0,0,0,0,0,0,0,0,0
ITEM_TR43,0,HOLD_EFFECT_NONE,0,0,0,0,0,31,false,false,POCKET_TMHMS,0,6,0,0,false,false,false,false,false,false,false,false,false,false,false,false,0,0,0,0,0,0,0,false,false,false,false,false,false,false,false,false,false,false,false,false,false,0,0,0,0,0,0,0,0,0,0,0,0,0
ITEM_TR44,0,HOLD_EFFECT_NONE,0,0,0,0,0,31,false,false,POCKET_TMHMS,0,6,0,0,false,false,false,false,false,false,false,false,false,false,false,false,0,0,0,0,0,0,0,false,false,false,false,false,false,false,false,false,false,false,false,false,false,0,0,0,0,0,0,0,0,0,0,0,0,0
ITEM_TR45,0,HOLD_EFFECT_NONE,0,0,0,0,0,31,false,false,POCKET_TMHMS,0,6,0,0,false,false,false,false,false,false,false,false,false,false,false,false,0,0,0,0,0,0,0,false,false,false,false,false,false,false,false,false,false,false,false,false,false,0,0,0,0,0,0,0,0,0,0,0,0,0
ITEM_TR46,0,HOLD_EFFECT_NONE,0,0,0,0,0,31,false,false,POCKET_TMHMS,0,6,0,0,false,false,false,false,false,false,false,false,false,false,false,false,0,0,0,0,0,0,0,false,false,false,false,false,false,false,false,false,false,false,false,false,false,0,0,0,0,0,0,0,0,0,0,0,0,0
ITEM_TR47,0,HOLD_EFFECT_NONE,0,0,0,0,0,31,false,false,POCKET_TMHMS,0,6,0,0,false,false,false,false,false,false,false,false,false,false,false,false,0,0,0,0,0,0,0,false,false,false,false,false,false,false,false,false,false,false,false,false,false,0,0,0,0,0,0,0,0,0,0,0,0,0
ITEM_TR48,0,HOLD_EFFECT_NONE,0,0,0,0,0,31,false,false,POCKET_TMHMS,0,6,0,0,false,false,false,false,false,false,false,false,false,false,false,false,0,0,0,0,0,0,0,false,false,false,false,false,false,false,false,false,false,false,false,false,false,0,0,0,0,0,0,0,0,0,0,0,0,0
ITEM_TR49,0,HOLD_EFFECT_NONE,0,0,0,0,0,31,false,false,POCKET_TMHMS,0,6,0,0,false,false,false,false,false,false,false,false,false,false,false,false,0,0,0,0,0,0,0,false,false,false,false,false,false,false,false,false,false,false,false,false,false,0,0,0,0,0,0,0,0,0,0,0,0,0
ITEM_TR50,0,HOLD_EFFECT_NONE,0,0,0,0,0,31,false,false,POCKET_TMHMS,0,6,0,0,false,false,false,false,false,false,false,false,false,false,false,false,0,0,0,0,0,0,0,false,false,false,false,false,false,false,false,false,false,false,false,false,false,0,0,0,0,0,0,0,0,0,0,0,0,0
ITEM_TR51,0,HOLD_EFFECT_NONE,0,0,0,0,0,31,false,false,POCKET_TMHMS,0,6,0,0,false,false,false,false,false,false,false,false,false,false,false,false,0,0,0,0,0,0,0,false,false,false,false,false,false,false,false,false,false,false,false,false,false,0,0,0,0,0,0,0,0,0,0,0,0,0
ITEM_TR52,0,HOLD_EFFECT_NONE,0,0,0,0,0,31,false,false,POCKET_TMHMS,0,6,0,0,false,false,false,false,false,false,false,false,false,false,false,false,0,0,0,0,0,0,0,false,false,false,false,false,false,false,false,false,false,false,false,false,false,0,0,0,0,0,0,0,0,0,0,0,0,0
ITEM_TR53,0,HOLD_EFFECT_NONE,0,0,0,0,0,31,false,false,POCKET_TMHMS,0,6,0,0,false,false,false,false,false,false,false,false,false,false,false,false,0,0,0,0,0,0,0,false,false,false,false,false,false,false,false,false,false,false,false,false,false,0,0,0,0,0,0,0,0,0,0,0,0,0
ITEM_TR54,0,HOLD_EFFECT_NONE,0,0,0,0,0,31,false,false,POCKET_TMHMS,0,6,0,0,false,false,false,false,false,false,false,false,false,false,false,false,0,0,0,0,0,0,0,false,false,false,false,false,false,false,false,false,false,false,false,false,false,0,0,0,0,0,0,0,0,0,0,0,0,0
ITEM_TR55,0,HOLD_EFFECT_NONE,0,0,0,0,0,31,false,false,POCKET_TMHMS,0,6,0,0,false,false,false,false,false,false,false,false,false,false,false,false,0,0,0,0,0,0,0,false,false,false,false,false,false,false,false,false,false,false,false,false,false,0,0,0,0,0,0,0,0,0,0,0,0,0
ITEM_TR56,0,HOLD_EFFECT_NONE,0,0,0,0,0,31,false,false,POCKET_TMHMS,0,6,0,0,false,false,false,false,false,false,false,false,false,false,false,false,0,0,0,0,0,0,0,false,false,false,false,false,false,false,false,false,false,false,false,false,false,0,0,0,0,0,0,0,0,0,0,0,0,0
ITEM_TR57,0,HOLD_EFFECT_NONE,0,0,0,0,0,31,false,false,POCKET_TMHMS,0,6,0,0,false,false,false,false,false,false,false,false,false,false,false,false,0,0,0,0,0,0,0,false,false,false,false,false,false,false,false,false,false,false,false,false,false,0,0,0,0,0,0,0,0,0,0,0,0,0
ITEM_TR58,0,HOLD_EFFECT_NONE,0,0,0,0,0,31,false,false,POCKET_TMHMS,0,6,0,0,false,false,false,false,false,false,false,false,false,false,false,false,0,0,0,0,0,0,0,false,false,false,false,false,false,false,false,false,false,false,false,false,false,0,0,0,0,0,0,0,0,0,0,0,0,0
ITEM_TR59,0,HOLD_EFFECT_NONE,0,0,0,0,0,31,false,false,POCKET_TMHMS,0,6,0,0,false,false,false,false,false,false,false,false,false,false,false,false,0,0,0,0,0,0,0,false,false,false,false,false,false,false,false,false,false,false,false,false,false,0,0,0,0,0,0,0,0,0,0,0,0,0
ITEM_TR60,0,HOLD_EFFECT_NONE,0,0,0,0,0,31,false,false,POCKET_TMHMS,0,6,0,0,false,false,false,false,false,false,false,false,false,false,false,false,0,0,0,0,0,0,0,false,false,false,false,false,false,false,false,false,false,false,false,false,false,0,0,0,0,0,0,0,0,0,0,0,0,0
ITEM_TR61,0,HOLD_EFFECT_NONE,0,0,0,0,0,31,false,false,POCKET_TMHMS,0,6,0,0,false,false,false,false,false,false,false,false,false,false,false,false,0,0,0,0,0,0,0,false,false,false,false,false,false,false,false,false,false,false,false,false,false,0,0,0,0,0,0,0,0,0,0,0,0,0
ITEM_TR62,0,HOLD_EFFECT_NONE,0,0,0,0,0,31,false,false,POCKET_TMHMS,0,6,0,0,false,false,false,false,false,false,false,false,false,false,false,false,0,0,0,0,0,0,0,false,false,false,false,false,false,false,false,false,false,false,false,false,false,0,0,0,0,0,0,0,0,0,0,0,0,0
ITEM_TR63,0,HOLD_EFFECT_NONE,0,0,0,0,0,31,false,false,POCKET_TMHMS,0,6,0,0,false,false,false,false,false,false,false,false,false,false,false,false,0,0,0,0,0,0,0,false,false,false,false,false,false,false,false,false,false,false,false,false,false,0,0,0,0,0,0,0,0,0,0,0,0,0
ITEM_TR64,0,HOLD_EFFECT_NONE,0,0,0,0,0,31,false,false,POCKET_TMHMS,0,6,0,0,false,false,false,false,false,false,false,false,false,false,false,false,0,0,0,0,0,0,0,false,false,false,false,false,false,false,false,false,false,false,false,false,false,0,0,0,0,0,0,0,0,0,0,0,0,0
ITEM_TR65,0,HOLD_EFFECT_NONE,0,0,0,0,0,31,false,false,POCKET_TMHMS,0,6,0,0,false,false,false,false,false,false,false,false,false,false,false,false,0,0,0,0,0,0,0,false,false,false,false,false,false,false,false,false,false,false,false,false,false,0,0,0,0,0,0,0,0,0,0,0,0,0
ITEM_TR66,0,HOLD_EFFECT_NONE,0,0,0,0,0,31,false,false,POCKET_TMHMS,0,6,0,0,false,false,false,false,false,false,false,false,false,false,false,false,0,0,0,0,0,0,0,false,false,false,false,false,false,false,false,false,false,false,false,false,false,0,0,0,0,0,0,0,0,0,0,0,0,0
ITEM_TR67,0,HOLD_EFFECT_NONE,0,0,0,0,0,31,false,false,POCKET_TMHMS,0,6,0,0,false,false,false,false,false,false,false,false,false,false,false,false,0,0,0,0,0,0,0,false,false,false,false,false,false,false,false,false,false,false,false,false,false,0,0,0,0,0,0,0,0,0,0,0,0,0
ITEM_TR68,0,HOLD_EFFECT_NONE,0,0,0,0,0,31,false,false,POCKET_TMHMS,0,6,0,0,false,false,false,false,false,false,false,false,false,false,false,false,0,0,0,0,0,0,0,false,false,false,false,false,false,false,false,false,false,false,false,false,false,0,0,0,0,0,0,0,0,0,0,0,0,0
ITEM_TR69,0,HOLD_EFFECT_NONE,0,0,0,0,0,31,false,false,POCKET_TMHMS,0,6,0,0,false,false,false,false,false,false,false,false,false,false,false,false,0,0,0,0,0,0,0,false,false,false,false,false,false,false,false,false,false,false,false,false,false,0,0,0,0,0,0,0,0,0,0,0,0,0
ITEM_TR70,0,HOLD_EFFECT_NONE,0,0,0,0,0,31,false,false,POCKET_TMHMS,0,6,0,0,false,false,false,false,false,false,false,false,false,false,false,false,0,0,0,0,0,0,0,false,false,false,false,false,false,false,false,false,false,false,false,false,false,0,0,0,0,0,0,0,0,0,0,0,0,0
ITEM_TR71,0,HOLD_EFFECT_NONE,0,0,0,0,0,31,false,false,POCKET_TMHMS,0,6,0,0,false,false,false,false,false,false,false,false,false,false,false,false,0,0,0,0,0,0,0,false,false,false,false,false,false,false,false,false,false,false,false,false,false,0,0,0,0,0,0,0,0,0,0,0,0,0
ITEM_TR72,0,HOLD_EFFECT_NONE,0,0,0,0,0,31,false,false,POCKET_TMHMS,0,6,0,0,false,false,false,false,false,false,false,false,false,false,false,false,0,0,0,0,0,0,0,false,false,false,false,false,false,false,false,false,false,false,false,false,false,0,0,0,0,0,0,0,0,0,0,0,0,0
ITEM_TR73,0,HOLD_EFFECT_NONE,0,0,0,0,0,31,false,false,POCKET_TMHMS,0,6,0,0,false,false,false,false,false,false,false,false,false,false,false,false,0,0,0,0,0,0,0,false,false,false,false,false,false,false,false,false,false,false,false,false,false,0,0,0,0,0,0,0,0,0,0,0,0,0
ITEM_TR74,0,HOLD_EFFECT_NONE,0,0,0,0,0,31,false,false,POCKET_TMHMS,0,6,0,0,false,false,false,false,false,false,false,false,false,false,false,false,0,0,0,0,0,0,0,false,false,false,false,false,false,false,false,false,false,false,false,false,false,0,0,0,0,0,0,0,0,0,0,0,0,0
ITEM_TR75,0,HOLD_EFFECT_NONE,0,0,0,0,0,31,false,false,POCKET_TMHMS,0,6,0,0,false,false,false,false,false,false,false,false,false,false,false,false,0,0,0,0,0,0,0,false,false,false,false,false,false,false,false,false,false,false,false,false,false,0,0,0,0,0,0,0,0,0,0,0,0,0
ITEM_TR76,0,HOLD_EFFECT_NONE,0,0,0,0,0,31,false,false,POCKET_TMHMS,0,6,0,0,false,false,false,false,false,false,false,false,false,false,false,false,0,0,0,0,0,0,0,false,false,false,false,false,false,false,false,false,false,false,false,false,false,0,0,0,0,0,0,0,0,0,0,0,0,0
ITEM_TR77,0,HOLD_EFFECT_NONE,0,0,0,0,0,31,false,false,POCKET_TMHMS,0,6,0,0,false,false,false,false,false,false,false,false,false,false,false,false,0,0,0,0,0,0,0,false,false,false,false,false,false,false,false,false,false,false,false,false,false,0,0,0,0,0,0,0,0,0,0,0,0,0
ITEM_TR78,0,HOLD_EFFECT_NONE,0,0,0,0,0,31,false,false,POCKET_TMHMS,0,6,0,0,false,false,false,false,false,false,false,false,false,false,false,false,0,0,0,0,0,0,0,false,false,false,false,false,false,false,false,false,false,false,false,false,false,0,0,0,0,0,0,0,0,0,0,0,0,0
ITEM_TR79,0,HOLD_EFFECT_NONE,0,0,0,0,0,31,false,false,POCKET_TMHMS,0,6,0,0,false,false,false,false,false,false,false,false,false,false,false,false,0,0,0,0,0,0,0,false,false,false,false,false,false,false,false,false,false,false,false,false,false,0,0,0,0,0,0,0,0,0,0,0,0,0
ITEM_TR80,0,HOLD_EFFECT_NONE,0,0,0,0,0,31,false,false,POCKET_TMHMS,0,6,0,0,false,false,false,false,false,false,false,false,false,false,false,false,0,0,0,0,0,0,0,false,false,false,false,false,false,false,false,false,false,false,false,false,false,0,0,0,0,0,0,0,0,0,0,0,0,0
ITEM_TR81,0,HOLD_EFFECT_NONE,0,0,0,0,0,31,false,false,POCKET_TMHMS,0,6,0,0,false,false,false,false,false,false,false,false,false,false,false,false,0,0,0,0,0,0,0,false,false,false,false,false,false,false,false,false,false,false,false,false,false,0,0,0,0,0,0,0,0,0,0,0,0,0
ITEM_TR82,0,HOLD_EFFECT_NONE,0,0,0,0,0,31,false,false,POCKET_TMHMS,0,6,0,0,false,false,false,false,false,false,false,false,false,false,false,false,0,0,0,0,0,0,0,false,false,false,false,false,false,false,false,false,false,false,false,false,false,0,0,0,0,0,0,0,0,0,0,0,0,0
ITEM_TR83,0,HOLD_EFFECT_NONE,0,0,0,0,0,31,false,false,POCKET_TMHMS,0,6,0,0,false,false,false,false,false,false,false,false,false,false,false,false,0,0,0,0,0,0,0,false,false,false,false,false,false,false,false,false,false,false,false,false,false,0,0,0,0,0,0,0,0,0,0,0,0,0
ITEM_TR84,0,HOLD_EFFECT_NONE,0,0,0,0,0,31,false,false,POCKET_TMHMS,0,6,0,0,false,false,false,false,false,false,false,false,false,false,false,false,0,0,0,0,0,0,0,false,false,false,false,false,false,false,false,false,false,false,false,false,false,0,0,0,0,0,0,0,0,0,0,0,0,0
ITEM_TR85,0,HOLD_EFFECT_NONE,0,0,0,0,0,31,false,false,POCKET_TMHMS,0,6,0,0,false,false,false,false,false,false,false,false,false,false,false,false,0,0,0,0,0,0,0,false,false,false,false,false,false,false,false,false,false,false,false,false,false,0,0,0,0,0,0,0,0,0,0,0,0,0
ITEM_TR86,0,HOLD_EFFECT_NONE,0,0,0,0,0,31,false,false,POCKET_TMHMS,0,6,0,0,false,false,false,false,false,false,false,false,false,false,false,false,0,0,0,0,0,0,0,false,false,false,false,false,false,false,false,false,false,false,false,false,false,0,0,0,0,0,0,0,0,0,0,0,0,0
ITEM_TR87,0,HOLD_EFFECT_NONE,0,0,0,0,0,31,false,false,POCKET_TMHMS,0,6,0,0,false,false,false,false,false,false,false,false,false,false,false,false,0,0,0,0,0,0,0,false,false,false,false,false,false,false,false,false,false,false,false,false,false,0,0,0,0,0,0,0,0,0,0,0,0,0
ITEM_TR88,0,HOLD_EFFECT_NONE,0,0,0,0,0,31,false,false,POCKET_TMHMS,0,6,0,0,false,false,false,false,false,false,false,false,false,false,false,false,0,0,0,0,0,0,0,false,false,false,false,false,false,false,false,false,false,false,false,false,false,0,0,0,0,0,0,0,0,0,0,0,0,0
ITEM_TR89,0,HOLD_EFFECT_NONE,0,0,0,0,0,31,false,false,POCKET_TMHMS,0,6,0,0,false,false,false,false,false,false,false,false,false,false,false,false,0,0,0,0,0,0,0,false,false,false,false,false,false,false,false,false,false,false,false,false,false,0,0,0,0,0,0,0,0,0,0,0,0,0
ITEM_TR90,0,HOLD_EFFECT_NONE,0,0,0,0,0,31,false,false,POCKET_TMHMS,0,6,0,0,false,false,false,false,false,false,false,false,false,false,false,false,0,0,0,0,0,0,0,false,false,false,false,false,false,false,false,false,false,false,false,false,false,0,0,0,0,0,0,0,0,0,0,0,0,0
ITEM_TR91,0,HOLD_EFFECT_NONE,0,0,0,0,0,31,false,false,POCKET_TMHMS,0,6,0,0,false,false,false,false,false,false,false,false,false,false,false,false,0,0,0,0,0,0,0,false,false,false,false,false,false,false,false,false,false,false,false,false,false,0,0,0,0,0,0,0,0,0,0,0,0,0
ITEM_TR92,0,HOLD_EFFECT_NONE,0,0,0,0,0,31,false,false,POCKET_TMHMS,0,6,0,0,false,false,false,false,false,false,false,false,false,false,false,false,0,0,0,0,0,0,0,false,false,false,false,false,false,false,false,false,false,false,false,false,false,0,0,0,0,0,0,0,0,0,0,0,0,0
ITEM_TR93,0,HOLD_EFFECT_NONE,0,0,0,0,0,31,false,false,POCKET_TMHMS,0,6,0,0,false,false,false,false,false,false,false,false,false,false,false,false,0,0,0,0,0,0,0,false,false,false,false,false,false,false,false,false,false,false,false,false,false,0,0,0,0,0,0,0,0,0,0,0,0,0
ITEM_TR94,0,HOLD_EFFECT_NONE,0,0,0,0,0,31,false,false,POCKET_TMHMS,0,6,0,0,false,false,false,false,false,false,false,false,false,false,false,false,0,0,0,0,0,0,0,false,false,false,false,false,false,false,false,false,false,false,false,false,false,0,0,0,0,0,0,0,0,0,0,0,0,0
ITEM_TR95,0,HOLD_EFFECT_NONE,0,0,0,0,0,31,false,false,POCKET_TMHMS,0,6,0,0,false,false,false,false,false,false,false,false,false,false,false,false,0,0,0,0,0,0,0,false,false,false,false,false,false,false,false,false,false,false,false,false,false,0,0,0,0,0,0,0,0,0,0,0,0,0
ITEM_TR96,0,HOLD_EFFECT_NONE,0,0,0,0,0,31,false,false,POCKET_TMHMS,0,6,0,0,false,false,false,false,false,false,false,false,false,false,false,false,0,0,0,0,0,0,0,false,false,false,false,false,false,false,false,false,false,false,false,false,false,0,0,0,0,0,0,0,0,0,0,0,0,0
ITEM_TR97,0,HOLD_EFFECT_NONE,0,0,0,0,0,31,false,false,POCKET_TMHMS,0,6,0,0,false,false,false,false,false,false,false,false,false,false,false,false,0,0,0,0,0,0,0,false,false,false,false,false,false,false,false,false,false,false,false,false,false,0,0,0,0,0,0,0,0,0,0,0,0,0
ITEM_TR98,0,HOLD_EFFECT_NONE,0,0,0,0,0,31,false,false,POCKET_TMHMS,0,6,0,0,false,false,false,false,false,false,false,false,false,false,false,false,0,0,0,0,0,0,0,false,false,false,false,false,false,false,false,false,false,false,false,false,false,0,0,0,0,0,0,0,0,0,0,0,0,0
ITEM_TR99,0,HOLD_EFFECT_NONE,0,0,0,0,0,31,false,false,POCKET_TMHMS,0,6,0,0,false,false,false,false,false,false,false,false,false,false,false,false,0,0,0,0,0,0,0,false,false,false,false,false,false,false,false,false,false,false,false,false,false,0,0,0,0,0,0,0,0,0,0,0,0,0
ITEM_TM00,10000,HOLD_EFFECT_NONE,0,0,0,0,0,31,false,false,POCKET_TMHMS,0,6,0,0,false,false,false,false,false,false,false,false,false,false,false,false,0,0,0,0,0,0,0,false,false,false,false,false,false,false,false,false,false,false,false,false,false,0,0,0,0,0,0,0,0,0,0,0,0,0
ITEM_LONELY_MINT,20000,HOLD_EFFECT_NONE,0,0,0,0,0,31,false,false,POCKET_MEDICINE,0,1,0,1,false,false,false,false,false,false,false,false,false,false,false,false,0,0,0,0,0,0,0,false,false,false,false,false,false,false,false,false,false,false,false,false,false,0,0,0,0,0,0,0,0,0,0,0,0,0
ITEM_ADAMANT_MINT,20000,HOLD_EFFECT_NONE,0,0,0,0,0,31,false,false,POCKET_MEDICINE,0,1,0,1,false,false,false,false,false,false,false,false,false,false,false,false,0,0,0,0,0,0,0,false,false,false,false,false,false,false,false,false,false,false,false,false,false,0,0,0,0,0,0,0,0,0,0,0,0,0
ITEM_NAUGHTY_MINT,20000,HOLD_EFFECT_NONE,0,0,0,0,0,31,false,false,POCKET_MEDICINE,0,1,0,1,false,false,false,false,false,false,false,false,false,false,false,false,0,0,0,0,0,0,0,false,false,false,false,false,false,false,false,false,false,false,false,false,false,0,0,0,0,0,0,0,0,0,0,0,0,0
ITEM_BRAVE_MINT,20000,HOLD_EFFECT_NONE,0,0,0,0,0,31,false,false,POCKET_MEDICINE,0,1,0,1,false,false,false,false,false,false,false,false,false,false,false,false,0,0,0,0,0,0,0,false,false,false,false,false,false,false,false,false,false,false,false,false,false,0,0,0,0,0,0,0,0,0,0,0,0,0
ITEM_BOLD_MINT,20000,HOLD_EFFECT_NONE,0,0,0,0,0,31,false,false,POCKET_MEDICINE,0,1,0,1,false,false,false,false,false,false,false,false,false,false,false,false,0,0,0,0,0,0,0,false,false,false,false,false,false,false,false,false,false,false,false,false,false,0,0,0,0,0,0,0,0,0,0,0,0,0
ITEM_IMPISH_MINT,20000,HOLD_EFFECT_NONE,0,0,0,0,0,31,false,false,POCKET_MEDICINE,0,1,0,1,false,false,false,false,false,false,false,false,false,false,false,false,0,0,0,0,0,0,0,false,false,false,false,false,false,false,false,false,false,false,false,false,false,0,0,0,0,0,0,0,0,0,0,0,0,0
ITEM_LAX_MINT,20000,HOLD_EFFECT_NONE,0,0,0,0,0,31,false,false,POCKET_MEDICINE,0,1,0,1,false,false,false,false,false,false,false,false,false,false,false,false,0,0,0,0,0,0,0,false,false,false,false,false,false,false,false,false,false,false,false,false,false,0,0,0,0,0,0,0,0,0,0,0,0,0
ITEM_RELAXED_MINT,20000,HOLD_EFFECT_NONE,0,0,0,0,0,31,false,false,POCKET_MEDICINE,0,1,0,1,false,false,false,false,false,false,false,false,false,false,false,false,0,0,0,0,0,0,0,false,false,false,false,false,false,false,false,false,false,false,false,false,false,0,0,0,0,0,0,0,0,0,0,0,0,0
ITEM_MODEST_MINT,20000,HOLD_EFFECT_NONE,0,0,0,0,0,31,false,false,POCKET_MEDICINE,0,1,0,1,false,false,false,false,false,false,false,false,false,false,false,false,0,0,0,0,0,0,0,false,false,false,false,false,false,false,false,false,false,false,false,false,false,0,0,0,0,0,0,0,0,0,0,0,0,0
ITEM_MILD_MINT,20000,HOLD_EFFECT_NONE,0,0,0,0,0,31,false,false,POCKET_MEDICINE,0,1,0,1,false,false,false,false,false,false,false,false,false,false,false,false,0,0,0,0,0,0,0,false,false,false,false,false,false,false,false,false,false,false,false,false,false,0,0,0,0,0,0,0,0,0,0,0,0,0
ITEM_RASH_MINT,20000,HOLD_EFFECT_NONE,0,0,0,0,0,31,false,false,POCKET_MEDICINE,0,1,0,1,false,false,false,false,false,false,false,false,false,false,false,false,0,0,0,0,0,0,0,false,false,false,false,false,false,false,false,false,false,false,false,false,false,0,0,0,0,0,0,0,0,0,0,0,0,0
ITEM_QUIET_MINT,20000,HOLD_EFFECT_NONE,0,0,0,0,0,31,false,false,POCKET_MEDICINE,0,1,0,1,false,false,false,false,false,false,false,false,false,false,false,false,0,0,0,0,0,0,0,false,false,false,false,false,false,false,false,false,false,false,false,false,false,0,0,0,0,0,0,0,0,0,0,0,0,0
ITEM_CALM_MINT,20000,HOLD_EFFECT_NONE,0,0,0,0,0,31,false,false,POCKET_MEDICINE,0,1,0,1,false,false,false,false,false,false,false,false,false,false,false,false,0,0,0,0,0,0,0,false,false,false,false,false,false,false,false,false,false,false,false,false,false,0,0,0,0,0,0,0,0,0,0,0,0,0
ITEM_GENTLE_MINT,20000,HOLD_EFFECT_NONE,0,0,0,0,0,31,false,false,POCKET_MEDICINE,0,1,0,1,false,false,false,false,false,false,false,false,false,false,false,false,0,0,0,0,0,0,0,false,false,false,false,false,false,false,false,false,false,false,false,false,false,0,0,0,0,0,0,0,0,0,0,0,0,0
ITEM_CAREFUL_MINT,20000,HOLD_EFFECT_NONE,0,0,0,0,0,31,false,false,POCKET_MEDICINE,0,1,0,1,false,false,false,false,false,false,false,false,false,false,false,false,0,0,0,0,0,0,0,false,false,false,false,false,false,false,false,false,false,false,false,false,false,0,0,0,0,0,0,0,0,0,0,0,0,0
ITEM_SASSY_MINT,20000,HOLD_EFFECT_NONE,0,0,0,0,0,31,false,false,POCKET_MEDICINE,0,1,0,1,false,false,false,false,false,false,false,false,false,false,false,false,0,0,0,0,0,0,0,false,false,false,false,false,false,false,false,false,false,false,false,false,false,0,0,0,0,0,0,0,0,0,0,0,0,0
ITEM_TIMID_MINT,20000,HOLD_EFFECT_NONE,0,0,0,0,0,31,false,false,POCKET_MEDICINE,0,1,0,1,false,false,false,false,false,false,false,false,false,false,false,false,0,0,0,0,0,0,0,false,false,false,false,false,false,false,false,false,false,false,false,false,false,0,0,0,0,0,0,0,0,0,0,0,0,0
ITEM_HASTY_MINT,20000,HOLD_EFFECT_NONE,0,0,0,0,0,31,false,false,POCKET_MEDICINE,0,1,0,1,false,false,false,false,false,false,false,false,false,false,false,false,0,0,0,0,0,0,0,false,false,false,false,false,false,false,false,false,false,false,false,false,false,0,0,0,0,0,0,0,0,0,0,0,0,0
ITEM_JOLLY_MINT,20000,HOLD_EFFECT_NONE,0,0,0,0,0,31,false,false,POCKET_MEDICINE,0,1,0,1,false,false,false,false,false,false,false,false,false,false,false,false,0,0,0,0,0,0,0,false,false,false,false,false,false,false,false,false,false,false,false,false,false,0,0,0,0,0,0,0,0,0,0,0,0,0
ITEM_NAIVE_MINT,20000,HOLD_EFFECT_NONE,0,0,0,0,0,31,false,false,POCKET_MEDICINE,0,1,0,1,false,false,false,false,false,false,false,false,false,false,false,false,0,0,0,0,0,0,0,false,false,false,false,false,false,false,false,false,false,false,false,false,false,0,0,0,0,0,0,0,0,0,0,0,0,0
ITEM_SERIOUS_MINT,20000,HOLD_EFFECT_NONE,0,0,0,0,0,31,false,false,POCKET_MEDICINE,0,1,0,1,false,false,false,false,false,false,false,false,false,false,false,false,0,0,0,0,0,0,0,false,false,false,false,false,false,false,false,false,false,false,false,false,false,0,0,0,0,0,0,0,0,0,0,0,0,0
ITEM_WISHING_PIECE,0,HOLD_EFFECT_NONE,0,0,0,0,0,TYPE_NORMAL,false,false,POCKET_ITEMS,0,0,0,0,false,false,false,false,false,false,false,false,false,false,false,false,0,0,0,0,0,0,0,false,false,false,false,false,false,false,false,false,false,false,false,false,false,0,0,0,0,0,0,0,0,0,0,0,0,0
ITEM_HI_TECH_EARBUDS,0,HOLD_EFFECT_NONE,0,0,0,0,0,TYPE_NORMAL,false,false,POCKET_ITEMS,0,0,0,0,false,false,false,false,false,false,false,false,false,false,false,false,0,0,0,0,0,0,0,false,false,false,false,false,false,false,false,false,false,false,false,false,false,0,0,0,0,0,0,0,0,0,0,0,0,0
ITEM_FRUIT_BUNCH,0,HOLD_EFFECT_NONE,0,0,0,0,0,TYPE_NORMAL,false,false,POCKET_ITEMS,0,0,0,0,false,false,false,false,false,false,false,false,false,false,false,false,0,0,0,0,0,0,0,false,false,false,false,false,false,false,false,false,false,false,false,false,false,0,0,0,0,0,0,0,0,0,0,0,0,0
ITEM_MOOMOO_CHEESE,2200,HOLD_EFFECT_NONE,100,0,0,30,0,31,false,false,POCKET_MEDICINE,4,1,2,1,false,false,false,false,false,false,false,false,false,false,false,false,0,0,0,0,0,0,0,false,false,false,false,true,false,false,false,false,false,false,false,false,false,0,0,0,0,0,0,200,0,0,0,0,0,0
ITEM_SPICE_MIX,0,HOLD_EFFECT_NONE,0,0,0,0,0,TYPE_NORMAL,false,false,POCKET_ITEMS,0,0,0,0,false,false,false,false,false,false,false,false,false,false,false,false,0,0,0,0,0,0,0,false,false,false,false,false,false,false,false,false,false,false,false,false,false,0,0,0,0,0,0,0,0,0,0,0,0,0
ITEM_FRESH_CREAM,0,HOLD_EFFECT_NONE,0,0,0,0,0,TYPE_NORMAL,false,false,POCKET_ITEMS,0,0,0,0,false,false,false,false,false,false,false,false,false,false,false,false,0,0,0,0,0,0,0,false,false,false,false,false,false,false,false,false,false,false,false,false,false,0,0,0,0,0,0,0,0,0,0,0,0,0
ITEM_PACKAGED_CURRY,0,HOLD_EFFECT_NONE,0,0,0,0,0,TYPE_NORMAL,false,false,POCKET_ITEMS,0,0,0,0,false,false,false,false,false,false,false,false,false,false,false,false,0,0,0,0,0,0,0,false,false,false,false,false,false,false,false,false,false,false,false,false,false,0,0,0,0,0,0,0,0,0,0,0,0,0
ITEM_COCONUT_MILK,0,HOLD_EFFECT_NONE,0,0,0,0,0,TYPE_NORMAL,false,false,POCKET_ITEMS,0,0,0,0,false,false,false,false,false,false,false,false,false,false,false,false,0,0,0,0,0,0,0,false,false,false,false,false,false,false,false,false,false,false,false,false,false,0,0,0,0,0,0,0,0,0,0,0,0,0
ITEM_INSTANT_NOODLES,0,HOLD_EFFECT_NONE,0,0,0,10,0,TYPE_NORMAL,false,false,POCKET_ITEMS,0,0,0,0,false,false,false,false,false,false,false,false,false,false,false,false,0,0,0,0,0,0,0,false,false,false,false,false,false,false,false,false,false,false,false,false,false,0,0,0,0,0,0,0,0,0,0,0,0,0
ITEM_PRECOOKED_BURGER,0,HOLD_EFFECT_NONE,0,0,0,0,0,TYPE_NORMAL,false,false,POCKET_ITEMS,0,0,0,0,false,false,false,false,false,false,false,false,false,false,false,false,0,0,0,0,0,0,0,false,false,false,false,false,false,false,false,false,false,false,false,false,false,0,0,0,0,0,0,0,0,0,0,0,0,0
ITEM_GIGANTAMIX,0,HOLD_EFFECT_NONE,0,0,0,0,0,TYPE_NORMAL,false,false,POCKET_ITEMS,0,0,0,0,false,false,false,false,false,false,false,false,false,false,false,false,0,0,0,0,0,0,0,false,false,false,false,false,false,false,false,false,false,false,false,false,false,0,0,0,0,0,0,0,0,0,0,0,0,0
ITEM_WISHING_CHIP,0,HOLD_EFFECT_NONE,0,0,0,0,0,TYPE_NORMAL,false,false,POCKET_ITEMS,0,0,0,0,false,false,false,false,false,false,false,false,false,false,false,false,0,0,0,0,0,0,0,false,false,false,false,false,false,false,false,false,false,false,false,false,false,0,0,0,0,0,0,0,0,0,0,0,0,0
ITEM_ROTOM_BIKE_WATER_MODE,0,HOLD_EFFECT_NONE,0,0,0,0,0,TYPE_NORMAL,false,false,POCKET_ITEMS,0,0,0,0,false,false,false,false,false,false,false,false,false,false,false,false,0,0,0,0,0,0,0,false,false,false,false,false,false,false,false,false,false,false,false,false,false,0,0,0,0,0,0,0,0,0,0,0,0,0
ITEM_CATCHING_CHARM,0,HOLD_EFFECT_NONE,0,0,0,0,0,31,true,false,POCKET_KEY_ITEMS,0,0,0,0,false,false,false,false,false,false,false,false,false,false,false,false,0,0,0,0,0,0,0,false,false,false,false,false,false,false,false,false,false,false,false,false,false,0,0,0,0,0,0,0,0,0,0,0,0,0
ITEM_UNKNOWN_1268,0,HOLD_EFFECT_NONE,0,0,0,0,0,TYPE_NORMAL,false,false,POCKET_ITEMS,0,0,0,0,false,false,false,false,false,false,false,false,false,false,false,false,0,0,0,0,0,0,0,false,false,false,false,false,false,false,false,false,false,false,false,false,false,0,0,0,0,0,0,0,0,0,0,0,0,0
ITEM_OLD_LETTER,0,HOLD_EFFECT_NONE,0,0,0,0,0,TYPE_NORMAL,false,false,POCKET_ITEMS,0,0,0,0,false,false,false,false,false,false,false,false,false,false,false,false,0,0,0,0,0,0,0,false,false,false,false,false,false,false,false,false,false,false,false,false,false,0,0,0,0,0,0,0,0,0,0,0,0,0
ITEM_BAND_AUTOGRAPH,0,HOLD_EFFECT_NONE,0,0,0,0,0,TYPE_NORMAL,false,false,POCKET_ITEMS,0,0,0,0,false,false,false,false,false,false,false,false,false,false,false,false,0,0,0,0,0,0,0,false,false,false,false,false,false,false,false,false,false,false,false,false,false,0,0,0,0,0,0,0,0,0,0,0,0,0
ITEM_SONIAS_BOOK,0,HOLD_EFFECT_NONE,0,0,0,0,0,TYPE_NORMAL,false,false,POCKET_ITEMS,0,0,0,0,false,false,false,false,false,false,false,false,false,false,false,false,0,0,0,0,0,0,0,false,false,false,false,false,false,false,false,false,false,false,false,false,false,0,0,0,0,0,0,0,0,0,0,0,0,0
ITEM_UNKNOWN_1272,0,HOLD_EFFECT_NONE,0,0,0,0,0,TYPE_NORMAL,false,false,POCKET_ITEMS,0,0,0,0,false,false,false,false,false,false,false,false,false,false,false,false,0,0,0,0,0,0,0,false,false,false,false,false,false,false,false,false,false,false,false,false,false,0,0,0,0,0,0,0,0,0,0,0,0,0
ITEM_UNKNOWN_1273,0,HOLD_EFFECT_NONE,0,0,0,0,0,TYPE_NORMAL,false,false,POCKET_ITEMS,0,0,0,0,false,false,false,false,false,false,false,false,false,false,false,false,0,0,0,0,0,0,0,false,false,false,false,false,false,false,false,false,false,false,false,false,false,0,0,0,0,0,0,0,0,0,0,0,0,0
ITEM_UNKNOWN_1274,0,HOLD_EFFECT_NONE,0,0,0,0,0,TYPE_NORMAL,false,false,POCKET_ITEMS,0,0,0,0,false,false,false,false,false,false,false,false,false,false,false,false,0,0,0,0,0,0,0,false,false,false,false,false,false,false,false,false,false,false,false,false,false,0,0,0,0,0,0,0,0,0,0,0,0,0
ITEM_UNKNOWN_1275,0,HOLD_EFFECT_NONE,0,0,0,0,0,TYPE_NORMAL,false,false,POCKET_ITEMS,0,0,0,0,false,false,false,false,false,false,false,false,false,false,false,false,0,0,0,0,0,0,0,false,false,false,false,false,false,false,false,false,false,false,false,false,false,0,0,0,0,0,0,0,0,0,0,0,0,0
ITEM_UNKNOWN_1276,0,HOLD_EFFECT_NONE,0,0,0,0,0,TYPE_NORMAL,false,false,POCKET_ITEMS,0,0,0,0,false,false,false,false,false,false,false,false,false,false,false,false,0,0,0,0,0,0,0,false,false,false,false,false,false,false,false,false,false,false,false,false,false,0,0,0,0,0,0,0,0,0,0,0,0,0
ITEM_UNKNOWN_1277,0,HOLD_EFFECT_NONE,0,0,0,0,0,TYPE_NORMAL,false,false,POCKET_ITEMS,0,0,0,0,false,false,false,false,false,false,false,false,false,false,false,false,0,0,0,0,0,0,0,false,false,false,false,false,false,false,false,false,false,false,false,false,false,0,0,0,0,0,0,0,0,0,0,0,0,0
ITEM_ROTOM_CATALOG,0,HOLD_EFFECT_NONE,0,0,0,0,0,31,true,false,POCKET_KEY_ITEMS,0,0,0,0,false,false,false,false,false,false,false,false,false,false,false,false,0,0,0,0,0,0,0,false,false,false,false,false,false,false,false,false,false,false,false,false,false,0,0,0,0,0,0,0,0,0,0,0,0,0
ITEM_AND458,0,HOLD_EFFECT_NONE,0,0,0,0,0,TYPE_NORMAL,false,false,POCKET_ITEMS,0,0,0,0,false,false,false,false,false,false,false,false,false,false,false,false,0,0,0,0,0,0,0,false,false,false,false,false,false,false,false,false,false,false,false,false,false,0,0,0,0,0,0,0,0,0,0,0,0,0
ITEM_AND15,0,HOLD_EFFECT_NONE,0,0,0,0,0,TYPE_NORMAL,false,false,POCKET_ITEMS,0,0,0,0,false,false,false,false,false,false,false,false,false,false,false,false,0,0,0,0,0,0,0,false,false,false,false,false,false,false,false,false,false,false,false,false,false,0,0,0,0,0,0,0,0,0,0,0,0,0
ITEM_AND337,0,HOLD_EFFECT_NONE,0,0,0,0,0,TYPE_NORMAL,false,false,POCKET_ITEMS,0,0,0,0,false,false,false,false,false,false,false,false,false,false,false,false,0,0,0,0,0,0,0,false,false,false,false,false,false,false,false,false,false,false,false,false,false,0,0,0,0,0,0,0,0,0,0,0,0,0
ITEM_AND603,0,HOLD_EFFECT_NONE,0,0,0,0,0,TYPE_NORMAL,false,false,POCKET_ITEMS,0,0,0,0,false,false,false,false,false,false,false,false,false,false,false,false,0,0,0,0,0,0,0,false,false,false,false,false,false,false,false,false,false,false,false,false,false,0,0,0,0,0,0,0,0,0,0,0,0,0
ITEM_AND390,0,HOLD_EFFECT_NONE,0,0,0,0,0,TYPE_NORMAL,false,false,POCKET_ITEMS,0,0,0,0,false,false,false,false,false,false,false,false,false,false,false,false,0,0,0,0,0,0,0,false,false,false,false,false,false,false,false,false,false,false,false,false,false,0,0,0,0,0,0,0,0,0,0,0,0,0
ITEM_SGR6879,0,HOLD_EFFECT_NONE,0,0,0,0,0,TYPE_NORMAL,false,false,POCKET_ITEMS,0,0,0,0,false,false,false,false,false,false,false,false,false,false,false,false,0,0,0,0,0,0,0,false,false,false,false,false,false,false,false,false,false,false,false,false,false,0,0,0,0,0,0,0,0,0,0,0,0,0
ITEM_SGR6859,0,HOLD_EFFECT_NONE,0,0,0,0,0,TYPE_NORMAL,false,false,POCKET_ITEMS,0,0,0,0,false,false,false,false,false,false,false,false,false,false,false,false,0,0,0,0,0,0,0,false,false,false,false,false,false,false,false,false,false,false,false,false,false,0,0,0,0,0,0,0,0,0,0,0,0,0
ITEM_SGR6913,0,HOLD_EFFECT_NONE,0,0,0,0,0,TYPE_NORMAL,false,false,POCKET_ITEMS,0,0,0,0,false,false,false,false,false,false,false,false,false,false,false,false,0,0,0,0,0,0,0,false,false,false,false,false,false,false,false,false,false,false,false,false,false,0,0,0,0,0,0,0,0,0,0,0,0,0
ITEM_SGR7348,0,HOLD_EFFECT_NONE,0,0,0,0,0,TYPE_NORMAL,false,false,POCKET_ITEMS,0,0,0,0,false,false,false,false,false,false,false,false,false,false,false,false,0,0,0,0,0,0,0,false,false,false,false,false,false,false,false,false,false,false,false,false,false,0,0,0,0,0,0,0,0,0,0,0,0,0
ITEM_SGR7121,0,HOLD_EFFECT_NONE,0,0,0,0,0,TYPE_NORMAL,false,false,POCKET_ITEMS,0,0,0,0,false,false,false,false,false,false,false,false,false,false,false,false,0,0,0,0,0,0,0,false,false,false,false,false,false,false,false,false,false,false,false,false,false,0,0,0,0,0,0,0,0,0,0,0,0,0
ITEM_SGR6746,0,HOLD_EFFECT_NONE,0,0,0,0,0,TYPE_NORMAL,false,false,POCKET_ITEMS,0,0,0,0,false,false,false,false,false,false,false,false,false,false,false,false,0,0,0,0,0,0,0,false,false,false,false,false,false,false,false,false,false,false,false,false,false,0,0,0,0,0,0,0,0,0,0,0,0,0
ITEM_SGR7194,0,HOLD_EFFECT_NONE,0,0,0,0,0,TYPE_NORMAL,false,false,POCKET_ITEMS,0,0,0,0,false,false,false,false,false,false,false,false,false,false,false,false,0,0,0,0,0,0,0,false,false,false,false,false,false,false,false,false,false,false,false,false,false,0,0,0,0,0,0,0,0,0,0,0,0,0
ITEM_SGR7337,0,HOLD_EFFECT_NONE,0,0,0,0,0,TYPE_NORMAL,false,false,POCKET_ITEMS,0,0,0,0,false,false,false,false,false,false,false,false,false,false,false,false,0,0,0,0,0,0,0,false,false,false,false,false,false,false,false,false,false,false,false,false,false,0,0,0,0,0,0,0,0,0,0,0,0,0
ITEM_SGR7343,0,HOLD_EFFECT_NONE,0,0,0,0,0,TYPE_NORMAL,false,false,POCKET_ITEMS,0,0,0,0,false,false,false,false,false,false,false,false,false,false,false,false,0,0,0,0,0,0,0,false,false,false,false,false,false,false,false,false,false,false,false,false,false,0,0,0,0,0,0,0,0,0,0,0,0,0
ITEM_SGR6812,0,HOLD_EFFECT_NONE,0,0,0,0,0,TYPE_NORMAL,false,false,POCKET_ITEMS,0,0,0,0,false,false,false,false,false,false,false,false,false,false,false,false,0,0,0,0,0,0,0,false,false,false,false,false,false,false,false,false,false,false,false,false,false,0,0,0,0,0,0,0,0,0,0,0,0,0
ITEM_SGR7116,0,HOLD_EFFECT_NONE,0,0,0,0,0,TYPE_NORMAL,false,false,POCKET_ITEMS,0,0,0,0,false,false,false,false,false,false,false,false,false,false,false,false,0,0,0,0,0,0,0,false,false,false,false,false,false,false,false,false,false,false,false,false,false,0,0,0,0,0,0,0,0,0,0,0,0,0
ITEM_SGR7264,0,HOLD_EFFECT_NONE,0,0,0,0,0,TYPE_NORMAL,false,false,POCKET_ITEMS,0,0,0,0,false,false,false,false,false,false,false,false,false,false,false,false,0,0,0,0,0,0,0,false,false,false,false,false,false,false,false,false,false,false,false,false,false,0,0,0,0,0,0,0,0,0,0,0,0,0
ITEM_SGR7597,0,HOLD_EFFECT_NONE,0,0,0,0,0,TYPE_NORMAL,false,false,POCKET_ITEMS,0,0,0,0,false,false,false,false,false,false,false,false,false,false,false,false,0,0,0,0,0,0,0,false,false,false,false,false,false,false,false,false,false,false,false,false,false,0,0,0,0,0,0,0,0,0,0,0,0,0
ITEM_DEL7882,0,HOLD_EFFECT_NONE,0,0,0,0,0,TYPE_NORMAL,false,false,POCKET_ITEMS,0,0,0,0,false,false,false,false,false,false,false,false,false,false,false,false,0,0,0,0,0,0,0,false,false,false,false,false,false,false,false,false,false,false,false,false,false,0,0,0,0,0,0,0,0,0,0,0,0,0
ITEM_DEL7906,0,HOLD_EFFECT_NONE,0,0,0,0,0,TYPE_NORMAL,false,false,POCKET_ITEMS,0,0,0,0,false,false,false,false,false,false,false,false,false,false,false,false,0,0,0,0,0,0,0,false,false,false,false,false,false,false,false,false,false,false,false,false,false,0,0,0,0,0,0,0,0,0,0,0,0,0
ITEM_DEL7852,0,HOLD_EFFECT_NONE,0,0,0,0,0,TYPE_NORMAL,false,false,POCKET_ITEMS,0,0,0,0,false,false,false,false,false,false,false,false,false,false,false,false,0,0,0,0,0,0,0,false,false,false,false,false,false,false,false,false,false,false,false,false,false,0,0,0,0,0,0,0,0,0,0,0,0,0
ITEM_PSC596,0,HOLD_EFFECT_NONE,0,0,0,0,0,TYPE_NORMAL,false,false,POCKET_ITEMS,0,0,0,0,false,false,false,false,false,false,false,false,false,false,false,false,0,0,0,0,0,0,0,false,false,false,false,false,false,false,false,false,false,false,false,false,false,0,0,0,0,0,0,0,0,0,0,0,0,0
ITEM_PSC361,0,HOLD_EFFECT_NONE,0,0,0,0,0,TYPE_NORMAL,false,false,POCKET_ITEMS,0,0,0,0,false,false,false,false,false,false,false,false,false,false,false,false,0,0,0,0,0,0,0,false,false,false,false,false,false,false,false,false,false,false,false,false,false,0,0,0,0,0,0,0,0,0,0,0,0,0
ITEM_PSC510,0,HOLD_EFFECT_NONE,0,0,0,0,0,TYPE_NORMAL,false,false,POCKET_ITEMS,0,0,0,0,false,false,false,false,false,false,false,false,false,false,false,false,0,0,0,0,0,0,0,false,false,false,false,false,false,false,false,false,false,false,false,false,false,0,0,0,0,0,0,0,0,0,0,0,0,0
ITEM_PSC437,0,HOLD_EFFECT_NONE,0,0,0,0,0,TYPE_NORMAL,false,false,POCKET_ITEMS,0,0,0,0,false,false,false,false,false,false,false,false,false,false,false,false,0,0,0,0,0,0,0,false,false,false,false,false,false,false,false,false,false,false,false,false,false,0,0,0,0,0,0,0,0,0,0,0,0,0
ITEM_PSC8773,0,HOLD_EFFECT_NONE,0,0,0,0,0,TYPE_NORMAL,false,false,POCKET_ITEMS,0,0,0,0,false,false,false,false,false,false,false,false,false,false,false,false,0,0,0,0,0,0,0,false,false,false,false,false,false,false,false,false,false,false,false,false,false,0,0,0,0,0,0,0,0,0,0,0,0,0
ITEM_LEP1865,0,HOLD_EFFECT_NONE,0,0,0,0,0,TYPE_NORMAL,false,false,POCKET_ITEMS,0,0,0,0,false,false,false,false,false,false,false,false,false,false,false,false,0,0,0,0,0,0,0,false,false,false,false,false,false,false,false,false,false,false,false,false,false,0,0,0,0,0,0,0,0,0,0,0,0,0
ITEM_LEP1829,0,HOLD_EFFECT_NONE,0,0,0,0,0,TYPE_NORMAL,false,false,POCKET_ITEMS,0,0,0,0,false,false,false,false,false,false,false,false,false,false,false,false,0,0,0,0,0,0,0,false,false,false,false,false,false,false,false,false,false,false,false,false,false,0,0,0,0,0,0,0,0,0,0,0,0,0
ITEM_BOO5340,0,HOLD_EFFECT_NONE,0,0,0,0,0,TYPE_NORMAL,false,false,POCKET_ITEMS,0,0,0,0,false,false,false,false,false,false,false,false,false,false,false,false,0,0,0,0,0,0,0,false,false,false,false,false,false,false,false,false,false,false,false,false,false,0,0,0,0,0,0,0,0,0,0,0,0,0
ITEM_BOO5506,0,HOLD_EFFECT_NONE,0,0,0,0,0,TYPE_NORMAL,false,false,POCKET_ITEMS,0,0,0,0,false,false,false,false,false,false,false,false,false,false,false,false,0,0,0,0,0,0,0,false,false,false,false,false,false,false,false,false,false,false,false,false,false,0,0,0,0,0,0,0,0,0,0,0,0,0
ITEM_BOO5435,0,HOLD_EFFECT_NONE,0,0,0,0,0,TYPE_NORMAL,false,false,POCKET_ITEMS,0,0,0,0,false,false,false,false,false,false,false,false,false,false,false,false,0,0,0,0,0,0,0,false,false,false,false,false,false,false,false,false,false,false,false,false,false,0,0,0,0,0,0,0,0,0,0,0,0,0
ITEM_BOO5602,0,HOLD_EFFECT_NONE,0,0,0,0,0,TYPE_NORMAL,false,false,POCKET_ITEMS,0,0,0,0,false,false,false,false,false,false,false,false,false,false,false,false,0,0,0,0,0,0,0,false,false,false,false,false,false,false,false,false,false,false,false,false,false,0,0,0,0,0,0,0,0,0,0,0,0,0
ITEM_BOO5733,0,HOLD_EFFECT_NONE,0,0,0,0,0,TYPE_NORMAL,false,false,POCKET_ITEMS,0,0,0,0,false,false,false,false,false,false,false,false,false,false,false,false,0,0,0,0,0,0,0,false,false,false,false,false,false,false,false,false,false,false,false,false,false,0,0,0,0,0,0,0,0,0,0,0,0,0
ITEM_BOO5235,0,HOLD_EFFECT_NONE,0,0,0,0,0,TYPE_NORMAL,false,false,POCKET_ITEMS,0,0,0,0,false,false,false,false,false,false,false,false,false,false,false,false,0,0,0,0,0,0,0,false,false,false,false,false,false,false,false,false,false,false,false,false,false,0,0,0,0,0,0,0,0,0,0,0,0,0
ITEM_BOO5351,0,HOLD_EFFECT_NONE,0,0,0,0,0,TYPE_NORMAL,false,false,POCKET_ITEMS,0,0,0,0,false,false,false,false,false,false,false,false,false,false,false,false,0,0,0,0,0,0,0,false,false,false,false,false,false,false,false,false,false,false,false,false,false,0,0,0,0,0,0,0,0,0,0,0,0,0
ITEM_HYA3748,0,HOLD_EFFECT_NONE,0,0,0,0,0,TYPE_NORMAL,false,false,POCKET_ITEMS,0,0,0,0,false,false,false,false,false,false,false,false,false,false,false,false,0,0,0,0,0,0,0,false,false,false,false,false,false,false,false,false,false,false,false,false,false,0,0,0,0,0,0,0,0,0,0,0,0,0
ITEM_HYA3903,0,HOLD_EFFECT_NONE,0,0,0,0,0,TYPE_NORMAL,false,false,POCKET_ITEMS,0,0,0,0,false,false,false,false,false,false,false,false,false,false,false,false,0,0,0,0,0,0,0,false,false,false,false,false,false,false,false,false,false,false,false,false,false,0,0,0,0,0,0,0,0,0,0,0,0,0
ITEM_HYA3418,0,HOLD_EFFECT_NONE,0,0,0,0,0,TYPE_NORMAL,false,false,POCKET_ITEMS,0,0,0,0,false,false,false,false,false,false,false,false,false,false,false,false,0,0,0,0,0,0,0,false,false,false,false,false,false,false,false,false,false,false,false,false,false,0,0,0,0,0,0,0,0,0,0,0,0,0
ITEM_HYA3482,0,HOLD_EFFECT_NONE,0,0,0,0,0,TYPE_NORMAL,false,false,POCKET_ITEMS,0,0,0,0,false,false,false,false,false,false,false,false,false,false,false,false,0,0,0,0,0,0,0,false,false,false,false,false,false,false,false,false,false,false,false,false,false,0,0,0,0,0,0,0,0,0,0,0,0,0
ITEM_HYA3845,0,HOLD_EFFECT_NONE,0,0,0,0,0,TYPE_NORMAL,false,false,POCKET_ITEMS,0,0,0,0,false,false,false,false,false,false,false,false,false,false,false,false,0,0,0,0,0,0,0,false,false,false,false,false,false,false,false,false,false,false,false,false,false,0,0,0,0,0,0,0,0,0,0,0,0,0
ITEM_ERI1084,0,HOLD_EFFECT_NONE,0,0,0,0,0,TYPE_NORMAL,false,false,POCKET_ITEMS,0,0,0,0,false,false,false,false,false,false,false,false,false,false,false,false,0,0,0,0,0,0,0,false,false,false,false,false,false,false,false,false,false,false,false,false,false,0,0,0,0,0,0,0,0,0,0,0,0,0
ITEM_ERI472,0,HOLD_EFFECT_NONE,0,0,0,0,0,TYPE_NORMAL,false,false,POCKET_ITEMS,0,0,0,0,false,false,false,false,false,false,false,false,false,false,false,false,0,0,0,0,0,0,0,false,false,false,false,false,false,false,false,false,false,false,false,false,false,0,0,0,0,0,0,0,0,0,0,0,0,0
ITEM_ERI1666,0,HOLD_EFFECT_NONE,0,0,0,0,0,TYPE_NORMAL,false,false,POCKET_ITEMS,0,0,0,0,false,false,false,false,false,false,false,false,false,false,false,false,0,0,0,0,0,0,0,false,false,false,false,false,false,false,false,false,false,false,false,false,false,0,0,0,0,0,0,0,0,0,0,0,0,0
ITEM_ERI897,0,HOLD_EFFECT_NONE,0,0,0,0,0,TYPE_NORMAL,false,false,POCKET_ITEMS,0,0,0,0,false,false,false,false,false,false,false,false,false,false,false,false,0,0,0,0,0,0,0,false,false,false,false,false,false,false,false,false,false,false,false,false,false,0,0,0,0,0,0,0,0,0,0,0,0,0
ITEM_ERI1231,0,HOLD_EFFECT_NONE,0,0,0,0,0,TYPE_NORMAL,false,false,POCKET_ITEMS,0,0,0,0,false,false,false,false,false,false,false,false,false,false,false,false,0,0,0,0,0,0,0,false,false,false,false,false,false,false,false,false,false,false,false,false,false,0,0,0,0,0,0,0,0,0,0,0,0,0
ITEM_ERI874,0,HOLD_EFFECT_NONE,0,0,0,0,0,TYPE_NORMAL,false,false,POCKET_ITEMS,0,0,0,0,false,false,false,false,false,false,false,false,false,false,false,false,0,0,0,0,0,0,0,false,false,false,false,false,false,false,false,false,false,false,false,false,false,0,0,0,0,0,0,0,0,0,0,0,0,0
ITEM_ERI1298,0,HOLD_EFFECT_NONE,0,0,0,0,0,TYPE_NORMAL,false,false,POCKET_ITEMS,0,0,0,0,false,false,false,false,false,false,false,false,false,false,false,false,0,0,0,0,0,0,0,false,false,false,false,false,false,false,false,false,false,false,false,false,false,0,0,0,0,0,0,0,0,0,0,0,0,0
ITEM_ERI1325,0,HOLD_EFFECT_NONE,0,0,0,0,0,TYPE_NORMAL,false,false,POCKET_ITEMS,0,0,0,0,false,false,false,false,false,false,false,false,false,false,false,false,0,0,0,0,0,0,0,false,false,false,false,false,false,false,false,false,false,false,false,false,false,0,0,0,0,0,0,0,0,0,0,0,0,0
ITEM_ERI984,0,HOLD_EFFECT_NONE,0,0,0,0,0,TYPE_NORMAL,false,false,POCKET_ITEMS,0,0,0,0,false,false,false,false,false,false,false,false,false,false,false,false,0,0,0,0,0,0,0,false,false,false,false,false,false,false,false,false,false,false,false,false,false,0,0,0,0,0,0,0,0,0,0,0,0,0
ITEM_ERI1464,0,HOLD_EFFECT_NONE,0,0,0,0,0,TYPE_NORMAL,false,false,POCKET_ITEMS,0,0,0,0,false,false,false,false,false,false,false,false,false,false,false,false,0,0,0,0,0,0,0,false,false,false,false,false,false,false,false,false,false,false,false,false,false,0,0,0,0,0,0,0,0,0,0,0,0,0
ITEM_ERI1393,0,HOLD_EFFECT_NONE,0,0,0,0,0,TYPE_NORMAL,false,false,POCKET_ITEMS,0,0,0,0,false,false,false,false,false,false,false,false,false,false,false,false,0,0,0,0,0,0,0,false,false,false,false,false,false,false,false,false,false,false,false,false,false,0,0,0,0,0,0,0,0,0,0,0,0,0
ITEM_ERI850,0,HOLD_EFFECT_NONE,0,0,0,0,0,TYPE_NORMAL,false,false,POCKET_ITEMS,0,0,0,0,false,false,false,false,false,false,false,false,false,false,false,false,0,0,0,0,0,0,0,false,false,false,false,false,false,false,false,false,false,false,false,false,false,0,0,0,0,0,0,0,0,0,0,0,0,0
ITEM_TAU1409,0,HOLD_EFFECT_NONE,0,0,0,0,0,TYPE_NORMAL,false,false,POCKET_ITEMS,0,0,0,0,false,false,false,false,false,false,false,false,false,false,false,false,0,0,0,0,0,0,0,false,false,false,false,false,false,false,false,false,false,false,false,false,false,0,0,0,0,0,0,0,0,0,0,0,0,0
ITEM_TAU1457,0,HOLD_EFFECT_NONE,0,0,0,0,0,TYPE_NORMAL,false,false,POCKET_ITEMS,0,0,0,0,false,false,false,false,false,false,false,false,false,false,false,false,0,0,0,0,0,0,0,false,false,false,false,false,false,false,false,false,false,false,false,false,false,0,0,0,0,0,0,0,0,0,0,0,0,0
ITEM_TAU1165,0,HOLD_EFFECT_NONE,0,0,0,0,0,TYPE_NORMAL,false,false,POCKET_ITEMS,0,0,0,0,false,false,false,false,false,false,false,false,false,false,false,false,0,0,0,0,0,0,0,false,false,false,false,false,false,false,false,false,false,false,false,false,false,0,0,0,0,0,0,0,0,0,0,0,0,0
ITEM_TAU1791,0,HOLD_EFFECT_NONE,0,0,0,0,0,TYPE_NORMAL,false,false,POCKET_ITEMS,0,0,0,0,false,false,false,false,false,false,false,false,false,false,false,false,0,0,0,0,0,0,0,false,false,false,false,false,false,false,false,false,false,false,false,false,false,0,0,0,0,0,0,0,0,0,0,0,0,0
ITEM_TAU1910,0,HOLD_EFFECT_NONE,0,0,0,0,0,TYPE_NORMAL,false,false,POCKET_ITEMS,0,0,0,0,false,false,false,false,false,false,false,false,false,false,false,false,0,0,0,0,0,0,0,false,false,false,false,false,false,false,false,false,false,false,false,false,false,0,0,0,0,0,0,0,0,0,0,0,0,0
ITEM_TAU1346,0,HOLD_EFFECT_NONE,0,0,0,0,0,TYPE_NORMAL,false,false,POCKET_ITEMS,0,0,0,0,false,false,false,false,false,false,false,false,false,false,false,false,0,0,0,0,0,0,0,false,false,false,false,false,false,false,false,false,false,false,false,false,false,0,0,0,0,0,0,0,0,0,0,0,0,0
ITEM_TAU1373,0,HOLD_EFFECT_NONE,0,0,0,0,0,TYPE_NORMAL,false,false,POCKET_ITEMS,0,0,0,0,false,false,false,false,false,false,false,false,false,false,false,false,0,0,0,0,0,0,0,false,false,false,false,false,false,false,false,false,false,false,false,false,false,0,0,0,0,0,0,0,0,0,0,0,0,0
ITEM_TAU1412,0,HOLD_EFFECT_NONE,0,0,0,0,0,TYPE_NORMAL,false,false,POCKET_ITEMS,0,0,0,0,false,false,false,false,false,false,false,false,false,false,false,false,0,0,0,0,0,0,0,false,false,false,false,false,false,false,false,false,false,false,false,false,false,0,0,0,0,0,0,0,0,0,0,0,0,0
ITEM_CMA2491,0,HOLD_EFFECT_NONE,0,0,0,0,0,TYPE_NORMAL,false,false,POCKET_ITEMS,0,0,0,0,false,false,false,false,false,false,false,false,false,false,false,false,0,0,0,0,0,0,0,false,false,false,false,false,false,false,false,false,false,false,false,false,false,0,0,0,0,0,0,0,0,0,0,0,0,0
ITEM_CMA2693,0,HOLD_EFFECT_NONE,0,0,0,0,0,TYPE_NORMAL,false,false,POCKET_ITEMS,0,0,0,0,false,false,false,false,false,false,false,false,false,false,false,false,0,0,0,0,0,0,0,false,false,false,false,false,false,false,false,false,false,false,false,false,false,0,0,0,0,0,0,0,0,0,0,0,0,0
ITEM_CMA2294,0,HOLD_EFFECT_NONE,0,0,0,0,0,TYPE_NORMAL,false,false,POCKET_ITEMS,0,0,0,0,false,false,false,false,false,false,false,false,false,false,false,false,0,0,0,0,0,0,0,false,false,false,false,false,false,false,false,false,false,false,false,false,false,0,0,0,0,0,0,0,0,0,0,0,0,0
ITEM_CMA2827,0,HOLD_EFFECT_NONE,0,0,0,0,0,TYPE_NORMAL,false,false,POCKET_ITEMS,0,0,0,0,false,false,false,false,false,false,false,false,false,false,false,false,0,0,0,0,0,0,0,false,false,false,false,false,false,false,false,false,false,false,false,false,false,0,0,0,0,0,0,0,0,0,0,0,0,0
ITEM_CMA2282,0,HOLD_EFFECT_NONE,0,0,0,0,0,TYPE_NORMAL,false,false,POCKET_ITEMS,0,0,0,0,false,false,false,false,false,false,false,false,false,false,false,false,0,0,0,0,0,0,0,false,false,false,false,false,false,false,false,false,false,false,false,false,false,0,0,0,0,0,0,0,0,0,0,0,0,0
ITEM_CMA2618,0,HOLD_EFFECT_NONE,0,0,0,0,0,TYPE_NORMAL,false,false,POCKET_ITEMS,0,0,0,0,false,false,false,false,false,false,false,false,false,false,false,false,0,0,0,0,0,0,0,false,false,false,false,false,false,false,false,false,false,false,false,false,false,0,0,0,0,0,0,0,0,0,0,0,0,0
ITEM_CMA2657,0,HOLD_EFFECT_NONE,0,0,0,0,0,TYPE_NORMAL,false,false,POCKET_ITEMS,0,0,0,0,false,false,false,false,false,false,false,false,false,false,false,false,0,0,0,0,0,0,0,false,false,false,false,false,false,false,false,false,false,false,false,false,false,0,0,0,0,0,0,0,0,0,0,0,0,0
ITEM_CMA2646,0,HOLD_EFFECT_NONE,0,0,0,0,0,TYPE_NORMAL,false,false,POCKET_ITEMS,0,0,0,0,false,false,false,false,false,false,false,false,false,false,false,false,0,0,0,0,0,0,0,false,false,false,false,false,false,false,false,false,false,false,false,false,false,0,0,0,0,0,0,0,0,0,0,0,0,0
ITEM_UMA4905,0,HOLD_EFFECT_NONE,0,0,0,0,0,TYPE_NORMAL,false,false,POCKET_ITEMS,0,0,0,0,false,false,false,false,false,false,false,false,false,false,false,false,0,0,0,0,0,0,0,false,false,false,false,false,false,false,false,false,false,false,false,false,false,0,0,0,0,0,0,0,0,0,0,0,0,0
ITEM_UMA4301,0,HOLD_EFFECT_NONE,0,0,0,0,0,TYPE_NORMAL,false,false,POCKET_ITEMS,0,0,0,0,false,false,false,false,false,false,false,false,false,false,false,false,0,0,0,0,0,0,0,false,false,false,false,false,false,false,false,false,false,false,false,false,false,0,0,0,0,0,0,0,0,0,0,0,0,0
ITEM_UMA5191,0,HOLD_EFFECT_NONE,0,0,0,0,0,TYPE_NORMAL,false,false,POCKET_ITEMS,0,0,0,0,false,false,false,false,false,false,false,false,false,false,false,false,0,0,0,0,0,0,0,false,false,false,false,false,false,false,false,false,false,false,false,false,false,0,0,0,0,0,0,0,0,0,0,0,0,0
ITEM_UMA5054,0,HOLD_EFFECT_NONE,0,0,0,0,0,TYPE_NORMAL,false,false,POCKET_ITEMS,0,0,0,0,false,false,false,false,false,false,false,false,false,false,false,false,0,0,0,0,0,0,0,false,false,false,false,false,false,false,false,false,false,false,false,false,false,0,0,0,0,0,0,0,0,0,0,0,0,0
ITEM_UMA4295,0,HOLD_EFFECT_NONE,0,0,0,0,0,TYPE_NORMAL,false,false,POCKET_ITEMS,0,0,0,0,false,false,false,false,false,false,false,false,false,false,false,false,0,0,0,0,0,0,0,false,false,false,false,false,false,false,false,false,false,false,false,false,false,0,0,0,0,0,0,0,0,0,0,0,0,0
ITEM_UMA4660,0,HOLD_EFFECT_NONE,0,0,0,0,0,TYPE_NORMAL,false,false,POCKET_ITEMS,0,0,0,0,false,false,false,false,false,false,false,false,false,false,false,false,0,0,0,0,0,0,0,false,false,false,false,false,false,false,false,false,false,false,false,false,false,0,0,0,0,0,0,0,0,0,0,0,0,0
ITEM_UMA4554,0,HOLD_EFFECT_NONE,0,0,0,0,0,TYPE_NORMAL,false,false,POCKET_ITEMS,0,0,0,0,false,false,false,false,false,false,false,false,false,false,false,false,0,0,0,0,0,0,0,false,false,false,false,false,false,false,false,false,false,false,false,false,false,0,0,0,0,0,0,0,0,0,0,0,0,0
ITEM_UMA4069,0,HOLD_EFFECT_NONE,0,0,0,0,0,TYPE_NORMAL,false,false,POCKET_ITEMS,0,0,0,0,false,false,false,false,false,false,false,false,false,false,false,false,0,0,0,0,0,0,0,false,false,false,false,false,false,false,false,false,false,false,false,false,false,0,0,0,0,0,0,0,0,0,0,0,0,0
ITEM_UMA3569,0,HOLD_EFFECT_NONE,0,0,0,0,0,TYPE_NORMAL,false,false,POCKET_ITEMS,0,0,0,0,false,false,false,false,false,false,false,false,false,false,false,false,0,0,0,0,0,0,0,false,false,false,false,false,false,false,false,false,false,false,false,false,false,0,0,0,0,0,0,0,0,0,0,0,0,0
ITEM_UMA3323,0,HOLD_EFFECT_NONE,0,0,0,0,0,TYPE_NORMAL,false,false,POCKET_ITEMS,0,0,0,0,false,false,false,false,false,false,false,false,false,false,false,false,0,0,0,0,0,0,0,false,false,false,false,false,false,false,false,false,false,false,false,false,false,0,0,0,0,0,0,0,0,0,0,0,0,0
ITEM_UMA4033,0,HOLD_EFFECT_NONE,0,0,0,0,0,TYPE_NORMAL,false,false,POCKET_ITEMS,0,0,0,0,false,false,false,false,false,false,false,false,false,false,false,false,0,0,0,0,0,0,0,false,false,false,false,false,false,false,false,false,false,false,false,false,false,0,0,0,0,0,0,0,0,0,0,0,0,0
ITEM_UMA4377,0,HOLD_EFFECT_NONE,0,0,0,0,0,TYPE_NORMAL,false,false,POCKET_ITEMS,0,0,0,0,false,false,false,false,false,false,false,false,false,false,false,false,0,0,0,0,0,0,0,false,false,false,false,false,false,false,false,false,false,false,false,false,false,0,0,0,0,0,0,0,0,0,0,0,0,0
ITEM_UMA4375,0,HOLD_EFFECT_NONE,0,0,0,0,0,TYPE_NORMAL,false,false,POCKET_ITEMS,0,0,0,0,false,false,false,false,false,false,false,false,false,false,false,false,0,0,0,0,0,0,0,false,false,false,false,false,false,false,false,false,false,false,false,false,false,0,0,0,0,0,0,0,0,0,0,0,0,0
ITEM_UMA4518,0,HOLD_EFFECT_NONE,0,0,0,0,0,TYPE_NORMAL,false,false,POCKET_ITEMS,0,0,0,0,false,false,false,false,false,false,false,false,false,false,false,false,0,0,0,0,0,0,0,false,false,false,false,false,false,false,false,false,false,false,false,false,false,0,0,0,0,0,0,0,0,0,0,0,0,0
ITEM_UMA3594,0,HOLD_EFFECT_NONE,0,0,0,0,0,TYPE_NORMAL,false,false,POCKET_ITEMS,0,0,0,0,false,false,false,false,false,false,false,false,false,false,false,false,0,0,0,0,0,0,0,false,false,false,false,false,false,false,false,false,false,false,false,false,false,0,0,0,0,0,0,0,0,0,0,0,0,0
ITEM_VIR5056,0,HOLD_EFFECT_NONE,0,0,0,0,0,TYPE_NORMAL,false,false,POCKET_ITEMS,0,0,0,0,false,false,false,false,false,false,false,false,false,false,false,false,0,0,0,0,0,0,0,false,false,false,false,false,false,false,false,false,false,false,false,false,false,0,0,0,0,0,0,0,0,0,0,0,0,0
ITEM_VIR4825,0,HOLD_EFFECT_NONE,0,0,0,0,0,TYPE_NORMAL,false,false,POCKET_ITEMS,0,0,0,0,false,false,false,false,false,false,false,false,false,false,false,false,0,0,0,0,0,0,0,false,false,false,false,false,false,false,false,false,false,false,false,false,false,0,0,0,0,0,0,0,0,0,0,0,0,0
ITEM_VIR4932,0,HOLD_EFFECT_NONE,0,0,0,0,0,TYPE_NORMAL,false,false,POCKET_ITEMS,0,0,0,0,false,false,false,false,false,false,false,false,false,false,false,false,0,0,0,0,0,0,0,false,false,false,false,false,false,false,false,false,false,false,false,false,false,0,0,0,0,0,0,0,0,0,0,0,0,0
ITEM_VIR4540,0,HOLD_EFFECT_NONE,0,0,0,0,0,TYPE_NORMAL,false,false,POCKET_ITEMS,0,0,0,0,false,false,false,false,false,false,false,false,false,false,false,false,0,0,0,0,0,0,0,false,false,false,false,false,false,false,false,false,false,false,false,false,false,0,0,0,0,0,0,0,0,0,0,0,0,0
ITEM_VIR4689,0,HOLD_EFFECT_NONE,0,0,0,0,0,TYPE_NORMAL,false,false,POCKET_ITEMS,0,0,0,0,false,false,false,false,false,false,false,false,false,false,false,false,0,0,0,0,0,0,0,false,false,false,false,false,false,false,false,false,false,false,false,false,false,0,0,0,0,0,0,0,0,0,0,0,0,0
ITEM_VIR5338,0,HOLD_EFFECT_NONE,0,0,0,0,0,TYPE_NORMAL,false,false,POCKET_ITEMS,0,0,0,0,false,false,false,false,false,false,false,false,false,false,false,false,0,0,0,0,0,0,0,false,false,false,false,false,false,false,false,false,false,false,false,false,false,0,0,0,0,0,0,0,0,0,0,0,0,0
ITEM_VIR4910,0,HOLD_EFFECT_NONE,0,0,0,0,0,TYPE_NORMAL,false,false,POCKET_ITEMS,0,0,0,0,false,false,false,false,false,false,false,false,false,false,false,false,0,0,0,0,0,0,0,false,false,false,false,false,false,false,false,false,false,false,false,false,false,0,0,0,0,0,0,0,0,0,0,0,0,0
ITEM_VIR5315,0,HOLD_EFFECT_NONE,0,0,0,0,0,TYPE_NORMAL,false,false,POCKET_ITEMS,0,0,0,0,false,false,false,false,false,false,false,false,false,false,false,false,0,0,0,0,0,0,0,false,false,false,false,false,false,false,false,false,false,false,false,false,false,0,0,0,0,0,0,0,0,0,0,0,0,0
ITEM_VIR5359,0,HOLD_EFFECT_NONE,0,0,0,0,0,TYPE_NORMAL,false,false,POCKET_ITEMS,0,0,0,0,false,false,false,false,false,false,false,false,false,false,false,false,0,0,0,0,0,0,0,false,false,false,false,false,false,false,false,false,false,false,false,false,false,0,0,0,0,0,0,0,0,0,0,0,0,0
ITEM_VIR5409,0,HOLD_EFFECT_NONE,0,0,0,0,0,TYPE_NORMAL,false,false,POCKET_ITEMS,0,0,0,0,false,false,false,false,false,false,false,false,false,false,false,false,0,0,0,0,0,0,0,false,false,false,false,false,false,false,false,false,false,false,false,false,false,0,0,0,0,0,0,0,0,0,0,0,0,0
ITEM_VIR5107,0,HOLD_EFFECT_NONE,0,0,0,0,0,TYPE_NORMAL,false,false,POCKET_ITEMS,0,0,0,0,false,false,false,false,false,false,false,false,false,false,false,false,0,0,0,0,0,0,0,false,false,false,false,false,false,false,false,false,false,false,false,false,false,0,0,0,0,0,0,0,0,0,0,0,0,0
ITEM_ARI617,0,HOLD_EFFECT_NONE,0,0,0,0,0,TYPE_NORMAL,false,false,POCKET_ITEMS,0,0,0,0,false,false,false,false,false,false,false,false,false,false,false,false,0,0,0,0,0,0,0,false,false,false,false,false,false,false,false,false,false,false,false,false,false,0,0,0,0,0,0,0,0,0,0,0,0,0
ITEM_ARI553,0,HOLD_EFFECT_NONE,0,0,0,0,0,TYPE_NORMAL,false,false,POCKET_ITEMS,0,0,0,0,false,false,false,false,false,false,false,false,false,false,false,false,0,0,0,0,0,0,0,false,false,false,false,false,false,false,false,false,false,false,false,false,false,0,0,0,0,0,0,0,0,0,0,0,0,0
ITEM_ARI546,0,HOLD_EFFECT_NONE,0,0,0,0,0,TYPE_NORMAL,false,false,POCKET_ITEMS,0,0,0,0,false,false,false,false,false,false,false,false,false,false,false,false,0,0,0,0,0,0,0,false,false,false,false,false,false,false,false,false,false,false,false,false,false,0,0,0,0,0,0,0,0,0,0,0,0,0
ITEM_ARI951,0,HOLD_EFFECT_NONE,0,0,0,0,0,TYPE_NORMAL,false,false,POCKET_ITEMS,0,0,0,0,false,false,false,false,false,false,false,false,false,false,false,false,0,0,0,0,0,0,0,false,false,false,false,false,false,false,false,false,false,false,false,false,false,0,0,0,0,0,0,0,0,0,0,0,0,0
ITEM_ORI1713,0,HOLD_EFFECT_NONE,0,0,0,0,0,TYPE_NORMAL,false,false,POCKET_ITEMS,0,0,0,0,false,false,false,false,false,false,false,false,false,false,false,false,0,0,0,0,0,0,0,false,false,false,false,false,false,false,false,false,false,false,false,false,false,0,0,0,0,0,0,0,0,0,0,0,0,0
ITEM_ORI2061,0,HOLD_EFFECT_NONE,0,0,0,0,0,TYPE_NORMAL,false,false,POCKET_ITEMS,0,0,0,0,false,false,false,false,false,false,false,false,false,false,false,false,0,0,0,0,0,0,0,false,false,false,false,false,false,false,false,false,false,false,false,false,false,0,0,0,0,0,0,0,0,0,0,0,0,0
ITEM_ORI1790,0,HOLD_EFFECT_NONE,0,0,0,0,0,TYPE_NORMAL,false,false,POCKET_ITEMS,0,0,0,0,false,false,false,false,false,false,false,false,false,false,false,false,0,0,0,0,0,0,0,false,false,false,false,false,false,false,false,false,false,false,false,false,false,0,0,0,0,0,0,0,0,0,0,0,0,0
ITEM_ORI1903,0,HOLD_EFFECT_NONE,0,0,0,0,0,TYPE_NORMAL,false,false,POCKET_ITEMS,0,0,0,0,false,false,false,false,false,false,false,false,false,false,false,false,0,0,0,0,0,0,0,false,false,false,false,false,false,false,false,false,false,false,false,false,false,0,0,0,0,0,0,0,0,0,0,0,0,0
ITEM_ORI1948,0,HOLD_EFFECT_NONE,0,0,0,0,0,TYPE_NORMAL,false,false,POCKET_ITEMS,0,0,0,0,false,false,false,false,false,false,false,false,false,false,false,false,0,0,0,0,0,0,0,false,false,false,false,false,false,false,false,false,false,false,false,false,false,0,0,0,0,0,0,0,0,0,0,0,0,0
ITEM_ORI2004,0,HOLD_EFFECT_NONE,0,0,0,0,0,TYPE_NORMAL,false,false,POCKET_ITEMS,0,0,0,0,false,false,false,false,false,false,false,false,false,false,false,false,0,0,0,0,0,0,0,false,false,false,false,false,false,false,false,false,false,false,false,false,false,0,0,0,0,0,0,0,0,0,0,0,0,0
ITEM_ORI1852,0,HOLD_EFFECT_NONE,0,0,0,0,0,TYPE_NORMAL,false,false,POCKET_ITEMS,0,0,0,0,false,false,false,false,false,false,false,false,false,false,false,false,0,0,0,0,0,0,0,false,false,false,false,false,false,false,false,false,false,false,false,false,false,0,0,0,0,0,0,0,0,0,0,0,0,0
ITEM_ORI1879,0,HOLD_EFFECT_NONE,0,0,0,0,0,TYPE_NORMAL,false,false,POCKET_ITEMS,0,0,0,0,false,false,false,false,false,false,false,false,false,false,false,false,0,0,0,0,0,0,0,false,false,false,false,false,false,false,false,false,false,false,false,false,false,0,0,0,0,0,0,0,0,0,0,0,0,0
ITEM_ORI1899,0,HOLD_EFFECT_NONE,0,0,0,0,0,TYPE_NORMAL,false,false,POCKET_ITEMS,0,0,0,0,false,false,false,false,false,false,false,false,false,false,false,false,0,0,0,0,0,0,0,false,false,false,false,false,false,false,false,false,false,false,false,false,false,0,0,0,0,0,0,0,0,0,0,0,0,0
ITEM_ORI1543,0,HOLD_EFFECT_NONE,0,0,0,0,0,TYPE_NORMAL,false,false,POCKET_ITEMS,0,0,0,0,false,false,false,false,false,false,false,false,false,false,false,false,0,0,0,0,0,0,0,false,false,false,false,false,false,false,false,false,false,false,false,false,false,0,0,0,0,0,0,0,0,0,0,0,0,0
ITEM_CAS21,0,HOLD_EFFECT_NONE,0,0,0,0,0,TYPE_NORMAL,false,false,POCKET_ITEMS,0,0,0,0,false,false,false,false,false,false,false,false,false,false,false,false,0,0,0,0,0,0,0,false,false,false,false,false,false,false,false,false,false,false,false,false,false,0,0,0,0,0,0,0,0,0,0,0,0,0
ITEM_CAS168,0,HOLD_EFFECT_NONE,0,0,0,0,0,TYPE_NORMAL,false,false,POCKET_ITEMS,0,0,0,0,false,false,false,false,false,false,false,false,false,false,false,false,0,0,0,0,0,0,0,false,false,false,false,false,false,false,false,false,false,false,false,false,false,0,0,0,0,0,0,0,0,0,0,0,0,0
ITEM_CAS403,0,HOLD_EFFECT_NONE,0,0,0,0,0,TYPE_NORMAL,false,false,POCKET_ITEMS,0,0,0,0,false,false,false,false,false,false,false,false,false,false,false,false,0,0,0,0,0,0,0,false,false,false,false,false,false,false,false,false,false,false,false,false,false,0,0,0,0,0,0,0,0,0,0,0,0,0
ITEM_CAS153,0,HOLD_EFFECT_NONE,0,0,0,0,0,TYPE_NORMAL,false,false,POCKET_ITEMS,0,0,0,0,false,false,false,false,false,false,false,false,false,false,false,false,0,0,0,0,0,0,0,false,false,false,false,false,false,false,false,false,false,false,false,false,false,0,0,0,0,0,0,0,0,0,0,0,0,0
ITEM_CAS542,0,HOLD_EFFECT_NONE,0,0,0,0,0,TYPE_NORMAL,false,false,POCKET_ITEMS,0,0,0,0,false,false,false,false,false,false,false,false,false,false,false,false,0,0,0,0,0,0,0,false,false,false,false,false,false,false,false,false,false,false,false,false,false,0,0,0,0,0,0,0,0,0,0,0,0,0
ITEM_CAS219,0,HOLD_EFFECT_NONE,0,0,0,0,0,TYPE_NORMAL,false,false,POCKET_ITEMS,0,0,0,0,false,false,false,false,false,false,false,false,false,false,false,false,0,0,0,0,0,0,0,false,false,false,false,false,false,false,false,false,false,false,false,false,false,0,0,0,0,0,0,0,0,0,0,0,0,0
ITEM_CAS265,0,HOLD_EFFECT_NONE,0,0,0,0,0,TYPE_NORMAL,false,false,POCKET_ITEMS,0,0,0,0,false,false,false,false,false,false,false,false,false,false,false,false,0,0,0,0,0,0,0,false,false,false,false,false,false,false,false,false,false,false,false,false,false,0,0,0,0,0,0,0,0,0,0,0,0,0
ITEM_CNC3572,0,HOLD_EFFECT_NONE,0,0,0,0,0,TYPE_NORMAL,false,false,POCKET_ITEMS,0,0,0,0,false,false,false,false,false,false,false,false,false,false,false,false,0,0,0,0,0,0,0,false,false,false,false,false,false,false,false,false,false,false,false,false,false,0,0,0,0,0,0,0,0,0,0,0,0,0
ITEM_CNC3208,0,HOLD_EFFECT_NONE,0,0,0,0,0,TYPE_NORMAL,false,false,POCKET_ITEMS,0,0,0,0,false,false,false,false,false,false,false,false,false,false,false,false,0,0,0,0,0,0,0,false,false,false,false,false,false,false,false,false,false,false,false,false,false,0,0,0,0,0,0,0,0,0,0,0,0,0
ITEM_CNC3461,0,HOLD_EFFECT_NONE,0,0,0,0,0,TYPE_NORMAL,false,false,POCKET_ITEMS,0,0,0,0,false,false,false,false,false,false,false,false,false,false,false,false,0,0,0,0,0,0,0,false,false,false,false,false,false,false,false,false,false,false,false,false,false,0,0,0,0,0,0,0,0,0,0,0,0,0
ITEM_CNC3449,0,HOLD_EFFECT_NONE,0,0,0,0,0,TYPE_NORMAL,false,false,POCKET_ITEMS,0,0,0,0,false,false,false,false,false,false,false,false,false,false,false,false,0,0,0,0,0,0,0,false,false,false,false,false,false,false,false,false,false,false,false,false,false,0,0,0,0,0,0,0,0,0,0,0,0,0
ITEM_CNC3429,0,HOLD_EFFECT_NONE,0,0,0,0,0,TYPE_NORMAL,false,false,POCKET_ITEMS,0,0,0,0,false,false,false,false,false,false,false,false,false,false,false,false,0,0,0,0,0,0,0,false,false,false,false,false,false,false,false,false,false,false,false,false,false,0,0,0,0,0,0,0,0,0,0,0,0,0
ITEM_CNC3627,0,HOLD_EFFECT_NONE,0,0,0,0,0,TYPE_NORMAL,false,false,POCKET_ITEMS,0,0,0,0,false,false,false,false,false,false,false,false,false,false,false,false,0,0,0,0,0,0,0,false,false,false,false,false,false,false,false,false,false,false,false,false,false,0,0,0,0,0,0,0,0,0,0,0,0,0
ITEM_CNC3268,0,HOLD_EFFECT_NONE,0,0,0,0,0,TYPE_NORMAL,false,false,POCKET_ITEMS,0,0,0,0,false,false,false,false,false,false,false,false,false,false,false,false,0,0,0,0,0,0,0,false,false,false,false,false,false,false,false,false,false,false,false,false,false,0,0,0,0,0,0,0,0,0,0,0,0,0
ITEM_CNC3249,0,HOLD_EFFECT_NONE,0,0,0,0,0,TYPE_NORMAL,false,false,POCKET_ITEMS,0,0,0,0,false,false,false,false,false,false,false,false,false,false,false,false,0,0,0,0,0,0,0,false,false,false,false,false,false,false,false,false,false,false,false,false,false,0,0,0,0,0,0,0,0,0,0,0,0,0
ITEM_COM4968,0,HOLD_EFFECT_NONE,0,0,0,0,0,TYPE_NORMAL,false,false,POCKET_ITEMS,0,0,0,0,false,false,false,false,false,false,false,false,false,false,false,false,0,0,0,0,0,0,0,false,false,false,false,false,false,false,false,false,false,false,false,false,false,0,0,0,0,0,0,0,0,0,0,0,0,0
ITEM_CRV4757,0,HOLD_EFFECT_NONE,0,0,0,0,0,TYPE_NORMAL,false,false,POCKET_ITEMS,0,0,0,0,false,false,false,false,false,false,false,false,false,false,false,false,0,0,0,0,0,0,0,false,false,false,false,false,false,false,false,false,false,false,false,false,false,0,0,0,0,0,0,0,0,0,0,0,0,0
ITEM_CRV4623,0,HOLD_EFFECT_NONE,0,0,0,0,0,TYPE_NORMAL,false,false,POCKET_ITEMS,0,0,0,0,false,false,false,false,false,false,false,false,false,false,false,false,0,0,0,0,0,0,0,false,false,false,false,false,false,false,false,false,false,false,false,false,false,0,0,0,0,0,0,0,0,0,0,0,0,0
ITEM_CRV4662,0,HOLD_EFFECT_NONE,0,0,0,0,0,TYPE_NORMAL,false,false,POCKET_ITEMS,0,0,0,0,false,false,false,false,false,false,false,false,false,false,false,false,0,0,0,0,0,0,0,false,false,false,false,false,false,false,false,false,false,false,false,false,false,0,0,0,0,0,0,0,0,0,0,0,0,0
ITEM_CRV4786,0,HOLD_EFFECT_NONE,0,0,0,0,0,TYPE_NORMAL,false,false,POCKET_ITEMS,0,0,0,0,false,false,false,false,false,false,false,false,false,false,false,false,0,0,0,0,0,0,0,false,false,false,false,false,false,false,false,false,false,false,false,false,false,0,0,0,0,0,0,0,0,0,0,0,0,0
ITEM_AUR1708,0,HOLD_EFFECT_NONE,0,0,0,0,0,TYPE_NORMAL,false,false,POCKET_ITEMS,0,0,0,0,false,false,false,false,false,false,false,false,false,false,false,false,0,0,0,0,0,0,0,false,false,false,false,false,false,false,false,false,false,false,false,false,false,0,0,0,0,0,0,0,0,0,0,0,0,0
ITEM_AUR2088,0,HOLD_EFFECT_NONE,0,0,0,0,0,TYPE_NORMAL,false,false,POCKET_ITEMS,0,0,0,0,false,false,false,false,false,false,false,false,false,false,false,false,0,0,0,0,0,0,0,false,false,false,false,false,false,false,false,false,false,false,false,false,false,0,0,0,0,0,0,0,0,0,0,0,0,0
ITEM_AUR1605,0,HOLD_EFFECT_NONE,0,0,0,0,0,TYPE_NORMAL,false,false,POCKET_ITEMS,0,0,0,0,false,false,false,false,false,false,false,false,false,false,false,false,0,0,0,0,0,0,0,false,false,false,false,false,false,false,false,false,false,false,false,false,false,0,0,0,0,0,0,0,0,0,0,0,0,0
ITEM_AUR2095,0,HOLD_EFFECT_NONE,0,0,0,0,0,TYPE_NORMAL,false,false,POCKET_ITEMS,0,0,0,0,false,false,false,false,false,false,false,false,false,false,false,false,0,0,0,0,0,0,0,false,false,false,false,false,false,false,false,false,false,false,false,false,false,0,0,0,0,0,0,0,0,0,0,0,0,0
ITEM_AUR1577,0,HOLD_EFFECT_NONE,0,0,0,0,0,TYPE_NORMAL,false,false,POCKET_ITEMS,0,0,0,0,false,false,false,false,false,false,false,false,false,false,false,false,0,0,0,0,0,0,0,false,false,false,false,false,false,false,false,false,false,false,false,false,false,0,0,0,0,0,0,0,0,0,0,0,0,0
ITEM_AUR1641,0,HOLD_EFFECT_NONE,0,0,0,0,0,TYPE_NORMAL,false,false,POCKET_ITEMS,0,0,0,0,false,false,false,false,false,false,false,false,false,false,false,false,0,0,0,0,0,0,0,false,false,false,false,false,false,false,false,false,false,false,false,false,false,0,0,0,0,0,0,0,0,0,0,0,0,0
ITEM_AUR1612,0,HOLD_EFFECT_NONE,0,0,0,0,0,TYPE_NORMAL,false,false,POCKET_ITEMS,0,0,0,0,false,false,false,false,false,false,false,false,false,false,false,false,0,0,0,0,0,0,0,false,false,false,false,false,false,false,false,false,false,false,false,false,false,0,0,0,0,0,0,0,0,0,0,0,0,0
ITEM_PAV7790,0,HOLD_EFFECT_NONE,0,0,0,0,0,TYPE_NORMAL,false,false,POCKET_ITEMS,0,0,0,0,false,false,false,false,false,false,false,false,false,false,false,false,0,0,0,0,0,0,0,false,false,false,false,false,false,false,false,false,false,false,false,false,false,0,0,0,0,0,0,0,0,0,0,0,0,0
ITEM_CET911,0,HOLD_EFFECT_NONE,0,0,0,0,0,TYPE_NORMAL,false,false,POCKET_ITEMS,0,0,0,0,false,false,false,false,false,false,false,false,false,false,false,false,0,0,0,0,0,0,0,false,false,false,false,false,false,false,false,false,false,false,false,false,false,0,0,0,0,0,0,0,0,0,0,0,0,0
ITEM_CET681,0,HOLD_EFFECT_NONE,0,0,0,0,0,TYPE_NORMAL,false,false,POCKET_ITEMS,0,0,0,0,false,false,false,false,false,false,false,false,false,false,false,false,0,0,0,0,0,0,0,false,false,false,false,false,false,false,false,false,false,false,false,false,false,0,0,0,0,0,0,0,0,0,0,0,0,0
ITEM_CET188,0,HOLD_EFFECT_NONE,0,0,0,0,0,TYPE_NORMAL,false,false,POCKET_ITEMS,0,0,0,0,false,false,false,false,false,false,false,false,false,false,false,false,0,0,0,0,0,0,0,false,false,false,false,false,false,false,false,false,false,false,false,false,false,0,0,0,0,0,0,0,0,0,0,0,0,0
ITEM_CET539,0,HOLD_EFFECT_NONE,0,0,0,0,0,TYPE_NORMAL,false,false,POCKET_ITEMS,0,0,0,0,false,false,false,false,false,false,false,false,false,false,false,false,0,0,0,0,0,0,0,false,false,false,false,false,false,false,false,false,false,false,false,false,false,0,0,0,0,0,0,0,0,0,0,0,0,0
ITEM_CET804,0,HOLD_EFFECT_NONE,0,0,0,0,0,TYPE_NORMAL,false,false,POCKET_ITEMS,0,0,0,0,false,false,false,false,false,false,false,false,false,false,false,false,0,0,0,0,0,0,0,false,false,false,false,false,false,false,false,false,false,false,false,false,false,0,0,0,0,0,0,0,0,0,0,0,0,0
ITEM_CEP8974,0,HOLD_EFFECT_NONE,0,0,0,0,0,TYPE_NORMAL,false,false,POCKET_ITEMS,0,0,0,0,false,false,false,false,false,false,false,false,false,false,false,false,0,0,0,0,0,0,0,false,false,false,false,false,false,false,false,false,false,false,false,false,false,0,0,0,0,0,0,0,0,0,0,0,0,0
ITEM_CEP8162,0,HOLD_EFFECT_NONE,0,0,0,0,0,TYPE_NORMAL,false,false,POCKET_ITEMS,0,0,0,0,false,false,false,false,false,false,false,false,false,false,false,false,0,0,0,0,0,0,0,false,false,false,false,false,false,false,false,false,false,false,false,false,false,0,0,0,0,0,0,0,0,0,0,0,0,0
ITEM_CEP8238,0,HOLD_EFFECT_NONE,0,0,0,0,0,TYPE_NORMAL,false,false,POCKET_ITEMS,0,0,0,0,false,false,false,false,false,false,false,false,false,false,false,false,0,0,0,0,0,0,0,false,false,false,false,false,false,false,false,false,false,false,false,false,false,0,0,0,0,0,0,0,0,0,0,0,0,0
ITEM_CEP8417,0,HOLD_EFFECT_NONE,0,0,0,0,0,TYPE_NORMAL,false,false,POCKET_ITEMS,0,0,0,0,false,false,false,false,false,false,false,false,false,false,false,false,0,0,0,0,0,0,0,false,false,false,false,false,false,false,false,false,false,false,false,false,false,0,0,0,0,0,0,0,0,0,0,0,0,0
ITEM_CEN5267,0,HOLD_EFFECT_NONE,0,0,0,0,0,TYPE_NORMAL,false,false,POCKET_ITEMS,0,0,0,0,false,false,false,false,false,false,false,false,false,false,false,false,0,0,0,0,0,0,0,false,false,false,false,false,false,false,false,false,false,false,false,false,false,0,0,0,0,0,0,0,0,0,0,0,0,0
ITEM_CEN5288,0,HOLD_EFFECT_NONE,0,0,0,0,0,TYPE_NORMAL,false,false,POCKET_ITEMS,0,0,0,0,false,false,false,false,false,false,false,false,false,false,false,false,0,0,0,0,0,0,0,false,false,false,false,false,false,false,false,false,false,false,false,false,false,0,0,0,0,0,0,0,0,0,0,0,0,0
ITEM_CEN551,0,HOLD_EFFECT_NONE,0,0,0,0,0,TYPE_NORMAL,false,false,POCKET_ITEMS,0,0,0,0,false,false,false,false,false,false,false,false,false,false,false,false,0,0,0,0,0,0,0,false,false,false,false,false,false,false,false,false,false,false,false,false,false,0,0,0,0,0,0,0,0,0,0,0,0,0
ITEM_CEN5459,0,HOLD_EFFECT_NONE,0,0,0,0,0,TYPE_NORMAL,false,false,POCKET_ITEMS,0,0,0,0,false,false,false,false,false,false,false,false,false,false,false,false,0,0,0,0,0,0,0,false,false,false,false,false,false,false,false,false,false,false,false,false,false,0,0,0,0,0,0,0,0,0,0,0,0,0
ITEM_CEN5460,0,HOLD_EFFECT_NONE,0,0,0,0,0,TYPE_NORMAL,false,false,POCKET_ITEMS,0,0,0,0,false,false,false,false,false,false,false,false,false,false,false,false,0,0,0,0,0,0,0,false,false,false,false,false,false,false,false,false,false,false,false,false,false,0,0,0,0,0,0,0,0,0,0,0,0,0
ITEM_CMI2943,0,HOLD_EFFECT_NONE,0,0,0,0,0,TYPE_NORMAL,false,false,POCKET_ITEMS,0,0,0,0,false,false,false,false,false,false,false,false,false,false,false,false,0,0,0,0,0,0,0,false,false,false,false,false,false,false,false,false,false,false,false,false,false,0,0,0,0,0,0,0,0,0,0,0,0,0
ITEM_CMI2845,0,HOLD_EFFECT_NONE,0,0,0,0,0,TYPE_NORMAL,false,false,POCKET_ITEMS,0,0,0,0,false,false,false,false,false,false,false,false,false,false,false,false,0,0,0,0,0,0,0,false,false,false,false,false,false,false,false,false,false,false,false,false,false,0,0,0,0,0,0,0,0,0,0,0,0,0
ITEM_EQU8131,0,HOLD_EFFECT_NONE,0,0,0,0,0,TYPE_NORMAL,false,false,POCKET_ITEMS,0,0,0,0,false,false,false,false,false,false,false,false,false,false,false,false,0,0,0,0,0,0,0,false,false,false,false,false,false,false,false,false,false,false,false,false,false,0,0,0,0,0,0,0,0,0,0,0,0,0
ITEM_VUL7405,0,HOLD_EFFECT_NONE,0,0,0,0,0,TYPE_NORMAL,false,false,POCKET_ITEMS,0,0,0,0,false,false,false,false,false,false,false,false,false,false,false,false,0,0,0,0,0,0,0,false,false,false,false,false,false,false,false,false,false,false,false,false,false,0,0,0,0,0,0,0,0,0,0,0,0,0
ITEM_UMI424,0,HOLD_EFFECT_NONE,0,0,0,0,0,TYPE_NORMAL,false,false,POCKET_ITEMS,0,0,0,0,false,false,false,false,false,false,false,false,false,false,false,false,0,0,0,0,0,0,0,false,false,false,false,false,false,false,false,false,false,false,false,false,false,0,0,0,0,0,0,0,0,0,0,0,0,0
ITEM_UMI5563,0,HOLD_EFFECT_NONE,0,0,0,0,0,TYPE_NORMAL,false,false,POCKET_ITEMS,0,0,0,0,false,false,false,false,false,false,false,false,false,false,false,false,0,0,0,0,0,0,0,false,false,false,false,false,false,false,false,false,false,false,false,false,false,0,0,0,0,0,0,0,0,0,0,0,0,0
ITEM_UMI5735,0,HOLD_EFFECT_NONE,0,0,0,0,0,TYPE_NORMAL,false,false,POCKET_ITEMS,0,0,0,0,false,false,false,false,false,false,false,false,false,false,false,false,0,0,0,0,0,0,0,false,false,false,false,false,false,false,false,false,false,false,false,false,false,0,0,0,0,0,0,0,0,0,0,0,0,0
ITEM_UMI6789,0,HOLD_EFFECT_NONE,0,0,0,0,0,TYPE_NORMAL,false,false,POCKET_ITEMS,0,0,0,0,false,false,false,false,false,false,false,false,false,false,false,false,0,0,0,0,0,0,0,false,false,false,false,false,false,false,false,false,false,false,false,false,false,0,0,0,0,0,0,0,0,0,0,0,0,0
ITEM_CRT4287,0,HOLD_EFFECT_NONE,0,0,0,0,0,TYPE_NORMAL,false,false,POCKET_ITEMS,0,0,0,0,false,false,false,false,false,false,false,false,false,false,false,false,0,0,0,0,0,0,0,false,false,false,false,false,false,false,false,false,false,false,false,false,false,0,0,0,0,0,0,0,0,0,0,0,0,0
ITEM_LYR7001,0,HOLD_EFFECT_NONE,0,0,0,0,0,TYPE_NORMAL,false,false,POCKET_ITEMS,0,0,0,0,false,false,false,false,false,false,false,false,false,false,false,false,0,0,0,0,0,0,0,false,false,false,false,false,false,false,false,false,false,false,false,false,false,0,0,0,0,0,0,0,0,0,0,0,0,0
ITEM_LYR7178,0,HOLD_EFFECT_NONE,0,0,0,0,0,TYPE_NORMAL,false,false,POCKET_ITEMS,0,0,0,0,false,false,false,false,false,false,false,false,false,false,false,false,0,0,0,0,0,0,0,false,false,false,false,false,false,false,false,false,false,false,false,false,false,0,0,0,0,0,0,0,0,0,0,0,0,0
ITEM_LYR7106,0,HOLD_EFFECT_NONE,0,0,0,0,0,TYPE_NORMAL,false,false,POCKET_ITEMS,0,0,0,0,false,false,false,false,false,false,false,false,false,false,false,false,0,0,0,0,0,0,0,false,false,false,false,false,false,false,false,false,false,false,false,false,false,0,0,0,0,0,0,0,0,0,0,0,0,0
ITEM_LYR7298,0,HOLD_EFFECT_NONE,0,0,0,0,0,TYPE_NORMAL,false,false,POCKET_ITEMS,0,0,0,0,false,false,false,false,false,false,false,false,false,false,false,false,0,0,0,0,0,0,0,false,false,false,false,false,false,false,false,false,false,false,false,false,false,0,0,0,0,0,0,0,0,0,0,0,0,0
ITEM_ARA6585,0,HOLD_EFFECT_NONE,0,0,0,0,0,TYPE_NORMAL,false,false,POCKET_ITEMS,0,0,0,0,false,false,false,false,false,false,false,false,false,false,false,false,0,0,0,0,0,0,0,false,false,false,false,false,false,false,false,false,false,false,false,false,false,0,0,0,0,0,0,0,0,0,0,0,0,0
ITEM_SCO6134,0,HOLD_EFFECT_NONE,0,0,0,0,0,TYPE_NORMAL,false,false,POCKET_ITEMS,0,0,0,0,false,false,false,false,false,false,false,false,false,false,false,false,0,0,0,0,0,0,0,false,false,false,false,false,false,false,false,false,false,false,false,false,false,0,0,0,0,0,0,0,0,0,0,0,0,0
ITEM_SCO6527,0,HOLD_EFFECT_NONE,0,0,0,0,0,TYPE_NORMAL,false,false,POCKET_ITEMS,0,0,0,0,false,false,false,false,false,false,false,false,false,false,false,false,0,0,0,0,0,0,0,false,false,false,false,false,false,false,false,false,false,false,false,false,false,0,0,0,0,0,0,0,0,0,0,0,0,0
ITEM_SCO6553,0,HOLD_EFFECT_NONE,0,0,0,0,0,TYPE_NORMAL,false,false,POCKET_ITEMS,0,0,0,0,false,false,false,false,false,false,false,false,false,false,false,false,0,0,0,0,0,0,0,false,false,false,false,false,false,false,false,false,false,false,false,false,false,0,0,0,0,0,0,0,0,0,0,0,0,0
ITEM_SCO5953,0,HOLD_EFFECT_NONE,0,0,0,0,0,TYPE_NORMAL,false,false,POCKET_ITEMS,0,0,0,0,false,false,false,false,false,false,false,false,false,false,false,false,0,0,0,0,0,0,0,false,false,false,false,false,false,false,false,false,false,false,false,false,false,0,0,0,0,0,0,0,0,0,0,0,0,0
ITEM_SCO5984,0,HOLD_EFFECT_NONE,0,0,0,0,0,TYPE_NORMAL,false,false,POCKET_ITEMS,0,0,0,0,false,false,false,false,false,false,false,false,false,false,false,false,0,0,0,0,0,0,0,false,false,false,false,false,false,false,false,false,false,false,false,false,false,0,0,0,0,0,0,0,0,0,0,0,0,0
ITEM_SCO6508,0,HOLD_EFFECT_NONE,0,0,0,0,0,TYPE_NORMAL,false,false,POCKET_ITEMS,0,0,0,0,false,false,false,false,false,false,false,false,false,false,false,false,0,0,0,0,0,0,0,false,false,false,false,false,false,false,false,false,false,false,false,false,false,0,0,0,0,0,0,0,0,0,0,0,0,0
ITEM_SCO6084,0,HOLD_EFFECT_NONE,0,0,0,0,0,TYPE_NORMAL,false,false,POCKET_ITEMS,0,0,0,0,false,false,false,false,false,false,false,false,false,false,false,false,0,0,0,0,0,0,0,false,false,false,false,false,false,false,false,false,false,false,false,false,false,0,0,0,0,0,0,0,0,0,0,0,0,0
ITEM_SCO5944,0,HOLD_EFFECT_NONE,0,0,0,0,0,TYPE_NORMAL,false,false,POCKET_ITEMS,0,0,0,0,false,false,false,false,false,false,false,false,false,false,false,false,0,0,0,0,0,0,0,false,false,false,false,false,false,false,false,false,false,false,false,false,false,0,0,0,0,0,0,0,0,0,0,0,0,0
ITEM_SCO6630,0,HOLD_EFFECT_NONE,0,0,0,0,0,TYPE_NORMAL,false,false,POCKET_ITEMS,0,0,0,0,false,false,false,false,false,false,false,false,false,false,false,false,0,0,0,0,0,0,0,false,false,false,false,false,false,false,false,false,false,false,false,false,false,0,0,0,0,0,0,0,0,0,0,0,0,0
ITEM_SCO6027,0,HOLD_EFFECT_NONE,0,0,0,0,0,TYPE_NORMAL,false,false,POCKET_ITEMS,0,0,0,0,false,false,false,false,false,false,false,false,false,false,false,false,0,0,0,0,0,0,0,false,false,false,false,false,false,false,false,false,false,false,false,false,false,0,0,0,0,0,0,0,0,0,0,0,0,0
ITEM_SCO6247,0,HOLD_EFFECT_NONE,0,0,0,0,0,TYPE_NORMAL,false,false,POCKET_ITEMS,0,0,0,0,false,false,false,false,false,false,false,false,false,false,false,false,0,0,0,0,0,0,0,false,false,false,false,false,false,false,false,false,false,false,false,false,false,0,0,0,0,0,0,0,0,0,0,0,0,0
ITEM_SCO6252,0,HOLD_EFFECT_NONE,0,0,0,0,0,TYPE_NORMAL,false,false,POCKET_ITEMS,0,0,0,0,false,false,false,false,false,false,false,false,false,false,false,false,0,0,0,0,0,0,0,false,false,false,false,false,false,false,false,false,false,false,false,false,false,0,0,0,0,0,0,0,0,0,0,0,0,0
ITEM_SCO5928,0,HOLD_EFFECT_NONE,0,0,0,0,0,TYPE_NORMAL,false,false,POCKET_ITEMS,0,0,0,0,false,false,false,false,false,false,false,false,false,false,false,false,0,0,0,0,0,0,0,false,false,false,false,false,false,false,false,false,false,false,false,false,false,0,0,0,0,0,0,0,0,0,0,0,0,0
ITEM_SCO6241,0,HOLD_EFFECT_NONE,0,0,0,0,0,TYPE_NORMAL,false,false,POCKET_ITEMS,0,0,0,0,false,false,false,false,false,false,false,false,false,false,false,false,0,0,0,0,0,0,0,false,false,false,false,false,false,false,false,false,false,false,false,false,false,0,0,0,0,0,0,0,0,0,0,0,0,0
ITEM_SCO6165,0,HOLD_EFFECT_NONE,0,0,0,0,0,TYPE_NORMAL,false,false,POCKET_ITEMS,0,0,0,0,false,false,false,false,false,false,false,false,false,false,false,false,0,0,0,0,0,0,0,false,false,false,false,false,false,false,false,false,false,false,false,false,false,0,0,0,0,0,0,0,0,0,0,0,0,0
ITEM_TRI544,0,HOLD_EFFECT_NONE,0,0,0,0,0,TYPE_NORMAL,false,false,POCKET_ITEMS,0,0,0,0,false,false,false,false,false,false,false,false,false,false,false,false,0,0,0,0,0,0,0,false,false,false,false,false,false,false,false,false,false,false,false,false,false,0,0,0,0,0,0,0,0,0,0,0,0,0
ITEM_LEO3982,0,HOLD_EFFECT_NONE,0,0,0,0,0,TYPE_NORMAL,false,false,POCKET_ITEMS,0,0,0,0,false,false,false,false,false,false,false,false,false,false,false,false,0,0,0,0,0,0,0,false,false,false,false,false,false,false,false,false,false,false,false,false,false,0,0,0,0,0,0,0,0,0,0,0,0,0
ITEM_LEO4534,0,HOLD_EFFECT_NONE,0,0,0,0,0,TYPE_NORMAL,false,false,POCKET_ITEMS,0,0,0,0,false,false,false,false,false,false,false,false,false,false,false,false,0,0,0,0,0,0,0,false,false,false,false,false,false,false,false,false,false,false,false,false,false,0,0,0,0,0,0,0,0,0,0,0,0,0
ITEM_LEO4357,0,HOLD_EFFECT_NONE,0,0,0,0,0,TYPE_NORMAL,false,false,POCKET_ITEMS,0,0,0,0,false,false,false,false,false,false,false,false,false,false,false,false,0,0,0,0,0,0,0,false,false,false,false,false,false,false,false,false,false,false,false,false,false,0,0,0,0,0,0,0,0,0,0,0,0,0
ITEM_LEO4057,0,HOLD_EFFECT_NONE,0,0,0,0,0,TYPE_NORMAL,false,false,POCKET_ITEMS,0,0,0,0,false,false,false,false,false,false,false,false,false,false,false,false,0,0,0,0,0,0,0,false,false,false,false,false,false,false,false,false,false,false,false,false,false,0,0,0,0,0,0,0,0,0,0,0,0,0
ITEM_LEO4359,0,HOLD_EFFECT_NONE,0,0,0,0,0,TYPE_NORMAL,false,false,POCKET_ITEMS,0,0,0,0,false,false,false,false,false,false,false,false,false,false,false,false,0,0,0,0,0,0,0,false,false,false,false,false,false,false,false,false,false,false,false,false,false,0,0,0,0,0,0,0,0,0,0,0,0,0
ITEM_LEO4031,0,HOLD_EFFECT_NONE,0,0,0,0,0,TYPE_NORMAL,false,false,POCKET_ITEMS,0,0,0,0,false,false,false,false,false,false,false,false,false,false,false,false,0,0,0,0,0,0,0,false,false,false,false,false,false,false,false,false,false,false,false,false,false,0,0,0,0,0,0,0,0,0,0,0,0,0
ITEM_LEO3852,0,HOLD_EFFECT_NONE,0,0,0,0,0,TYPE_NORMAL,false,false,POCKET_ITEMS,0,0,0,0,false,false,false,false,false,false,false,false,false,false,false,false,0,0,0,0,0,0,0,false,false,false,false,false,false,false,false,false,false,false,false,false,false,0,0,0,0,0,0,0,0,0,0,0,0,0
ITEM_LEO3905,0,HOLD_EFFECT_NONE,0,0,0,0,0,TYPE_NORMAL,false,false,POCKET_ITEMS,0,0,0,0,false,false,false,false,false,false,false,false,false,false,false,false,0,0,0,0,0,0,0,false,false,false,false,false,false,false,false,false,false,false,false,false,false,0,0,0,0,0,0,0,0,0,0,0,0,0
ITEM_LEO3773,0,HOLD_EFFECT_NONE,0,0,0,0,0,TYPE_NORMAL,false,false,POCKET_ITEMS,0,0,0,0,false,false,false,false,false,false,false,false,false,false,false,false,0,0,0,0,0,0,0,false,false,false,false,false,false,false,false,false,false,false,false,false,false,0,0,0,0,0,0,0,0,0,0,0,0,0
ITEM_GRU8425,0,HOLD_EFFECT_NONE,0,0,0,0,0,TYPE_NORMAL,false,false,POCKET_ITEMS,0,0,0,0,false,false,false,false,false,false,false,false,false,false,false,false,0,0,0,0,0,0,0,false,false,false,false,false,false,false,false,false,false,false,false,false,false,0,0,0,0,0,0,0,0,0,0,0,0,0
ITEM_GRU8636,0,HOLD_EFFECT_NONE,0,0,0,0,0,TYPE_NORMAL,false,false,POCKET_ITEMS,0,0,0,0,false,false,false,false,false,false,false,false,false,false,false,false,0,0,0,0,0,0,0,false,false,false,false,false,false,false,false,false,false,false,false,false,false,0,0,0,0,0,0,0,0,0,0,0,0,0
ITEM_GRU8353,0,HOLD_EFFECT_NONE,0,0,0,0,0,TYPE_NORMAL,false,false,POCKET_ITEMS,0,0,0,0,false,false,false,false,false,false,false,false,false,false,false,false,0,0,0,0,0,0,0,false,false,false,false,false,false,false,false,false,false,false,false,false,false,0,0,0,0,0,0,0,0,0,0,0,0,0
ITEM_LIB5685,0,HOLD_EFFECT_NONE,0,0,0,0,0,TYPE_NORMAL,false,false,POCKET_ITEMS,0,0,0,0,false,false,false,false,false,false,false,false,false,false,false,false,0,0,0,0,0,0,0,false,false,false,false,false,false,false,false,false,false,false,false,false,false,0,0,0,0,0,0,0,0,0,0,0,0,0
ITEM_LIB5531,0,HOLD_EFFECT_NONE,0,0,0,0,0,TYPE_NORMAL,false,false,POCKET_ITEMS,0,0,0,0,false,false,false,false,false,false,false,false,false,false,false,false,0,0,0,0,0,0,0,false,false,false,false,false,false,false,false,false,false,false,false,false,false,0,0,0,0,0,0,0,0,0,0,0,0,0
ITEM_LIB5787,0,HOLD_EFFECT_NONE,0,0,0,0,0,TYPE_NORMAL,false,false,POCKET_ITEMS,0,0,0,0,false,false,false,false,false,false,false,false,false,false,false,false,0,0,0,0,0,0,0,false,false,false,false,false,false,false,false,false,false,false,false,false,false,0,0,0,0,0,0,0,0,0,0,0,0,0
ITEM_LIB5603,0,HOLD_EFFECT_NONE,0,0,0,0,0,TYPE_NORMAL,false,false,POCKET_ITEMS,0,0,0,0,false,false,false,false,false,false,false,false,false,false,false,false,0,0,0,0,0,0,0,false,false,false,false,false,false,false,false,false,false,false,false,false,false,0,0,0,0,0,0,0,0,0,0,0,0,0
ITEM_PUP3165,0,HOLD_EFFECT_NONE,0,0,0,0,0,TYPE_NORMAL,false,false,POCKET_ITEMS,0,0,0,0,false,false,false,false,false,false,false,false,false,false,false,false,0,0,0,0,0,0,0,false,false,false,false,false,false,false,false,false,false,false,false,false,false,0,0,0,0,0,0,0,0,0,0,0,0,0
ITEM_PUP3185,0,HOLD_EFFECT_NONE,0,0,0,0,0,TYPE_NORMAL,false,false,POCKET_ITEMS,0,0,0,0,false,false,false,false,false,false,false,false,false,false,false,false,0,0,0,0,0,0,0,false,false,false,false,false,false,false,false,false,false,false,false,false,false,0,0,0,0,0,0,0,0,0,0,0,0,0
ITEM_PUP3045,0,HOLD_EFFECT_NONE,0,0,0,0,0,TYPE_NORMAL,false,false,POCKET_ITEMS,0,0,0,0,false,false,false,false,false,false,false,false,false,false,false,false,0,0,0,0,0,0,0,false,false,false,false,false,false,false,false,false,false,false,false,false,false,0,0,0,0,0,0,0,0,0,0,0,0,0
ITEM_CYG7924,0,HOLD_EFFECT_NONE,0,0,0,0,0,TYPE_NORMAL,false,false,POCKET_ITEMS,0,0,0,0,false,false,false,false,false,false,false,false,false,false,false,false,0,0,0,0,0,0,0,false,false,false,false,false,false,false,false,false,false,false,false,false,false,0,0,0,0,0,0,0,0,0,0,0,0,0
ITEM_CYG7417,0,HOLD_EFFECT_NONE,0,0,0,0,0,TYPE_NORMAL,false,false,POCKET_ITEMS,0,0,0,0,false,false,false,false,false,false,false,false,false,false,false,false,0,0,0,0,0,0,0,false,false,false,false,false,false,false,false,false,false,false,false,false,false,0,0,0,0,0,0,0,0,0,0,0,0,0
ITEM_CYG7796,0,HOLD_EFFECT_NONE,0,0,0,0,0,TYPE_NORMAL,false,false,POCKET_ITEMS,0,0,0,0,false,false,false,false,false,false,false,false,false,false,false,false,0,0,0,0,0,0,0,false,false,false,false,false,false,false,false,false,false,false,false,false,false,0,0,0,0,0,0,0,0,0,0,0,0,0
ITEM_CYG8301,0,HOLD_EFFECT_NONE,0,0,0,0,0,TYPE_NORMAL,false,false,POCKET_ITEMS,0,0,0,0,false,false,false,false,false,false,false,false,false,false,false,false,0,0,0,0,0,0,0,false,false,false,false,false,false,false,false,false,false,false,false,false,false,0,0,0,0,0,0,0,0,0,0,0,0,0
ITEM_CYG7949,0,HOLD_EFFECT_NONE,0,0,0,0,0,TYPE_NORMAL,false,false,POCKET_ITEMS,0,0,0,0,false,false,false,false,false,false,false,false,false,false,false,false,0,0,0,0,0,0,0,false,false,false,false,false,false,false,false,false,false,false,false,false,false,0,0,0,0,0,0,0,0,0,0,0,0,0
ITEM_CYG7528,0,HOLD_EFFECT_NONE,0,0,0,0,0,TYPE_NORMAL,false,false,POCKET_ITEMS,0,0,0,0,false,false,false,false,false,false,false,false,false,false,false,false,0,0,0,0,0,0,0,false,false,false,false,false,false,false,false,false,false,false,false,false,false,0,0,0,0,0,0,0,0,0,0,0,0,0
ITEM_OCT7228,0,HOLD_EFFECT_NONE,0,0,0,0,0,TYPE_NORMAL,false,false,POCKET_ITEMS,0,0,0,0,false,false,false,false,false,false,false,false,false,false,false,false,0,0,0,0,0,0,0,false,false,false,false,false,false,false,false,false,false,false,false,false,false,0,0,0,0,0,0,0,0,0,0,0,0,0
ITEM_COL1956,0,HOLD_EFFECT_NONE,0,0,0,0,0,TYPE_NORMAL,false,false,POCKET_ITEMS,0,0,0,0,false,false,false,false,false,false,false,false,false,false,false,false,0,0,0,0,0,0,0,false,false,false,false,false,false,false,false,false,false,false,false,false,false,0,0,0,0,0,0,0,0,0,0,0,0,0
ITEM_COL2040,0,HOLD_EFFECT_NONE,0,0,0,0,0,TYPE_NORMAL,false,false,POCKET_ITEMS,0,0,0,0,false,false,false,false,false,false,false,false,false,false,false,false,0,0,0,0,0,0,0,false,false,false,false,false,false,false,false,false,false,false,false,false,false,0,0,0,0,0,0,0,0,0,0,0,0,0
ITEM_COL2177,0,HOLD_EFFECT_NONE,0,0,0,0,0,TYPE_NORMAL,false,false,POCKET_ITEMS,0,0,0,0,false,false,false,false,false,false,false,false,false,false,false,false,0,0,0,0,0,0,0,false,false,false,false,false,false,false,false,false,false,false,false,false,false,0,0,0,0,0,0,0,0,0,0,0,0,0
ITEM_GEM2990,0,HOLD_EFFECT_NONE,0,0,0,0,0,TYPE_NORMAL,false,false,POCKET_ITEMS,0,0,0,0,false,false,false,false,false,false,false,false,false,false,false,false,0,0,0,0,0,0,0,false,false,false,false,false,false,false,false,false,false,false,false,false,false,0,0,0,0,0,0,0,0,0,0,0,0,0
ITEM_GEM2891,0,HOLD_EFFECT_NONE,0,0,0,0,0,TYPE_NORMAL,false,false,POCKET_ITEMS,0,0,0,0,false,false,false,false,false,false,false,false,false,false,false,false,0,0,0,0,0,0,0,false,false,false,false,false,false,false,false,false,false,false,false,false,false,0,0,0,0,0,0,0,0,0,0,0,0,0
ITEM_GEM2421,0,HOLD_EFFECT_NONE,0,0,0,0,0,TYPE_NORMAL,false,false,POCKET_ITEMS,0,0,0,0,false,false,false,false,false,false,false,false,false,false,false,false,0,0,0,0,0,0,0,false,false,false,false,false,false,false,false,false,false,false,false,false,false,0,0,0,0,0,0,0,0,0,0,0,0,0
ITEM_GEM2473,0,HOLD_EFFECT_NONE,0,0,0,0,0,TYPE_NORMAL,false,false,POCKET_ITEMS,0,0,0,0,false,false,false,false,false,false,false,false,false,false,false,false,0,0,0,0,0,0,0,false,false,false,false,false,false,false,false,false,false,false,false,false,false,0,0,0,0,0,0,0,0,0,0,0,0,0
ITEM_GEM2216,0,HOLD_EFFECT_NONE,0,0,0,0,0,TYPE_NORMAL,false,false,POCKET_ITEMS,0,0,0,0,false,false,false,false,false,false,false,false,false,false,false,false,0,0,0,0,0,0,0,false,false,false,false,false,false,false,false,false,false,false,false,false,false,0,0,0,0,0,0,0,0,0,0,0,0,0
ITEM_GEM2777,0,HOLD_EFFECT_NONE,0,0,0,0,0,TYPE_NORMAL,false,false,POCKET_ITEMS,0,0,0,0,false,false,false,false,false,false,false,false,false,false,false,false,0,0,0,0,0,0,0,false,false,false,false,false,false,false,false,false,false,false,false,false,false,0,0,0,0,0,0,0,0,0,0,0,0,0
ITEM_GEM2650,0,HOLD_EFFECT_NONE,0,0,0,0,0,TYPE_NORMAL,false,false,POCKET_ITEMS,0,0,0,0,false,false,false,false,false,false,false,false,false,false,false,false,0,0,0,0,0,0,0,false,false,false,false,false,false,false,false,false,false,false,false,false,false,0,0,0,0,0,0,0,0,0,0,0,0,0
ITEM_GEM2286,0,HOLD_EFFECT_NONE,0,0,0,0,0,TYPE_NORMAL,false,false,POCKET_ITEMS,0,0,0,0,false,false,false,false,false,false,false,false,false,false,false,false,0,0,0,0,0,0,0,false,false,false,false,false,false,false,false,false,false,false,false,false,false,0,0,0,0,0,0,0,0,0,0,0,0,0
ITEM_GEM2484,0,HOLD_EFFECT_NONE,0,0,0,0,0,TYPE_NORMAL,false,false,POCKET_ITEMS,0,0,0,0,false,false,false,false,false,false,false,false,false,false,false,false,0,0,0,0,0,0,0,false,false,false,false,false,false,false,false,false,false,false,false,false,false,0,0,0,0,0,0,0,0,0,0,0,0,0
ITEM_GEM2930,0,HOLD_EFFECT_NONE,0,0,0,0,0,TYPE_NORMAL,false,false,POCKET_ITEMS,0,0,0,0,false,false,false,false,false,false,false,false,false,false,false,false,0,0,0,0,0,0,0,false,false,false,false,false,false,false,false,false,false,false,false,false,false,0,0,0,0,0,0,0,0,0,0,0,0,0
ITEM_PEG8775,0,HOLD_EFFECT_NONE,0,0,0,0,0,TYPE_NORMAL,false,false,POCKET_ITEMS,0,0,0,0,false,false,false,false,false,false,false,false,false,false,false,false,0,0,0,0,0,0,0,false,false,false,false,false,false,false,false,false,false,false,false,false,false,0,0,0,0,0,0,0,0,0,0,0,0,0
ITEM_PEG8781,0,HOLD_EFFECT_NONE,0,0,0,0,0,TYPE_NORMAL,false,false,POCKET_ITEMS,0,0,0,0,false,false,false,false,false,false,false,false,false,false,false,false,0,0,0,0,0,0,0,false,false,false,false,false,false,false,false,false,false,false,false,false,false,0,0,0,0,0,0,0,0,0,0,0,0,0
ITEM_PEG39,0,HOLD_EFFECT_NONE,0,0,0,0,0,TYPE_NORMAL,false,false,POCKET_ITEMS,0,0,0,0,false,false,false,false,false,false,false,false,false,false,false,false,0,0,0,0,0,0,0,false,false,false,false,false,false,false,false,false,false,false,false,false,false,0,0,0,0,0,0,0,0,0,0,0,0,0
ITEM_PEG8308,0,HOLD_EFFECT_NONE,0,0,0,0,0,TYPE_NORMAL,false,false,POCKET_ITEMS,0,0,0,0,false,false,false,false,false,false,false,false,false,false,false,false,0,0,0,0,0,0,0,false,false,false,false,false,false,false,false,false,false,false,false,false,false,0,0,0,0,0,0,0,0,0,0,0,0,0
ITEM_PEG8650,0,HOLD_EFFECT_NONE,0,0,0,0,0,TYPE_NORMAL,false,false,POCKET_ITEMS,0,0,0,0,false,false,false,false,false,false,false,false,false,false,false,false,0,0,0,0,0,0,0,false,false,false,false,false,false,false,false,false,false,false,false,false,false,0,0,0,0,0,0,0,0,0,0,0,0,0
ITEM_PEG8634,0,HOLD_EFFECT_NONE,0,0,0,0,0,TYPE_NORMAL,false,false,POCKET_ITEMS,0,0,0,0,false,false,false,false,false,false,false,false,false,false,false,false,0,0,0,0,0,0,0,false,false,false,false,false,false,false,false,false,false,false,false,false,false,0,0,0,0,0,0,0,0,0,0,0,0,0
ITEM_PEG8684,0,HOLD_EFFECT_NONE,0,0,0,0,0,TYPE_NORMAL,false,false,POCKET_ITEMS,0,0,0,0,false,false,false,false,false,false,false,false,false,false,false,false,0,0,0,0,0,0,0,false,false,false,false,false,false,false,false,false,false,false,false,false,false,0,0,0,0,0,0,0,0,0,0,0,0,0
ITEM_PEG8450,0,HOLD_EFFECT_NONE,0,0,0,0,0,TYPE_NORMAL,false,false,POCKET_ITEMS,0,0,0,0,false,false,false,false,false,false,false,false,false,false,false,false,0,0,0,0,0,0,0,false,false,false,false,false,false,false,false,false,false,false,false,false,false,0,0,0,0,0,0,0,0,0,0,0,0,0
ITEM_PEG8880,0,HOLD_EFFECT_NONE,0,0,0,0,0,TYPE_NORMAL,false,false,POCKET_ITEMS,0,0,0,0,false,false,false,false,false,false,false,false,false,false,false,false,0,0,0,0,0,0,0,false,false,false,false,false,false,false,false,false,false,false,false,false,false,0,0,0,0,0,0,0,0,0,0,0,0,0
ITEM_PEG8905,0,HOLD_EFFECT_NONE,0,0,0,0,0,TYPE_NORMAL,false,false,POCKET_ITEMS,0,0,0,0,false,false,false,false,false,false,false,false,false,false,false,false,0,0,0,0,0,0,0,false,false,false,false,false,false,false,false,false,false,false,false,false,false,0,0,0,0,0,0,0,0,0,0,0,0,0
ITEM_OPH6556,0,HOLD_EFFECT_NONE,0,0,0,0,0,TYPE_NORMAL,false,false,POCKET_ITEMS,0,0,0,0,false,false,false,false,false,false,false,false,false,false,false,false,0,0,0,0,0,0,0,false,false,false,false,false,false,false,false,false,false,false,false,false,false,0,0,0,0,0,0,0,0,0,0,0,0,0
ITEM_OPH6378,0,HOLD_EFFECT_NONE,0,0,0,0,0,TYPE_NORMAL,false,false,POCKET_ITEMS,0,0,0,0,false,false,false,false,false,false,false,false,false,false,false,false,0,0,0,0,0,0,0,false,false,false,false,false,false,false,false,false,false,false,false,false,false,0,0,0,0,0,0,0,0,0,0,0,0,0
ITEM_OPH6603,0,HOLD_EFFECT_NONE,0,0,0,0,0,TYPE_NORMAL,false,false,POCKET_ITEMS,0,0,0,0,false,false,false,false,false,false,false,false,false,false,false,false,0,0,0,0,0,0,0,false,false,false,false,false,false,false,false,false,false,false,false,false,false,0,0,0,0,0,0,0,0,0,0,0,0,0
ITEM_OPH6149,0,HOLD_EFFECT_NONE,0,0,0,0,0,TYPE_NORMAL,false,false,POCKET_ITEMS,0,0,0,0,false,false,false,false,false,false,false,false,false,false,false,false,0,0,0,0,0,0,0,false,false,false,false,false,false,false,false,false,false,false,false,false,false,0,0,0,0,0,0,0,0,0,0,0,0,0
ITEM_OPH6056,0,HOLD_EFFECT_NONE,0,0,0,0,0,TYPE_NORMAL,false,false,POCKET_ITEMS,0,0,0,0,false,false,false,false,false,false,false,false,false,false,false,false,0,0,0,0,0,0,0,false,false,false,false,false,false,false,false,false,false,false,false,false,false,0,0,0,0,0,0,0,0,0,0,0,0,0
ITEM_OPH6075,0,HOLD_EFFECT_NONE,0,0,0,0,0,TYPE_NORMAL,false,false,POCKET_ITEMS,0,0,0,0,false,false,false,false,false,false,false,false,false,false,false,false,0,0,0,0,0,0,0,false,false,false,false,false,false,false,false,false,false,false,false,false,false,0,0,0,0,0,0,0,0,0,0,0,0,0
ITEM_SER5854,0,HOLD_EFFECT_NONE,0,0,0,0,0,TYPE_NORMAL,false,false,POCKET_ITEMS,0,0,0,0,false,false,false,false,false,false,false,false,false,false,false,false,0,0,0,0,0,0,0,false,false,false,false,false,false,false,false,false,false,false,false,false,false,0,0,0,0,0,0,0,0,0,0,0,0,0
ITEM_SER7141,0,HOLD_EFFECT_NONE,0,0,0,0,0,TYPE_NORMAL,false,false,POCKET_ITEMS,0,0,0,0,false,false,false,false,false,false,false,false,false,false,false,false,0,0,0,0,0,0,0,false,false,false,false,false,false,false,false,false,false,false,false,false,false,0,0,0,0,0,0,0,0,0,0,0,0,0
ITEM_SER5879,0,HOLD_EFFECT_NONE,0,0,0,0,0,TYPE_NORMAL,false,false,POCKET_ITEMS,0,0,0,0,false,false,false,false,false,false,false,false,false,false,false,false,0,0,0,0,0,0,0,false,false,false,false,false,false,false,false,false,false,false,false,false,false,0,0,0,0,0,0,0,0,0,0,0,0,0
ITEM_HER6406,0,HOLD_EFFECT_NONE,0,0,0,0,0,TYPE_NORMAL,false,false,POCKET_ITEMS,0,0,0,0,false,false,false,false,false,false,false,false,false,false,false,false,0,0,0,0,0,0,0,false,false,false,false,false,false,false,false,false,false,false,false,false,false,0,0,0,0,0,0,0,0,0,0,0,0,0
ITEM_HER6148,0,HOLD_EFFECT_NONE,0,0,0,0,0,TYPE_NORMAL,false,false,POCKET_ITEMS,0,0,0,0,false,false,false,false,false,false,false,false,false,false,false,false,0,0,0,0,0,0,0,false,false,false,false,false,false,false,false,false,false,false,false,false,false,0,0,0,0,0,0,0,0,0,0,0,0,0
ITEM_HER6410,0,HOLD_EFFECT_NONE,0,0,0,0,0,TYPE_NORMAL,false,false,POCKET_ITEMS,0,0,0,0,false,false,false,false,false,false,false,false,false,false,false,false,0,0,0,0,0,0,0,false,false,false,false,false,false,false,false,false,false,false,false,false,false,0,0,0,0,0,0,0,0,0,0,0,0,0
ITEM_HER6526,0,HOLD_EFFECT_NONE,0,0,0,0,0,TYPE_NORMAL,false,false,POCKET_ITEMS,0,0,0,0,false,false,false,false,false,false,false,false,false,false,false,false,0,0,0,0,0,0,0,false,false,false,false,false,false,false,false,false,false,false,false,false,false,0,0,0,0,0,0,0,0,0,0,0,0,0
ITEM_HER6117,0,HOLD_EFFECT_NONE,0,0,0,0,0,TYPE_NORMAL,false,false,POCKET_ITEMS,0,0,0,0,false,false,false,false,false,false,false,false,false,false,false,false,0,0,0,0,0,0,0,false,false,false,false,false,false,false,false,false,false,false,false,false,false,0,0,0,0,0,0,0,0,0,0,0,0,0
ITEM_HER6008,0,HOLD_EFFECT_NONE,0,0,0,0,0,TYPE_NORMAL,false,false,POCKET_ITEMS,0,0,0,0,false,false,false,false,false,false,false,false,false,false,false,false,0,0,0,0,0,0,0,false,false,false,false,false,false,false,false,false,false,false,false,false,false,0,0,0,0,0,0,0,0,0,0,0,0,0
ITEM_PER936,0,HOLD_EFFECT_NONE,0,0,0,0,0,TYPE_NORMAL,false,false,POCKET_ITEMS,0,0,0,0,false,false,false,false,false,false,false,false,false,false,false,false,0,0,0,0,0,0,0,false,false,false,false,false,false,false,false,false,false,false,false,false,false,0,0,0,0,0,0,0,0,0,0,0,0,0
ITEM_PER1017,0,HOLD_EFFECT_NONE,0,0,0,0,0,TYPE_NORMAL,false,false,POCKET_ITEMS,0,0,0,0,false,false,false,false,false,false,false,false,false,false,false,false,0,0,0,0,0,0,0,false,false,false,false,false,false,false,false,false,false,false,false,false,false,0,0,0,0,0,0,0,0,0,0,0,0,0
ITEM_PER1131,0,HOLD_EFFECT_NONE,0,0,0,0,0,TYPE_NORMAL,false,false,POCKET_ITEMS,0,0,0,0,false,false,false,false,false,false,false,false,false,false,false,false,0,0,0,0,0,0,0,false,false,false,false,false,false,false,false,false,false,false,false,false,false,0,0,0,0,0,0,0,0,0,0,0,0,0
ITEM_PER1228,0,HOLD_EFFECT_NONE,0,0,0,0,0,TYPE_NORMAL,false,false,POCKET_ITEMS,0,0,0,0,false,false,false,false,false,false,false,false,false,false,false,false,0,0,0,0,0,0,0,false,false,false,false,false,false,false,false,false,false,false,false,false,false,0,0,0,0,0,0,0,0,0,0,0,0,0
ITEM_PER834,0,HOLD_EFFECT_NONE,0,0,0,0,0,TYPE_NORMAL,false,false,POCKET_ITEMS,0,0,0,0,false,false,false,false,false,false,false,false,false,false,false,false,0,0,0,0,0,0,0,false,false,false,false,false,false,false,false,false,false,false,false,false,false,0,0,0,0,0,0,0,0,0,0,0,0,0
ITEM_PER941,0,HOLD_EFFECT_NONE,0,0,0,0,0,TYPE_NORMAL,false,false,POCKET_ITEMS,0,0,0,0,false,false,false,false,false,false,false,false,false,false,false,false,0,0,0,0,0,0,0,false,false,false,false,false,false,false,false,false,false,false,false,false,false,0,0,0,0,0,0,0,0,0,0,0,0,0
ITEM_PHE99,0,HOLD_EFFECT_NONE,0,0,0,0,0,TYPE_NORMAL,false,false,POCKET_ITEMS,0,0,0,0,false,false,false,false,false,false,false,false,false,false,false,false,0,0,0,0,0,0,0,false,false,false,false,false,false,false,false,false,false,false,false,false,false,0,0,0,0,0,0,0,0,0,0,0,0,0
ITEM_PHE338,0,HOLD_EFFECT_NONE,0,0,0,0,0,TYPE_NORMAL,false,false,POCKET_ITEMS,0,0,0,0,false,false,false,false,false,false,false,false,false,false,false,false,0,0,0,0,0,0,0,false,false,false,false,false,false,false,false,false,false,false,false,false,false,0,0,0,0,0,0,0,0,0,0,0,0,0
ITEM_VEL3634,0,HOLD_EFFECT_NONE,0,0,0,0,0,TYPE_NORMAL,false,false,POCKET_ITEMS,0,0,0,0,false,false,false,false,false,false,false,false,false,false,false,false,0,0,0,0,0,0,0,false,false,false,false,false,false,false,false,false,false,false,false,false,false,0,0,0,0,0,0,0,0,0,0,0,0,0
ITEM_VEL3485,0,HOLD_EFFECT_NONE,0,0,0,0,0,TYPE_NORMAL,false,false,POCKET_ITEMS,0,0,0,0,false,false,false,false,false,false,false,false,false,false,false,false,0,0,0,0,0,0,0,false,false,false,false,false,false,false,false,false,false,false,false,false,false,0,0,0,0,0,0,0,0,0,0,0,0,0
ITEM_VEL3734,0,HOLD_EFFECT_NONE,0,0,0,0,0,TYPE_NORMAL,false,false,POCKET_ITEMS,0,0,0,0,false,false,false,false,false,false,false,false,false,false,false,false,0,0,0,0,0,0,0,false,false,false,false,false,false,false,false,false,false,false,false,false,false,0,0,0,0,0,0,0,0,0,0,0,0,0
ITEM_AQR8232,0,HOLD_EFFECT_NONE,0,0,0,0,0,TYPE_NORMAL,false,false,POCKET_ITEMS,0,0,0,0,false,false,false,false,false,false,false,false,false,false,false,false,0,0,0,0,0,0,0,false,false,false,false,false,false,false,false,false,false,false,false,false,false,0,0,0,0,0,0,0,0,0,0,0,0,0
ITEM_AQR8414,0,HOLD_EFFECT_NONE,0,0,0,0,0,TYPE_NORMAL,false,false,POCKET_ITEMS,0,0,0,0,false,false,false,false,false,false,false,false,false,false,false,false,0,0,0,0,0,0,0,false,false,false,false,false,false,false,false,false,false,false,false,false,false,0,0,0,0,0,0,0,0,0,0,0,0,0
ITEM_AQR8709,0,HOLD_EFFECT_NONE,0,0,0,0,0,TYPE_NORMAL,false,false,POCKET_ITEMS,0,0,0,0,false,false,false,false,false,false,false,false,false,false,false,false,0,0,0,0,0,0,0,false,false,false,false,false,false,false,false,false,false,false,false,false,false,0,0,0,0,0,0,0,0,0,0,0,0,0
ITEM_AQR8518,0,HOLD_EFFECT_NONE,0,0,0,0,0,TYPE_NORMAL,false,false,POCKET_ITEMS,0,0,0,0,false,false,false,false,false,false,false,false,false,false,false,false,0,0,0,0,0,0,0,false,false,false,false,false,false,false,false,false,false,false,false,false,false,0,0,0,0,0,0,0,0,0,0,0,0,0
ITEM_AQR7950,0,HOLD_EFFECT_NONE,0,0,0,0,0,TYPE_NORMAL,false,false,POCKET_ITEMS,0,0,0,0,false,false,false,false,false,false,false,false,false,false,false,false,0,0,0,0,0,0,0,false,false,false,false,false,false,false,false,false,false,false,false,false,false,0,0,0,0,0,0,0,0,0,0,0,0,0
ITEM_AQR8499,0,HOLD_EFFECT_NONE,0,0,0,0,0,TYPE_NORMAL,false,false,POCKET_ITEMS,0,0,0,0,false,false,false,false,false,false,false,false,false,false,false,false,0,0,0,0,0,0,0,false,false,false,false,false,false,false,false,false,false,false,false,false,false,0,0,0,0,0,0,0,0,0,0,0,0,0
ITEM_AQR8610,0,HOLD_EFFECT_NONE,0,0,0,0,0,TYPE_NORMAL,false,false,POCKET_ITEMS,0,0,0,0,false,false,false,false,false,false,false,false,false,false,false,false,0,0,0,0,0,0,0,false,false,false,false,false,false,false,false,false,false,false,false,false,false,0,0,0,0,0,0,0,0,0,0,0,0,0
ITEM_AQR8264,0,HOLD_EFFECT_NONE,0,0,0,0,0,TYPE_NORMAL,false,false,POCKET_ITEMS,0,0,0,0,false,false,false,false,false,false,false,false,false,false,false,false,0,0,0,0,0,0,0,false,false,false,false,false,false,false,false,false,false,false,false,false,false,0,0,0,0,0,0,0,0,0,0,0,0,0
ITEM_CRU4853,0,HOLD_EFFECT_NONE,0,0,0,0,0,TYPE_NORMAL,false,false,POCKET_ITEMS,0,0,0,0,false,false,false,false,false,false,false,false,false,false,false,false,0,0,0,0,0,0,0,false,false,false,false,false,false,false,false,false,false,false,false,false,false,0,0,0,0,0,0,0,0,0,0,0,0,0
ITEM_CRU4730,0,HOLD_EFFECT_NONE,0,0,0,0,0,TYPE_NORMAL,false,false,POCKET_ITEMS,0,0,0,0,false,false,false,false,false,false,false,false,false,false,false,false,0,0,0,0,0,0,0,false,false,false,false,false,false,false,false,false,false,false,false,false,false,0,0,0,0,0,0,0,0,0,0,0,0,0
ITEM_CRU4763,0,HOLD_EFFECT_NONE,0,0,0,0,0,TYPE_NORMAL,false,false,POCKET_ITEMS,0,0,0,0,false,false,false,false,false,false,false,false,false,false,false,false,0,0,0,0,0,0,0,false,false,false,false,false,false,false,false,false,false,false,false,false,false,0,0,0,0,0,0,0,0,0,0,0,0,0
ITEM_CRU4700,0,HOLD_EFFECT_NONE,0,0,0,0,0,TYPE_NORMAL,false,false,POCKET_ITEMS,0,0,0,0,false,false,false,false,false,false,false,false,false,false,false,false,0,0,0,0,0,0,0,false,false,false,false,false,false,false,false,false,false,false,false,false,false,0,0,0,0,0,0,0,0,0,0,0,0,0
ITEM_CRU4656,0,HOLD_EFFECT_NONE,0,0,0,0,0,TYPE_NORMAL,false,false,POCKET_ITEMS,0,0,0,0,false,false,false,false,false,false,false,false,false,false,false,false,0,0,0,0,0,0,0,false,false,false,false,false,false,false,false,false,false,false,false,false,false,0,0,0,0,0,0,0,0,0,0,0,0,0
ITEM_PSA8728,0,HOLD_EFFECT_NONE,0,0,0,0,0,TYPE_NORMAL,false,false,POCKET_ITEMS,0,0,0,0,false,false,false,false,false,false,false,false,false,false,false,false,0,0,0,0,0,0,0,false,false,false,false,false,false,false,false,false,false,false,false,false,false,0,0,0,0,0,0,0,0,0,0,0,0,0
ITEM_TRA6217,0,HOLD_EFFECT_NONE,0,0,0,0,0,TYPE_NORMAL,false,false,POCKET_ITEMS,0,0,0,0,false,false,false,false,false,false,false,false,false,false,false,false,0,0,0,0,0,0,0,false,false,false,false,false,false,false,false,false,false,false,false,false,false,0,0,0,0,0,0,0,0,0,0,0,0,0
ITEM_CAP7776,0,HOLD_EFFECT_NONE,0,0,0,0,0,TYPE_NORMAL,false,false,POCKET_ITEMS,0,0,0,0,false,false,false,false,false,false,false,false,false,false,false,false,0,0,0,0,0,0,0,false,false,false,false,false,false,false,false,false,false,false,false,false,false,0,0,0,0,0,0,0,0,0,0,0,0,0
ITEM_CAP7754,0,HOLD_EFFECT_NONE,0,0,0,0,0,TYPE_NORMAL,false,false,POCKET_ITEMS,0,0,0,0,false,false,false,false,false,false,false,false,false,false,false,false,0,0,0,0,0,0,0,false,false,false,false,false,false,false,false,false,false,false,false,false,false,0,0,0,0,0,0,0,0,0,0,0,0,0
ITEM_CAP8278,0,HOLD_EFFECT_NONE,0,0,0,0,0,TYPE_NORMAL,false,false,POCKET_ITEMS,0,0,0,0,false,false,false,false,false,false,false,false,false,false,false,false,0,0,0,0,0,0,0,false,false,false,false,false,false,false,false,false,false,false,false,false,false,0,0,0,0,0,0,0,0,0,0,0,0,0
ITEM_CAP8322,0,HOLD_EFFECT_NONE,0,0,0,0,0,TYPE_NORMAL,false,false,POCKET_ITEMS,0,0,0,0,false,false,false,false,false,false,false,false,false,false,false,false,0,0,0,0,0,0,0,false,false,false,false,false,false,false,false,false,false,false,false,false,false,0,0,0,0,0,0,0,0,0,0,0,0,0
ITEM_CAP7773,0,HOLD_EFFECT_NONE,0,0,0,0,0,TYPE_NORMAL,false,false,POCKET_ITEMS,0,0,0,0,false,false,false,false,false,false,false,false,false,false,false,false,0,0,0,0,0,0,0,false,false,false,false,false,false,false,false,false,false,false,false,false,false,0,0,0,0,0,0,0,0,0,0,0,0,0
ITEM_SGE7479,0,HOLD_EFFECT_NONE,0,0,0,0,0,TYPE_NORMAL,false,false,POCKET_ITEMS,0,0,0,0,false,false,false,false,false,false,false,false,false,false,false,false,0,0,0,0,0,0,0,false,false,false,false,false,false,false,false,false,false,false,false,false,false,0,0,0,0,0,0,0,0,0,0,0,0,0
ITEM_CAR2326,0,HOLD_EFFECT_NONE,0,0,0,0,0,TYPE_NORMAL,false,false,POCKET_ITEMS,0,0,0,0,false,false,false,false,false,false,false,false,false,false,false,false,0,0,0,0,0,0,0,false,false,false,false,false,false,false,false,false,false,false,false,false,false,0,0,0,0,0,0,0,0,0,0,0,0,0
ITEM_CAR3685,0,HOLD_EFFECT_NONE,0,0,0,0,0,TYPE_NORMAL,false,false,POCKET_ITEMS,0,0,0,0,false,false,false,false,false,false,false,false,false,false,false,false,0,0,0,0,0,0,0,false,false,false,false,false,false,false,false,false,false,false,false,false,false,0,0,0,0,0,0,0,0,0,0,0,0,0
ITEM_CAR3307,0,HOLD_EFFECT_NONE,0,0,0,0,0,TYPE_NORMAL,false,false,POCKET_ITEMS,0,0,0,0,false,false,false,false,false,false,false,false,false,false,false,false,0,0,0,0,0,0,0,false,false,false,false,false,false,false,false,false,false,false,false,false,false,0,0,0,0,0,0,0,0,0,0,0,0,0
ITEM_CAR3699,0,HOLD_EFFECT_NONE,0,0,0,0,0,TYPE_NORMAL,false,false,POCKET_ITEMS,0,0,0,0,false,false,false,false,false,false,false,false,false,false,false,false,0,0,0,0,0,0,0,false,false,false,false,false,false,false,false,false,false,false,false,false,false,0,0,0,0,0,0,0,0,0,0,0,0,0
ITEM_DRA5744,0,HOLD_EFFECT_NONE,0,0,0,0,0,TYPE_NORMAL,false,false,POCKET_ITEMS,0,0,0,0,false,false,false,false,false,false,false,false,false,false,false,false,0,0,0,0,0,0,0,false,false,false,false,false,false,false,false,false,false,false,false,false,false,0,0,0,0,0,0,0,0,0,0,0,0,0
ITEM_DRA5291,0,HOLD_EFFECT_NONE,0,0,0,0,0,TYPE_NORMAL,false,false,POCKET_ITEMS,0,0,0,0,false,false,false,false,false,false,false,false,false,false,false,false,0,0,0,0,0,0,0,false,false,false,false,false,false,false,false,false,false,false,false,false,false,0,0,0,0,0,0,0,0,0,0,0,0,0
ITEM_DRA6705,0,HOLD_EFFECT_NONE,0,0,0,0,0,TYPE_NORMAL,false,false,POCKET_ITEMS,0,0,0,0,false,false,false,false,false,false,false,false,false,false,false,false,0,0,0,0,0,0,0,false,false,false,false,false,false,false,false,false,false,false,false,false,false,0,0,0,0,0,0,0,0,0,0,0,0,0
ITEM_DRA6536,0,HOLD_EFFECT_NONE,0,0,0,0,0,TYPE_NORMAL,false,false,POCKET_ITEMS,0,0,0,0,false,false,false,false,false,false,false,false,false,false,false,false,0,0,0,0,0,0,0,false,false,false,false,false,false,false,false,false,false,false,false,false,false,0,0,0,0,0,0,0,0,0,0,0,0,0
ITEM_DRA7310,0,HOLD_EFFECT_NONE,0,0,0,0,0,TYPE_NORMAL,false,false,POCKET_ITEMS,0,0,0,0,false,false,false,false,false,false,false,false,false,false,false,false,0,0,0,0,0,0,0,false,false,false,false,false,false,false,false,false,false,false,false,false,false,0,0,0,0,0,0,0,0,0,0,0,0,0
ITEM_DRA6688,0,HOLD_EFFECT_NONE,0,0,0,0,0,TYPE_NORMAL,false,false,POCKET_ITEMS,0,0,0,0,false,false,false,false,false,false,false,false,false,false,false,false,0,0,0,0,0,0,0,false,false,false,false,false,false,false,false,false,false,false,false,false,false,0,0,0,0,0,0,0,0,0,0,0,0,0
ITEM_DRA4434,0,HOLD_EFFECT_NONE,0,0,0,0,0,TYPE_NORMAL,false,false,POCKET_ITEMS,0,0,0,0,false,false,false,false,false,false,false,false,false,false,false,false,0,0,0,0,0,0,0,false,false,false,false,false,false,false,false,false,false,false,false,false,false,0,0,0,0,0,0,0,0,0,0,0,0,0
ITEM_DRA6370,0,HOLD_EFFECT_NONE,0,0,0,0,0,TYPE_NORMAL,false,false,POCKET_ITEMS,0,0,0,0,false,false,false,false,false,false,false,false,false,false,false,false,0,0,0,0,0,0,0,false,false,false,false,false,false,false,false,false,false,false,false,false,false,0,0,0,0,0,0,0,0,0,0,0,0,0
ITEM_DRA7462,0,HOLD_EFFECT_NONE,0,0,0,0,0,TYPE_NORMAL,false,false,POCKET_ITEMS,0,0,0,0,false,false,false,false,false,false,false,false,false,false,false,false,0,0,0,0,0,0,0,false,false,false,false,false,false,false,false,false,false,false,false,false,false,0,0,0,0,0,0,0,0,0,0,0,0,0
ITEM_DRA6396,0,HOLD_EFFECT_NONE,0,0,0,0,0,TYPE_NORMAL,false,false,POCKET_ITEMS,0,0,0,0,false,false,false,false,false,false,false,false,false,false,false,false,0,0,0,0,0,0,0,false,false,false,false,false,false,false,false,false,false,false,false,false,false,0,0,0,0,0,0,0,0,0,0,0,0,0
ITEM_DRA6132,0,HOLD_EFFECT_NONE,0,0,0,0,0,TYPE_NORMAL,false,false,POCKET_ITEMS,0,0,0,0,false,false,false,false,false,false,false,false,false,false,false,false,0,0,0,0,0,0,0,false,false,false,false,false,false,false,false,false,false,false,false,false,false,0,0,0,0,0,0,0,0,0,0,0,0,0
ITEM_DRA6636,0,HOLD_EFFECT_NONE,0,0,0,0,0,TYPE_NORMAL,false,false,POCKET_ITEMS,0,0,0,0,false,false,false,false,false,false,false,false,false,false,false,false,0,0,0,0,0,0,0,false,false,false,false,false,false,false,false,false,false,false,false,false,false,0,0,0,0,0,0,0,0,0,0,0,0,0
ITEM_CVN4915,0,HOLD_EFFECT_NONE,0,0,0,0,0,TYPE_NORMAL,false,false,POCKET_ITEMS,0,0,0,0,false,false,false,false,false,false,false,false,false,false,false,false,0,0,0,0,0,0,0,false,false,false,false,false,false,false,false,false,false,false,false,false,false,0,0,0,0,0,0,0,0,0,0,0,0,0
ITEM_CVN4785,0,HOLD_EFFECT_NONE,0,0,0,0,0,TYPE_NORMAL,false,false,POCKET_ITEMS,0,0,0,0,false,false,false,false,false,false,false,false,false,false,false,false,0,0,0,0,0,0,0,false,false,false,false,false,false,false,false,false,false,false,false,false,false,0,0,0,0,0,0,0,0,0,0,0,0,0
ITEM_CVN4846,0,HOLD_EFFECT_NONE,0,0,0,0,0,TYPE_NORMAL,false,false,POCKET_ITEMS,0,0,0,0,false,false,false,false,false,false,false,false,false,false,false,false,0,0,0,0,0,0,0,false,false,false,false,false,false,false,false,false,false,false,false,false,false,0,0,0,0,0,0,0,0,0,0,0,0,0
ITEM_AQL7595,0,HOLD_EFFECT_NONE,0,0,0,0,0,TYPE_NORMAL,false,false,POCKET_ITEMS,0,0,0,0,false,false,false,false,false,false,false,false,false,false,false,false,0,0,0,0,0,0,0,false,false,false,false,false,false,false,false,false,false,false,false,false,false,0,0,0,0,0,0,0,0,0,0,0,0,0
ITEM_AQL7557,0,HOLD_EFFECT_NONE,0,0,0,0,0,TYPE_NORMAL,false,false,POCKET_ITEMS,0,0,0,0,false,false,false,false,false,false,false,false,false,false,false,false,0,0,0,0,0,0,0,false,false,false,false,false,false,false,false,false,false,false,false,false,false,0,0,0,0,0,0,0,0,0,0,0,0,0
ITEM_AQL7525,0,HOLD_EFFECT_NONE,0,0,0,0,0,TYPE_NORMAL,false,false,POCKET_ITEMS,0,0,0,0,false,false,false,false,false,false,false,false,false,false,false,false,0,0,0,0,0,0,0,false,false,false,false,false,false,false,false,false,false,false,false,false,false,0,0,0,0,0,0,0,0,0,0,0,0,0
ITEM_AQL7602,0,HOLD_EFFECT_NONE,0,0,0,0,0,TYPE_NORMAL,false,false,POCKET_ITEMS,0,0,0,0,false,false,false,false,false,false,false,false,false,false,false,false,0,0,0,0,0,0,0,false,false,false,false,false,false,false,false,false,false,false,false,false,false,0,0,0,0,0,0,0,0,0,0,0,0,0
ITEM_AQL7235,0,HOLD_EFFECT_NONE,0,0,0,0,0,TYPE_NORMAL,false,false,POCKET_ITEMS,0,0,0,0,false,false,false,false,false,false,false,false,false,false,false,false,0,0,0,0,0,0,0,false,false,false,false,false,false,false,false,false,false,false,false,false,false,0,0,0,0,0,0,0,0,0,0,0,0,0
ITEM_MAX_HONEY,0,HOLD_EFFECT_NONE,0,0,0,0,0,TYPE_NORMAL,false,false,POCKET_ITEMS,0,0,0,0,false,false,false,false,false,false,false,false,false,false,false,false,0,0,0,0,0,0,0,false,false,false,false,false,false,false,false,false,false,false,false,false,false,0,0,0,0,0,0,0,0,0,0,0,0,0
ITEM_MAX_MUSHROOMS,0,HOLD_EFFECT_NONE,0,0,0,0,0,TYPE_NORMAL,false,false,POCKET_ITEMS,0,0,0,0,false,false,false,false,false,false,false,false,false,false,false,false,0,0,0,0,0,0,0,false,false,false,false,false,false,false,false,false,false,false,false,false,false,0,0,0,0,0,0,0,0,0,0,0,0,0
ITEM_GALARICA_TWIG,20,HOLD_EFFECT_NONE,0,0,0,30,0,31,false,false,POCKET_ITEMS,0,0,0,1,false,false,false,false,false,false,false,false,false,false,false,false,0,0,0,0,0,0,0,false,false,false,false,false,false,false,false,false,false,false,false,false,false,0,0,0,0,0,0,0,0,0,0,0,0,0
ITEM_STYLE_CARD,0,HOLD_EFFECT_NONE,0,0,0,0,0,TYPE_NORMAL,false,false,POCKET_ITEMS,0,0,0,0,false,false,false,false,false,false,false,false,false,false,false,false,0,0,0,0,0,0,0,false,false,false,false,false,false,false,false,false,false,false,false,false,false,0,0,0,0,0,0,0,0,0,0,0,0,0
ITEM_ARMOR_PASS,0,HOLD_EFFECT_NONE,0,0,0,0,0,TYPE_NORMAL,false,false,POCKET_ITEMS,0,0,0,0,false,false,false,false,false,false,false,false,false,false,false,false,0,0,0,0,0,0,0,false,false,false,false,false,false,false,false,false,false,false,false,false,false,0,0,0,0,0,0,0,0,0,0,0,0,0
ITEM_ROTOM_BIKE_SPARKLING_WHITE,0,HOLD_EFFECT_NONE,0,0,0,0,0,TYPE_NORMAL,false,false,POCKET_ITEMS,0,0,0,0,false,false,false,false,false,false,false,false,false,false,false,false,0,0,0,0,0,0,0,false,false,false,false,false,false,false,false,false,false,false,false,false,false,0,0,0,0,0,0,0,0,0,0,0,0,0
ITEM_ROTOM_BIKE_GLISTENING_BLACK,0,HOLD_EFFECT_NONE,0,0,0,0,0,TYPE_NORMAL,false,false,POCKET_ITEMS,0,0,0,0,false,false,false,false,false,false,false,false,false,false,false,false,0,0,0,0,0,0,0,false,false,false,false,false,false,false,false,false,false,false,false,false,false,0,0,0,0,0,0,0,0,0,0,0,0,0
ITEM_EXP_CHARM,0,HOLD_EFFECT_NONE,0,0,0,0,0,31,true,false,POCKET_KEY_ITEMS,0,0,0,0,false,false,false,false,false,false,false,false,false,false,false,false,0,0,0,0,0,0,0,false,false,false,false,false,false,false,false,false,false,false,false,false,false,0,0,0,0,0,0,0,0,0,0,0,0,0
ITEM_ARMORITE_ORE,0,HOLD_EFFECT_NONE,0,0,0,0,0,TYPE_NORMAL,false,false,POCKET_ITEMS,0,0,0,0,false,false,false,false,false,false,false,false,false,false,false,false,0,0,0,0,0,0,0,false,false,false,false,false,false,false,false,false,false,false,false,false,false,0,0,0,0,0,0,0,0,0,0,0,0,0
ITEM_MARK_CHARM,0,HOLD_EFFECT_NONE,0,0,0,0,0,31,false,false,POCKET_KEY_ITEMS,0,0,0,0,false,false,false,false,false,false,false,false,false,false,false,false,0,0,0,0,0,0,0,false,false,false,false,false,false,false,false,false,false,false,false,false,false,0,0,0,0,0,0,0,0,0,0,0,0,0
ITEM_REINS_OF_UNITY_FUSE,0,HOLD_EFFECT_NONE,0,0,0,0,0,31,true,false,POCKET_KEY_ITEMS,0,0,0,0,false,false,false,false,false,false,false,false,false,false,false,false,0,0,0,0,0,0,0,false,false,false,false,false,false,false,false,false,false,false,false,false,false,0,0,0,0,0,0,0,0,0,0,0,0,0
ITEM_REINS_OF_UNITY_UNFUSE,0,HOLD_EFFECT_NONE,0,0,0,0,0,31,false,false,POCKET_KEY_ITEMS,0,0,0,0,false,false,false,false,false,false,false,false,false,false,false,false,0,0,0,0,0,0,0,false,false,false,false,false,false,false,false,false,false,false,false,false,false,0,0,0,0,0,0,0,0,0,0,0,0,0
ITEM_LEGENDARY_CLUE_1,0,HOLD_EFFECT_NONE,0,0,0,0,0,TYPE_NORMAL,false,false,POCKET_ITEMS,0,0,0,0,false,false,false,false,false,false,false,false,false,false,false,false,0,0,0,0,0,0,0,false,false,false,false,false,false,false,false,false,false,false,false,false,false,0,0,0,0,0,0,0,0,0,0,0,0,0
ITEM_LEGENDARY_CLUE_2,0,HOLD_EFFECT_NONE,0,0,0,0,0,TYPE_NORMAL,false,false,POCKET_ITEMS,0,0,0,0,false,false,false,false,false,false,false,false,false,false,false,false,0,0,0,0,0,0,0,false,false,false,false,false,false,false,false,false,false,false,false,false,false,0,0,0,0,0,0,0,0,0,0,0,0,0
ITEM_LEGENDARY_CLUE_3,0,HOLD_EFFECT_NONE,0,0,0,0,0,TYPE_NORMAL,false,false,POCKET_ITEMS,0,0,0,0,false,false,false,false,false,false,false,false,false,false,false,false,0,0,0,0,0,0,0,false,false,false,false,false,false,false,false,false,false,false,false,false,false,0,0,0,0,0,0,0,0,0,0,0,0,0
ITEM_LEGENDARY_CLUE_UNKNOWN_1596,0,HOLD_EFFECT_NONE,0,0,0,0,0,TYPE_NORMAL,false,false,POCKET_ITEMS,0,0,0,0,false,false,false,false,false,false,false,false,false,false,false,false,0,0,0,0,0,0,0,false,false,false,false,false,false,false,false,false,false,false,false,false,false,0,0,0,0,0,0,0,0,0,0,0,0,0
ITEM_CROWN_PASS,0,HOLD_EFFECT_NONE,0,0,0,0,0,TYPE_NORMAL,false,false,POCKET_ITEMS,0,0,0,0,false,false,false,false,false,false,false,false,false,false,false,false,0,0,0,0,0,0,0,false,false,false,false,false,false,false,false,false,false,false,false,false,false,0,0,0,0,0,0,0,0,0,0,0,0,0
ITEM_WOODEN_CROWN,0,HOLD_EFFECT_NONE,0,0,0,0,0,31,true,false,POCKET_KEY_ITEMS,0,0,0,0,false,false,false,false,false,false,false,false,false,false,false,false,0,0,0,0,0,0,0,false,false,false,false,false,false,false,false,false,false,false,false,false,false,0,0,0,0,0,0,0,0,0,0,0,0,0
ITEM_RADIANT_PETAL,0,HOLD_EFFECT_NONE,0,0,0,0,0,TYPE_NORMAL,false,false,POCKET_ITEMS,0,0,0,0,false,false,false,false,false,false,false,false,false,false,false,false,0,0,0,0,0,0,0,false,false,false,false,false,false,false,false,false,false,false,false,false,false,0,0,0,0,0,0,0,0,0,0,0,0,0
ITEM_WHITE_MANE_HAIR,0,HOLD_EFFECT_NONE,0,0,0,0,0,TYPE_NORMAL,false,false,POCKET_ITEMS,0,0,0,0,false,false,false,false,false,false,false,false,false,false,false,false,0,0,0,0,0,0,0,false,false,false,false,false,false,false,false,false,false,false,false,false,false,0,0,0,0,0,0,0,0,0,0,0,0,0
ITEM_BLACK_MANE_HAIR,0,HOLD_EFFECT_NONE,0,0,0,0,0,TYPE_NORMAL,false,false,POCKET_ITEMS,0,0,0,0,false,false,false,false,false,false,false,false,false,false,false,false,0,0,0,0,0,0,0,false,false,false,false,false,false,false,false,false,false,false,false,false,false,0,0,0,0,0,0,0,0,0,0,0,0,0
ITEM_ICEROOT_CARROT,0,HOLD_EFFECT_NONE,0,0,0,0,0,31,true,false,POCKET_KEY_ITEMS,0,0,0,0,false,false,false,false,false,false,false,false,false,false,false,false,0,0,0,0,0,0,0,false,false,false,false,false,false,false,false,false,false,false,false,false,false,0,0,0,0,0,0,0,0,0,0,0,0,0
ITEM_SHADEROOT_CARROT,0,HOLD_EFFECT_NONE,0,0,0,0,0,31,true,false,POCKET_KEY_ITEMS,0,0,0,0,false,false,false,false,false,false,false,false,false,false,false,false,0,0,0,0,0,0,0,false,false,false,false,false,false,false,false,false,false,false,false,false,false,0,0,0,0,0,0,0,0,0,0,0,0,0
ITEM_DYNITE_ORE,0,HOLD_EFFECT_NONE,0,0,0,0,0,TYPE_NORMAL,false,false,POCKET_ITEMS,0,0,0,0,false,false,false,false,false,false,false,false,false,false,false,false,0,0,0,0,0,0,0,false,false,false,false,false,false,false,false,false,false,false,false,false,false,0,0,0,0,0,0,0,0,0,0,0,0,0
ITEM_CARROT_SEEDS,0,HOLD_EFFECT_NONE,0,0,0,0,0,TYPE_NORMAL,false,false,POCKET_ITEMS,0,0,0,0,false,false,false,false,false,false,false,false,false,false,false,false,0,0,0,0,0,0,0,false,false,false,false,false,false,false,false,false,false,false,false,false,false,0,0,0,0,0,0,0,0,0,0,0,0,0
ITEM_ABILITY_PATCH,41248,HOLD_EFFECT_NONE,0,0,0,0,0,31,false,false,POCKET_MEDICINE,0,1,0,1,false,false,false,false,false,false,false,false,false,false,false,false,0,0,0,0,0,0,0,false,false,false,false,false,false,false,false,false,false,false,false,false,false,0,0,0,0,0,0,0,0,0,0,0,7,0
ITEM_REINS_OF_UNITY_NOT_SURE,0,HOLD_EFFECT_NONE,0,0,0,0,0,TYPE_NORMAL,false,false,POCKET_ITEMS,0,0,0,0,false,false,false,false,false,false,false,false,false,false,false,false,0,0,0,0,0,0,0,false,false,false,false,false,false,false,false,false,false,false,false,false,false,0,0,0,0,0,0,0,0,0,0,0,0,0
ITEM_TIME_BALM,0,HOLD_EFFECT_NONE,0,0,0,0,0,TYPE_NORMAL,false,false,POCKET_ITEMS,0,0,0,0,false,false,false,false,false,false,false,false,false,false,false,false,0,0,0,0,0,0,0,false,false,false,false,false,false,false,false,false,false,false,false,false,false,0,0,0,0,0,0,0,0,0,0,0,0,0
ITEM_SPACE_BALM,0,HOLD_EFFECT_NONE,0,0,0,0,0,TYPE_NORMAL,false,false,POCKET_ITEMS,0,0,0,0,false,false,false,false,false,false,false,false,false,false,false,false,0,0,0,0,0,0,0,false,false,false,false,false,false,false,false,false,false,false,false,false,false,0,0,0,0,0,0,0,0,0,0,0,0,0
ITEM_MYSTERIOUS_BALM,0,HOLD_EFFECT_NONE,0,0,0,0,0,TYPE_NORMAL,false,false,POCKET_ITEMS,0,0,0,0,false,false,false,false,false,false,false,false,false,false,false,false,0,0,0,0,0,0,0,false,false,false,false,false,false,false,false,false,false,false,false,false,false,0,0,0,0,0,0,0,0,0,0,0,0,0
ITEM_HOMETOWN_MUFFIN,0,HOLD_EFFECT_NONE,0,0,0,0,0,TYPE_NORMAL,false,false,POCKET_ITEMS,0,0,0,0,false,false,false,false,false,false,false,false,false,false,false,false,0,0,0,0,0,0,0,false,false,false,false,false,false,false,false,false,false,false,false,false,false,0,0,0,0,0,0,0,0,0,0,0,0,0
ITEM_APRICORN,0,HOLD_EFFECT_NONE,0,0,0,0,0,TYPE_NORMAL,false,false,POCKET_ITEMS,0,0,0,0,false,false,false,false,false,false,false,false,false,false,false,false,0,0,0,0,0,0,0,false,false,false,false,false,false,false,false,false,false,false,false,false,false,0,0,0,0,0,0,0,0,0,0,0,0,0
ITEM_JUBILIFE_MUFFIN,0,HOLD_EFFECT_NONE,0,0,0,0,0,TYPE_NORMAL,false,false,POCKET_ITEMS,0,0,0,0,false,false,false,false,false,false,false,false,false,false,false,false,0,0,0,0,0,0,0,false,false,false,false,false,false,false,false,false,false,false,false,false,false,0,0,0,0,0,0,0,0,0,0,0,0,0
ITEM_AUX_POWERGUARD,0,HOLD_EFFECT_NONE,0,0,0,0,0,TYPE_NORMAL,false,false,POCKET_ITEMS,0,0,0,0,false,false,false,false,false,false,false,false,false,false,false,false,0,0,0,0,0,0,0,false,false,false,false,false,false,false,false,false,false,false,false,false,false,0,0,0,0,0,0,0,0,0,0,0,0,0
ITEM_DIRE_HIT_PLA,0,HOLD_EFFECT_NONE,0,0,0,0,0,TYPE_NORMAL,false,false,POCKET_ITEMS,0,0,0,0,false,false,false,false,false,false,false,false,false,false,false,false,0,0,0,0,0,0,0,false,false,false,false,false,false,false,false,false,false,false,false,false,false,0,0,0,0,0,0,0,0,0,0,0,0,0
ITEM_CHOICE_DUMPLING,0,HOLD_EFFECT_NONE,0,0,0,0,0,TYPE_NORMAL,false,false,POCKET_ITEMS,0,0,0,0,false,false,false,false,false,false,false,false,false,false,false,false,0,0,0,0,0,0,0,false,false,false,false,false,false,false,false,false,false,false,false,false,false,0,0,0,0,0,0,0,0,0,0,0,0,0
ITEM_TWICE_SPICED_RADISH,0,HOLD_EFFECT_NONE,0,0,0,0,0,TYPE_NORMAL,false,false,POCKET_ITEMS,0,0,0,0,false,false,false,false,false,false,false,false,false,false,false,false,0,0,0,0,0,0,0,false,false,false,false,false,false,false,false,false,false,false,false,false,false,0,0,0,0,0,0,0,0,0,0,0,0,0
ITEM_SWAP_SNACK,0,HOLD_EFFECT_NONE,0,0,0,0,0,TYPE_NORMAL,false,false,POCKET_ITEMS,0,0,0,0,false,false,false,false,false,false,false,false,false,false,false,false,0,0,0,0,0,0,0,false,false,false,false,false,false,false,false,false,false,false,false,false,false,0,0,0,0,0,0,0,0,0,0,0,0,0
ITEM_CASTER_FERN,0,HOLD_EFFECT_NONE,0,0,0,0,0,TYPE_NORMAL,false,false,POCKET_ITEMS,0,0,0,0,false,false,false,false,false,false,false,false,false,false,false,false,0,0,0,0,0,0,0,false,false,false,false,false,false,false,false,false,false,false,false,false,false,0,0,0,0,0,0,0,0,0,0,0,0,0
ITEM_SEED_OF_MASTERY,0,HOLD_EFFECT_NONE,0,0,0,0,0,TYPE_NORMAL,false,false,POCKET_ITEMS,0,0,0,0,false,false,false,false,false,false,false,false,false,false,false,false,0,0,0,0,0,0,0,false,false,false,false,false,false,false,false,false,false,false,false,false,false,0,0,0,0,0,0,0,0,0,0,0,0,0
ITEM_POKE_BALL_PLA_UNUSED,0,HOLD_EFFECT_NONE,0,0,0,0,0,TYPE_NORMAL,false,false,POCKET_ITEMS,0,0,0,0,false,false,false,false,false,false,false,false,false,false,false,false,0,0,0,0,0,0,0,false,false,false,false,false,false,false,false,false,false,false,false,false,false,0,0,0,0,0,0,0,0,0,0,0,0,0
ITEM_UNKNOWN_1623,0,HOLD_EFFECT_NONE,0,0,0,0,0,TYPE_NORMAL,false,false,POCKET_ITEMS,0,0,0,0,false,false,false,false,false,false,false,false,false,false,false,false,0,0,0,0,0,0,0,false,false,false,false,false,false,false,false,false,false,false,false,false,false,0,0,0,0,0,0,0,0,0,0,0,0,0
ITEM_ETERNAL_ICE,0,HOLD_EFFECT_NONE,0,0,0,0,0,TYPE_NORMAL,false,false,POCKET_ITEMS,0,0,0,0,false,false,false,false,false,false,false,false,false,false,false,false,0,0,0,0,0,0,0,false,false,false,false,false,false,false,false,false,false,false,false,false,false,0,0,0,0,0,0,0,0,0,0,0,0,0
ITEM_UXIES_CLAW,0,HOLD_EFFECT_NONE,0,0,0,0,0,TYPE_NORMAL,false,false,POCKET_ITEMS,0,0,0,0,false,false,false,false,false,false,false,false,false,false,false,false,0,0,0,0,0,0,0,false,false,false,false,false,false,false,false,false,false,false,false,false,false,0,0,0,0,0,0,0,0,0,0,0,0,0
ITEM_AZELFS_FANG,0,HOLD_EFFECT_NONE,0,0,0,0,0,TYPE_NORMAL,false,false,POCKET_ITEMS,0,0,0,0,false,false,false,false,false,false,false,false,false,false,false,false,0,0,0,0,0,0,0,false,false,false,false,false,false,false,false,false,false,false,false,false,false,0,0,0,0,0,0,0,0,0,0,0,0,0
ITEM_MESPRITS_PLUME,0,HOLD_EFFECT_NONE,0,0,0,0,0,TYPE_NORMAL,false,false,POCKET_ITEMS,0,0,0,0,false,false,false,false,false,false,false,false,false,false,false,false,0,0,0,0,0,0,0,false,false,false,false,false,false,false,false,false,false,false,false,false,false,0,0,0,0,0,0,0,0,0,0,0,0,0
ITEM_TUMBLESTONE,0,HOLD_EFFECT_NONE,0,0,0,0,0,TYPE_NORMAL,false,false,POCKET_ITEMS,0,0,0,0,false,false,false,false,false,false,false,false,false,false,false,false,0,0,0,0,0,0,0,false,false,false,false,false,false,false,false,false,false,false,false,false,false,0,0,0,0,0,0,0,0,0,0,0,0,0
ITEM_CELESTICA_FLUTE,0,HOLD_EFFECT_NONE,0,0,0,0,0,TYPE_NORMAL,false,false,POCKET_ITEMS,0,0,0,0,false,false,false,false,false,false,false,false,false,false,false,false,0,0,0,0,0,0,0,false,false,false,false,false,false,false,false,false,false,false,false,false,false,0,0,0,0,0,0,0,0,0,0,0,0,0
ITEM_REMEDY,0,HOLD_EFFECT_NONE,0,0,0,0,0,TYPE_NORMAL,false,false,POCKET_ITEMS,0,0,0,0,false,false,false,false,false,false,false,false,false,false,false,false,0,0,0,0,0,0,0,false,false,false,false,false,false,false,false,false,false,false,false,false,false,0,0,0,0,0,0,0,0,0,0,0,0,0
ITEM_FINE_REMEDY,0,HOLD_EFFECT_NONE,0,0,0,0,0,TYPE_NORMAL,false,false,POCKET_ITEMS,0,0,0,0,false,false,false,false,false,false,false,false,false,false,false,false,0,0,0,0,0,0,0,false,false,false,false,false,false,false,false,false,false,false,false,false,false,0,0,0,0,0,0,0,0,0,0,0,0,0
ITEM_DAZZLING_HONEY,0,HOLD_EFFECT_NONE,0,0,0,0,0,TYPE_NORMAL,false,false,POCKET_ITEMS,0,0,0,0,false,false,false,false,false,false,false,false,false,false,false,false,0,0,0,0,0,0,0,false,false,false,false,false,false,false,false,false,false,false,false,false,false,0,0,0,0,0,0,0,0,0,0,0,0,0
ITEM_HEARTY_GRAINS,0,HOLD_EFFECT_NONE,0,0,0,0,0,TYPE_NORMAL,false,false,POCKET_ITEMS,0,0,0,0,false,false,false,false,false,false,false,false,false,false,false,false,0,0,0,0,0,0,0,false,false,false,false,false,false,false,false,false,false,false,false,false,false,0,0,0,0,0,0,0,0,0,0,0,0,0
ITEM_PLUMP_BEANS,0,HOLD_EFFECT_NONE,0,0,0,0,0,TYPE_NORMAL,false,false,POCKET_ITEMS,0,0,0,0,false,false,false,false,false,false,false,false,false,false,false,false,0,0,0,0,0,0,0,false,false,false,false,false,false,false,false,false,false,false,false,false,false,0,0,0,0,0,0,0,0,0,0,0,0,0
ITEM_SPRINGY_MUSHROOM,0,HOLD_EFFECT_NONE,0,0,0,0,0,TYPE_NORMAL,false,false,POCKET_ITEMS,0,0,0,0,false,false,false,false,false,false,false,false,false,false,false,false,0,0,0,0,0,0,0,false,false,false,false,false,false,false,false,false,false,false,false,false,false,0,0,0,0,0,0,0,0,0,0,0,0,0
ITEM_CRUNCHY_SALT,0,HOLD_EFFECT_NONE,0,0,0,0,0,TYPE_NORMAL,false,false,POCKET_ITEMS,0,0,0,0,false,false,false,false,false,false,false,false,false,false,false,false,0,0,0,0,0,0,0,false,false,false,false,false,false,false,false,false,false,false,false,false,false,0,0,0,0,0,0,0,0,0,0,0,0,0
ITEM_WOOD,0,HOLD_EFFECT_NONE,0,0,0,0,0,TYPE_NORMAL,false,false,POCKET_ITEMS,0,0,0,0,false,false,false,false,false,false,false,false,false,false,false,false,0,0,0,0,0,0,0,false,false,false,false,false,false,false,false,false,false,false,false,false,false,0,0,0,0,0,0,0,0,0,0,0,0,0
ITEM_KINGS_LEAF,0,HOLD_EFFECT_NONE,0,0,0,0,0,TYPE_NORMAL,false,false,POCKET_ITEMS,0,0,0,0,false,false,false,false,false,false,false,false,false,false,false,false,0,0,0,0,0,0,0,false,false,false,false,false,false,false,false,false,false,false,false,false,false,0,0,0,0,0,0,0,0,0,0,0,0,0
ITEM_MARSH_BALM,0,HOLD_EFFECT_NONE,0,0,0,0,0,TYPE_NORMAL,false,false,POCKET_ITEMS,0,0,0,0,false,false,false,false,false,false,false,false,false,false,false,false,0,0,0,0,0,0,0,false,false,false,false,false,false,false,false,false,false,false,false,false,false,0,0,0,0,0,0,0,0,0,0,0,0,0
ITEM_POKE_BALL_RECIPE,0,HOLD_EFFECT_NONE,0,0,0,0,0,TYPE_NORMAL,false,false,POCKET_ITEMS,0,0,0,0,false,false,false,false,false,false,false,false,false,false,false,false,0,0,0,0,0,0,0,false,false,false,false,false,false,false,false,false,false,false,false,false,false,0,0,0,0,0,0,0,0,0,0,0,0,0
ITEM_GREAT_BALL_RECIPE,0,HOLD_EFFECT_NONE,0,0,0,0,0,TYPE_NORMAL,false,false,POCKET_ITEMS,0,0,0,0,false,false,false,false,false,false,false,false,false,false,false,false,0,0,0,0,0,0,0,false,false,false,false,false,false,false,false,false,false,false,false,false,false,0,0,0,0,0,0,0,0,0,0,0,0,0
ITEM_ULTRA_BALL_RECIPE,0,HOLD_EFFECT_NONE,0,0,0,0,0,TYPE_NORMAL,false,false,POCKET_ITEMS,0,0,0,0,false,false,false,false,false,false,false,false,false,false,false,false,0,0,0,0,0,0,0,false,false,false,false,false,false,false,false,false,false,false,false,false,false,0,0,0,0,0,0,0,0,0,0,0,0,0
ITEM_FEATHER_BALL_RECIPE,0,HOLD_EFFECT_NONE,0,0,0,0,0,TYPE_NORMAL,false,false,POCKET_ITEMS,0,0,0,0,false,false,false,false,false,false,false,false,false,false,false,false,0,0,0,0,0,0,0,false,false,false,false,false,false,false,false,false,false,false,false,false,false,0,0,0,0,0,0,0,0,0,0,0,0,0
ITEM_POKESHI_DOLL_RECIPE,0,HOLD_EFFECT_NONE,0,0,0,0,0,TYPE_NORMAL,false,false,POCKET_ITEMS,0,0,0,0,false,false,false,false,false,false,false,false,false,false,false,false,0,0,0,0,0,0,0,false,false,false,false,false,false,false,false,false,false,false,false,false,false,0,0,0,0,0,0,0,0,0,0,0,0,0
ITEM_UNKNOWN_1645,0,HOLD_EFFECT_NONE,0,0,0,0,0,TYPE_NORMAL,false,false,POCKET_ITEMS,0,0,0,0,false,false,false,false,false,false,false,false,false,false,false,false,0,0,0,0,0,0,0,false,false,false,false,false,false,false,false,false,false,false,false,false,false,0,0,0,0,0,0,0,0,0,0,0,0,0
ITEM_SMOKE_BOMB_RECIPE,0,HOLD_EFFECT_NONE,0,0,0,0,0,TYPE_NORMAL,false,false,POCKET_ITEMS,0,0,0,0,false,false,false,false,false,false,false,false,false,false,false,false,0,0,0,0,0,0,0,false,false,false,false,false,false,false,false,false,false,false,false,false,false,0,0,0,0,0,0,0,0,0,0,0,0,0
ITEM_SCATTER_BANG_RECIPE,0,HOLD_EFFECT_NONE,0,0,0,0,0,TYPE_NORMAL,false,false,POCKET_ITEMS,0,0,0,0,false,false,false,false,false,false,false,false,false,false,false,false,0,0,0,0,0,0,0,false,false,false,false,false,false,false,false,false,false,false,false,false,false,0,0,0,0,0,0,0,0,0,0,0,0,0
ITEM_STICKY_GLOB_RECIPE,0,HOLD_EFFECT_NONE,0,0,0,0,0,TYPE_NORMAL,false,false,POCKET_ITEMS,0,0,0,0,false,false,false,false,false,false,false,false,false,false,false,false,0,0,0,0,0,0,0,false,false,false,false,false,false,false,false,false,false,false,false,false,false,0,0,0,0,0,0,0,0,0,0,0,0,0
ITEM_STAR_PIECE_RECIPE,0,HOLD_EFFECT_NONE,0,0,0,0,0,TYPE_NORMAL,false,false,POCKET_ITEMS,0,0,0,0,false,false,false,false,false,false,false,false,false,false,false,false,0,0,0,0,0,0,0,false,false,false,false,false,false,false,false,false,false,false,false,false,false,0,0,0,0,0,0,0,0,0,0,0,0,0
ITEM_MUSHROOM_CAKE_RECIPE,0,HOLD_EFFECT_NONE,0,0,0,0,0,TYPE_NORMAL,false,false,POCKET_ITEMS,0,0,0,0,false,false,false,false,false,false,false,false,false,false,false,false,0,0,0,0,0,0,0,false,false,false,false,false,false,false,false,false,false,false,false,false,false,0,0,0,0,0,0,0,0,0,0,0,0,0
ITEM_BUGWORT_RECIPE,0,HOLD_EFFECT_NONE,0,0,0,0,0,TYPE_NORMAL,false,false,POCKET_ITEMS,0,0,0,0,false,false,false,false,false,false,false,false,false,false,false,false,0,0,0,0,0,0,0,false,false,false,false,false,false,false,false,false,false,false,false,false,false,0,0,0,0,0,0,0,0,0,0,0,0,0
ITEM_HONEY_CAKE_RECIPE,0,HOLD_EFFECT_NONE,0,0,0,0,0,TYPE_NORMAL,false,false,POCKET_ITEMS,0,0,0,0,false,false,false,false,false,false,false,false,false,false,false,false,0,0,0,0,0,0,0,false,false,false,false,false,false,false,false,false,false,false,false,false,false,0,0,0,0,0,0,0,0,0,0,0,0,0
ITEM_GRAIN_CAKE_RECIPE,0,HOLD_EFFECT_NONE,0,0,0,0,0,TYPE_NORMAL,false,false,POCKET_ITEMS,0,0,0,0,false,false,false,false,false,false,false,false,false,false,false,false,0,0,0,0,0,0,0,false,false,false,false,false,false,false,false,false,false,false,false,false,false,0,0,0,0,0,0,0,0,0,0,0,0,0
ITEM_BEAN_CAKE_RECIPE,0,HOLD_EFFECT_NONE,0,0,0,0,0,TYPE_NORMAL,false,false,POCKET_ITEMS,0,0,0,0,false,false,false,false,false,false,false,false,false,false,false,false,0,0,0,0,0,0,0,false,false,false,false,false,false,false,false,false,false,false,false,false,false,0,0,0,0,0,0,0,0,0,0,0,0,0
ITEM_SALT_CAKE_RECIPE,0,HOLD_EFFECT_NONE,0,0,0,0,0,TYPE_NORMAL,false,false,POCKET_ITEMS,0,0,0,0,false,false,false,false,false,false,false,false,false,false,false,false,0,0,0,0,0,0,0,false,false,false,false,false,false,false,false,false,false,false,false,false,false,0,0,0,0,0,0,0,0,0,0,0,0,0
ITEM_POTION_RECIPE,0,HOLD_EFFECT_NONE,0,0,0,0,0,TYPE_NORMAL,false,false,POCKET_ITEMS,0,0,0,0,false,false,false,false,false,false,false,false,false,false,false,false,0,0,0,0,0,0,0,false,false,false,false,false,false,false,false,false,false,false,false,false,false,0,0,0,0,0,0,0,0,0,0,0,0,0
ITEM_SUPER_POTION_RECIPE,0,HOLD_EFFECT_NONE,0,0,0,0,0,TYPE_NORMAL,false,false,POCKET_ITEMS,0,0,0,0,false,false,false,false,false,false,false,false,false,false,false,false,0,0,0,0,0,0,0,false,false,false,false,false,false,false,false,false,false,false,false,false,false,0,0,0,0,0,0,0,0,0,0,0,0,0
ITEM_HYPER_POTION_RECIPE,0,HOLD_EFFECT_NONE,0,0,0,0,0,TYPE_NORMAL,false,false,POCKET_ITEMS,0,0,0,0,false,false,false,false,false,false,false,false,false,false,false,false,0,0,0,0,0,0,0,false,false,false,false,false,false,false,false,false,false,false,false,false,false,0,0,0,0,0,0,0,0,0,0,0,0,0
ITEM_MAX_POTION_RECIPE,0,HOLD_EFFECT_NONE,0,0,0,0,0,TYPE_NORMAL,false,false,POCKET_ITEMS,0,0,0,0,false,false,false,false,false,false,false,false,false,false,false,false,0,0,0,0,0,0,0,false,false,false,false,false,false,false,false,false,false,false,false,false,false,0,0,0,0,0,0,0,0,0,0,0,0,0
ITEM_FULL_RESTORE_RECIPE,0,HOLD_EFFECT_NONE,0,0,0,0,0,TYPE_NORMAL,false,false,POCKET_ITEMS,0,0,0,0,false,false,false,false,false,false,false,false,false,false,false,false,0,0,0,0,0,0,0,false,false,false,false,false,false,false,false,false,false,false,false,false,false,0,0,0,0,0,0,0,0,0,0,0,0,0
ITEM_REMEDY_RECIPE,0,HOLD_EFFECT_NONE,0,0,0,0,0,TYPE_NORMAL,false,false,POCKET_ITEMS,0,0,0,0,false,false,false,false,false,false,false,false,false,false,false,false,0,0,0,0,0,0,0,false,false,false,false,false,false,false,false,false,false,false,false,false,false,0,0,0,0,0,0,0,0,0,0,0,0,0
ITEM_FINE_REMEDY_RECIPE,0,HOLD_EFFECT_NONE,0,0,0,0,0,TYPE_NORMAL,false,false,POCKET_ITEMS,0,0,0,0,false,false,false,false,false,false,false,false,false,false,false,false,0,0,0,0,0,0,0,false,false,false,false,false,false,false,false,false,false,false,false,false,false,0,0,0,0,0,0,0,0,0,0,0,0,0
ITEM_SUPERB_REMEDY_RECIPE,0,HOLD_EFFECT_NONE,0,0,0,0,0,TYPE_NORMAL,false,false,POCKET_ITEMS,0,0,0,0,false,false,false,false,false,false,false,false,false,false,false,false,0,0,0,0,0,0,0,false,false,false,false,false,false,false,false,false,false,false,false,false,false,0,0,0,0,0,0,0,0,0,0,0,0,0
ITEM_OLD_GATEAU_RECIPE,0,HOLD_EFFECT_NONE,0,0,0,0,0,TYPE_NORMAL,false,false,POCKET_ITEMS,0,0,0,0,false,false,false,false,false,false,false,false,false,false,false,false,0,0,0,0,0,0,0,false,false,false,false,false,false,false,false,false,false,false,false,false,false,0,0,0,0,0,0,0,0,0,0,0,0,0
ITEM_JUBILIFE_MUFFIN_RECIPE,0,HOLD_EFFECT_NONE,0,0,0,0,0,TYPE_NORMAL,false,false,POCKET_ITEMS,0,0,0,0,false,false,false,false,false,false,false,false,false,false,false,false,0,0,0,0,0,0,0,false,false,false,false,false,false,false,false,false,false,false,false,false,false,0,0,0,0,0,0,0,0,0,0,0,0,0
ITEM_FULL_HEAL_RECIPE,0,HOLD_EFFECT_NONE,0,0,0,0,0,TYPE_NORMAL,false,false,POCKET_ITEMS,0,0,0,0,false,false,false,false,false,false,false,false,false,false,false,false,0,0,0,0,0,0,0,false,false,false,false,false,false,false,false,false,false,false,false,false,false,0,0,0,0,0,0,0,0,0,0,0,0,0
ITEM_REVIVE_RECIPE,0,HOLD_EFFECT_NONE,0,0,0,0,0,TYPE_NORMAL,false,false,POCKET_ITEMS,0,0,0,0,false,false,false,false,false,false,false,false,false,false,false,false,0,0,0,0,0,0,0,false,false,false,false,false,false,false,false,false,false,false,false,false,false,0,0,0,0,0,0,0,0,0,0,0,0,0
ITEM_MAX_REVIVE_RECIPE,0,HOLD_EFFECT_NONE,0,0,0,0,0,TYPE_NORMAL,false,false,POCKET_ITEMS,0,0,0,0,false,false,false,false,false,false,false,false,false,false,false,false,0,0,0,0,0,0,0,false,false,false,false,false,false,false,false,false,false,false,false,false,false,0,0,0,0,0,0,0,0,0,0,0,0,0
ITEM_MAX_ETHER_RECIPE,0,HOLD_EFFECT_NONE,0,0,0,0,0,TYPE_NORMAL,false,false,POCKET_ITEMS,0,0,0,0,false,false,false,false,false,false,false,false,false,false,false,false,0,0,0,0,0,0,0,false,false,false,false,false,false,false,false,false,false,false,false,false,false,0,0,0,0,0,0,0,0,0,0,0,0,0
ITEM_MAX_ELIXIR_RECIPE,0,HOLD_EFFECT_NONE,0,0,0,0,0,TYPE_NORMAL,false,false,POCKET_ITEMS,0,0,0,0,false,false,false,false,false,false,false,false,false,false,false,false,0,0,0,0,0,0,0,false,false,false,false,false,false,false,false,false,false,false,false,false,false,0,0,0,0,0,0,0,0,0,0,0,0,0
ITEM_STEALTH_SPRAY_RECIPE,0,HOLD_EFFECT_NONE,0,0,0,0,0,TYPE_NORMAL,false,false,POCKET_ITEMS,0,0,0,0,false,false,false,false,false,false,false,false,false,false,false,false,0,0,0,0,0,0,0,false,false,false,false,false,false,false,false,false,false,false,false,false,false,0,0,0,0,0,0,0,0,0,0,0,0,0
ITEM_UNKNOWN_1672,0,HOLD_EFFECT_NONE,0,0,0,0,0,TYPE_NORMAL,false,false,POCKET_ITEMS,0,0,0,0,false,false,false,false,false,false,false,false,false,false,false,false,0,0,0,0,0,0,0,false,false,false,false,false,false,false,false,false,false,false,false,false,false,0,0,0,0,0,0,0,0,0,0,0,0,0
ITEM_AUX_POWER_RECIPE,0,HOLD_EFFECT_NONE,0,0,0,0,0,TYPE_NORMAL,false,false,POCKET_ITEMS,0,0,0,0,false,false,false,false,false,false,false,false,false,false,false,false,0,0,0,0,0,0,0,false,false,false,false,false,false,false,false,false,false,false,false,false,false,0,0,0,0,0,0,0,0,0,0,0,0,0
ITEM_AUX_GUARD_RECIPE_RECIPE,0,HOLD_EFFECT_NONE,0,0,0,0,0,TYPE_NORMAL,false,false,POCKET_ITEMS,0,0,0,0,false,false,false,false,false,false,false,false,false,false,false,false,0,0,0,0,0,0,0,false,false,false,false,false,false,false,false,false,false,false,false,false,false,0,0,0,0,0,0,0,0,0,0,0,0,0
ITEM_DIRE_HIT_RECIPE,0,HOLD_EFFECT_NONE,0,0,0,0,0,TYPE_NORMAL,false,false,POCKET_ITEMS,0,0,0,0,false,false,false,false,false,false,false,false,false,false,false,false,0,0,0,0,0,0,0,false,false,false,false,false,false,false,false,false,false,false,false,false,false,0,0,0,0,0,0,0,0,0,0,0,0,0
ITEM_AUX_EVASION_RECIPE,0,HOLD_EFFECT_NONE,0,0,0,0,0,TYPE_NORMAL,false,false,POCKET_ITEMS,0,0,0,0,false,false,false,false,false,false,false,false,false,false,false,false,0,0,0,0,0,0,0,false,false,false,false,false,false,false,false,false,false,false,false,false,false,0,0,0,0,0,0,0,0,0,0,0,0,0
ITEM_AUX_POWERGUARD_RECIPE,0,HOLD_EFFECT_NONE,0,0,0,0,0,TYPE_NORMAL,false,false,POCKET_ITEMS,0,0,0,0,false,false,false,false,false,false,false,false,false,false,false,false,0,0,0,0,0,0,0,false,false,false,false,false,false,false,false,false,false,false,false,false,false,0,0,0,0,0,0,0,0,0,0,0,0,0
ITEM_FOREST_BALM,0,HOLD_EFFECT_NONE,0,0,0,0,0,TYPE_NORMAL,false,false,POCKET_ITEMS,0,0,0,0,false,false,false,false,false,false,false,false,false,false,false,false,0,0,0,0,0,0,0,false,false,false,false,false,false,false,false,false,false,false,false,false,false,0,0,0,0,0,0,0,0,0,0,0,0,0
ITEM_IRON_CHUNK,0,HOLD_EFFECT_NONE,0,0,0,0,0,TYPE_NORMAL,false,false,POCKET_ITEMS,0,0,0,0,false,false,false,false,false,false,false,false,false,false,false,false,0,0,0,0,0,0,0,false,false,false,false,false,false,false,false,false,false,false,false,false,false,0,0,0,0,0,0,0,0,0,0,0,0,0
ITEM_UNKNOWN_1680,0,HOLD_EFFECT_NONE,0,0,0,0,0,TYPE_NORMAL,false,false,POCKET_ITEMS,0,0,0,0,false,false,false,false,false,false,false,false,false,false,false,false,0,0,0,0,0,0,0,false,false,false,false,false,false,false,false,false,false,false,false,false,false,0,0,0,0,0,0,0,0,0,0,0,0,0
ITEM_BLACK_TUMBLESTONE,0,HOLD_EFFECT_NONE,0,0,0,0,0,TYPE_NORMAL,false,false,POCKET_ITEMS,0,0,0,0,false,false,false,false,false,false,false,false,false,false,false,false,0,0,0,0,0,0,0,false,false,false,false,false,false,false,false,false,false,false,false,false,false,0,0,0,0,0,0,0,0,0,0,0,0,0
ITEM_SKY_TUMBLESTONE,0,HOLD_EFFECT_NONE,0,0,0,0,0,TYPE_NORMAL,false,false,POCKET_ITEMS,0,0,0,0,false,false,false,false,false,false,false,false,false,false,false,false,0,0,0,0,0,0,0,false,false,false,false,false,false,false,false,false,false,false,false,false,false,0,0,0,0,0,0,0,0,0,0,0,0,0
ITEM_UNKNOWN_1683,0,HOLD_EFFECT_NONE,0,0,0,0,0,TYPE_NORMAL,false,false,POCKET_ITEMS,0,0,0,0,false,false,false,false,false,false,false,false,false,false,false,false,0,0,0,0,0,0,0,false,false,false,false,false,false,false,false,false,false,false,false,false,false,0,0,0,0,0,0,0,0,0,0,0,0,0
ITEM_BALL_OF_MUD,0,HOLD_EFFECT_NONE,0,0,0,0,0,TYPE_NORMAL,false,false,POCKET_ITEMS,0,0,0,0,false,false,false,false,false,false,false,false,false,false,false,false,0,0,0,0,0,0,0,false,false,false,false,false,false,false,false,false,false,false,false,false,false,0,0,0,0,0,0,0,0,0,0,0,0,0
ITEM_UNKNOWN_1685,0,HOLD_EFFECT_NONE,0,0,0,0,0,TYPE_NORMAL,false,false,POCKET_ITEMS,0,0,0,0,false,false,false,false,false,false,false,false,false,false,false,false,0,0,0,0,0,0,0,false,false,false,false,false,false,false,false,false,false,false,false,false,false,0,0,0,0,0,0,0,0,0,0,0,0,0
ITEM_POP_POD,0,HOLD_EFFECT_NONE,0,0,0,0,0,TYPE_NORMAL,false,false,POCKET_ITEMS,0,0,0,0,false,false,false,false,false,false,false,false,false,false,false,false,0,0,0,0,0,0,0,false,false,false,false,false,false,false,false,false,false,false,false,false,false,0,0,0,0,0,0,0,0,0,0,0,0,0
ITEM_SOOTFOOT_ROOT,0,HOLD_EFFECT_NONE,0,0,0,0,0,TYPE_NORMAL,false,false,POCKET_ITEMS,0,0,0,0,false,false,false,false,false,false,false,false,false,false,false,false,0,0,0,0,0,0,0,false,false,false,false,false,false,false,false,false,false,false,false,false,false,0,0,0,0,0,0,0,0,0,0,0,0,0
ITEM_SPOILED_APRICORN,0,HOLD_EFFECT_NONE,0,0,0,0,0,TYPE_NORMAL,false,false,POCKET_ITEMS,0,0,0,0,false,false,false,false,false,false,false,false,false,false,false,false,0,0,0,0,0,0,0,false,false,false,false,false,false,false,false,false,false,false,false,false,false,0,0,0,0,0,0,0,0,0,0,0,0,0
ITEM_SNOWBALL_PLA,0,HOLD_EFFECT_NONE,0,0,0,0,0,TYPE_NORMAL,false,false,POCKET_ITEMS,0,0,0,0,false,false,false,false,false,false,false,false,false,false,false,false,0,0,0,0,0,0,0,false,false,false,false,false,false,false,false,false,false,false,false,false,false,0,0,0,0,0,0,0,0,0,0,0,0,0
ITEM_STICKY_GLOB,0,HOLD_EFFECT_NONE,0,0,0,0,0,TYPE_NORMAL,false,false,POCKET_ITEMS,0,0,0,0,false,false,false,false,false,false,false,false,false,false,false,false,0,0,0,0,0,0,0,false,false,false,false,false,false,false,false,false,false,false,false,false,false,0,0,0,0,0,0,0,0,0,0,0,0,0
ITEM_STEALTH_SPRAY,0,HOLD_EFFECT_NONE,0,0,0,0,0,TYPE_NORMAL,false,false,POCKET_ITEMS,0,0,0,0,false,false,false,false,false,false,false,false,false,false,false,false,0,0,0,0,0,0,0,false,false,false,false,false,false,false,false,false,false,false,false,false,false,0,0,0,0,0,0,0,0,0,0,0,0,0
ITEM_MEDICINAL_LEEK,0,HOLD_EFFECT_NONE,0,0,0,0,0,TYPE_NORMAL,false,false,POCKET_ITEMS,0,0,0,0,false,false,false,false,false,false,false,false,false,false,false,false,0,0,0,0,0,0,0,false,false,false,false,false,false,false,false,false,false,false,false,false,false,0,0,0,0,0,0,0,0,0,0,0,0,0
ITEM_VIVICHOKE,0,HOLD_EFFECT_NONE,0,0,0,0,0,TYPE_NORMAL,false,false,POCKET_ITEMS,0,0,0,0,false,false,false,false,false,false,false,false,false,false,false,false,0,0,0,0,0,0,0,false,false,false,false,false,false,false,false,false,false,false,false,false,false,0,0,0,0,0,0,0,0,0,0,0,0,0
ITEM_PEP_UP_PLANT,0,HOLD_EFFECT_NONE,0,0,0,0,0,TYPE_NORMAL,false,false,POCKET_ITEMS,0,0,0,0,false,false,false,false,false,false,false,false,false,false,false,false,0,0,0,0,0,0,0,false,false,false,false,false,false,false,false,false,false,false,false,false,false,0,0,0,0,0,0,0,0,0,0,0,0,0
ITEM_UNKNOWN_1697,0,HOLD_EFFECT_NONE,0,0,0,0,0,TYPE_NORMAL,false,false,POCKET_ITEMS,0,0,0,0,false,false,false,false,false,false,false,false,false,false,false,false,0,0,0,0,0,0,0,false,false,false,false,false,false,false,false,false,false,false,false,false,false,0,0,0,0,0,0,0,0,0,0,0,0,0
ITEM_UNKNOWN_1698,0,HOLD_EFFECT_NONE,0,0,0,0,0,TYPE_NORMAL,false,false,POCKET_ITEMS,0,0,0,0,false,false,false,false,false,false,false,false,false,false,false,false,0,0,0,0,0,0,0,false,false,false,false,false,false,false,false,false,false,false,false,false,false,0,0,0,0,0,0,0,0,0,0,0,0,0
ITEM_TEMPTING_CHARM_B,0,HOLD_EFFECT_NONE,0,0,0,0,0,TYPE_NORMAL,false,false,POCKET_ITEMS,0,0,0,0,false,false,false,false,false,false,false,false,false,false,false,false,0,0,0,0,0,0,0,false,false,false,false,false,false,false,false,false,false,false,false,false,false,0,0,0,0,0,0,0,0,0,0,0,0,0
ITEM_TEMPTING_CHARM_P,0,HOLD_EFFECT_NONE,0,0,0,0,0,TYPE_NORMAL,false,false,POCKET_ITEMS,0,0,0,0,false,false,false,false,false,false,false,false,false,false,false,false,0,0,0,0,0,0,0,false,false,false,false,false,false,false,false,false,false,false,false,false,false,0,0,0,0,0,0,0,0,0,0,0,0,0
ITEM_SWORDCAP,0,HOLD_EFFECT_NONE,0,0,0,0,0,TYPE_NORMAL,false,false,POCKET_ITEMS,0,0,0,0,false,false,false,false,false,false,false,false,false,false,false,false,0,0,0,0,0,0,0,false,false,false,false,false,false,false,false,false,false,false,false,false,false,0,0,0,0,0,0,0,0,0,0,0,0,0
ITEM_IRON_BARKTONGUE,0,HOLD_EFFECT_NONE,0,0,0,0,0,TYPE_NORMAL,false,false,POCKET_ITEMS,0,0,0,0,false,false,false,false,false,false,false,false,false,false,false,false,0,0,0,0,0,0,0,false,false,false,false,false,false,false,false,false,false,false,false,false,false,0,0,0,0,0,0,0,0,0,0,0,0,0
ITEM_DOPPEL_BONNETS,0,HOLD_EFFECT_NONE,0,0,0,0,0,TYPE_NORMAL,false,false,POCKET_ITEMS,0,0,0,0,false,false,false,false,false,false,false,false,false,false,false,false,0,0,0,0,0,0,0,false,false,false,false,false,false,false,false,false,false,false,false,false,false,0,0,0,0,0,0,0,0,0,0,0,0,0
ITEM_DIRESHROOM,0,HOLD_EFFECT_NONE,0,0,0,0,0,TYPE_NORMAL,false,false,POCKET_ITEMS,0,0,0,0,false,false,false,false,false,false,false,false,false,false,false,false,0,0,0,0,0,0,0,false,false,false,false,false,false,false,false,false,false,false,false,false,false,0,0,0,0,0,0,0,0,0,0,0,0,0
ITEM_SAND_RADISH,0,HOLD_EFFECT_NONE,0,0,0,0,0,TYPE_NORMAL,false,false,POCKET_ITEMS,0,0,0,0,false,false,false,false,false,false,false,false,false,false,false,false,0,0,0,0,0,0,0,false,false,false,false,false,false,false,false,false,false,false,false,false,false,0,0,0,0,0,0,0,0,0,0,0,0,0
ITEM_TEMPTING_CHARM_T,0,HOLD_EFFECT_NONE,0,0,0,0,0,TYPE_NORMAL,false,false,POCKET_ITEMS,0,0,0,0,false,false,false,false,false,false,false,false,false,false,false,false,0,0,0,0,0,0,0,false,false,false,false,false,false,false,false,false,false,false,false,false,false,0,0,0,0,0,0,0,0,0,0,0,0,0
ITEM_TEMPTING_CHARM_Y,0,HOLD_EFFECT_NONE,0,0,0,0,0,TYPE_NORMAL,false,false,POCKET_ITEMS,0,0,0,0,false,false,false,false,false,false,false,false,false,false,false,false,0,0,0,0,0,0,0,false,false,false,false,false,false,false,false,false,false,false,false,false,false,0,0,0,0,0,0,0,0,0,0,0,0,0
ITEM_CANDY_TRUFFLE,0,HOLD_EFFECT_NONE,0,0,0,0,0,TYPE_NORMAL,false,false,POCKET_ITEMS,0,0,0,0,false,false,false,false,false,false,false,false,false,false,false,false,0,0,0,0,0,0,0,false,false,false,false,false,false,false,false,false,false,false,false,false,false,0,0,0,0,0,0,0,0,0,0,0,0,0
ITEM_CAKE_LURE_BASE,0,HOLD_EFFECT_NONE,0,0,0,0,0,TYPE_NORMAL,false,false,POCKET_ITEMS,0,0,0,0,false,false,false,false,false,false,false,false,false,false,false,false,0,0,0,0,0,0,0,false,false,false,false,false,false,false,false,false,false,false,false,false,false,0,0,0,0,0,0,0,0,0,0,0,0,0
ITEM_POKE_BALL_PLA,0,HOLD_EFFECT_NONE,0,0,0,0,0,TYPE_NORMAL,false,false,POCKET_ITEMS,0,0,0,0,false,false,false,false,false,false,false,false,false,false,false,false,0,0,0,0,0,0,0,false,false,false,false,false,false,false,false,false,false,false,false,false,false,0,0,0,0,0,0,0,0,0,0,0,0,0
ITEM_GREAT_BALL_PLA,0,HOLD_EFFECT_NONE,0,0,0,0,0,TYPE_NORMAL,false,false,POCKET_ITEMS,0,0,0,0,false,false,false,false,false,false,false,false,false,false,false,false,0,0,0,0,0,0,0,false,false,false,false,false,false,false,false,false,false,false,false,false,false,0,0,0,0,0,0,0,0,0,0,0,0,0
ITEM_ULTRA_BALL_PLA,0,HOLD_EFFECT_NONE,0,0,0,0,0,TYPE_NORMAL,false,false,POCKET_ITEMS,0,0,0,0,false,false,false,false,false,false,false,false,false,false,false,false,0,0,0,0,0,0,0,false,false,false,false,false,false,false,false,false,false,false,false,false,false,0,0,0,0,0,0,0,0,0,0,0,0,0
ITEM_FEATHER_BALL,0,HOLD_EFFECT_NONE,0,0,0,0,0,TYPE_NORMAL,false,false,POCKET_ITEMS,0,0,0,0,false,false,false,false,false,false,false,false,false,false,false,false,0,0,0,0,0,0,0,false,false,false,false,false,false,false,false,false,false,false,false,false,false,0,0,0,0,0,0,0,0,0,0,0,0,0
ITEM_UNKNOWN_1714,0,HOLD_EFFECT_NONE,0,0,0,0,0,TYPE_NORMAL,false,false,POCKET_ITEMS,0,0,0,0,false,false,false,false,false,false,false,false,false,false,false,false,0,0,0,0,0,0,0,false,false,false,false,false,false,false,false,false,false,false,false,false,false,0,0,0,0,0,0,0,0,0,0,0,0,0
ITEM_UNKNOWN_1715,0,HOLD_EFFECT_NONE,0,0,0,0,0,TYPE_NORMAL,false,false,POCKET_ITEMS,0,0,0,0,false,false,false,false,false,false,false,false,false,false,false,false,0,0,0,0,0,0,0,false,false,false,false,false,false,false,false,false,false,false,false,false,false,0,0,0,0,0,0,0,0,0,0,0,0,0
ITEM_SCATTER_BANG,0,HOLD_EFFECT_NONE,0,0,0,0,0,TYPE_NORMAL,false,false,POCKET_ITEMS,0,0,0,0,false,false,false,false,false,false,false,false,false,false,false,false,0,0,0,0,0,0,0,false,false,false,false,false,false,false,false,false,false,false,false,false,false,0,0,0,0,0,0,0,0,0,0,0,0,0
ITEM_SMOKE_BOMB,0,HOLD_EFFECT_NONE,0,0,0,0,0,TYPE_NORMAL,false,false,POCKET_ITEMS,0,0,0,0,false,false,false,false,false,false,false,false,false,false,false,false,0,0,0,0,0,0,0,false,false,false,false,false,false,false,false,false,false,false,false,false,false,0,0,0,0,0,0,0,0,0,0,0,0,0
ITEM_UNKNOWN_1718,0,HOLD_EFFECT_NONE,0,0,0,0,0,TYPE_NORMAL,false,false,POCKET_ITEMS,0,0,0,0,false,false,false,false,false,false,false,false,false,false,false,false,0,0,0,0,0,0,0,false,false,false,false,false,false,false,false,false,false,false,false,false,false,0,0,0,0,0,0,0,0,0,0,0,0,0
ITEM_UNKNOWN_1719,0,HOLD_EFFECT_NONE,0,0,0,0,0,TYPE_NORMAL,false,false,POCKET_ITEMS,0,0,0,0,false,false,false,false,false,false,false,false,false,false,false,false,0,0,0,0,0,0,0,false,false,false,false,false,false,false,false,false,false,false,false,false,false,0,0,0,0,0,0,0,0,0,0,0,0,0
ITEM_POKESHI_DOLL,0,HOLD_EFFECT_NONE,0,0,0,0,0,TYPE_NORMAL,false,false,POCKET_ITEMS,0,0,0,0,false,false,false,false,false,false,false,false,false,false,false,false,0,0,0,0,0,0,0,false,false,false,false,false,false,false,false,false,false,false,false,false,false,0,0,0,0,0,0,0,0,0,0,0,0,0
ITEM_VOLCANO_BALM,0,HOLD_EFFECT_NONE,0,0,0,0,0,TYPE_NORMAL,false,false,POCKET_ITEMS,0,0,0,0,false,false,false,false,false,false,false,false,false,false,false,false,0,0,0,0,0,0,0,false,false,false,false,false,false,false,false,false,false,false,false,false,false,0,0,0,0,0,0,0,0,0,0,0,0,0
ITEM_MOUNTAIN_BALM,0,HOLD_EFFECT_NONE,0,0,0,0,0,TYPE_NORMAL,false,false,POCKET_ITEMS,0,0,0,0,false,false,false,false,false,false,false,false,false,false,false,false,0,0,0,0,0,0,0,false,false,false,false,false,false,false,false,false,false,false,false,false,false,0,0,0,0,0,0,0,0,0,0,0,0,0
ITEM_SNOW_BALM,0,HOLD_EFFECT_NONE,0,0,0,0,0,TYPE_NORMAL,false,false,POCKET_ITEMS,0,0,0,0,false,false,false,false,false,false,false,false,false,false,false,false,0,0,0,0,0,0,0,false,false,false,false,false,false,false,false,false,false,false,false,false,false,0,0,0,0,0,0,0,0,0,0,0,0,0
ITEM_HONEY_CAKE,0,HOLD_EFFECT_NONE,0,0,0,0,0,TYPE_NORMAL,false,false,POCKET_ITEMS,0,0,0,0,false,false,false,false,false,false,false,false,false,false,false,false,0,0,0,0,0,0,0,false,false,false,false,false,false,false,false,false,false,false,false,false,false,0,0,0,0,0,0,0,0,0,0,0,0,0
ITEM_GRAIN_CAKE,0,HOLD_EFFECT_NONE,0,0,0,0,0,TYPE_NORMAL,false,false,POCKET_ITEMS,0,0,0,0,false,false,false,false,false,false,false,false,false,false,false,false,0,0,0,0,0,0,0,false,false,false,false,false,false,false,false,false,false,false,false,false,false,0,0,0,0,0,0,0,0,0,0,0,0,0
ITEM_BEAN_CAKE,0,HOLD_EFFECT_NONE,0,0,0,0,0,TYPE_NORMAL,false,false,POCKET_ITEMS,0,0,0,0,false,false,false,false,false,false,false,false,false,false,false,false,0,0,0,0,0,0,0,false,false,false,false,false,false,false,false,false,false,false,false,false,false,0,0,0,0,0,0,0,0,0,0,0,0,0
ITEM_MUSHROOM_CAKE,0,HOLD_EFFECT_NONE,0,0,0,0,0,TYPE_NORMAL,false,false,POCKET_ITEMS,0,0,0,0,false,false,false,false,false,false,false,false,false,false,false,false,0,0,0,0,0,0,0,false,false,false,false,false,false,false,false,false,false,false,false,false,false,0,0,0,0,0,0,0,0,0,0,0,0,0
ITEM_SALT_CAKE,0,HOLD_EFFECT_NONE,0,0,0,0,0,TYPE_NORMAL,false,false,POCKET_ITEMS,0,0,0,0,false,false,false,false,false,false,false,false,false,false,false,false,0,0,0,0,0,0,0,false,false,false,false,false,false,false,false,false,false,false,false,false,false,0,0,0,0,0,0,0,0,0,0,0,0,0
ITEM_SWAP_SNACK_RECIPE,0,HOLD_EFFECT_NONE,0,0,0,0,0,TYPE_NORMAL,false,false,POCKET_ITEMS,0,0,0,0,false,false,false,false,false,false,false,false,false,false,false,false,0,0,0,0,0,0,0,false,false,false,false,false,false,false,false,false,false,false,false,false,false,0,0,0,0,0,0,0,0,0,0,0,0,0
ITEM_CHOICE_DUMPLING_RECIPE,0,HOLD_EFFECT_NONE,0,0,0,0,0,TYPE_NORMAL,false,false,POCKET_ITEMS,0,0,0,0,false,false,false,false,false,false,false,false,false,false,false,false,0,0,0,0,0,0,0,false,false,false,false,false,false,false,false,false,false,false,false,false,false,0,0,0,0,0,0,0,0,0,0,0,0,0
ITEM_TWICE_SPICED_RADISH_RECIPE,0,HOLD_EFFECT_NONE,0,0,0,0,0,TYPE_NORMAL,false,false,POCKET_ITEMS,0,0,0,0,false,false,false,false,false,false,false,false,false,false,false,false,0,0,0,0,0,0,0,false,false,false,false,false,false,false,false,false,false,false,false,false,false,0,0,0,0,0,0,0,0,0,0,0,0,0
ITEM_SURVIVAL_CHARM_R,0,HOLD_EFFECT_NONE,0,0,0,0,0,TYPE_NORMAL,false,false,POCKET_ITEMS,0,0,0,0,false,false,false,false,false,false,false,false,false,false,false,false,0,0,0,0,0,0,0,false,false,false,false,false,false,false,false,false,false,false,false,false,false,0,0,0,0,0,0,0,0,0,0,0,0,0
ITEM_SURVIVAL_CHARM_B,0,HOLD_EFFECT_NONE,0,0,0,0,0,TYPE_NORMAL,false,false,POCKET_ITEMS,0,0,0,0,false,false,false,false,false,false,false,false,false,false,false,false,0,0,0,0,0,0,0,false,false,false,false,false,false,false,false,false,false,false,false,false,false,0,0,0,0,0,0,0,0,0,0,0,0,0
ITEM_SURVIVAL_CHARM_P,0,HOLD_EFFECT_NONE,0,0,0,0,0,TYPE_NORMAL,false,false,POCKET_ITEMS,0,0,0,0,false,false,false,false,false,false,false,false,false,false,false,false,0,0,0,0,0,0,0,false,false,false,false,false,false,false,false,false,false,false,false,false,false,0,0,0,0,0,0,0,0,0,0,0,0,0
ITEM_SURVIVAL_CHARM_T,0,HOLD_EFFECT_NONE,0,0,0,0,0,TYPE_NORMAL,false,false,POCKET_ITEMS,0,0,0,0,false,false,false,false,false,false,false,false,false,false,false,false,0,0,0,0,0,0,0,false,false,false,false,false,false,false,false,false,false,false,false,false,false,0,0,0,0,0,0,0,0,0,0,0,0,0
ITEM_SURVIVAL_CHARM_Y,0,HOLD_EFFECT_NONE,0,0,0,0,0,TYPE_NORMAL,false,false,POCKET_ITEMS,0,0,0,0,false,false,false,false,false,false,false,false,false,false,false,false,0,0,0,0,0,0,0,false,false,false,false,false,false,false,false,false,false,false,false,false,false,0,0,0,0,0,0,0,0,0,0,0,0,0
ITEM_TORN_JOURNAL,0,HOLD_EFFECT_NONE,0,0,0,0,0,TYPE_NORMAL,false,false,POCKET_ITEMS,0,0,0,0,false,false,false,false,false,false,false,false,false,false,false,false,0,0,0,0,0,0,0,false,false,false,false,false,false,false,false,false,false,false,false,false,false,0,0,0,0,0,0,0,0,0,0,0,0,0
ITEM_WARDING_CHARM_R,0,HOLD_EFFECT_NONE,0,0,0,0,0,TYPE_NORMAL,false,false,POCKET_ITEMS,0,0,0,0,false,false,false,false,false,false,false,false,false,false,false,false,0,0,0,0,0,0,0,false,false,false,false,false,false,false,false,false,false,false,false,false,false,0,0,0,0,0,0,0,0,0,0,0,0,0
ITEM_WARDING_CHARM_B,0,HOLD_EFFECT_NONE,0,0,0,0,0,TYPE_NORMAL,false,false,POCKET_ITEMS,0,0,0,0,false,false,false,false,false,false,false,false,false,false,false,false,0,0,0,0,0,0,0,false,false,false,false,false,false,false,false,false,false,false,false,false,false,0,0,0,0,0,0,0,0,0,0,0,0,0
ITEM_WARDING_CHARM_P,0,HOLD_EFFECT_NONE,0,0,0,0,0,TYPE_NORMAL,false,false,POCKET_ITEMS,0,0,0,0,false,false,false,false,false,false,false,false,false,false,false,false,0,0,0,0,0,0,0,false,false,false,false,false,false,false,false,false,false,false,false,false,false,0,0,0,0,0,0,0,0,0,0,0,0,0
ITEM_WARDING_CHARM_T,0,HOLD_EFFECT_NONE,0,0,0,0,0,TYPE_NORMAL,false,false,POCKET_ITEMS,0,0,0,0,false,false,false,false,false,false,false,false,false,false,false,false,0,0,0,0,0,0,0,false,false,false,false,false,false,false,false,false,false,false,false,false,false,0,0,0,0,0,0,0,0,0,0,0,0,0
ITEM_WARDING_CHARM_Y,0,HOLD_EFFECT_NONE,0,0,0,0,0,TYPE_NORMAL,false,false,POCKET_ITEMS,0,0,0,0,false,false,false,false,false,false,false,false,false,false,false,false,0,0,0,0,0,0,0,false,false,false,false,false,false,false,false,false,false,false,false,false,false,0,0,0,0,0,0,0,0,0,0,0,0,0
ITEM_WALL_FRAGMENT,0,HOLD_EFFECT_NONE,0,0,0,0,0,TYPE_NORMAL,false,false,POCKET_ITEMS,0,0,0,0,false,false,false,false,false,false,false,false,false,false,false,false,0,0,0,0,0,0,0,false,false,false,false,false,false,false,false,false,false,false,false,false,false,0,0,0,0,0,0,0,0,0,0,0,0,0
ITEM_BASCULEGION_FOOD,0,HOLD_EFFECT_NONE,0,0,0,0,0,TYPE_NORMAL,false,false,POCKET_ITEMS,0,0,0,0,false,false,false,false,false,false,false,false,false,false,false,false,0,0,0,0,0,0,0,false,false,false,false,false,false,false,false,false,false,false,false,false,false,0,0,0,0,0,0,0,0,0,0,0,0,0
ITEM_OLD_JOURNAL,0,HOLD_EFFECT_NONE,0,0,0,0,0,TYPE_NORMAL,false,false,POCKET_ITEMS,0,0,0,0,false,false,false,false,false,false,false,false,false,false,false,false,0,0,0,0,0,0,0,false,false,false,false,false,false,false,false,false,false,false,false,false,false,0,0,0,0,0,0,0,0,0,0,0,0,0
ITEM_WING_BALL,0,HOLD_EFFECT_NONE,0,0,0,0,0,TYPE_NORMAL,false,false,POCKET_ITEMS,0,0,0,0,false,false,false,false,false,false,false,false,false,false,false,false,0,0,0,0,0,0,0,false,false,false,false,false,false,false,false,false,false,false,false,false,false,0,0,0,0,0,0,0,0,0,0,0,0,0
ITEM_JET_BALL,0,HOLD_EFFECT_NONE,0,0,0,0,0,TYPE_NORMAL,false,false,POCKET_ITEMS,0,0,0,0,false,false,false,false,false,false,false,false,false,false,false,false,0,0,0,0,0,0,0,false,false,false,false,false,false,false,false,false,false,false,false,false,false,0,0,0,0,0,0,0,0,0,0,0,0,0
ITEM_HEAVY_BALL_PLA,0,HOLD_EFFECT_NONE,0,0,0,0,0,TYPE_NORMAL,false,false,POCKET_ITEMS,0,0,0,0,false,false,false,false,false,false,false,false,false,false,false,false,0,0,0,0,0,0,0,false,false,false,false,false,false,false,false,false,false,false,false,false,false,0,0,0,0,0,0,0,0,0,0,0,0,0
ITEM_LEADEN_BALL,0,HOLD_EFFECT_NONE,0,0,0,0,0,TYPE_NORMAL,false,false,POCKET_ITEMS,0,0,0,0,false,false,false,false,false,false,false,false,false,false,false,false,0,0,0,0,0,0,0,false,false,false,false,false,false,false,false,false,false,false,false,false,false,0,0,0,0,0,0,0,0,0,0,0,0,0
ITEM_GIGATON_BALL,0,HOLD_EFFECT_NONE,0,0,0,0,0,TYPE_NORMAL,false,false,POCKET_ITEMS,0,0,0,0,false,false,false,false,false,false,false,false,false,false,false,false,0,0,0,0,0,0,0,false,false,false,false,false,false,false,false,false,false,false,false,false,false,0,0,0,0,0,0,0,0,0,0,0,0,0
ITEM_WING_BALL_RECIPE,0,HOLD_EFFECT_NONE,0,0,0,0,0,TYPE_NORMAL,false,false,POCKET_ITEMS,0,0,0,0,false,false,false,false,false,false,false,false,false,false,false,false,0,0,0,0,0,0,0,false,false,false,false,false,false,false,false,false,false,false,false,false,false,0,0,0,0,0,0,0,0,0,0,0,0,0
ITEM_JET_BALL_RECIPE,0,HOLD_EFFECT_NONE,0,0,0,0,0,TYPE_NORMAL,false,false,POCKET_ITEMS,0,0,0,0,false,false,false,false,false,false,false,false,false,false,false,false,0,0,0,0,0,0,0,false,false,false,false,false,false,false,false,false,false,false,false,false,false,0,0,0,0,0,0,0,0,0,0,0,0,0
ITEM_HEAVY_BALL_RECIPE,0,HOLD_EFFECT_NONE,0,0,0,0,0,TYPE_NORMAL,false,false,POCKET_ITEMS,0,0,0,0,false,false,false,false,false,false,false,false,false,false,false,false,0,0,0,0,0,0,0,false,false,false,false,false,false,false,false,false,false,false,false,false,false,0,0,0,0,0,0,0,0,0,0,0,0,0
ITEM_HOPO_BERRY,0,HOLD_EFFECT_NONE,0,0,0,0,0,TYPE_NORMAL,false,false,POCKET_ITEMS,0,0,0,0,false,false,false,false,false,false,false,false,false,false,false,false,0,0,0,0,0,0,0,false,false,false,false,false,false,false,false,false,false,false,false,false,false,0,0,0,0,0,0,0,0,0,0,0,0,0
ITEM_SUPERB_REMEDY,0,HOLD_EFFECT_NONE,0,0,0,0,0,TYPE_NORMAL,false,false,POCKET_ITEMS,0,0,0,0,false,false,false,false,false,false,false,false,false,false,false,false,0,0,0,0,0,0,0,false,false,false,false,false,false,false,false,false,false,false,false,false,false,0,0,0,0,0,0,0,0,0,0,0,0,0
ITEM_AUX_POWER,0,HOLD_EFFECT_NONE,0,0,0,0,0,TYPE_NORMAL,false,false,POCKET_ITEMS,0,0,0,0,false,false,false,false,false,false,false,false,false,false,false,false,0,0,0,0,0,0,0,false,false,false,false,false,false,false,false,false,false,false,false,false,false,0,0,0,0,0,0,0,0,0,0,0,0,0
ITEM_AUX_GUARD,0,HOLD_EFFECT_NONE,0,0,0,0,0,TYPE_NORMAL,false,false,POCKET_ITEMS,0,0,0,0,false,false,false,false,false,false,false,false,false,false,false,false,0,0,0,0,0,0,0,false,false,false,false,false,false,false,false,false,false,false,false,false,false,0,0,0,0,0,0,0,0,0,0,0,0,0
ITEM_AUX_EVASION,0,HOLD_EFFECT_NONE,0,0,0,0,0,TYPE_NORMAL,false,false,POCKET_ITEMS,0,0,0,0,false,false,false,false,false,false,false,false,false,false,false,false,0,0,0,0,0,0,0,false,false,false,false,false,false,false,false,false,false,false,false,false,false,0,0,0,0,0,0,0,0,0,0,0,0,0
ITEM_GRIT_DUST,0,HOLD_EFFECT_NONE,0,0,0,0,0,TYPE_NORMAL,false,false,POCKET_ITEMS,0,0,0,0,false,false,false,false,false,false,false,false,false,false,false,false,0,0,0,0,0,0,0,false,false,false,false,false,false,false,false,false,false,false,false,false,false,0,0,0,0,0,0,0,0,0,0,0,0,0
ITEM_GRIT_GRAVEL,0,HOLD_EFFECT_NONE,0,0,0,0,0,TYPE_NORMAL,false,false,POCKET_ITEMS,0,0,0,0,false,false,false,false,false,false,false,false,false,false,false,false,0,0,0,0,0,0,0,false,false,false,false,false,false,false,false,false,false,false,false,false,false,0,0,0,0,0,0,0,0,0,0,0,0,0
ITEM_GRIT_PEBBLE,0,HOLD_EFFECT_NONE,0,0,0,0,0,TYPE_NORMAL,false,false,POCKET_ITEMS,0,0,0,0,false,false,false,false,false,false,false,false,false,false,false,false,0,0,0,0,0,0,0,false,false,false,false,false,false,false,false,false,false,false,false,false,false,0,0,0,0,0,0,0,0,0,0,0,0,0
ITEM_GRIT_ROCK,0,HOLD_EFFECT_NONE,0,0,0,0,0,TYPE_NORMAL,false,false,POCKET_ITEMS,0,0,0,0,false,false,false,false,false,false,false,false,false,false,false,false,0,0,0,0,0,0,0,false,false,false,false,false,false,false,false,false,false,false,false,false,false,0,0,0,0,0,0,0,0,0,0,0,0,0
ITEM_SECRET_MEDICINE_PLA,0,HOLD_EFFECT_NONE,0,0,0,0,0,TYPE_NORMAL,false,false,POCKET_ITEMS,0,0,0,0,false,false,false,false,false,false,false,false,false,false,false,false,0,0,0,0,0,0,0,false,false,false,false,false,false,false,false,false,false,false,false,false,false,0,0,0,0,0,0,0,0,0,0,0,0,0
ITEM_TEMPTING_CHARM_R,0,HOLD_EFFECT_NONE,0,0,0,0,0,TYPE_NORMAL,false,false,POCKET_ITEMS,0,0,0,0,false,false,false,false,false,false,false,false,false,false,false,false,0,0,0,0,0,0,0,false,false,false,false,false,false,false,false,false,false,false,false,false,false,0,0,0,0,0,0,0,0,0,0,0,0,0
ITEM_LOST_SATCHEL_1,0,HOLD_EFFECT_NONE,0,0,0,0,0,TYPE_NORMAL,false,false,POCKET_ITEMS,0,0,0,0,false,false,false,false,false,false,false,false,false,false,false,false,0,0,0,0,0,0,0,false,false,false,false,false,false,false,false,false,false,false,false,false,false,0,0,0,0,0,0,0,0,0,0,0,0,0
ITEM_LOST_SATCHEL_2,0,HOLD_EFFECT_NONE,0,0,0,0,0,TYPE_NORMAL,false,false,POCKET_ITEMS,0,0,0,0,false,false,false,false,false,false,false,false,false,false,false,false,0,0,0,0,0,0,0,false,false,false,false,false,false,false,false,false,false,false,false,false,false,0,0,0,0,0,0,0,0,0,0,0,0,0
ITEM_LOST_SATCHEL_3,0,HOLD_EFFECT_NONE,0,0,0,0,0,TYPE_NORMAL,false,false,POCKET_ITEMS,0,0,0,0,false,false,false,false,false,false,false,false,false,false,false,false,0,0,0,0,0,0,0,false,false,false,false,false,false,false,false,false,false,false,false,false,false,0,0,0,0,0,0,0,0,0,0,0,0,0
ITEM_LOST_SATCHEL_4,0,HOLD_EFFECT_NONE,0,0,0,0,0,TYPE_NORMAL,false,false,POCKET_ITEMS,0,0,0,0,false,false,false,false,false,false,false,false,false,false,false,false,0,0,0,0,0,0,0,false,false,false,false,false,false,false,false,false,false,false,false,false,false,0,0,0,0,0,0,0,0,0,0,0,0,0
ITEM_LOST_SATCHEL_5,0,HOLD_EFFECT_NONE,0,0,0,0,0,TYPE_NORMAL,false,false,POCKET_ITEMS,0,0,0,0,false,false,false,false,false,false,false,false,false,false,false,false,0,0,0,0,0,0,0,false,false,false,false,false,false,false,false,false,false,false,false,false,false,0,0,0,0,0,0,0,0,0,0,0,0,0
ITEM_UNKNOWN_1770,0,HOLD_EFFECT_NONE,0,0,0,0,0,TYPE_NORMAL,false,false,POCKET_ITEMS,0,0,0,0,false,false,false,false,false,false,false,false,false,false,false,false,0,0,0,0,0,0,0,false,false,false,false,false,false,false,false,false,false,false,false,false,false,0,0,0,0,0,0,0,0,0,0,0,0,0
ITEM_ORIGIN_BALL,0,HOLD_EFFECT_NONE,0,0,0,0,0,TYPE_NORMAL,false,false,POCKET_ITEMS,0,0,0,0,false,false,false,false,false,false,false,false,false,false,false,false,0,0,0,0,0,0,0,false,false,false,false,false,false,false,false,false,false,false,false,false,false,0,0,0,0,0,0,0,0,0,0,0,0,0
ITEM_UNKNOWN_1772,0,HOLD_EFFECT_NONE,0,0,0,0,0,TYPE_NORMAL,false,false,POCKET_ITEMS,0,0,0,0,false,false,false,false,false,false,false,false,false,false,false,false,0,0,0,0,0,0,0,false,false,false,false,false,false,false,false,false,false,false,false,false,false,0,0,0,0,0,0,0,0,0,0,0,0,0
ITEM_UNKNOWN_1773,0,HOLD_EFFECT_NONE,0,0,0,0,0,TYPE_NORMAL,false,false,POCKET_ITEMS,0,0,0,0,false,false,false,false,false,false,false,false,false,false,false,false,0,0,0,0,0,0,0,false,false,false,false,false,false,false,false,false,false,false,false,false,false,0,0,0,0,0,0,0,0,0,0,0,0,0
ITEM_UNKNOWN_1774,0,HOLD_EFFECT_NONE,0,0,0,0,0,TYPE_NORMAL,false,false,POCKET_ITEMS,0,0,0,0,false,false,false,false,false,false,false,false,false,false,false,false,0,0,0,0,0,0,0,false,false,false,false,false,false,false,false,false,false,false,false,false,false,0,0,0,0,0,0,0,0,0,0,0,0,0
ITEM_UNKNOWN_1775,0,HOLD_EFFECT_NONE,0,0,0,0,0,TYPE_NORMAL,false,false,POCKET_ITEMS,0,0,0,0,false,false,false,false,false,false,false,false,false,false,false,false,0,0,0,0,0,0,0,false,false,false,false,false,false,false,false,false,false,false,false,false,false,0,0,0,0,0,0,0,0,0,0,0,0,0
ITEM_ORIGIN_ORE,0,HOLD_EFFECT_NONE,0,0,0,0,0,TYPE_NORMAL,false,false,POCKET_ITEMS,0,0,0,0,false,false,false,false,false,false,false,false,false,false,false,false,0,0,0,0,0,0,0,false,false,false,false,false,false,false,false,false,false,false,false,false,false,0,0,0,0,0,0,0,0,0,0,0,0,0
ITEM_ADAMANT_CRYSTAL,10000,HOLD_EFFECT_DIALGA_BOOST_AND_TRANSFORM,20,0,0,60,0,31,false,false,POCKET_ITEMS,0,0,0,0,false,false,false,false,false,false,false,false,false,false,false,false,0,0,0,0,0,0,0,false,false,false,false,false,false,false,false,false,false,false,false,false,false,0,0,0,0,0,0,0,0,0,0,0,0,0
ITEM_LUSTROUS_GLOBE,200,HOLD_EFFECT_PALKIA_BOOST_AND_TRANSFORM,20,0,0,30,0,31,false,false,POCKET_ITEMS,0,0,0,0,false,false,false,false,false,false,false,false,false,false,false,false,0,0,0,0,0,0,0,false,false,false,false,false,false,false,false,false,false,false,false,false,false,0,0,0,0,0,0,0,0,0,0,0,0,0
ITEM_GRISEOUS_CORE,10000,HOLD_EFFECT_GIRATINA_BOOST_AND_TRANSFORM,20,0,0,60,0,31,false,false,POCKET_ITEMS,0,0,0,0,false,false,false,false,false,false,false,false,false,false,false,false,0,0,0,0,0,0,0,false,false,false,false,false,false,false,false,false,false,false,false,false,false,0,0,0,0,0,0,0,0,0,0,0,0,0
ITEM_BLANK_PLATE,1000,HOLD_EFFECT_ARCEUS_NORMAL,20,0,0,90,0,31,false,false,POCKET_ITEMS,0,0,0,0,false,false,false,false,false,false,false,false,false,false,false,false,0,0,0,0,0,0,0,false,false,false,false,false,false,false,false,false,false,false,false,false,false,0,0,0,0,0,0,0,0,0,0,0,0,0
ITEM_UNKNOWN_1781,0,HOLD_EFFECT_NONE,0,0,0,0,0,TYPE_NORMAL,false,false,POCKET_ITEMS,0,0,0,0,false,false,false,false,false,false,false,false,false,false,false,false,0,0,0,0,0,0,0,false,false,false,false,false,false,false,false,false,false,false,false,false,false,0,0,0,0,0,0,0,0,0,0,0,0,0
ITEM_CRAFTING_KIT,0,HOLD_EFFECT_NONE,0,0,0,0,0,TYPE_NORMAL,false,false,POCKET_ITEMS,0,0,0,0,false,false,false,false,false,false,false,false,false,false,false,false,0,0,0,0,0,0,0,false,false,false,false,false,false,false,false,false,false,false,false,false,false,0,0,0,0,0,0,0,0,0,0,0,0,0
ITEM_LEADEN_BALL_RECIPE,0,HOLD_EFFECT_NONE,0,0,0,0,0,TYPE_NORMAL,false,false,POCKET_ITEMS,0,0,0,0,false,false,false,false,false,false,false,false,false,false,false,false,0,0,0,0,0,0,0,false,false,false,false,false,false,false,false,false,false,false,false,false,false,0,0,0,0,0,0,0,0,0,0,0,0,0
ITEM_GIGATON_BALL_RECIPE,0,HOLD_EFFECT_NONE,0,0,0,0,0,TYPE_NORMAL,false,false,POCKET_ITEMS,0,0,0,0,false,false,false,false,false,false,false,false,false,false,false,false,0,0,0,0,0,0,0,false,false,false,false,false,false,false,false,false,false,false,false,false,false,0,0,0,0,0,0,0,0,0,0,0,0,0
ITEM_STRANGE_BALL,0,HOLD_EFFECT_NONE,0,0,0,0,0,31,false,false,POCKET_BALLS,0,0,0,0,false,false,false,false,false,false,false,false,false,false,false,false,0,0,0,0,0,0,0,false,false,false,false,false,false,false,false,false,false,false,false,false,false,0,0,0,0,0,0,0,0,0,0,0,0,0
ITEM_POKEDEX,0,HOLD_EFFECT_NONE,0,0,0,0,0,TYPE_NORMAL,false,false,POCKET_ITEMS,0,0,0,0,false,false,false,false,false,false,false,false,false,false,false,false,0,0,0,0,0,0,0,false,false,false,false,false,false,false,false,false,false,false,false,false,false,0,0,0,0,0,0,0,0,0,0,0,0,0
ITEM_OLD_VERSE_1,0,HOLD_EFFECT_NONE,0,0,0,0,0,TYPE_NORMAL,false,false,POCKET_ITEMS,0,0,0,0,false,false,false,false,false,false,false,false,false,false,false,false,0,0,0,0,0,0,0,false,false,false,false,false,false,false,false,false,false,false,false,false,false,0,0,0,0,0,0,0,0,0,0,0,0,0
ITEM_OLD_VERSE_2,0,HOLD_EFFECT_NONE,0,0,0,0,0,TYPE_NORMAL,false,false,POCKET_ITEMS,0,0,0,0,false,false,false,false,false,false,false,false,false,false,false,false,0,0,0,0,0,0,0,false,false,false,false,false,false,false,false,false,false,false,false,false,false,0,0,0,0,0,0,0,0,0,0,0,0,0
ITEM_OLD_VERSE_3,0,HOLD_EFFECT_NONE,0,0,0,0,0,TYPE_NORMAL,false,false,POCKET_ITEMS,0,0,0,0,false,false,false,false,false,false,false,false,false,false,false,false,0,0,0,0,0,0,0,false,false,false,false,false,false,false,false,false,false,false,false,false,false,0,0,0,0,0,0,0,0,0,0,0,0,0
ITEM_OLD_VERSE_4,0,HOLD_EFFECT_NONE,0,0,0,0,0,TYPE_NORMAL,false,false,POCKET_ITEMS,0,0,0,0,false,false,false,false,false,false,false,false,false,false,false,false,0,0,0,0,0,0,0,false,false,false,false,false,false,false,false,false,false,false,false,false,false,0,0,0,0,0,0,0,0,0,0,0,0,0
ITEM_UNKNOWN_1791,0,HOLD_EFFECT_NONE,0,0,0,0,0,TYPE_NORMAL,false,false,POCKET_ITEMS,0,0,0,0,false,false,false,false,false,false,false,false,false,false,false,false,0,0,0,0,0,0,0,false,false,false,false,false,false,false,false,false,false,false,false,false,false,0,0,0,0,0,0,0,0,0,0,0,0,0
ITEM_OLD_VERSE_5,0,HOLD_EFFECT_NONE,0,0,0,0,0,TYPE_NORMAL,false,false,POCKET_ITEMS,0,0,0,0,false,false,false,false,false,false,false,false,false,false,false,false,0,0,0,0,0,0,0,false,false,false,false,false,false,false,false,false,false,false,false,false,false,0,0,0,0,0,0,0,0,0,0,0,0,0
ITEM_OLD_VERSE_6,0,HOLD_EFFECT_NONE,0,0,0,0,0,TYPE_NORMAL,false,false,POCKET_ITEMS,0,0,0,0,false,false,false,false,false,false,false,false,false,false,false,false,0,0,0,0,0,0,0,false,false,false,false,false,false,false,false,false,false,false,false,false,false,0,0,0,0,0,0,0,0,0,0,0,0,0
ITEM_OLD_VERSE_7,0,HOLD_EFFECT_NONE,0,0,0,0,0,TYPE_NORMAL,false,false,POCKET_ITEMS,0,0,0,0,false,false,false,false,false,false,false,false,false,false,false,false,0,0,0,0,0,0,0,false,false,false,false,false,false,false,false,false,false,false,false,false,false,0,0,0,0,0,0,0,0,0,0,0,0,0
ITEM_OLD_VERSE_8,0,HOLD_EFFECT_NONE,0,0,0,0,0,TYPE_NORMAL,false,false,POCKET_ITEMS,0,0,0,0,false,false,false,false,false,false,false,false,false,false,false,false,0,0,0,0,0,0,0,false,false,false,false,false,false,false,false,false,false,false,false,false,false,0,0,0,0,0,0,0,0,0,0,0,0,0
ITEM_OLD_VERSE_9,0,HOLD_EFFECT_NONE,0,0,0,0,0,TYPE_NORMAL,false,false,POCKET_ITEMS,0,0,0,0,false,false,false,false,false,false,false,false,false,false,false,false,0,0,0,0,0,0,0,false,false,false,false,false,false,false,false,false,false,false,false,false,false,0,0,0,0,0,0,0,0,0,0,0,0,0
ITEM_OLD_VERSE_10,0,HOLD_EFFECT_NONE,0,0,0,0,0,TYPE_NORMAL,false,false,POCKET_ITEMS,0,0,0,0,false,false,false,false,false,false,false,false,false,false,false,false,0,0,0,0,0,0,0,false,false,false,false,false,false,false,false,false,false,false,false,false,false,0,0,0,0,0,0,0,0,0,0,0,0,0
ITEM_OLD_VERSE_11,0,HOLD_EFFECT_NONE,0,0,0,0,0,TYPE_NORMAL,false,false,POCKET_ITEMS,0,0,0,0,false,false,false,false,false,false,false,false,false,false,false,false,0,0,0,0,0,0,0,false,false,false,false,false,false,false,false,false,false,false,false,false,false,0,0,0,0,0,0,0,0,0,0,0,0,0
ITEM_OLD_VERSE_12,0,HOLD_EFFECT_NONE,0,0,0,0,0,TYPE_NORMAL,false,false,POCKET_ITEMS,0,0,0,0,false,false,false,false,false,false,false,false,false,false,false,false,0,0,0,0,0,0,0,false,false,false,false,false,false,false,false,false,false,false,false,false,false,0,0,0,0,0,0,0,0,0,0,0,0,0
ITEM_OLD_VERSE_13,0,HOLD_EFFECT_NONE,0,0,0,0,0,TYPE_NORMAL,false,false,POCKET_ITEMS,0,0,0,0,false,false,false,false,false,false,false,false,false,false,false,false,0,0,0,0,0,0,0,false,false,false,false,false,false,false,false,false,false,false,false,false,false,0,0,0,0,0,0,0,0,0,0,0,0,0
ITEM_OLD_VERSE_14,0,HOLD_EFFECT_NONE,0,0,0,0,0,TYPE_NORMAL,false,false,POCKET_ITEMS,0,0,0,0,false,false,false,false,false,false,false,false,false,false,false,false,0,0,0,0,0,0,0,false,false,false,false,false,false,false,false,false,false,false,false,false,false,0,0,0,0,0,0,0,0,0,0,0,0,0
ITEM_OLD_VERSE_15,0,HOLD_EFFECT_NONE,0,0,0,0,0,TYPE_NORMAL,false,false,POCKET_ITEMS,0,0,0,0,false,false,false,false,false,false,false,false,false,false,false,false,0,0,0,0,0,0,0,false,false,false,false,false,false,false,false,false,false,false,false,false,false,0,0,0,0,0,0,0,0,0,0,0,0,0
ITEM_OLD_VERSE_16,0,HOLD_EFFECT_NONE,0,0,0,0,0,TYPE_NORMAL,false,false,POCKET_ITEMS,0,0,0,0,false,false,false,false,false,false,false,false,false,false,false,false,0,0,0,0,0,0,0,false,false,false,false,false,false,false,false,false,false,false,false,false,false,0,0,0,0,0,0,0,0,0,0,0,0,0
ITEM_OLD_VERSE_17,0,HOLD_EFFECT_NONE,0,0,0,0,0,TYPE_NORMAL,false,false,POCKET_ITEMS,0,0,0,0,false,false,false,false,false,false,false,false,false,false,false,false,0,0,0,0,0,0,0,false,false,false,false,false,false,false,false,false,false,false,false,false,false,0,0,0,0,0,0,0,0,0,0,0,0,0
ITEM_OLD_VERSE_18,0,HOLD_EFFECT_NONE,0,0,0,0,0,TYPE_NORMAL,false,false,POCKET_ITEMS,0,0,0,0,false,false,false,false,false,false,false,false,false,false,false,false,0,0,0,0,0,0,0,false,false,false,false,false,false,false,false,false,false,false,false,false,false,0,0,0,0,0,0,0,0,0,0,0,0,0
ITEM_OLD_VERSE_19,0,HOLD_EFFECT_NONE,0,0,0,0,0,TYPE_NORMAL,false,false,POCKET_ITEMS,0,0,0,0,false,false,false,false,false,false,false,false,false,false,false,false,0,0,0,0,0,0,0,false,false,false,false,false,false,false,false,false,false,false,false,false,false,0,0,0,0,0,0,0,0,0,0,0,0,0
ITEM_OLD_VERSE_20,0,HOLD_EFFECT_NONE,0,0,0,0,0,TYPE_NORMAL,false,false,POCKET_ITEMS,0,0,0,0,false,false,false,false,false,false,false,false,false,false,false,false,0,0,0,0,0,0,0,false,false,false,false,false,false,false,false,false,false,false,false,false,false,0,0,0,0,0,0,0,0,0,0,0,0,0
ITEM_MYSTERIOUS_SHARD_S,0,HOLD_EFFECT_NONE,0,0,0,0,0,TYPE_NORMAL,false,false,POCKET_ITEMS,0,0,0,0,false,false,false,false,false,false,false,false,false,false,false,false,0,0,0,0,0,0,0,false,false,false,false,false,false,false,false,false,false,false,false,false,false,0,0,0,0,0,0,0,0,0,0,0,0,0
ITEM_MYSTERIOUS_SHARD_L,0,HOLD_EFFECT_NONE,0,0,0,0,0,TYPE_NORMAL,false,false,POCKET_ITEMS,0,0,0,0,false,false,false,false,false,false,false,false,false,false,false,false,0,0,0,0,0,0,0,false,false,false,false,false,false,false,false,false,false,false,false,false,false,0,0,0,0,0,0,0,0,0,0,0,0,0
ITEM_DIGGER_DRILL,0,HOLD_EFFECT_NONE,0,0,0,0,0,TYPE_NORMAL,false,false,POCKET_ITEMS,0,0,0,0,false,false,false,false,false,false,false,false,false,false,false,false,0,0,0,0,0,0,0,false,false,false,false,false,false,false,false,false,false,false,false,false,false,0,0,0,0,0,0,0,0,0,0,0,0,0
ITEM_KANTO_SLATE,0,HOLD_EFFECT_NONE,0,0,0,0,0,TYPE_NORMAL,false,false,POCKET_ITEMS,0,0,0,0,false,false,false,false,false,false,false,false,false,false,false,false,0,0,0,0,0,0,0,false,false,false,false,false,false,false,false,false,false,false,false,false,false,0,0,0,0,0,0,0,0,0,0,0,0,0
ITEM_JOHTO_SLATE,0,HOLD_EFFECT_NONE,0,0,0,0,0,TYPE_NORMAL,false,false,POCKET_ITEMS,0,0,0,0,false,false,false,false,false,false,false,false,false,false,false,false,0,0,0,0,0,0,0,false,false,false,false,false,false,false,false,false,false,false,false,false,false,0,0,0,0,0,0,0,0,0,0,0,0,0
ITEM_SOUL_SLATE,0,HOLD_EFFECT_NONE,0,0,0,0,0,TYPE_NORMAL,false,false,POCKET_ITEMS,0,0,0,0,false,false,false,false,false,false,false,false,false,false,false,false,0,0,0,0,0,0,0,false,false,false,false,false,false,false,false,false,false,false,false,false,false,0,0,0,0,0,0,0,0,0,0,0,0,0
ITEM_RAINBOW_SLATE,0,HOLD_EFFECT_NONE,0,0,0,0,0,TYPE_NORMAL,false,false,POCKET_ITEMS,0,0,0,0,false,false,false,false,false,false,false,false,false,false,false,false,0,0,0,0,0,0,0,false,false,false,false,false,false,false,false,false,false,false,false,false,false,0,0,0,0,0,0,0,0,0,0,0,0,0
ITEM_SQUALL_SLATE,0,HOLD_EFFECT_NONE,0,0,0,0,0,TYPE_NORMAL,false,false,POCKET_ITEMS,0,0,0,0,false,false,false,false,false,false,false,false,false,false,false,false,0,0,0,0,0,0,0,false,false,false,false,false,false,false,false,false,false,false,false,false,false,0,0,0,0,0,0,0,0,0,0,0,0,0
ITEM_OCEANIC_SLATE,0,HOLD_EFFECT_NONE,0,0,0,0,0,TYPE_NORMAL,false,false,POCKET_ITEMS,0,0,0,0,false,false,false,false,false,false,false,false,false,false,false,false,0,0,0,0,0,0,0,false,false,false,false,false,false,false,false,false,false,false,false,false,false,0,0,0,0,0,0,0,0,0,0,0,0,0
ITEM_TECTONIC_SLATE,0,HOLD_EFFECT_NONE,0,0,0,0,0,TYPE_NORMAL,false,false,POCKET_ITEMS,0,0,0,0,false,false,false,false,false,false,false,false,false,false,false,false,0,0,0,0,0,0,0,false,false,false,false,false,false,false,false,false,false,false,false,false,false,0,0,0,0,0,0,0,0,0,0,0,0,0
ITEM_STRATOSPHERIC_SLATE,0,HOLD_EFFECT_NONE,0,0,0,0,0,TYPE_NORMAL,false,false,POCKET_ITEMS,0,0,0,0,false,false,false,false,false,false,false,false,false,false,false,false,0,0,0,0,0,0,0,false,false,false,false,false,false,false,false,false,false,false,false,false,false,0,0,0,0,0,0,0,0,0,0,0,0,0
ITEM_GENOME_SLATE,0,HOLD_EFFECT_NONE,0,0,0,0,0,TYPE_NORMAL,false,false,POCKET_ITEMS,0,0,0,0,false,false,false,false,false,false,false,false,false,false,false,false,0,0,0,0,0,0,0,false,false,false,false,false,false,false,false,false,false,false,false,false,false,0,0,0,0,0,0,0,0,0,0,0,0,0
ITEM_DISCOVERY_SLATE,0,HOLD_EFFECT_NONE,0,0,0,0,0,TYPE_NORMAL,false,false,POCKET_ITEMS,0,0,0,0,false,false,false,false,false,false,false,false,false,false,false,false,0,0,0,0,0,0,0,false,false,false,false,false,false,false,false,false,false,false,false,false,false,0,0,0,0,0,0,0,0,0,0,0,0,0
ITEM_DISTORTION_SLATE,0,HOLD_EFFECT_NONE,0,0,0,0,0,TYPE_NORMAL,false,false,POCKET_ITEMS,0,0,0,0,false,false,false,false,false,false,false,false,false,false,false,false,0,0,0,0,0,0,0,false,false,false,false,false,false,false,false,false,false,false,false,false,false,0,0,0,0,0,0,0,0,0,0,0,0,0
ITEM_DS_SOUNDS,0,HOLD_EFFECT_NONE,0,0,0,0,0,TYPE_NORMAL,false,false,POCKET_ITEMS,0,0,0,0,false,false,false,false,false,false,false,false,false,false,false,false,0,0,0,0,0,0,0,false,false,false,false,false,false,false,false,false,false,false,false,false,false,0,0,0,0,0,0,0,0,0,0,0,0,0
ITEM_NONE_1823,0,HOLD_EFFECT_NONE,0,0,0,0,0,TYPE_NORMAL,false,false,POCKET_ITEMS,0,0,0,0,false,false,false,false,false,false,false,false,false,false,false,false,0,0,0,0,0,0,0,false,false,false,false,false,false,false,false,false,false,false,false,false,false,0,0,0,0,0,0,0,0,0,0,0,0,0
ITEM_NONE_1824,0,HOLD_EFFECT_NONE,0,0,0,0,0,TYPE_NORMAL,false,false,POCKET_ITEMS,0,0,0,0,false,false,false,false,false,false,false,false,false,false,false,false,0,0,0,0,0,0,0,false,false,false,false,false,false,false,false,false,false,false,false,false,false,0,0,0,0,0,0,0,0,0,0,0,0,0
ITEM_NONE_1825,0,HOLD_EFFECT_NONE,0,0,0,0,0,TYPE_NORMAL,false,false,POCKET_ITEMS,0,0,0,0,false,false,false,false,false,false,false,false,false,false,false,false,0,0,0,0,0,0,0,false,false,false,false,false,false,false,false,false,false,false,false,false,false,0,0,0,0,0,0,0,0,0,0,0,0,0
ITEM_NONE_1826,0,HOLD_EFFECT_NONE,0,0,0,0,0,TYPE_NORMAL,false,false,POCKET_ITEMS,0,0,0,0,false,false,false,false,false,false,false,false,false,false,false,false,0,0,0,0,0,0,0,false,false,false,false,false,false,false,false,false,false,false,false,false,false,0,0,0,0,0,0,0,0,0,0,0,0,0
ITEM_NONE_1827,0,HOLD_EFFECT_NONE,0,0,0,0,0,TYPE_NORMAL,false,false,POCKET_ITEMS,0,0,0,0,false,false,false,false,false,false,false,false,false,false,false,false,0,0,0,0,0,0,0,false,false,false,false,false,false,false,false,false,false,false,false,false,false,0,0,0,0,0,0,0,0,0,0,0,0,0
ITEM_LEGEND_PLATE,0,HOLD_EFFECT_NONE,0,0,0,0,0,31,true,false,POCKET_KEY_ITEMS,0,0,0,0,false,false,false,false,false,false,false,false,false,false,false,false,0,0,0,0,0,0,0,false,false,false,false,false,false,false,false,false,false,false,false,false,false,0,0,0,0,0,0,0,0,0,0,0,0,0
ITEM_ROTOM_PHONE,0,HOLD_EFFECT_NONE,0,0,0,0,0,31,false,false,POCKET_KEY_ITEMS,0,0,0,0,false,false,false,false,false,false,false,false,false,false,false,false,0,0,0,0,0,0,0,false,false,false,false,false,false,false,false,false,false,false,false,false,false,0,0,0,0,0,0,0,0,0,0,0,0,0
ITEM_SANDWICH,0,HOLD_EFFECT_NONE,0,0,0,0,0,31,false,false,POCKET_KEY_ITEMS,0,0,0,0,false,false,false,false,false,false,false,false,false,false,false,false,0,0,0,0,0,0,0,false,false,false,false,false,false,false,false,false,false,false,false,false,false,0,0,0,0,0,0,0,0,0,0,0,0,0
ITEM_KORAIDONS_POKE_BALL,0,HOLD_EFFECT_NONE,0,0,0,0,0,31,false,false,POCKET_KEY_ITEMS,0,0,0,0,false,false,false,false,false,false,false,false,false,false,false,false,0,0,0,0,0,0,0,false,false,false,false,false,false,false,false,false,false,false,false,false,false,0,0,0,0,0,0,0,0,0,0,0,0,0
ITEM_MIRAIDONS_POKE_BALL,0,HOLD_EFFECT_NONE,0,0,0,0,0,31,false,false,POCKET_KEY_ITEMS,0,0,0,0,false,false,false,false,false,false,false,false,false,false,false,false,0,0,0,0,0,0,0,false,false,false,false,false,false,false,false,false,false,false,false,false,false,0,0,0,0,0,0,0,0,0,0,0,0,0
ITEM_TERA_ORB,0,HOLD_EFFECT_NONE,0,0,0,0,0,31,false,false,POCKET_KEY_ITEMS,0,0,0,0,false,false,false,false,false,false,false,false,false,false,false,false,0,0,0,0,0,0,0,false,false,false,false,false,false,false,false,false,false,false,false,false,false,0,0,0,0,0,0,0,0,0,0,0,0,0
ITEM_SCARLET_BOOK,0,HOLD_EFFECT_NONE,0,0,0,0,0,31,false,false,POCKET_KEY_ITEMS,0,0,0,0,false,false,false,false,false,false,false,false,false,false,false,false,0,0,0,0,0,0,0,false,false,false,false,false,false,false,false,false,false,false,false,false,false,0,0,0,0,0,0,0,0,0,0,0,0,0
ITEM_VIOLET_BOOK,0,HOLD_EFFECT_NONE,0,0,0,0,0,31,false,false,POCKET_KEY_ITEMS,0,0,0,0,false,false,false,false,false,false,false,false,false,false,false,false,0,0,0,0,0,0,0,false,false,false,false,false,false,false,false,false,false,false,false,false,false,0,0,0,0,0,0,0,0,0,0,0,0,0
ITEM_KOFUS_WALLET,0,HOLD_EFFECT_NONE,0,0,0,0,0,31,false,false,POCKET_KEY_ITEMS,0,0,0,0,false,false,false,false,false,false,false,false,false,false,false,false,0,0,0,0,0,0,0,false,false,false,false,false,false,false,false,false,false,false,false,false,false,0,0,0,0,0,0,0,0,0,0,0,0,0
ITEM_NONE_1837,0,HOLD_EFFECT_NONE,0,0,0,0,0,31,false,false,POCKET_KEY_ITEMS,0,0,0,0,false,false,false,false,false,false,false,false,false,false,false,false,0,0,0,0,0,0,0,false,false,false,false,false,false,false,false,false,false,false,false,false,false,0,0,0,0,0,0,0,0,0,0,0,0,0
ITEM_NONE_1838,0,HOLD_EFFECT_NONE,0,0,0,0,0,31,false,false,POCKET_KEY_ITEMS,0,0,0,0,false,false,false,false,false,false,false,false,false,false,false,false,0,0,0,0,0,0,0,false,false,false,false,false,false,false,false,false,false,false,false,false,false,0,0,0,0,0,0,0,0,0,0,0,0,0
ITEM_NONE_1839,0,HOLD_EFFECT_NONE,0,0,0,0,0,31,false,false,POCKET_KEY_ITEMS,0,0,0,0,false,false,false,false,false,false,false,false,false,false,false,false,0,0,0,0,0,0,0,false,false,false,false,false,false,false,false,false,false,false,false,false,false,0,0,0,0,0,0,0,0,0,0,0,0,0
ITEM_NONE_1840,0,HOLD_EFFECT_NONE,0,0,0,0,0,31,false,false,POCKET_KEY_ITEMS,0,0,0,0,false,false,false,false,false,false,false,false,false,false,false,false,0,0,0,0,0,0,0,false,false,false,false,false,false,false,false,false,false,false,false,false,false,0,0,0,0,0,0,0,0,0,0,0,0,0
ITEM_NONE_1841,0,HOLD_EFFECT_NONE,0,0,0,0,0,31,false,false,POCKET_KEY_ITEMS,0,0,0,0,false,false,false,false,false,false,false,false,false,false,false,false,0,0,0,0,0,0,0,false,false,false,false,false,false,false,false,false,false,false,false,false,false,0,0,0,0,0,0,0,0,0,0,0,0,0
ITEM_TINY_BAMBOO_SHOOT,1500,HOLD_EFFECT_NONE,0,0,0,30,0,31,false,false,POCKET_ITEMS,0,0,0,0,false,false,false,false,false,false,false,false,false,false,false,false,0,0,0,0,0,0,0,false,false,false,false,false,false,false,false,false,false,false,false,false,false,0,0,0,0,0,0,0,0,0,0,0,0,0
ITEM_BIG_BAMBOO_SHOOT,6000,HOLD_EFFECT_NONE,0,0,0,30,0,31,false,false,POCKET_ITEMS,0,0,0,0,false,false,false,false,false,false,false,false,false,false,false,false,0,0,0,0,0,0,0,false,false,false,false,false,false,false,false,false,false,false,false,false,false,0,0,0,0,0,0,0,0,0,0,0,0,0
ITEM_NONE_1844,0,HOLD_EFFECT_NONE,0,0,0,0,0,TYPE_NORMAL,false,false,POCKET_ITEMS,0,0,0,0,false,false,false,false,false,false,false,false,false,false,false,false,0,0,0,0,0,0,0,false,false,false,false,false,false,false,false,false,false,false,false,false,false,0,0,0,0,0,0,0,0,0,0,0,0,0
ITEM_NONE_1845,0,HOLD_EFFECT_NONE,0,0,0,0,0,TYPE_NORMAL,false,false,POCKET_ITEMS,0,0,0,0,false,false,false,false,false,false,false,false,false,false,false,false,0,0,0,0,0,0,0,false,false,false,false,false,false,false,false,false,false,false,false,false,false,0,0,0,0,0,0,0,0,0,0,0,0,0
ITEM_NONE_1846,0,HOLD_EFFECT_NONE,0,0,0,0,0,TYPE_NORMAL,false,false,POCKET_ITEMS,0,0,0,0,false,false,false,false,false,false,false,false,false,false,false,false,0,0,0,0,0,0,0,false,false,false,false,false,false,false,false,false,false,false,false,false,false,0,0,0,0,0,0,0,0,0,0,0,0,0
ITEM_NONE_1847,0,HOLD_EFFECT_NONE,0,0,0,0,0,TYPE_NORMAL,false,false,POCKET_ITEMS,0,0,0,0,false,false,false,false,false,false,false,false,false,false,false,false,0,0,0,0,0,0,0,false,false,false,false,false,false,false,false,false,false,false,false,false,false,0,0,0,0,0,0,0,0,0,0,0,0,0
ITEM_NONE_1848,0,HOLD_EFFECT_NONE,0,0,0,0,0,TYPE_NORMAL,false,false,POCKET_ITEMS,0,0,0,0,false,false,false,false,false,false,false,false,false,false,false,false,0,0,0,0,0,0,0,false,false,false,false,false,false,false,false,false,false,false,false,false,false,0,0,0,0,0,0,0,0,0,0,0,0,0
ITEM_NONE_1849,0,HOLD_EFFECT_NONE,0,0,0,0,0,TYPE_NORMAL,false,false,POCKET_ITEMS,0,0,0,0,false,false,false,false,false,false,false,false,false,false,false,false,0,0,0,0,0,0,0,false,false,false,false,false,false,false,false,false,false,false,false,false,false,0,0,0,0,0,0,0,0,0,0,0,0,0
ITEM_NONE_1850,0,HOLD_EFFECT_NONE,0,0,0,0,0,TYPE_NORMAL,false,false,POCKET_ITEMS,0,0,0,0,false,false,false,false,false,false,false,false,false,false,false,false,0,0,0,0,0,0,0,false,false,false,false,false,false,false,false,false,false,false,false,false,false,0,0,0,0,0,0,0,0,0,0,0,0,0
ITEM_NONE_1851,0,HOLD_EFFECT_NONE,0,0,0,0,0,TYPE_NORMAL,false,false,POCKET_ITEMS,0,0,0,0,false,false,false,false,false,false,false,false,false,false,false,false,0,0,0,0,0,0,0,false,false,false,false,false,false,false,false,false,false,false,false,false,false,0,0,0,0,0,0,0,0,0,0,0,0,0
ITEM_NONE_1852,0,HOLD_EFFECT_NONE,0,0,0,0,0,TYPE_NORMAL,false,false,POCKET_ITEMS,0,0,0,0,false,false,false,false,false,false,false,false,false,false,false,false,0,0,0,0,0,0,0,false,false,false,false,false,false,false,false,false,false,false,false,false,false,0,0,0,0,0,0,0,0,0,0,0,0,0
ITEM_NONE_1853,0,HOLD_EFFECT_NONE,0,0,0,0,0,TYPE_NORMAL,false,false,POCKET_ITEMS,0,0,0,0,false,false,false,false,false,false,false,false,false,false,false,false,0,0,0,0,0,0,0,false,false,false,false,false,false,false,false,false,false,false,false,false,false,0,0,0,0,0,0,0,0,0,0,0,0,0
ITEM_NONE_1854,0,HOLD_EFFECT_NONE,0,0,0,0,0,TYPE_NORMAL,false,false,POCKET_ITEMS,0,0,0,0,false,false,false,false,false,false,false,false,false,false,false,false,0,0,0,0,0,0,0,false,false,false,false,false,false,false,false,false,false,false,false,false,false,0,0,0,0,0,0,0,0,0,0,0,0,0
ITEM_NONE_1855,0,HOLD_EFFECT_NONE,0,0,0,0,0,TYPE_NORMAL,false,false,POCKET_ITEMS,0,0,0,0,false,false,false,false,false,false,false,false,false,false,false,false,0,0,0,0,0,0,0,false,false,false,false,false,false,false,false,false,false,false,false,false,false,0,0,0,0,0,0,0,0,0,0,0,0,0
ITEM_NONE_1856,0,HOLD_EFFECT_NONE,0,0,0,0,0,TYPE_NORMAL,false,false,POCKET_ITEMS,0,0,0,0,false,false,false,false,false,false,false,false,false,false,false,false,0,0,0,0,0,0,0,false,false,false,false,false,false,false,false,false,false,false,false,false,false,0,0,0,0,0,0,0,0,0,0,0,0,0
ITEM_NONE_1859,0,HOLD_EFFECT_NONE,0,0,0,0,0,TYPE_NORMAL,false,false,POCKET_ITEMS,0,0,0,0,false,false,false,false,false,false,false,false,false,false,false,false,0,0,0,0,0,0,0,false,false,false,false,false,false,false,false,false,false,false,false,false,false,0,0,0,0,0,0,0,0,0,0,0,0,0
ITEM_NONE_1860,0,HOLD_EFFECT_NONE,0,0,0,0,0,TYPE_NORMAL,false,false,POCKET_ITEMS,0,0,0,0,false,false,false,false,false,false,false,false,false,false,false,false,0,0,0,0,0,0,0,false,false,false,false,false,false,false,false,false,false,false,false,false,false,0,0,0,0,0,0,0,0,0,0,0,0,0
ITEM_NORMAL_TERA_SHARD,2000,HOLD_EFFECT_NONE,0,0,0,30,0,31,false,false,POCKET_ITEMS,0,0,0,0,false,false,false,false,false,false,false,false,false,false,false,false,0,0,0,0,0,0,0,false,false,false,false,false,false,false,false,false,false,false,false,false,false,0,0,0,0,0,0,0,0,0,0,0,0,0
ITEM_FIRE_TERA_SHARD,2000,HOLD_EFFECT_NONE,0,0,0,30,0,31,false,false,POCKET_ITEMS,0,0,0,0,false,false,false,false,false,false,false,false,false,false,false,false,0,0,0,0,0,0,0,false,false,false,false,false,false,false,false,false,false,false,false,false,false,0,0,0,0,0,0,0,0,0,0,0,0,0
ITEM_WATER_TERA_SHARD,2000,HOLD_EFFECT_NONE,0,0,0,30,0,31,false,false,POCKET_ITEMS,0,0,0,0,false,false,false,false,false,false,false,false,false,false,false,false,0,0,0,0,0,0,0,false,false,false,false,false,false,false,false,false,false,false,false,false,false,0,0,0,0,0,0,0,0,0,0,0,0,0
ITEM_ELECTRIC_TERA_SHARD,2000,HOLD_EFFECT_NONE,0,0,0,30,0,31,false,false,POCKET_ITEMS,0,0,0,0,false,false,false,false,false,false,false,false,false,false,false,false,0,0,0,0,0,0,0,false,false,false,false,false,false,false,false,false,false,false,false,false,false,0,0,0,0,0,0,0,0,0,0,0,0,0
ITEM_GRASS_TERA_SHARD,2000,HOLD_EFFECT_NONE,0,0,0,30,0,31,false,false,POCKET_ITEMS,0,0,0,0,false,false,false,false,false,false,false,false,false,false,false,false,0,0,0,0,0,0,0,false,false,false,false,false,false,false,false,false,false,false,false,false,false,0,0,0,0,0,0,0,0,0,0,0,0,0
ITEM_ICE_TERA_SHARD,2000,HOLD_EFFECT_NONE,0,0,0,30,0,31,false,false,POCKET_ITEMS,0,0,0,0,false,false,false,false,false,false,false,false,false,false,false,false,0,0,0,0,0,0,0,false,false,false,false,false,false,false,false,false,false,false,false,false,false,0,0,0,0,0,0,0,0,0,0,0,0,0
ITEM_FIGHTING_TERA_SHARD,2000,HOLD_EFFECT_NONE,0,0,0,30,0,31,false,false,POCKET_ITEMS,0,0,0,0,false,false,false,false,false,false,false,false,false,false,false,false,0,0,0,0,0,0,0,false,false,false,false,false,false,false,false,false,false,false,false,false,false,0,0,0,0,0,0,0,0,0,0,0,0,0
ITEM_POISON_TERA_SHARD,2000,HOLD_EFFECT_NONE,0,0,0,30,0,31,false,false,POCKET_ITEMS,0,0,0,0,false,false,false,false,false,false,false,false,false,false,false,false,0,0,0,0,0,0,0,false,false,false,false,false,false,false,false,false,false,false,false,false,false,0,0,0,0,0,0,0,0,0,0,0,0,0
ITEM_GROUND_TERA_SHARD,2000,HOLD_EFFECT_NONE,0,0,0,30,0,31,false,false,POCKET_ITEMS,0,0,0,0,false,false,false,false,false,false,false,false,false,false,false,false,0,0,0,0,0,0,0,false,false,false,false,false,false,false,false,false,false,false,false,false,false,0,0,0,0,0,0,0,0,0,0,0,0,0
ITEM_FLYING_TERA_SHARD,2000,HOLD_EFFECT_NONE,0,0,0,30,0,31,false,false,POCKET_ITEMS,0,0,0,0,false,false,false,false,false,false,false,false,false,false,false,false,0,0,0,0,0,0,0,false,false,false,false,false,false,false,false,false,false,false,false,false,false,0,0,0,0,0,0,0,0,0,0,0,0,0
ITEM_PSYCHIC_TERA_SHARD,2000,HOLD_EFFECT_NONE,0,0,0,30,0,31,false,false,POCKET_ITEMS,0,0,0,0,false,false,false,false,false,false,false,false,false,false,false,false,0,0,0,0,0,0,0,false,false,false,false,false,false,false,false,false,false,false,false,false,false,0,0,0,0,0,0,0,0,0,0,0,0,0
ITEM_BUG_TERA_SHARD,2000,HOLD_EFFECT_NONE,0,0,0,30,0,31,false,false,POCKET_ITEMS,0,0,0,0,false,false,false,false,false,false,false,false,false,false,false,false,0,0,0,0,0,0,0,false,false,false,false,false,false,false,false,false,false,false,false,false,false,0,0,0,0,0,0,0,0,0,0,0,0,0
ITEM_ROCK_TERA_SHARD,2000,HOLD_EFFECT_NONE,0,0,0,30,0,31,false,false,POCKET_ITEMS,0,0,0,0,false,false,false,false,false,false,false,false,false,false,false,false,0,0,0,0,0,0,0,false,false,false,false,false,false,false,false,false,false,false,false,false,false,0,0,0,0,0,0,0,0,0,0,0,0,0
ITEM_GHOST_TERA_SHARD,2000,HOLD_EFFECT_NONE,0,0,0,30,0,31,false,false,POCKET_ITEMS,0,0,0,0,false,false,false,false,false,false,false,false,false,false,false,false,0,0,0,0,0,0,0,false,false,false,false,false,false,false,false,false,false,false,false,false,false,0,0,0,0,0,0,0,0,0,0,0,0,0
ITEM_DRAGON_TERA_SHARD,2000,HOLD_EFFECT_NONE,0,0,0,30,0,31,false,false,POCKET_ITEMS,0,0,0,0,false,false,false,false,false,false,false,false,false,false,false,false,0,0,0,0,0,0,0,false,false,false,false,false,false,false,false,false,false,false,false,false,false,0,0,0,0,0,0,0,0,0,0,0,0,0
ITEM_DARK_TERA_SHARD,2000,HOLD_EFFECT_NONE,0,0,0,30,0,31,false,false,POCKET_ITEMS,0,0,0,0,false,false,false,false,false,false,false,false,false,false,false,false,0,0,0,0,0,0,0,false,false,false,false,false,false,false,false,false,false,false,false,false,false,0,0,0,0,0,0,0,0,0,0,0,0,0
ITEM_STEEL_TERA_SHARD,2000,HOLD_EFFECT_NONE,0,0,0,30,0,31,false,false,POCKET_ITEMS,0,0,0,0,false,false,false,false,false,false,false,false,false,false,false,false,0,0,0,0,0,0,0,false,false,false,false,false,false,false,false,false,false,false,false,false,false,0,0,0,0,0,0,0,0,0,0,0,0,0
ITEM_FAIRY_TERA_SHARD,2000,HOLD_EFFECT_NONE,0,0,0,30,0,31,false,false,POCKET_ITEMS,0,0,0,0,false,false,false,false,false,false,false,false,false,false,false,false,0,0,0,0,0,0,0,false,false,false,false,false,false,false,false,false,false,false,false,false,false,0,0,0,0,0,0,0,0,0,0,0,0,0
ITEM_BOOSTER_ENERGY,200,HOLD_EFFECT_ACTIVATE_PARADOX_ABILITIES,0,0,0,30,0,31,false,false,POCKET_ITEMS,0,0,0,0,false,false,false,false,false,false,false,false,false,false,false,false,0,0,0,0,0,0,0,false,false,false,false,false,false,false,false,false,false,false,false,false,false,0,0,0,0,0,0,0,0,0,0,0,0,0
ITEM_ABILITY_SHIELD,20000,HOLD_EFFECT_PREVENT_ABILITY_CHANGES,0,0,0,30,0,31,false,false,POCKET_ITEMS,0,0,0,0,false,false,false,false,false,false,false,false,false,false,false,false,0,0,0,0,0,0,0,false,false,false,false,false,false,false,false,false,false,false,false,false,false,0,0,0,0,0,0,0,0,0,0,0,0,0
ITEM_CLEAR_AMULET,30000,HOLD_EFFECT_PREVENT_STAT_DROPS,0,0,0,30,0,31,false,false,POCKET_ITEMS,0,0,0,0,false,false,false,false,false,false,false,false,false,false,false,false,0,0,0,0,0,0,0,false,false,false,false,false,false,false,false,false,false,false,false,false,false,0,0,0,0,0,0,0,0,0,0,0,0,0
ITEM_MIRROR_HERB,30000,HOLD_EFFECT_COPY_STAT_INCREASE,0,0,0,30,0,31,false,false,POCKET_ITEMS,0,0,0,0,false,false,false,false,false,false,false,false,false,false,false,false,0,0,0,0,0,0,0,false,false,false,false,false,false,false,false,false,false,false,false,false,false,0,0,0,0,0,0,0,0,0,0,0,0,0
ITEM_PUNCHING_GLOVE,15000,HOLD_EFFECT_INCREASE_PUNCHING_MOVE_DMG,10,0,0,30,0,31,false,false,POCKET_ITEMS,0,0,0,0,false,false,false,false,false,false,false,false,false,false,false,false,0,0,0,0,0,0,0,false,false,false,false,false,false,false,false,false,false,false,false,false,false,0,0,0,0,0,0,0,0,0,0,0,0,0
ITEM_COVERT_CLOAK,20000,HOLD_EFFECT_PREVENT_SECONDARY_EFFECTS,0,0,0,30,0,31,false,false,POCKET_ITEMS,0,0,0,0,false,false,false,false,false,false,false,false,false,false,false,false,0,0,0,0,0,0,0,false,false,false,false,false,false,false,false,false,false,false,false,false,false,0,0,0,0,0,0,0,0,0,0,0,0,0
ITEM_LOADED_DICE,20000,HOLD_EFFECT_INCREASE_MULTI_STRIKE_MINIMUM,0,0,0,30,0,31,false,false,POCKET_ITEMS,0,0,0,0,false,false,false,false,false,false,false,false,false,false,false,false,0,0,0,0,0,0,0,false,false,false,false,false,false,false,false,false,false,false,false,false,false,0,0,0,0,0,0,0,0,0,0,0,0,0
ITEM_NONE_1887,0,HOLD_EFFECT_NONE,0,0,0,0,0,TYPE_NORMAL,false,false,POCKET_ITEMS,0,0,0,0,false,false,false,false,false,false,false,false,false,false,false,false,0,0,0,0,0,0,0,false,false,false,false,false,false,false,false,false,false,false,false,false,false,0,0,0,0,0,0,0,0,0,0,0,0,0
ITEM_BAGUETTE,0,HOLD_EFFECT_NONE,0,0,0,0,0,31,false,false,POCKET_ITEMS,0,0,0,0,false,false,false,false,false,false,false,false,false,false,false,false,0,0,0,0,0,0,0,false,false,false,false,false,false,false,false,false,false,false,false,false,false,0,0,0,0,0,0,0,0,0,0,0,0,0
ITEM_MAYONNAISE,120,HOLD_EFFECT_NONE,0,0,0,0,0,31,false,false,POCKET_ITEMS,0,0,0,0,false,false,false,false,false,false,false,false,false,false,false,false,0,0,0,0,0,0,0,false,false,false,false,false,false,false,false,false,false,false,false,false,false,0,0,0,0,0,0,0,0,0,0,0,0,0
ITEM_KETCHUP,110,HOLD_EFFECT_NONE,0,0,0,0,0,31,false,false,POCKET_ITEMS,0,0,0,0,false,false,false,false,false,false,false,false,false,false,false,false,0,0,0,0,0,0,0,false,false,false,false,false,false,false,false,false,false,false,false,false,false,0,0,0,0,0,0,0,0,0,0,0,0,0
ITEM_MUSTARD,130,HOLD_EFFECT_NONE,0,0,0,0,0,31,false,false,POCKET_ITEMS,0,0,0,0,false,false,false,false,false,false,false,false,false,false,false,false,0,0,0,0,0,0,0,false,false,false,false,false,false,false,false,false,false,false,false,false,false,0,0,0,0,0,0,0,0,0,0,0,0,0
ITEM_BUTTER,250,HOLD_EFFECT_NONE,0,0,0,0,0,31,false,false,POCKET_ITEMS,0,0,0,0,false,false,false,false,false,false,false,false,false,false,false,false,0,0,0,0,0,0,0,false,false,false,false,false,false,false,false,false,false,false,false,false,false,0,0,0,0,0,0,0,0,0,0,0,0,0
ITEM_PEANUT_BUTTER,300,HOLD_EFFECT_NONE,0,0,0,0,0,31,false,false,POCKET_ITEMS,0,0,0,0,false,false,false,false,false,false,false,false,false,false,false,false,0,0,0,0,0,0,0,false,false,false,false,false,false,false,false,false,false,false,false,false,false,0,0,0,0,0,0,0,0,0,0,0,0,0
ITEM_CHILI_SAUCE,320,HOLD_EFFECT_NONE,0,0,0,0,0,31,false,false,POCKET_ITEMS,0,0,0,0,false,false,false,false,false,false,false,false,false,false,false,false,0,0,0,0,0,0,0,false,false,false,false,false,false,false,false,false,false,false,false,false,false,0,0,0,0,0,0,0,0,0,0,0,0,0
ITEM_SALT,90,HOLD_EFFECT_NONE,0,0,0,0,0,31,false,false,POCKET_ITEMS,0,0,0,0,false,false,false,false,false,false,false,false,false,false,false,false,0,0,0,0,0,0,0,false,false,false,false,false,false,false,false,false,false,false,false,false,false,0,0,0,0,0,0,0,0,0,0,0,0,0
ITEM_PEPPER,100,HOLD_EFFECT_NONE,0,0,0,0,0,31,false,false,POCKET_ITEMS,0,0,0,0,false,false,false,false,false,false,false,false,false,false,false,false,0,0,0,0,0,0,0,false,false,false,false,false,false,false,false,false,false,false,false,false,false,0,0,0,0,0,0,0,0,0,0,0,0,0
ITEM_YOGURT,140,HOLD_EFFECT_NONE,0,0,0,0,0,31,false,false,POCKET_ITEMS,0,0,0,0,false,false,false,false,false,false,false,false,false,false,false,false,0,0,0,0,0,0,0,false,false,false,false,false,false,false,false,false,false,false,false,false,false,0,0,0,0,0,0,0,0,0,0,0,0,0
ITEM_WHIPPED_CREAM,200,HOLD_EFFECT_NONE,0,0,0,0,0,31,false,false,POCKET_ITEMS,0,0,0,0,false,false,false,false,false,false,false,false,false,false,false,false,0,0,0,0,0,0,0,false,false,false,false,false,false,false,false,false,false,false,false,false,false,0,0,0,0,0,0,0,0,0,0,0,0,0
ITEM_CREAM_CHEESE,280,HOLD_EFFECT_NONE,0,0,0,0,0,31,false,false,POCKET_ITEMS,0,0,0,0,false,false,false,false,false,false,false,false,false,false,false,false,0,0,0,0,0,0,0,false,false,false,false,false,false,false,false,false,false,false,false,false,false,0,0,0,0,0,0,0,0,0,0,0,0,0
ITEM_JAM,120,HOLD_EFFECT_NONE,0,0,0,0,0,31,false,false,POCKET_ITEMS,0,0,0,0,false,false,false,false,false,false,false,false,false,false,false,false,0,0,0,0,0,0,0,false,false,false,false,false,false,false,false,false,false,false,false,false,false,0,0,0,0,0,0,0,0,0,0,0,0,0
ITEM_MARMALADE,260,HOLD_EFFECT_NONE,0,0,0,0,0,31,false,false,POCKET_ITEMS,0,0,0,0,false,false,false,false,false,false,false,false,false,false,false,false,0,0,0,0,0,0,0,false,false,false,false,false,false,false,false,false,false,false,false,false,false,0,0,0,0,0,0,0,0,0,0,0,0,0
ITEM_OLIVE_OIL,300,HOLD_EFFECT_NONE,0,0,0,0,0,31,false,false,POCKET_ITEMS,0,0,0,0,false,false,false,false,false,false,false,false,false,false,false,false,0,0,0,0,0,0,0,false,false,false,false,false,false,false,false,false,false,false,false,false,false,0,0,0,0,0,0,0,0,0,0,0,0,0
ITEM_VINEGAR,300,HOLD_EFFECT_NONE,0,0,0,0,0,31,false,false,POCKET_ITEMS,0,0,0,0,false,false,false,false,false,false,false,false,false,false,false,false,0,0,0,0,0,0,0,false,false,false,false,false,false,false,false,false,false,false,false,false,false,0,0,0,0,0,0,0,0,0,0,0,0,0
ITEM_SWEET_HERBA_MYSTICA,0,HOLD_EFFECT_NONE,0,0,0,0,0,31,false,false,POCKET_ITEMS,0,0,0,0,false,false,false,false,false,false,false,false,false,false,false,false,0,0,0,0,0,0,0,false,false,false,false,false,false,false,false,false,false,false,false,false,false,0,0,0,0,0,0,0,0,0,0,0,0,0
ITEM_SALTY_HERBA_MYSTICA,0,HOLD_EFFECT_NONE,0,0,0,0,0,31,false,false,POCKET_ITEMS,0,0,0,0,false,false,false,false,false,false,false,false,false,false,false,false,0,0,0,0,0,0,0,false,false,false,false,false,false,false,false,false,false,false,false,false,false,0,0,0,0,0,0,0,0,0,0,0,0,0
ITEM_SOUR_HERBA_MYSTICA,0,HOLD_EFFECT_NONE,0,0,0,0,0,31,false,false,POCKET_ITEMS,0,0,0,0,false,false,false,false,false,false,false,false,false,false,false,false,0,0,0,0,0,0,0,false,false,false,false,false,false,false,false,false,false,false,false,false,false,0,0,0,0,0,0,0,0,0,0,0,0,0
ITEM_BITTER_HERBA_MYSTICA,0,HOLD_EFFECT_NONE,0,0,0,0,0,31,false,false,POCKET_ITEMS,0,0,0,0,false,false,false,false,false,false,false,false,false,false,false,false,0,0,0,0,0,0,0,false,false,false,false,false,false,false,false,false,false,false,false,false,false,0,0,0,0,0,0,0,0,0,0,0,0,0
ITEM_SPICY_HERBA_MYSTICA,0,HOLD_EFFECT_NONE,0,0,0,0,0,31,false,false,POCKET_ITEMS,0,0,0,0,false,false,false,false,false,false,false,false,false,false,false,false,0,0,0,0,0,0,0,false,false,false,false,false,false,false,false,false,false,false,false,false,false,0,0,0,0,0,0,0,0,0,0,0,0,0
ITEM_LETTUCE,90,HOLD_EFFECT_NONE,0,0,0,0,0,31,false,false,POCKET_ITEMS,0,0,0,0,false,false,false,false,false,false,false,false,false,false,false,false,0,0,0,0,0,0,0,false,false,false,false,false,false,false,false,false,false,false,false,false,false,0,0,0,0,0,0,0,0,0,0,0,0,0
ITEM_TOMATO,100,HOLD_EFFECT_NONE,0,0,0,0,0,31,false,false,POCKET_ITEMS,0,0,0,0,false,false,false,false,false,false,false,false,false,false,false,false,0,0,0,0,0,0,0,false,false,false,false,false,false,false,false,false,false,false,false,false,false,0,0,0,0,0,0,0,0,0,0,0,0,0
ITEM_CHERRY_TOMATOES,120,HOLD_EFFECT_NONE,0,0,0,0,0,31,false,false,POCKET_ITEMS,0,0,0,0,false,false,false,false,false,false,false,false,false,false,false,false,0,0,0,0,0,0,0,false,false,false,false,false,false,false,false,false,false,false,false,false,false,0,0,0,0,0,0,0,0,0,0,0,0,0
ITEM_CUCUMBER,130,HOLD_EFFECT_NONE,0,0,0,0,0,31,false,false,POCKET_ITEMS,0,0,0,0,false,false,false,false,false,false,false,false,false,false,false,false,0,0,0,0,0,0,0,false,false,false,false,false,false,false,false,false,false,false,false,false,false,0,0,0,0,0,0,0,0,0,0,0,0,0
ITEM_PICKLE,90,HOLD_EFFECT_NONE,0,0,0,0,0,31,false,false,POCKET_ITEMS,0,0,0,0,false,false,false,false,false,false,false,false,false,false,false,false,0,0,0,0,0,0,0,false,false,false,false,false,false,false,false,false,false,false,false,false,false,0,0,0,0,0,0,0,0,0,0,0,0,0
ITEM_ONION,130,HOLD_EFFECT_NONE,0,0,0,0,0,31,false,false,POCKET_ITEMS,0,0,0,0,false,false,false,false,false,false,false,false,false,false,false,false,0,0,0,0,0,0,0,false,false,false,false,false,false,false,false,false,false,false,false,false,false,0,0,0,0,0,0,0,0,0,0,0,0,0
ITEM_RED_ONION,230,HOLD_EFFECT_NONE,0,0,0,0,0,31,false,false,POCKET_ITEMS,0,0,0,0,false,false,false,false,false,false,false,false,false,false,false,false,0,0,0,0,0,0,0,false,false,false,false,false,false,false,false,false,false,false,false,false,false,0,0,0,0,0,0,0,0,0,0,0,0,0
ITEM_GREEN_BELL_PEPPER,230,HOLD_EFFECT_NONE,0,0,0,0,0,31,false,false,POCKET_ITEMS,0,0,0,0,false,false,false,false,false,false,false,false,false,false,false,false,0,0,0,0,0,0,0,false,false,false,false,false,false,false,false,false,false,false,false,false,false,0,0,0,0,0,0,0,0,0,0,0,0,0
ITEM_RED_BELL_PEPPER,240,HOLD_EFFECT_NONE,0,0,0,0,0,31,false,false,POCKET_ITEMS,0,0,0,0,false,false,false,false,false,false,false,false,false,false,false,false,0,0,0,0,0,0,0,false,false,false,false,false,false,false,false,false,false,false,false,false,false,0,0,0,0,0,0,0,0,0,0,0,0,0
ITEM_YELLOW_BELL_PEPPER,240,HOLD_EFFECT_NONE,0,0,0,0,0,31,false,false,POCKET_ITEMS,0,0,0,0,false,false,false,false,false,false,false,false,false,false,false,false,0,0,0,0,0,0,0,false,false,false,false,false,false,false,false,false,false,false,false,false,false,0,0,0,0,0,0,0,0,0,0,0,0,0
ITEM_AVOCADO,180,HOLD_EFFECT_NONE,0,0,0,0,0,31,false,false,POCKET_ITEMS,0,0,0,0,false,false,false,false,false,false,false,false,false,false,false,false,0,0,0,0,0,0,0,false,false,false,false,false,false,false,false,false,false,false,false,false,false,0,0,0,0,0,0,0,0,0,0,0,0,0
ITEM_BACON,150,HOLD_EFFECT_NONE,0,0,0,0,0,31,false,false,POCKET_ITEMS,0,0,0,0,false,false,false,false,false,false,false,false,false,false,false,false,0,0,0,0,0,0,0,false,false,false,false,false,false,false,false,false,false,false,false,false,false,0,0,0,0,0,0,0,0,0,0,0,0,0
ITEM_HAM,170,HOLD_EFFECT_NONE,0,0,0,0,0,31,false,false,POCKET_ITEMS,0,0,0,0,false,false,false,false,false,false,false,false,false,false,false,false,0,0,0,0,0,0,0,false,false,false,false,false,false,false,false,false,false,false,false,false,false,0,0,0,0,0,0,0,0,0,0,0,0,0
ITEM_PROSCIUTTO,200,HOLD_EFFECT_NONE,0,0,0,0,0,31,false,false,POCKET_ITEMS,0,0,0,0,false,false,false,false,false,false,false,false,false,false,false,false,0,0,0,0,0,0,0,false,false,false,false,false,false,false,false,false,false,false,false,false,false,0,0,0,0,0,0,0,0,0,0,0,0,0
ITEM_CHORIZO,150,HOLD_EFFECT_NONE,0,0,0,0,0,31,false,false,POCKET_ITEMS,0,0,0,0,false,false,false,false,false,false,false,false,false,false,false,false,0,0,0,0,0,0,0,false,false,false,false,false,false,false,false,false,false,false,false,false,false,0,0,0,0,0,0,0,0,0,0,0,0,0
ITEM_HERBED_SAUSAGE,400,HOLD_EFFECT_NONE,0,0,0,0,0,31,false,false,POCKET_ITEMS,0,0,0,0,false,false,false,false,false,false,false,false,false,false,false,false,0,0,0,0,0,0,0,false,false,false,false,false,false,false,false,false,false,false,false,false,false,0,0,0,0,0,0,0,0,0,0,0,0,0
ITEM_HAMBURGER,380,HOLD_EFFECT_NONE,0,0,0,0,0,31,false,false,POCKET_ITEMS,0,0,0,0,false,false,false,false,false,false,false,false,false,false,false,false,0,0,0,0,0,0,0,false,false,false,false,false,false,false,false,false,false,false,false,false,false,0,0,0,0,0,0,0,0,0,0,0,0,0
ITEM_KLAWF_STICK,500,HOLD_EFFECT_NONE,0,0,0,0,0,31,false,false,POCKET_ITEMS,0,0,0,0,false,false,false,false,false,false,false,false,false,false,false,false,0,0,0,0,0,0,0,false,false,false,false,false,false,false,false,false,false,false,false,false,false,0,0,0,0,0,0,0,0,0,0,0,0,0
ITEM_SMOKED_FILLET,330,HOLD_EFFECT_NONE,0,0,0,0,0,31,false,false,POCKET_ITEMS,0,0,0,0,false,false,false,false,false,false,false,false,false,false,false,false,0,0,0,0,0,0,0,false,false,false,false,false,false,false,false,false,false,false,false,false,false,0,0,0,0,0,0,0,0,0,0,0,0,0
ITEM_FRIED_FILLET,360,HOLD_EFFECT_NONE,0,0,0,0,0,31,false,false,POCKET_ITEMS,0,0,0,0,false,false,false,false,false,false,false,false,false,false,false,false,0,0,0,0,0,0,0,false,false,false,false,false,false,false,false,false,false,false,false,false,false,0,0,0,0,0,0,0,0,0,0,0,0,0
ITEM_EGG,80,HOLD_EFFECT_NONE,0,0,0,0,0,31,false,false,POCKET_ITEMS,0,0,0,0,false,false,false,false,false,false,false,false,false,false,false,false,0,0,0,0,0,0,0,false,false,false,false,false,false,false,false,false,false,false,false,false,false,0,0,0,0,0,0,0,0,0,0,0,0,0
ITEM_POTATO_TORTILLA,250,HOLD_EFFECT_NONE,0,0,0,0,0,31,false,false,POCKET_ITEMS,0,0,0,0,false,false,false,false,false,false,false,false,false,false,false,false,0,0,0,0,0,0,0,false,false,false,false,false,false,false,false,false,false,false,false,false,false,0,0,0,0,0,0,0,0,0,0,0,0,0
ITEM_TOFU,260,HOLD_EFFECT_NONE,0,0,0,0,0,31,false,false,POCKET_ITEMS,0,0,0,0,false,false,false,false,false,false,false,false,false,false,false,false,0,0,0,0,0,0,0,false,false,false,false,false,false,false,false,false,false,false,false,false,false,0,0,0,0,0,0,0,0,0,0,0,0,0
ITEM_RICE,280,HOLD_EFFECT_NONE,0,0,0,0,0,31,false,false,POCKET_ITEMS,0,0,0,0,false,false,false,false,false,false,false,false,false,false,false,false,0,0,0,0,0,0,0,false,false,false,false,false,false,false,false,false,false,false,false,false,false,0,0,0,0,0,0,0,0,0,0,0,0,0
ITEM_NOODLES,280,HOLD_EFFECT_NONE,0,0,0,0,0,31,false,false,POCKET_ITEMS,0,0,0,0,false,false,false,false,false,false,false,false,false,false,false,false,0,0,0,0,0,0,0,false,false,false,false,false,false,false,false,false,false,false,false,false,false,0,0,0,0,0,0,0,0,0,0,0,0,0
ITEM_POTATO_SALAD,110,HOLD_EFFECT_NONE,0,0,0,0,0,31,false,false,POCKET_ITEMS,0,0,0,0,false,false,false,false,false,false,false,false,false,false,false,false,0,0,0,0,0,0,0,false,false,false,false,false,false,false,false,false,false,false,false,false,false,0,0,0,0,0,0,0,0,0,0,0,0,0
ITEM_CHEESE,120,HOLD_EFFECT_NONE,0,0,0,0,0,31,false,false,POCKET_ITEMS,0,0,0,0,false,false,false,false,false,false,false,false,false,false,false,false,0,0,0,0,0,0,0,false,false,false,false,false,false,false,false,false,false,false,false,false,false,0,0,0,0,0,0,0,0,0,0,0,0,0
ITEM_BANANA,80,HOLD_EFFECT_NONE,0,0,0,0,0,31,false,false,POCKET_ITEMS,0,0,0,0,false,false,false,false,false,false,false,false,false,false,false,false,0,0,0,0,0,0,0,false,false,false,false,false,false,false,false,false,false,false,false,false,false,0,0,0,0,0,0,0,0,0,0,0,0,0
ITEM_STRAWBERRY,140,HOLD_EFFECT_NONE,0,0,0,0,0,31,false,false,POCKET_ITEMS,0,0,0,0,false,false,false,false,false,false,false,false,false,false,false,false,0,0,0,0,0,0,0,false,false,false,false,false,false,false,false,false,false,false,false,false,false,0,0,0,0,0,0,0,0,0,0,0,0,0
ITEM_APPLE,130,HOLD_EFFECT_NONE,0,0,0,0,0,31,false,false,POCKET_ITEMS,0,0,0,0,false,false,false,false,false,false,false,false,false,false,false,false,0,0,0,0,0,0,0,false,false,false,false,false,false,false,false,false,false,false,false,false,false,0,0,0,0,0,0,0,0,0,0,0,0,0
ITEM_KIWI,180,HOLD_EFFECT_NONE,0,0,0,0,0,31,false,false,POCKET_ITEMS,0,0,0,0,false,false,false,false,false,false,false,false,false,false,false,false,0,0,0,0,0,0,0,false,false,false,false,false,false,false,false,false,false,false,false,false,false,0,0,0,0,0,0,0,0,0,0,0,0,0
ITEM_PINEAPPLE,250,HOLD_EFFECT_NONE,0,0,0,0,0,31,false,false,POCKET_ITEMS,0,0,0,0,false,false,false,false,false,false,false,false,false,false,false,false,0,0,0,0,0,0,0,false,false,false,false,false,false,false,false,false,false,false,false,false,false,0,0,0,0,0,0,0,0,0,0,0,0,0
ITEM_JALAPENO,220,HOLD_EFFECT_NONE,0,0,0,0,0,31,false,false,POCKET_ITEMS,0,0,0,0,false,false,false,false,false,false,false,false,false,false,false,false,0,0,0,0,0,0,0,false,false,false,false,false,false,false,false,false,false,false,false,false,false,0,0,0,0,0,0,0,0,0,0,0,0,0
ITEM_HORSERADISH,410,HOLD_EFFECT_NONE,0,0,0,0,0,31,false,false,POCKET_ITEMS,0,0,0,0,false,false,false,false,false,false,false,false,false,false,false,false,0,0,0,0,0,0,0,false,false,false,false,false,false,false,false,false,false,false,false,false,false,0,0,0,0,0,0,0,0,0,0,0,0,0
ITEM_CURRY_POWDER,450,HOLD_EFFECT_NONE,0,0,0,0,0,31,false,false,POCKET_ITEMS,0,0,0,0,false,false,false,false,false,false,false,false,false,false,false,false,0,0,0,0,0,0,0,false,false,false,false,false,false,false,false,false,false,false,false,false,false,0,0,0,0,0,0,0,0,0,0,0,0,0
ITEM_WASABI,330,HOLD_EFFECT_NONE,0,0,0,0,0,31,false,false,POCKET_ITEMS,0,0,0,0,false,false,false,false,false,false,false,false,false,false,false,false,0,0,0,0,0,0,0,false,false,false,false,false,false,false,false,false,false,false,false,false,false,0,0,0,0,0,0,0,0,0,0,0,0,0
ITEM_WATERCRESS,270,HOLD_EFFECT_NONE,0,0,0,0,0,31,false,false,POCKET_ITEMS,0,0,0,0,false,false,false,false,false,false,false,false,false,false,false,false,0,0,0,0,0,0,0,false,false,false,false,false,false,false,false,false,false,false,false,false,false,0,0,0,0,0,0,0,0,0,0,0,0,0
ITEM_BASIL,280,HOLD_EFFECT_NONE,0,0,0,0,0,31,false,false,POCKET_ITEMS,0,0,0,0,false,false,false,false,false,false,false,false,false,false,false,false,0,0,0,0,0,0,0,false,false,false,false,false,false,false,false,false,false,false,false,false,false,0,0,0,0,0,0,0,0,0,0,0,0,0
ITEM_NONE_1947,0,HOLD_EFFECT_NONE,0,0,0,0,0,31,false,false,POCKET_ITEMS,0,0,0,0,false,false,false,false,false,false,false,false,false,false,false,false,0,0,0,0,0,0,0,false,false,false,false,false,false,false,false,false,false,false,false,false,false,0,0,0,0,0,0,0,0,0,0,0,0,0
ITEM_NONE_1948,0,HOLD_EFFECT_NONE,0,0,0,0,0,31,false,false,POCKET_ITEMS,0,0,0,0,false,false,false,false,false,false,false,false,false,false,false,false,0,0,0,0,0,0,0,false,false,false,false,false,false,false,false,false,false,false,false,false,false,0,0,0,0,0,0,0,0,0,0,0,0,0
ITEM_NONE_1949,0,HOLD_EFFECT_NONE,0,0,0,0,0,31,false,false,POCKET_ITEMS,0,0,0,0,false,false,false,false,false,false,false,false,false,false,false,false,0,0,0,0,0,0,0,false,false,false,false,false,false,false,false,false,false,false,false,false,false,0,0,0,0,0,0,0,0,0,0,0,0,0
ITEM_NONE_1950,0,HOLD_EFFECT_NONE,0,0,0,0,0,31,false,false,POCKET_ITEMS,0,0,0,0,false,false,false,false,false,false,false,false,false,false,false,false,0,0,0,0,0,0,0,false,false,false,false,false,false,false,false,false,false,false,false,false,false,0,0,0,0,0,0,0,0,0,0,0,0,0
ITEM_NONE_1951,0,HOLD_EFFECT_NONE,0,0,0,0,0,31,false,false,POCKET_ITEMS,0,0,0,0,false,false,false,false,false,false,false,false,false,false,false,false,0,0,0,0,0,0,0,false,false,false,false,false,false,false,false,false,false,false,false,false,false,0,0,0,0,0,0,0,0,0,0,0,0,0
ITEM_NONE_1952,0,HOLD_EFFECT_NONE,0,0,0,0,0,31,false,false,POCKET_ITEMS,0,0,0,0,false,false,false,false,false,false,false,false,false,false,false,false,0,0,0,0,0,0,0,false,false,false,false,false,false,false,false,false,false,false,false,false,false,0,0,0,0,0,0,0,0,0,0,0,0,0
ITEM_NONE_1953,0,HOLD_EFFECT_NONE,0,0,0,0,0,31,false,false,POCKET_ITEMS,0,0,0,0,false,false,false,false,false,false,false,false,false,false,false,false,0,0,0,0,0,0,0,false,false,false,false,false,false,false,false,false,false,false,false,false,false,0,0,0,0,0,0,0,0,0,0,0,0,0
ITEM_NONE_1954,0,HOLD_EFFECT_NONE,0,0,0,0,0,31,false,false,POCKET_ITEMS,0,0,0,0,false,false,false,false,false,false,false,false,false,false,false,false,0,0,0,0,0,0,0,false,false,false,false,false,false,false,false,false,false,false,false,false,false,0,0,0,0,0,0,0,0,0,0,0,0,0
ITEM_NONE_1955,0,HOLD_EFFECT_NONE,0,0,0,0,0,31,false,false,POCKET_ITEMS,0,0,0,0,false,false,false,false,false,false,false,false,false,false,false,false,0,0,0,0,0,0,0,false,false,false,false,false,false,false,false,false,false,false,false,false,false,0,0,0,0,0,0,0,0,0,0,0,0,0
ITEM_VENONAT_FANG,80,HOLD_EFFECT_NONE,0,0,0,0,0,31,false,false,POCKET_ITEMS,0,0,0,0,false,false,false,false,false,false,false,false,false,false,false,false,0,0,0,0,0,0,0,false,false,false,false,false,false,false,false,false,false,false,false,false,false,0,0,0,0,0,0,0,0,0,0,0,0,0
ITEM_DIGLETT_DIRT,80,HOLD_EFFECT_NONE,0,0,0,0,0,31,false,false,POCKET_ITEMS,0,0,0,0,false,false,false,false,false,false,false,false,false,false,false,false,0,0,0,0,0,0,0,false,false,false,false,false,false,false,false,false,false,false,false,false,false,0,0,0,0,0,0,0,0,0,0,0,0,0
ITEM_MEOWTH_FUR,80,HOLD_EFFECT_NONE,0,0,0,0,0,31,false,false,POCKET_ITEMS,0,0,0,0,false,false,false,false,false,false,false,false,false,false,false,false,0,0,0,0,0,0,0,false,false,false,false,false,false,false,false,false,false,false,false,false,false,0,0,0,0,0,0,0,0,0,0,0,0,0
ITEM_PSYDUCK_DOWN,60,HOLD_EFFECT_NONE,0,0,0,0,0,31,false,false,POCKET_ITEMS,0,0,0,0,false,false,false,false,false,false,false,false,false,false,false,false,0,0,0,0,0,0,0,false,false,false,false,false,false,false,false,false,false,false,false,false,false,0,0,0,0,0,0,0,0,0,0,0,0,0
ITEM_MANKEY_FUR,80,HOLD_EFFECT_NONE,0,0,0,0,0,31,false,false,POCKET_ITEMS,0,0,0,0,false,false,false,false,false,false,false,false,false,false,false,false,0,0,0,0,0,0,0,false,false,false,false,false,false,false,false,false,false,false,false,false,false,0,0,0,0,0,0,0,0,0,0,0,0,0
ITEM_GROWLITHE_FUR,80,HOLD_EFFECT_NONE,0,0,0,0,0,31,false,false,POCKET_ITEMS,0,0,0,0,false,false,false,false,false,false,false,false,false,false,false,false,0,0,0,0,0,0,0,false,false,false,false,false,false,false,false,false,false,false,false,false,false,0,0,0,0,0,0,0,0,0,0,0,0,0
ITEM_SLOWPOKE_CLAW,80,HOLD_EFFECT_NONE,0,0,0,0,0,31,false,false,POCKET_ITEMS,0,0,0,0,false,false,false,false,false,false,false,false,false,false,false,false,0,0,0,0,0,0,0,false,false,false,false,false,false,false,false,false,false,false,false,false,false,0,0,0,0,0,0,0,0,0,0,0,0,0
ITEM_MAGNEMITE_SCREW,80,HOLD_EFFECT_NONE,0,0,0,0,0,31,false,false,POCKET_ITEMS,0,0,0,0,false,false,false,false,false,false,false,false,false,false,false,false,0,0,0,0,0,0,0,false,false,false,false,false,false,false,false,false,false,false,false,false,false,0,0,0,0,0,0,0,0,0,0,0,0,0
ITEM_GRIMER_TOXIN,80,HOLD_EFFECT_NONE,0,0,0,0,0,31,false,false,POCKET_ITEMS,0,0,0,0,false,false,false,false,false,false,false,false,false,false,false,false,0,0,0,0,0,0,0,false,false,false,false,false,false,false,false,false,false,false,false,false,false,0,0,0,0,0,0,0,0,0,0,0,0,0
ITEM_SHELLDER_PEARL,140,HOLD_EFFECT_NONE,0,0,0,0,0,31,false,false,POCKET_ITEMS,0,0,0,0,false,false,false,false,false,false,false,false,false,false,false,false,0,0,0,0,0,0,0,false,false,false,false,false,false,false,false,false,false,false,false,false,false,0,0,0,0,0,0,0,0,0,0,0,0,0
ITEM_GASTLY_GAS,80,HOLD_EFFECT_NONE,0,0,0,0,0,31,false,false,POCKET_ITEMS,0,0,0,0,false,false,false,false,false,false,false,false,false,false,false,false,0,0,0,0,0,0,0,false,false,false,false,false,false,false,false,false,false,false,false,false,false,0,0,0,0,0,0,0,0,0,0,0,0,0
ITEM_DROWZEE_FUR,60,HOLD_EFFECT_NONE,0,0,0,0,0,31,false,false,POCKET_ITEMS,0,0,0,0,false,false,false,false,false,false,false,false,false,false,false,false,0,0,0,0,0,0,0,false,false,false,false,false,false,false,false,false,false,false,false,false,false,0,0,0,0,0,0,0,0,0,0,0,0,0
ITEM_VOLTORB_SPARKS,80,HOLD_EFFECT_NONE,0,0,0,0,0,31,false,false,POCKET_ITEMS,0,0,0,0,false,false,false,false,false,false,false,false,false,false,false,false,0,0,0,0,0,0,0,false,false,false,false,false,false,false,false,false,false,false,false,false,false,0,0,0,0,0,0,0,0,0,0,0,0,0
ITEM_SCYTHER_CLAW,100,HOLD_EFFECT_NONE,0,0,0,0,0,31,false,false,POCKET_ITEMS,0,0,0,0,false,false,false,false,false,false,false,false,false,false,false,false,0,0,0,0,0,0,0,false,false,false,false,false,false,false,false,false,false,false,false,false,false,0,0,0,0,0,0,0,0,0,0,0,0,0
ITEM_TAUROS_HAIR,100,HOLD_EFFECT_NONE,0,0,0,0,0,31,false,false,POCKET_ITEMS,0,0,0,0,false,false,false,false,false,false,false,false,false,false,false,false,0,0,0,0,0,0,0,false,false,false,false,false,false,false,false,false,false,false,false,false,false,0,0,0,0,0,0,0,0,0,0,0,0,0
ITEM_MAGIKARP_SCALES,40,HOLD_EFFECT_NONE,0,0,0,0,0,31,false,false,POCKET_ITEMS,0,0,0,0,false,false,false,false,false,false,false,false,false,false,false,false,0,0,0,0,0,0,0,false,false,false,false,false,false,false,false,false,false,false,false,false,false,0,0,0,0,0,0,0,0,0,0,0,0,0
ITEM_DITTO_GOO,300,HOLD_EFFECT_NONE,0,0,0,0,0,31,false,false,POCKET_ITEMS,0,0,0,0,false,false,false,false,false,false,false,false,false,false,false,false,0,0,0,0,0,0,0,false,false,false,false,false,false,false,false,false,false,false,false,false,false,0,0,0,0,0,0,0,0,0,0,0,0,0
ITEM_EEVEE_FUR,200,HOLD_EFFECT_NONE,0,0,0,0,0,31,false,false,POCKET_ITEMS,0,0,0,0,false,false,false,false,false,false,false,false,false,false,false,false,0,0,0,0,0,0,0,false,false,false,false,false,false,false,false,false,false,false,false,false,false,0,0,0,0,0,0,0,0,0,0,0,0,0
ITEM_DRATINI_SCALES,200,HOLD_EFFECT_NONE,0,0,0,0,0,31,false,false,POCKET_ITEMS,0,0,0,0,false,false,false,false,false,false,false,false,false,false,false,false,0,0,0,0,0,0,0,false,false,false,false,false,false,false,false,false,false,false,false,false,false,0,0,0,0,0,0,0,0,0,0,0,0,0
ITEM_PICHU_FUR,100,HOLD_EFFECT_NONE,0,0,0,0,0,31,false,false,POCKET_ITEMS,0,0,0,0,false,false,false,false,false,false,false,false,false,false,false,false,0,0,0,0,0,0,0,false,false,false,false,false,false,false,false,false,false,false,false,false,false,0,0,0,0,0,0,0,0,0,0,0,0,0
ITEM_IGGLYBUFF_FLUFF,60,HOLD_EFFECT_NONE,0,0,0,0,0,31,false,false,POCKET_ITEMS,0,0,0,0,false,false,false,false,false,false,false,false,false,false,false,false,0,0,0,0,0,0,0,false,false,false,false,false,false,false,false,false,false,false,false,false,false,0,0,0,0,0,0,0,0,0,0,0,0,0
ITEM_MAREEP_WOOL,60,HOLD_EFFECT_NONE,0,0,0,0,0,31,false,false,POCKET_ITEMS,0,0,0,0,false,false,false,false,false,false,false,false,false,false,false,false,0,0,0,0,0,0,0,false,false,false,false,false,false,false,false,false,false,false,false,false,false,0,0,0,0,0,0,0,0,0,0,0,0,0
ITEM_HOPPIP_LEAF,60,HOLD_EFFECT_NONE,0,0,0,0,0,31,false,false,POCKET_ITEMS,0,0,0,0,false,false,false,false,false,false,false,false,false,false,false,false,0,0,0,0,0,0,0,false,false,false,false,false,false,false,false,false,false,false,false,false,false,0,0,0,0,0,0,0,0,0,0,0,0,0
ITEM_SUNKERN_LEAF,60,HOLD_EFFECT_NONE,0,0,0,0,0,31,false,false,POCKET_ITEMS,0,0,0,0,false,false,false,false,false,false,false,false,false,false,false,false,0,0,0,0,0,0,0,false,false,false,false,false,false,false,false,false,false,false,false,false,false,0,0,0,0,0,0,0,0,0,0,0,0,0
ITEM_MURKROW_BAUBLE,100,HOLD_EFFECT_NONE,0,0,0,0,0,31,false,false,POCKET_ITEMS,0,0,0,0,false,false,false,false,false,false,false,false,false,false,false,false,0,0,0,0,0,0,0,false,false,false,false,false,false,false,false,false,false,false,false,false,false,0,0,0,0,0,0,0,0,0,0,0,0,0
ITEM_MISDREAVUS_TEARS,80,HOLD_EFFECT_NONE,0,0,0,0,0,31,false,false,POCKET_ITEMS,0,0,0,0,false,false,false,false,false,false,false,false,false,false,false,false,0,0,0,0,0,0,0,false,false,false,false,false,false,false,false,false,false,false,false,false,false,0,0,0,0,0,0,0,0,0,0,0,0,0
ITEM_GIRAFARIG_FUR,100,HOLD_EFFECT_NONE,0,0,0,0,0,31,false,false,POCKET_ITEMS,0,0,0,0,false,false,false,false,false,false,false,false,false,false,false,false,0,0,0,0,0,0,0,false,false,false,false,false,false,false,false,false,false,false,false,false,false,0,0,0,0,0,0,0,0,0,0,0,0,0
ITEM_PINECO_HUSK,80,HOLD_EFFECT_NONE,0,0,0,0,0,31,false,false,POCKET_ITEMS,0,0,0,0,false,false,false,false,false,false,false,false,false,false,false,false,0,0,0,0,0,0,0,false,false,false,false,false,false,false,false,false,false,false,false,false,false,0,0,0,0,0,0,0,0,0,0,0,0,0
ITEM_DUNSPARCE_SCALES,120,HOLD_EFFECT_NONE,0,0,0,0,0,31,false,false,POCKET_ITEMS,0,0,0,0,false,false,false,false,false,false,false,false,false,false,false,false,0,0,0,0,0,0,0,false,false,false,false,false,false,false,false,false,false,false,false,false,false,0,0,0,0,0,0,0,0,0,0,0,0,0
ITEM_QWILFISH_SPINES,80,HOLD_EFFECT_NONE,0,0,0,0,0,31,false,false,POCKET_ITEMS,0,0,0,0,false,false,false,false,false,false,false,false,false,false,false,false,0,0,0,0,0,0,0,false,false,false,false,false,false,false,false,false,false,false,false,false,false,0,0,0,0,0,0,0,0,0,0,0,0,0
ITEM_HERACROSS_CLAW,100,HOLD_EFFECT_NONE,0,0,0,0,0,31,false,false,POCKET_ITEMS,0,0,0,0,false,false,false,false,false,false,false,false,false,false,false,false,0,0,0,0,0,0,0,false,false,false,false,false,false,false,false,false,false,false,false,false,false,0,0,0,0,0,0,0,0,0,0,0,0,0
ITEM_SNEASEL_CLAW,80,HOLD_EFFECT_NONE,0,0,0,0,0,31,false,false,POCKET_ITEMS,0,0,0,0,false,false,false,false,false,false,false,false,false,false,false,false,0,0,0,0,0,0,0,false,false,false,false,false,false,false,false,false,false,false,false,false,false,0,0,0,0,0,0,0,0,0,0,0,0,0
ITEM_TEDDIURSA_CLAW,80,HOLD_EFFECT_NONE,0,0,0,0,0,31,false,false,POCKET_ITEMS,0,0,0,0,false,false,false,false,false,false,false,false,false,false,false,false,0,0,0,0,0,0,0,false,false,false,false,false,false,false,false,false,false,false,false,false,false,0,0,0,0,0,0,0,0,0,0,0,0,0
ITEM_DELIBIRD_PARCEL,240,HOLD_EFFECT_NONE,0,0,0,0,0,31,false,false,POCKET_ITEMS,0,0,0,0,false,false,false,false,false,false,false,false,false,false,false,false,0,0,0,0,0,0,0,false,false,false,false,false,false,false,false,false,false,false,false,false,false,0,0,0,0,0,0,0,0,0,0,0,0,0
ITEM_HOUNDOUR_FANG,80,HOLD_EFFECT_NONE,0,0,0,0,0,31,false,false,POCKET_ITEMS,0,0,0,0,false,false,false,false,false,false,false,false,false,false,false,false,0,0,0,0,0,0,0,false,false,false,false,false,false,false,false,false,false,false,false,false,false,0,0,0,0,0,0,0,0,0,0,0,0,0
ITEM_PHANPY_NAIL,80,HOLD_EFFECT_NONE,0,0,0,0,0,31,false,false,POCKET_ITEMS,0,0,0,0,false,false,false,false,false,false,false,false,false,false,false,false,0,0,0,0,0,0,0,false,false,false,false,false,false,false,false,false,false,false,false,false,false,0,0,0,0,0,0,0,0,0,0,0,0,0
ITEM_STANTLER_HAIR,120,HOLD_EFFECT_NONE,0,0,0,0,0,31,false,false,POCKET_ITEMS,0,0,0,0,false,false,false,false,false,false,false,false,false,false,false,false,0,0,0,0,0,0,0,false,false,false,false,false,false,false,false,false,false,false,false,false,false,0,0,0,0,0,0,0,0,0,0,0,0,0
ITEM_LARVITAR_CLAW,200,HOLD_EFFECT_NONE,0,0,0,0,0,31,false,false,POCKET_ITEMS,0,0,0,0,false,false,false,false,false,false,false,false,false,false,false,false,0,0,0,0,0,0,0,false,false,false,false,false,false,false,false,false,false,false,false,false,false,0,0,0,0,0,0,0,0,0,0,0,0,0
ITEM_WINGULL_FEATHER,60,HOLD_EFFECT_NONE,0,0,0,0,0,31,false,false,POCKET_ITEMS,0,0,0,0,false,false,false,false,false,false,false,false,false,false,false,false,0,0,0,0,0,0,0,false,false,false,false,false,false,false,false,false,false,false,false,false,false,0,0,0,0,0,0,0,0,0,0,0,0,0
ITEM_RALTS_DUST,80,HOLD_EFFECT_NONE,0,0,0,0,0,31,false,false,POCKET_ITEMS,0,0,0,0,false,false,false,false,false,false,false,false,false,false,false,false,0,0,0,0,0,0,0,false,false,false,false,false,false,false,false,false,false,false,false,false,false,0,0,0,0,0,0,0,0,0,0,0,0,0
ITEM_SURSKIT_SYRUP,60,HOLD_EFFECT_NONE,0,0,0,0,0,31,false,false,POCKET_ITEMS,0,0,0,0,false,false,false,false,false,false,false,false,false,false,false,false,0,0,0,0,0,0,0,false,false,false,false,false,false,false,false,false,false,false,false,false,false,0,0,0,0,0,0,0,0,0,0,0,0,0
ITEM_SHROOMISH_SPORES,80,HOLD_EFFECT_NONE,0,0,0,0,0,31,false,false,POCKET_ITEMS,0,0,0,0,false,false,false,false,false,false,false,false,false,false,false,false,0,0,0,0,0,0,0,false,false,false,false,false,false,false,false,false,false,false,false,false,false,0,0,0,0,0,0,0,0,0,0,0,0,0
ITEM_SLAKOTH_FUR,60,HOLD_EFFECT_NONE,0,0,0,0,0,31,false,false,POCKET_ITEMS,0,0,0,0,false,false,false,false,false,false,false,false,false,false,false,false,0,0,0,0,0,0,0,false,false,false,false,false,false,false,false,false,false,false,false,false,false,0,0,0,0,0,0,0,0,0,0,0,0,0
ITEM_MAKUHITA_SWEAT,80,HOLD_EFFECT_NONE,0,0,0,0,0,31,false,false,POCKET_ITEMS,0,0,0,0,false,false,false,false,false,false,false,false,false,false,false,false,0,0,0,0,0,0,0,false,false,false,false,false,false,false,false,false,false,false,false,false,false,0,0,0,0,0,0,0,0,0,0,0,0,0
ITEM_AZURILL_FUR,60,HOLD_EFFECT_NONE,0,0,0,0,0,31,false,false,POCKET_ITEMS,0,0,0,0,false,false,false,false,false,false,false,false,false,false,false,false,0,0,0,0,0,0,0,false,false,false,false,false,false,false,false,false,false,false,false,false,false,0,0,0,0,0,0,0,0,0,0,0,0,0
ITEM_SABLEYE_GEM,200,HOLD_EFFECT_NONE,0,0,0,0,0,31,false,false,POCKET_ITEMS,0,0,0,0,false,false,false,false,false,false,false,false,false,false,false,false,0,0,0,0,0,0,0,false,false,false,false,false,false,false,false,false,false,false,false,false,false,0,0,0,0,0,0,0,0,0,0,0,0,0
ITEM_MEDITITE_SWEAT,80,HOLD_EFFECT_NONE,0,0,0,0,0,31,false,false,POCKET_ITEMS,0,0,0,0,false,false,false,false,false,false,false,false,false,false,false,false,0,0,0,0,0,0,0,false,false,false,false,false,false,false,false,false,false,false,false,false,false,0,0,0,0,0,0,0,0,0,0,0,0,0
ITEM_GULPIN_MUCUS,80,HOLD_EFFECT_NONE,0,0,0,0,0,31,false,false,POCKET_ITEMS,0,0,0,0,false,false,false,false,false,false,false,false,false,false,false,false,0,0,0,0,0,0,0,false,false,false,false,false,false,false,false,false,false,false,false,false,false,0,0,0,0,0,0,0,0,0,0,0,0,0
ITEM_NUMEL_LAVA,80,HOLD_EFFECT_NONE,0,0,0,0,0,31,false,false,POCKET_ITEMS,0,0,0,0,false,false,false,false,false,false,false,false,false,false,false,false,0,0,0,0,0,0,0,false,false,false,false,false,false,false,false,false,false,false,false,false,false,0,0,0,0,0,0,0,0,0,0,0,0,0
ITEM_TORKOAL_COAL,140,HOLD_EFFECT_NONE,0,0,0,0,0,31,false,false,POCKET_ITEMS,0,0,0,0,false,false,false,false,false,false,false,false,false,false,false,false,0,0,0,0,0,0,0,false,false,false,false,false,false,false,false,false,false,false,false,false,false,0,0,0,0,0,0,0,0,0,0,0,0,0
ITEM_SPOINK_PEARL,140,HOLD_EFFECT_NONE,0,0,0,0,0,31,false,false,POCKET_ITEMS,0,0,0,0,false,false,false,false,false,false,false,false,false,false,false,false,0,0,0,0,0,0,0,false,false,false,false,false,false,false,false,false,false,false,false,false,false,0,0,0,0,0,0,0,0,0,0,0,0,0
ITEM_CACNEA_NEEDLE,80,HOLD_EFFECT_NONE,0,0,0,0,0,31,false,false,POCKET_ITEMS,0,0,0,0,false,false,false,false,false,false,false,false,false,false,false,false,0,0,0,0,0,0,0,false,false,false,false,false,false,false,false,false,false,false,false,false,false,0,0,0,0,0,0,0,0,0,0,0,0,0
ITEM_SWABLU_FLUFF,100,HOLD_EFFECT_NONE,0,0,0,0,0,31,false,false,POCKET_ITEMS,0,0,0,0,false,false,false,false,false,false,false,false,false,false,false,false,0,0,0,0,0,0,0,false,false,false,false,false,false,false,false,false,false,false,false,false,false,0,0,0,0,0,0,0,0,0,0,0,0,0
ITEM_ZANGOOSE_CLAW,120,HOLD_EFFECT_NONE,0,0,0,0,0,31,false,false,POCKET_ITEMS,0,0,0,0,false,false,false,false,false,false,false,false,false,false,false,false,0,0,0,0,0,0,0,false,false,false,false,false,false,false,false,false,false,false,false,false,false,0,0,0,0,0,0,0,0,0,0,0,0,0
ITEM_SEVIPER_FANG,120,HOLD_EFFECT_NONE,0,0,0,0,0,31,false,false,POCKET_ITEMS,0,0,0,0,false,false,false,false,false,false,false,false,false,false,false,false,0,0,0,0,0,0,0,false,false,false,false,false,false,false,false,false,false,false,false,false,false,0,0,0,0,0,0,0,0,0,0,0,0,0
ITEM_BARBOACH_SLIME,60,HOLD_EFFECT_NONE,0,0,0,0,0,31,false,false,POCKET_ITEMS,0,0,0,0,false,false,false,false,false,false,false,false,false,false,false,false,0,0,0,0,0,0,0,false,false,false,false,false,false,false,false,false,false,false,false,false,false,0,0,0,0,0,0,0,0,0,0,0,0,0
ITEM_SHUPPET_SCRAP,80,HOLD_EFFECT_NONE,0,0,0,0,0,31,false,false,POCKET_ITEMS,0,0,0,0,false,false,false,false,false,false,false,false,false,false,false,false,0,0,0,0,0,0,0,false,false,false,false,false,false,false,false,false,false,false,false,false,false,0,0,0,0,0,0,0,0,0,0,0,0,0
ITEM_TROPIUS_LEAF,140,HOLD_EFFECT_NONE,0,0,0,0,0,31,false,false,POCKET_ITEMS,0,0,0,0,false,false,false,false,false,false,false,false,false,false,false,false,0,0,0,0,0,0,0,false,false,false,false,false,false,false,false,false,false,false,false,false,false,0,0,0,0,0,0,0,0,0,0,0,0,0
ITEM_SNORUNT_FUR,80,HOLD_EFFECT_NONE,0,0,0,0,0,31,false,false,POCKET_ITEMS,0,0,0,0,false,false,false,false,false,false,false,false,false,false,false,false,0,0,0,0,0,0,0,false,false,false,false,false,false,false,false,false,false,false,false,false,false,0,0,0,0,0,0,0,0,0,0,0,0,0
ITEM_LUVDISC_SCALES,160,HOLD_EFFECT_NONE,0,0,0,0,0,31,false,false,POCKET_ITEMS,0,0,0,0,false,false,false,false,false,false,false,false,false,false,false,false,0,0,0,0,0,0,0,false,false,false,false,false,false,false,false,false,false,false,false,false,false,0,0,0,0,0,0,0,0,0,0,0,0,0
ITEM_BAGON_SCALES,200,HOLD_EFFECT_NONE,0,0,0,0,0,31,false,false,POCKET_ITEMS,0,0,0,0,false,false,false,false,false,false,false,false,false,false,false,false,0,0,0,0,0,0,0,false,false,false,false,false,false,false,false,false,false,false,false,false,false,0,0,0,0,0,0,0,0,0,0,0,0,0
ITEM_STARLY_FEATHER,60,HOLD_EFFECT_NONE,0,0,0,0,0,31,false,false,POCKET_ITEMS,0,0,0,0,false,false,false,false,false,false,false,false,false,false,false,false,0,0,0,0,0,0,0,false,false,false,false,false,false,false,false,false,false,false,false,false,false,0,0,0,0,0,0,0,0,0,0,0,0,0
ITEM_KRICKETOT_SHELL,40,HOLD_EFFECT_NONE,0,0,0,0,0,31,false,false,POCKET_ITEMS,0,0,0,0,false,false,false,false,false,false,false,false,false,false,false,false,0,0,0,0,0,0,0,false,false,false,false,false,false,false,false,false,false,false,false,false,false,0,0,0,0,0,0,0,0,0,0,0,0,0
ITEM_SHINX_FANG,60,HOLD_EFFECT_NONE,0,0,0,0,0,31,false,false,POCKET_ITEMS,0,0,0,0,false,false,false,false,false,false,false,false,false,false,false,false,0,0,0,0,0,0,0,false,false,false,false,false,false,false,false,false,false,false,false,false,false,0,0,0,0,0,0,0,0,0,0,0,0,0
ITEM_COMBEE_HONEY,100,HOLD_EFFECT_NONE,0,0,0,0,0,31,false,false,POCKET_ITEMS,0,0,0,0,false,false,false,false,false,false,false,false,false,false,false,false,0,0,0,0,0,0,0,false,false,false,false,false,false,false,false,false,false,false,false,false,false,0,0,0,0,0,0,0,0,0,0,0,0,0
ITEM_PACHIRISU_FUR,100,HOLD_EFFECT_NONE,0,0,0,0,0,31,false,false,POCKET_ITEMS,0,0,0,0,false,false,false,false,false,false,false,false,false,false,false,false,0,0,0,0,0,0,0,false,false,false,false,false,false,false,false,false,false,false,false,false,false,0,0,0,0,0,0,0,0,0,0,0,0,0
ITEM_BUIZEL_FUR,80,HOLD_EFFECT_NONE,0,0,0,0,0,31,false,false,POCKET_ITEMS,0,0,0,0,false,false,false,false,false,false,false,false,false,false,false,false,0,0,0,0,0,0,0,false,false,false,false,false,false,false,false,false,false,false,false,false,false,0,0,0,0,0,0,0,0,0,0,0,0,0
ITEM_SHELLOS_MUCUS,80,HOLD_EFFECT_NONE,0,0,0,0,0,31,false,false,POCKET_ITEMS,0,0,0,0,false,false,false,false,false,false,false,false,false,false,false,false,0,0,0,0,0,0,0,false,false,false,false,false,false,false,false,false,false,false,false,false,false,0,0,0,0,0,0,0,0,0,0,0,0,0
ITEM_DRIFLOON_GAS,80,HOLD_EFFECT_NONE,0,0,0,0,0,31,false,false,POCKET_ITEMS,0,0,0,0,false,false,false,false,false,false,false,false,false,false,false,false,0,0,0,0,0,0,0,false,false,false,false,false,false,false,false,false,false,false,false,false,false,0,0,0,0,0,0,0,0,0,0,0,0,0
ITEM_STUNKY_FUR,80,HOLD_EFFECT_NONE,0,0,0,0,0,31,false,false,POCKET_ITEMS,0,0,0,0,false,false,false,false,false,false,false,false,false,false,false,false,0,0,0,0,0,0,0,false,false,false,false,false,false,false,false,false,false,false,false,false,false,0,0,0,0,0,0,0,0,0,0,0,0,0
ITEM_BRONZOR_FRAGMENT,80,HOLD_EFFECT_NONE,0,0,0,0,0,31,false,false,POCKET_ITEMS,0,0,0,0,false,false,false,false,false,false,false,false,false,false,false,false,0,0,0,0,0,0,0,false,false,false,false,false,false,false,false,false,false,false,false,false,false,0,0,0,0,0,0,0,0,0,0,0,0,0
ITEM_BONSLY_TEARS,80,HOLD_EFFECT_NONE,0,0,0,0,0,31,false,false,POCKET_ITEMS,0,0,0,0,false,false,false,false,false,false,false,false,false,false,false,false,0,0,0,0,0,0,0,false,false,false,false,false,false,false,false,false,false,false,false,false,false,0,0,0,0,0,0,0,0,0,0,0,0,0
ITEM_HAPPINY_DUST,300,HOLD_EFFECT_NONE,0,0,0,0,0,31,false,false,POCKET_ITEMS,0,0,0,0,false,false,false,false,false,false,false,false,false,false,false,false,0,0,0,0,0,0,0,false,false,false,false,false,false,false,false,false,false,false,false,false,false,0,0,0,0,0,0,0,0,0,0,0,0,0
ITEM_SPIRITOMB_FRAGMENT,240,HOLD_EFFECT_NONE,0,0,0,0,0,31,false,false,POCKET_ITEMS,0,0,0,0,false,false,false,false,false,false,false,false,false,false,false,false,0,0,0,0,0,0,0,false,false,false,false,false,false,false,false,false,false,false,false,false,false,0,0,0,0,0,0,0,0,0,0,0,0,0
ITEM_GIBLE_SCALES,200,HOLD_EFFECT_NONE,0,0,0,0,0,31,false,false,POCKET_ITEMS,0,0,0,0,false,false,false,false,false,false,false,false,false,false,false,false,0,0,0,0,0,0,0,false,false,false,false,false,false,false,false,false,false,false,false,false,false,0,0,0,0,0,0,0,0,0,0,0,0,0
ITEM_RIOLU_FUR,160,HOLD_EFFECT_NONE,0,0,0,0,0,31,false,false,POCKET_ITEMS,0,0,0,0,false,false,false,false,false,false,false,false,false,false,false,false,0,0,0,0,0,0,0,false,false,false,false,false,false,false,false,false,false,false,false,false,false,0,0,0,0,0,0,0,0,0,0,0,0,0
ITEM_HIPPOPOTAS_SAND,80,HOLD_EFFECT_NONE,0,0,0,0,0,31,false,false,POCKET_ITEMS,0,0,0,0,false,false,false,false,false,false,false,false,false,false,false,false,0,0,0,0,0,0,0,false,false,false,false,false,false,false,false,false,false,false,false,false,false,0,0,0,0,0,0,0,0,0,0,0,0,0
ITEM_CROAGUNK_POISON,80,HOLD_EFFECT_NONE,0,0,0,0,0,31,false,false,POCKET_ITEMS,0,0,0,0,false,false,false,false,false,false,false,false,false,false,false,false,0,0,0,0,0,0,0,false,false,false,false,false,false,false,false,false,false,false,false,false,false,0,0,0,0,0,0,0,0,0,0,0,0,0
ITEM_FINNEON_SCALES,80,HOLD_EFFECT_NONE,0,0,0,0,0,31,false,false,POCKET_ITEMS,0,0,0,0,false,false,false,false,false,false,false,false,false,false,false,false,0,0,0,0,0,0,0,false,false,false,false,false,false,false,false,false,false,false,false,false,false,0,0,0,0,0,0,0,0,0,0,0,0,0
ITEM_SNOVER_BERRIES,60,HOLD_EFFECT_NONE,0,0,0,0,0,31,false,false,POCKET_ITEMS,0,0,0,0,false,false,false,false,false,false,false,false,false,false,false,false,0,0,0,0,0,0,0,false,false,false,false,false,false,false,false,false,false,false,false,false,false,0,0,0,0,0,0,0,0,0,0,0,0,0
ITEM_ROTOM_SPARKS,200,HOLD_EFFECT_NONE,0,0,0,0,0,31,false,false,POCKET_ITEMS,0,0,0,0,false,false,false,false,false,false,false,false,false,false,false,false,0,0,0,0,0,0,0,false,false,false,false,false,false,false,false,false,false,false,false,false,false,0,0,0,0,0,0,0,0,0,0,0,0,0
ITEM_PETILIL_LEAF,60,HOLD_EFFECT_NONE,0,0,0,0,0,31,false,false,POCKET_ITEMS,0,0,0,0,false,false,false,false,false,false,false,false,false,false,false,false,0,0,0,0,0,0,0,false,false,false,false,false,false,false,false,false,false,false,false,false,false,0,0,0,0,0,0,0,0,0,0,0,0,0
ITEM_BASCULIN_FANG,80,HOLD_EFFECT_NONE,0,0,0,0,0,31,false,false,POCKET_ITEMS,0,0,0,0,false,false,false,false,false,false,false,false,false,false,false,false,0,0,0,0,0,0,0,false,false,false,false,false,false,false,false,false,false,false,false,false,false,0,0,0,0,0,0,0,0,0,0,0,0,0
ITEM_SANDILE_CLAW,80,HOLD_EFFECT_NONE,0,0,0,0,0,31,false,false,POCKET_ITEMS,0,0,0,0,false,false,false,false,false,false,false,false,false,false,false,false,0,0,0,0,0,0,0,false,false,false,false,false,false,false,false,false,false,false,false,false,false,0,0,0,0,0,0,0,0,0,0,0,0,0
ITEM_ZORUA_FUR,140,HOLD_EFFECT_NONE,0,0,0,0,0,31,false,false,POCKET_ITEMS,0,0,0,0,false,false,false,false,false,false,false,false,false,false,false,false,0,0,0,0,0,0,0,false,false,false,false,false,false,false,false,false,false,false,false,false,false,0,0,0,0,0,0,0,0,0,0,0,0,0
ITEM_GOTHITA_EYELASH,80,HOLD_EFFECT_NONE,0,0,0,0,0,31,false,false,POCKET_ITEMS,0,0,0,0,false,false,false,false,false,false,false,false,false,false,false,false,0,0,0,0,0,0,0,false,false,false,false,false,false,false,false,false,false,false,false,false,false,0,0,0,0,0,0,0,0,0,0,0,0,0
ITEM_DEERLING_HAIR,60,HOLD_EFFECT_NONE,0,0,0,0,0,31,false,false,POCKET_ITEMS,0,0,0,0,false,false,false,false,false,false,false,false,false,false,false,false,0,0,0,0,0,0,0,false,false,false,false,false,false,false,false,false,false,false,false,false,false,0,0,0,0,0,0,0,0,0,0,0,0,0
ITEM_FOONGUS_SPORES,80,HOLD_EFFECT_NONE,0,0,0,0,0,31,false,false,POCKET_ITEMS,0,0,0,0,false,false,false,false,false,false,false,false,false,false,false,false,0,0,0,0,0,0,0,false,false,false,false,false,false,false,false,false,false,false,false,false,false,0,0,0,0,0,0,0,0,0,0,0,0,0
ITEM_ALOMOMOLA_MUCUS,120,HOLD_EFFECT_NONE,0,0,0,0,0,31,false,false,POCKET_ITEMS,0,0,0,0,false,false,false,false,false,false,false,false,false,false,false,false,0,0,0,0,0,0,0,false,false,false,false,false,false,false,false,false,false,false,false,false,false,0,0,0,0,0,0,0,0,0,0,0,0,0
ITEM_TYNAMO_SLIME,80,HOLD_EFFECT_NONE,0,0,0,0,0,31,false,false,POCKET_ITEMS,0,0,0,0,false,false,false,false,false,false,false,false,false,false,false,false,0,0,0,0,0,0,0,false,false,false,false,false,false,false,false,false,false,false,false,false,false,0,0,0,0,0,0,0,0,0,0,0,0,0
ITEM_AXEW_SCALES,200,HOLD_EFFECT_NONE,0,0,0,0,0,31,false,false,POCKET_ITEMS,0,0,0,0,false,false,false,false,false,false,false,false,false,false,false,false,0,0,0,0,0,0,0,false,false,false,false,false,false,false,false,false,false,false,false,false,false,0,0,0,0,0,0,0,0,0,0,0,0,0
ITEM_CUBCHOO_FUR,80,HOLD_EFFECT_NONE,0,0,0,0,0,31,false,false,POCKET_ITEMS,0,0,0,0,false,false,false,false,false,false,false,false,false,false,false,false,0,0,0,0,0,0,0,false,false,false,false,false,false,false,false,false,false,false,false,false,false,0,0,0,0,0,0,0,0,0,0,0,0,0
ITEM_CRYOGONAL_ICE,100,HOLD_EFFECT_NONE,0,0,0,0,0,31,false,false,POCKET_ITEMS,0,0,0,0,false,false,false,false,false,false,false,false,false,false,false,false,0,0,0,0,0,0,0,false,false,false,false,false,false,false,false,false,false,false,false,false,false,0,0,0,0,0,0,0,0,0,0,0,0,0
ITEM_PAWNIARD_BLADE,80,HOLD_EFFECT_NONE,0,0,0,0,0,31,false,false,POCKET_ITEMS,0,0,0,0,false,false,false,false,false,false,false,false,false,false,false,false,0,0,0,0,0,0,0,false,false,false,false,false,false,false,false,false,false,false,false,false,false,0,0,0,0,0,0,0,0,0,0,0,0,0
ITEM_RUFFLET_FEATHER,80,HOLD_EFFECT_NONE,0,0,0,0,0,31,false,false,POCKET_ITEMS,0,0,0,0,false,false,false,false,false,false,false,false,false,false,false,false,0,0,0,0,0,0,0,false,false,false,false,false,false,false,false,false,false,false,false,false,false,0,0,0,0,0,0,0,0,0,0,0,0,0
ITEM_DEINO_SCALES,200,HOLD_EFFECT_NONE,0,0,0,0,0,31,false,false,POCKET_ITEMS,0,0,0,0,false,false,false,false,false,false,false,false,false,false,false,false,0,0,0,0,0,0,0,false,false,false,false,false,false,false,false,false,false,false,false,false,false,0,0,0,0,0,0,0,0,0,0,0,0,0
ITEM_LARVESTA_FUZZ,200,HOLD_EFFECT_NONE,0,0,0,0,0,31,false,false,POCKET_ITEMS,0,0,0,0,false,false,false,false,false,false,false,false,false,false,false,false,0,0,0,0,0,0,0,false,false,false,false,false,false,false,false,false,false,false,false,false,false,0,0,0,0,0,0,0,0,0,0,0,0,0
ITEM_FLETCHLING_FEATHER,60,HOLD_EFFECT_NONE,0,0,0,0,0,31,false,false,POCKET_ITEMS,0,0,0,0,false,false,false,false,false,false,false,false,false,false,false,false,0,0,0,0,0,0,0,false,false,false,false,false,false,false,false,false,false,false,false,false,false,0,0,0,0,0,0,0,0,0,0,0,0,0
ITEM_SCATTERBUG_POWDER,40,HOLD_EFFECT_NONE,0,0,0,0,0,31,false,false,POCKET_ITEMS,0,0,0,0,false,false,false,false,false,false,false,false,false,false,false,false,0,0,0,0,0,0,0,false,false,false,false,false,false,false,false,false,false,false,false,false,false,0,0,0,0,0,0,0,0,0,0,0,0,0
ITEM_LITLEO_TUFT,80,HOLD_EFFECT_NONE,0,0,0,0,0,31,false,false,POCKET_ITEMS,0,0,0,0,false,false,false,false,false,false,false,false,false,false,false,false,0,0,0,0,0,0,0,false,false,false,false,false,false,false,false,false,false,false,false,false,false,0,0,0,0,0,0,0,0,0,0,0,0,0
ITEM_FLABEBE_POLLEN,80,HOLD_EFFECT_NONE,0,0,0,0,0,31,false,false,POCKET_ITEMS,0,0,0,0,false,false,false,false,false,false,false,false,false,false,false,false,0,0,0,0,0,0,0,false,false,false,false,false,false,false,false,false,false,false,false,false,false,0,0,0,0,0,0,0,0,0,0,0,0,0
ITEM_SKIDDO_LEAF,80,HOLD_EFFECT_NONE,0,0,0,0,0,31,false,false,POCKET_ITEMS,0,0,0,0,false,false,false,false,false,false,false,false,false,false,false,false,0,0,0,0,0,0,0,false,false,false,false,false,false,false,false,false,false,false,false,false,false,0,0,0,0,0,0,0,0,0,0,0,0,0
ITEM_SKRELP_KELP,100,HOLD_EFFECT_NONE,0,0,0,0,0,31,false,false,POCKET_ITEMS,0,0,0,0,false,false,false,false,false,false,false,false,false,false,false,false,0,0,0,0,0,0,0,false,false,false,false,false,false,false,false,false,false,false,false,false,false,0,0,0,0,0,0,0,0,0,0,0,0,0
ITEM_CLAUNCHER_CLAW,100,HOLD_EFFECT_NONE,0,0,0,0,0,31,false,false,POCKET_ITEMS,0,0,0,0,false,false,false,false,false,false,false,false,false,false,false,false,0,0,0,0,0,0,0,false,false,false,false,false,false,false,false,false,false,false,false,false,false,0,0,0,0,0,0,0,0,0,0,0,0,0
ITEM_HAWLUCHA_DOWN,100,HOLD_EFFECT_NONE,0,0,0,0,0,31,false,false,POCKET_ITEMS,0,0,0,0,false,false,false,false,false,false,false,false,false,false,false,false,0,0,0,0,0,0,0,false,false,false,false,false,false,false,false,false,false,false,false,false,false,0,0,0,0,0,0,0,0,0,0,0,0,0
ITEM_DEDENNE_FUR,100,HOLD_EFFECT_NONE,0,0,0,0,0,31,false,false,POCKET_ITEMS,0,0,0,0,false,false,false,false,false,false,false,false,false,false,false,false,0,0,0,0,0,0,0,false,false,false,false,false,false,false,false,false,false,false,false,false,false,0,0,0,0,0,0,0,0,0,0,0,0,0
ITEM_GOOMY_GOO,140,HOLD_EFFECT_NONE,0,0,0,0,0,31,false,false,POCKET_ITEMS,0,0,0,0,false,false,false,false,false,false,false,false,false,false,false,false,0,0,0,0,0,0,0,false,false,false,false,false,false,false,false,false,false,false,false,false,false,0,0,0,0,0,0,0,0,0,0,0,0,0
ITEM_KLEFKI_KEY,100,HOLD_EFFECT_NONE,0,0,0,0,0,31,false,false,POCKET_ITEMS,0,0,0,0,false,false,false,false,false,false,false,false,false,false,false,false,0,0,0,0,0,0,0,false,false,false,false,false,false,false,false,false,false,false,false,false,false,0,0,0,0,0,0,0,0,0,0,0,0,0
ITEM_BERGMITE_ICE,80,HOLD_EFFECT_NONE,0,0,0,0,0,31,false,false,POCKET_ITEMS,0,0,0,0,false,false,false,false,false,false,false,false,false,false,false,false,0,0,0,0,0,0,0,false,false,false,false,false,false,false,false,false,false,false,false,false,false,0,0,0,0,0,0,0,0,0,0,0,0,0
ITEM_NOIBAT_FUR,80,HOLD_EFFECT_NONE,0,0,0,0,0,31,false,false,POCKET_ITEMS,0,0,0,0,false,false,false,false,false,false,false,false,false,false,false,false,0,0,0,0,0,0,0,false,false,false,false,false,false,false,false,false,false,false,false,false,false,0,0,0,0,0,0,0,0,0,0,0,0,0
ITEM_YUNGOOS_FUR,60,HOLD_EFFECT_NONE,0,0,0,0,0,31,false,false,POCKET_ITEMS,0,0,0,0,false,false,false,false,false,false,false,false,false,false,false,false,0,0,0,0,0,0,0,false,false,false,false,false,false,false,false,false,false,false,false,false,false,0,0,0,0,0,0,0,0,0,0,0,0,0
ITEM_CRABRAWLER_SHELL,100,HOLD_EFFECT_NONE,0,0,0,0,0,31,false,false,POCKET_ITEMS,0,0,0,0,false,false,false,false,false,false,false,false,false,false,false,false,0,0,0,0,0,0,0,false,false,false,false,false,false,false,false,false,false,false,false,false,false,0,0,0,0,0,0,0,0,0,0,0,0,0
ITEM_ORICORIO_FEATHER,100,HOLD_EFFECT_NONE,0,0,0,0,0,31,false,false,POCKET_ITEMS,0,0,0,0,false,false,false,false,false,false,false,false,false,false,false,false,0,0,0,0,0,0,0,false,false,false,false,false,false,false,false,false,false,false,false,false,false,0,0,0,0,0,0,0,0,0,0,0,0,0
ITEM_ROCKRUFF_ROCK,80,HOLD_EFFECT_NONE,0,0,0,0,0,31,false,false,POCKET_ITEMS,0,0,0,0,false,false,false,false,false,false,false,false,false,false,false,false,0,0,0,0,0,0,0,false,false,false,false,false,false,false,false,false,false,false,false,false,false,0,0,0,0,0,0,0,0,0,0,0,0,0
ITEM_MAREANIE_SPIKE,80,HOLD_EFFECT_NONE,0,0,0,0,0,31,false,false,POCKET_ITEMS,0,0,0,0,false,false,false,false,false,false,false,false,false,false,false,false,0,0,0,0,0,0,0,false,false,false,false,false,false,false,false,false,false,false,false,false,false,0,0,0,0,0,0,0,0,0,0,0,0,0
ITEM_MUDBRAY_MUD,80,HOLD_EFFECT_NONE,0,0,0,0,0,31,false,false,POCKET_ITEMS,0,0,0,0,false,false,false,false,false,false,false,false,false,false,false,false,0,0,0,0,0,0,0,false,false,false,false,false,false,false,false,false,false,false,false,false,false,0,0,0,0,0,0,0,0,0,0,0,0,0
ITEM_FOMANTIS_LEAF,80,HOLD_EFFECT_NONE,0,0,0,0,0,31,false,false,POCKET_ITEMS,0,0,0,0,false,false,false,false,false,false,false,false,false,false,false,false,0,0,0,0,0,0,0,false,false,false,false,false,false,false,false,false,false,false,false,false,false,0,0,0,0,0,0,0,0,0,0,0,0,0
ITEM_SALANDIT_GAS,80,HOLD_EFFECT_NONE,0,0,0,0,0,31,false,false,POCKET_ITEMS,0,0,0,0,false,false,false,false,false,false,false,false,false,false,false,false,0,0,0,0,0,0,0,false,false,false,false,false,false,false,false,false,false,false,false,false,false,0,0,0,0,0,0,0,0,0,0,0,0,0
ITEM_BOUNSWEET_SWEAT,80,HOLD_EFFECT_NONE,0,0,0,0,0,31,false,false,POCKET_ITEMS,0,0,0,0,false,false,false,false,false,false,false,false,false,false,false,false,0,0,0,0,0,0,0,false,false,false,false,false,false,false,false,false,false,false,false,false,false,0,0,0,0,0,0,0,0,0,0,0,0,0
ITEM_ORANGURU_FUR,120,HOLD_EFFECT_NONE,0,0,0,0,0,31,false,false,POCKET_ITEMS,0,0,0,0,false,false,false,false,false,false,false,false,false,false,false,false,0,0,0,0,0,0,0,false,false,false,false,false,false,false,false,false,false,false,false,false,false,0,0,0,0,0,0,0,0,0,0,0,0,0
ITEM_PASSIMIAN_FUR,120,HOLD_EFFECT_NONE,0,0,0,0,0,31,false,false,POCKET_ITEMS,0,0,0,0,false,false,false,false,false,false,false,false,false,false,false,false,0,0,0,0,0,0,0,false,false,false,false,false,false,false,false,false,false,false,false,false,false,0,0,0,0,0,0,0,0,0,0,0,0,0
ITEM_SANDYGAST_SAND,80,HOLD_EFFECT_NONE,0,0,0,0,0,31,false,false,POCKET_ITEMS,0,0,0,0,false,false,false,false,false,false,false,false,false,false,false,false,0,0,0,0,0,0,0,false,false,false,false,false,false,false,false,false,false,false,false,false,false,0,0,0,0,0,0,0,0,0,0,0,0,0
ITEM_KOMALA_CLAW,100,HOLD_EFFECT_NONE,0,0,0,0,0,31,false,false,POCKET_ITEMS,0,0,0,0,false,false,false,false,false,false,false,false,false,false,false,false,0,0,0,0,0,0,0,false,false,false,false,false,false,false,false,false,false,false,false,false,false,0,0,0,0,0,0,0,0,0,0,0,0,0
ITEM_MIMIKYU_SCRAP,40,HOLD_EFFECT_NONE,0,0,0,0,0,31,false,false,POCKET_ITEMS,0,0,0,0,false,false,false,false,false,false,false,false,false,false,false,false,0,0,0,0,0,0,0,false,false,false,false,false,false,false,false,false,false,false,false,false,false,0,0,0,0,0,0,0,0,0,0,0,0,0
ITEM_BRUXISH_TOOTH,100,HOLD_EFFECT_NONE,0,0,0,0,0,31,false,false,POCKET_ITEMS,0,0,0,0,false,false,false,false,false,false,false,false,false,false,false,false,0,0,0,0,0,0,0,false,false,false,false,false,false,false,false,false,false,false,false,false,false,0,0,0,0,0,0,0,0,0,0,0,0,0
ITEM_CHEWTLE_CLAW,80,HOLD_EFFECT_NONE,0,0,0,0,0,31,false,false,POCKET_ITEMS,0,0,0,0,false,false,false,false,false,false,false,false,false,false,false,false,0,0,0,0,0,0,0,false,false,false,false,false,false,false,false,false,false,false,false,false,false,0,0,0,0,0,0,0,0,0,0,0,0,0
ITEM_SKWOVET_FUR,60,HOLD_EFFECT_NONE,0,0,0,0,0,31,false,false,POCKET_ITEMS,0,0,0,0,false,false,false,false,false,false,false,false,false,false,false,false,0,0,0,0,0,0,0,false,false,false,false,false,false,false,false,false,false,false,false,false,false,0,0,0,0,0,0,0,0,0,0,0,0,0
ITEM_ARROKUDA_SCALES,80,HOLD_EFFECT_NONE,0,0,0,0,0,31,false,false,POCKET_ITEMS,0,0,0,0,false,false,false,false,false,false,false,false,false,false,false,false,0,0,0,0,0,0,0,false,false,false,false,false,false,false,false,false,false,false,false,false,false,0,0,0,0,0,0,0,0,0,0,0,0,0
ITEM_ROOKIDEE_FEATHER,80,HOLD_EFFECT_NONE,0,0,0,0,0,31,false,false,POCKET_ITEMS,0,0,0,0,false,false,false,false,false,false,false,false,false,false,false,false,0,0,0,0,0,0,0,false,false,false,false,false,false,false,false,false,false,false,false,false,false,0,0,0,0,0,0,0,0,0,0,0,0,0
ITEM_TOXEL_SPARKS,80,HOLD_EFFECT_NONE,0,0,0,0,0,31,false,false,POCKET_ITEMS,0,0,0,0,false,false,false,false,false,false,false,false,false,false,false,false,0,0,0,0,0,0,0,false,false,false,false,false,false,false,false,false,false,false,false,false,false,0,0,0,0,0,0,0,0,0,0,0,0,0
ITEM_FALINKS_SWEAT,120,HOLD_EFFECT_NONE,0,0,0,0,0,31,false,false,POCKET_ITEMS,0,0,0,0,false,false,false,false,false,false,false,false,false,false,false,false,0,0,0,0,0,0,0,false,false,false,false,false,false,false,false,false,false,false,false,false,false,0,0,0,0,0,0,0,0,0,0,0,0,0
ITEM_CUFANT_TARNISH,80,HOLD_EFFECT_NONE,0,0,0,0,0,31,false,false,POCKET_ITEMS,0,0,0,0,false,false,false,false,false,false,false,false,false,false,false,false,0,0,0,0,0,0,0,false,false,false,false,false,false,false,false,false,false,false,false,false,false,0,0,0,0,0,0,0,0,0,0,0,0,0
ITEM_ROLYCOLY_COAL,80,HOLD_EFFECT_NONE,0,0,0,0,0,31,false,false,POCKET_ITEMS,0,0,0,0,false,false,false,false,false,false,false,false,false,false,false,false,0,0,0,0,0,0,0,false,false,false,false,false,false,false,false,false,false,false,false,false,false,0,0,0,0,0,0,0,0,0,0,0,0,0
ITEM_SILICOBRA_SAND,80,HOLD_EFFECT_NONE,0,0,0,0,0,31,false,false,POCKET_ITEMS,0,0,0,0,false,false,false,false,false,false,false,false,false,false,false,false,0,0,0,0,0,0,0,false,false,false,false,false,false,false,false,false,false,false,false,false,false,0,0,0,0,0,0,0,0,0,0,0,0,0
ITEM_INDEEDEE_FUR,120,HOLD_EFFECT_NONE,0,0,0,0,0,31,false,false,POCKET_ITEMS,0,0,0,0,false,false,false,false,false,false,false,false,false,false,false,false,0,0,0,0,0,0,0,false,false,false,false,false,false,false,false,false,false,false,false,false,false,0,0,0,0,0,0,0,0,0,0,0,0,0
ITEM_PINCURCHIN_SPINES,100,HOLD_EFFECT_NONE,0,0,0,0,0,31,false,false,POCKET_ITEMS,0,0,0,0,false,false,false,false,false,false,false,false,false,false,false,false,0,0,0,0,0,0,0,false,false,false,false,false,false,false,false,false,false,false,false,false,false,0,0,0,0,0,0,0,0,0,0,0,0,0
ITEM_SNOM_THREAD,80,HOLD_EFFECT_NONE,0,0,0,0,0,31,false,false,POCKET_ITEMS,0,0,0,0,false,false,false,false,false,false,false,false,false,false,false,false,0,0,0,0,0,0,0,false,false,false,false,false,false,false,false,false,false,false,false,false,false,0,0,0,0,0,0,0,0,0,0,0,0,0
ITEM_IMPIDIMP_HAIR,80,HOLD_EFFECT_NONE,0,0,0,0,0,31,false,false,POCKET_ITEMS,0,0,0,0,false,false,false,false,false,false,false,false,false,false,false,false,0,0,0,0,0,0,0,false,false,false,false,false,false,false,false,false,false,false,false,false,false,0,0,0,0,0,0,0,0,0,0,0,0,0
ITEM_APPLIN_JUICE,100,HOLD_EFFECT_NONE,0,0,0,0,0,31,false,false,POCKET_ITEMS,0,0,0,0,false,false,false,false,false,false,false,false,false,false,false,false,0,0,0,0,0,0,0,false,false,false,false,false,false,false,false,false,false,false,false,false,false,0,0,0,0,0,0,0,0,0,0,0,0,0
ITEM_SINISTEA_CHIP,80,HOLD_EFFECT_NONE,0,0,0,0,0,31,false,false,POCKET_ITEMS,0,0,0,0,false,false,false,false,false,false,false,false,false,false,false,false,0,0,0,0,0,0,0,false,false,false,false,false,false,false,false,false,false,false,false,false,false,0,0,0,0,0,0,0,0,0,0,0,0,0
ITEM_HATENNA_DUST,80,HOLD_EFFECT_NONE,0,0,0,0,0,31,false,false,POCKET_ITEMS,0,0,0,0,false,false,false,false,false,false,false,false,false,false,false,false,0,0,0,0,0,0,0,false,false,false,false,false,false,false,false,false,false,false,false,false,false,0,0,0,0,0,0,0,0,0,0,0,0,0
ITEM_STONJOURNER_STONE,120,HOLD_EFFECT_NONE,0,0,0,0,0,31,false,false,POCKET_ITEMS,0,0,0,0,false,false,false,false,false,false,false,false,false,false,false,false,0,0,0,0,0,0,0,false,false,false,false,false,false,false,false,false,false,false,false,false,false,0,0,0,0,0,0,0,0,0,0,0,0,0
ITEM_EISCUE_DOWN,120,HOLD_EFFECT_NONE,0,0,0,0,0,31,false,false,POCKET_ITEMS,0,0,0,0,false,false,false,false,false,false,false,false,false,false,false,false,0,0,0,0,0,0,0,false,false,false,false,false,false,false,false,false,false,false,false,false,false,0,0,0,0,0,0,0,0,0,0,0,0,0
ITEM_DREEPY_POWDER,200,HOLD_EFFECT_NONE,0,0,0,0,0,31,false,false,POCKET_ITEMS,0,0,0,0,false,false,false,false,false,false,false,false,false,false,false,false,0,0,0,0,0,0,0,false,false,false,false,false,false,false,false,false,false,false,false,false,false,0,0,0,0,0,0,0,0,0,0,0,0,0
ITEM_NONE_2100,0,HOLD_EFFECT_NONE,0,0,0,0,0,31,false,false,POCKET_ITEMS,0,0,0,0,false,false,false,false,false,false,false,false,false,false,false,false,0,0,0,0,0,0,0,false,false,false,false,false,false,false,false,false,false,false,false,false,false,0,0,0,0,0,0,0,0,0,0,0,0,0
ITEM_NONE_2101,0,HOLD_EFFECT_NONE,0,0,0,0,0,31,false,false,POCKET_ITEMS,0,0,0,0,false,false,false,false,false,false,false,false,false,false,false,false,0,0,0,0,0,0,0,false,false,false,false,false,false,false,false,false,false,false,false,false,false,0,0,0,0,0,0,0,0,0,0,0,0,0
ITEM_NONE_2102,0,HOLD_EFFECT_NONE,0,0,0,0,0,31,false,false,POCKET_ITEMS,0,0,0,0,false,false,false,false,false,false,false,false,false,false,false,false,0,0,0,0,0,0,0,false,false,false,false,false,false,false,false,false,false,false,false,false,false,0,0,0,0,0,0,0,0,0,0,0,0,0
ITEM_LECHONK_HAIR,60,HOLD_EFFECT_NONE,0,0,0,0,0,31,false,false,POCKET_ITEMS,0,0,0,0,false,false,false,false,false,false,false,false,false,false,false,false,0,0,0,0,0,0,0,false,false,false,false,false,false,false,false,false,false,false,false,false,false,0,0,0,0,0,0,0,0,0,0,0,0,0
ITEM_TAROUNTULA_THREAD,60,HOLD_EFFECT_NONE,0,0,0,0,0,31,false,false,POCKET_ITEMS,0,0,0,0,false,false,false,false,false,false,false,false,false,false,false,false,0,0,0,0,0,0,0,false,false,false,false,false,false,false,false,false,false,false,false,false,false,0,0,0,0,0,0,0,0,0,0,0,0,0
ITEM_NYMBLE_CLAW,60,HOLD_EFFECT_NONE,0,0,0,0,0,31,false,false,POCKET_ITEMS,0,0,0,0,false,false,false,false,false,false,false,false,false,false,false,false,0,0,0,0,0,0,0,false,false,false,false,false,false,false,false,false,false,false,false,false,false,0,0,0,0,0,0,0,0,0,0,0,0,0
ITEM_RELLOR_MUD,80,HOLD_EFFECT_NONE,0,0,0,0,0,31,false,false,POCKET_ITEMS,0,0,0,0,false,false,false,false,false,false,false,false,false,false,false,false,0,0,0,0,0,0,0,false,false,false,false,false,false,false,false,false,false,false,false,false,false,0,0,0,0,0,0,0,0,0,0,0,0,0
ITEM_GREAVARD_WAX,80,HOLD_EFFECT_NONE,0,0,0,0,0,31,false,false,POCKET_ITEMS,0,0,0,0,false,false,false,false,false,false,false,false,false,false,false,false,0,0,0,0,0,0,0,false,false,false,false,false,false,false,false,false,false,false,false,false,false,0,0,0,0,0,0,0,0,0,0,0,0,0
ITEM_FLITTLE_DOWN,80,HOLD_EFFECT_NONE,0,0,0,0,0,31,false,false,POCKET_ITEMS,0,0,0,0,false,false,false,false,false,false,false,false,false,false,false,false,0,0,0,0,0,0,0,false,false,false,false,false,false,false,false,false,false,false,false,false,false,0,0,0,0,0,0,0,0,0,0,0,0,0
ITEM_WIGLETT_SAND,80,HOLD_EFFECT_NONE,0,0,0,0,0,31,false,false,POCKET_ITEMS,0,0,0,0,false,false,false,false,false,false,false,false,false,false,false,false,0,0,0,0,0,0,0,false,false,false,false,false,false,false,false,false,false,false,false,false,false,0,0,0,0,0,0,0,0,0,0,0,0,0
ITEM_DONDOZO_WHISKER,160,HOLD_EFFECT_NONE,0,0,0,0,0,31,false,false,POCKET_ITEMS,0,0,0,0,false,false,false,false,false,false,false,false,false,false,false,false,0,0,0,0,0,0,0,false,false,false,false,false,false,false,false,false,false,false,false,false,false,0,0,0,0,0,0,0,0,0,0,0,0,0
ITEM_VELUZA_FILLET,140,HOLD_EFFECT_NONE,0,0,0,0,0,31,false,false,POCKET_ITEMS,0,0,0,0,false,false,false,false,false,false,false,false,false,false,false,false,0,0,0,0,0,0,0,false,false,false,false,false,false,false,false,false,false,false,false,false,false,0,0,0,0,0,0,0,0,0,0,0,0,0
ITEM_FINIZEN_MUCUS,100,HOLD_EFFECT_NONE,0,0,0,0,0,31,false,false,POCKET_ITEMS,0,0,0,0,false,false,false,false,false,false,false,false,false,false,false,false,0,0,0,0,0,0,0,false,false,false,false,false,false,false,false,false,false,false,false,false,false,0,0,0,0,0,0,0,0,0,0,0,0,0
ITEM_SMOLIV_OIL,80,HOLD_EFFECT_NONE,0,0,0,0,0,31,false,false,POCKET_ITEMS,0,0,0,0,false,false,false,false,false,false,false,false,false,false,false,false,0,0,0,0,0,0,0,false,false,false,false,false,false,false,false,false,false,false,false,false,false,0,0,0,0,0,0,0,0,0,0,0,0,0
ITEM_CAPSAKID_SEED,80,HOLD_EFFECT_NONE,0,0,0,0,0,31,false,false,POCKET_ITEMS,0,0,0,0,false,false,false,false,false,false,false,false,false,false,false,false,0,0,0,0,0,0,0,false,false,false,false,false,false,false,false,false,false,false,false,false,false,0,0,0,0,0,0,0,0,0,0,0,0,0
ITEM_TADBULB_MUCUS,80,HOLD_EFFECT_NONE,0,0,0,0,0,31,false,false,POCKET_ITEMS,0,0,0,0,false,false,false,false,false,false,false,false,false,false,false,false,0,0,0,0,0,0,0,false,false,false,false,false,false,false,false,false,false,false,false,false,false,0,0,0,0,0,0,0,0,0,0,0,0,0
ITEM_VAROOM_FUME,80,HOLD_EFFECT_NONE,0,0,0,0,0,31,false,false,POCKET_ITEMS,0,0,0,0,false,false,false,false,false,false,false,false,false,false,false,false,0,0,0,0,0,0,0,false,false,false,false,false,false,false,false,false,false,false,false,false,false,0,0,0,0,0,0,0,0,0,0,0,0,0
ITEM_ORTHWORM_TARNISH,200,HOLD_EFFECT_NONE,0,0,0,0,0,31,false,false,POCKET_ITEMS,0,0,0,0,false,false,false,false,false,false,false,false,false,false,false,false,0,0,0,0,0,0,0,false,false,false,false,false,false,false,false,false,false,false,false,false,false,0,0,0,0,0,0,0,0,0,0,0,0,0
ITEM_TANDEMAUS_FUR,80,HOLD_EFFECT_NONE,0,0,0,0,0,31,false,false,POCKET_ITEMS,0,0,0,0,false,false,false,false,false,false,false,false,false,false,false,false,0,0,0,0,0,0,0,false,false,false,false,false,false,false,false,false,false,false,false,false,false,0,0,0,0,0,0,0,0,0,0,0,0,0
ITEM_CETODDLE_GREASE,80,HOLD_EFFECT_NONE,0,0,0,0,0,31,false,false,POCKET_ITEMS,0,0,0,0,false,false,false,false,false,false,false,false,false,false,false,false,0,0,0,0,0,0,0,false,false,false,false,false,false,false,false,false,false,false,false,false,false,0,0,0,0,0,0,0,0,0,0,0,0,0
ITEM_FRIGIBAX_SCALES,200,HOLD_EFFECT_NONE,0,0,0,0,0,31,false,false,POCKET_ITEMS,0,0,0,0,false,false,false,false,false,false,false,false,false,false,false,false,0,0,0,0,0,0,0,false,false,false,false,false,false,false,false,false,false,false,false,false,false,0,0,0,0,0,0,0,0,0,0,0,0,0
ITEM_TATSUGIRI_SCALES,200,HOLD_EFFECT_NONE,0,0,0,0,0,31,false,false,POCKET_ITEMS,0,0,0,0,false,false,false,false,false,false,false,false,false,false,false,false,0,0,0,0,0,0,0,false,false,false,false,false,false,false,false,false,false,false,false,false,false,0,0,0,0,0,0,0,0,0,0,0,0,0
ITEM_CYCLIZAR_SCALES,120,HOLD_EFFECT_NONE,0,0,0,0,0,31,false,false,POCKET_ITEMS,0,0,0,0,false,false,false,false,false,false,false,false,false,false,false,false,0,0,0,0,0,0,0,false,false,false,false,false,false,false,false,false,false,false,false,false,false,0,0,0,0,0,0,0,0,0,0,0,0,0
ITEM_PAWMI_FUR,100,HOLD_EFFECT_NONE,0,0,0,0,0,31,false,false,POCKET_ITEMS,0,0,0,0,false,false,false,false,false,false,false,false,false,false,false,false,0,0,0,0,0,0,0,false,false,false,false,false,false,false,false,false,false,false,false,false,false,0,0,0,0,0,0,0,0,0,0,0,0,0
ITEM_NONE_2124,0,HOLD_EFFECT_NONE,0,0,0,0,0,TYPE_NORMAL,false,false,POCKET_ITEMS,0,0,0,0,false,false,false,false,false,false,false,false,false,false,false,false,0,0,0,0,0,0,0,false,false,false,false,false,false,false,false,false,false,false,false,false,false,0,0,0,0,0,0,0,0,0,0,0,0,0
ITEM_NONE_2125,0,HOLD_EFFECT_NONE,0,0,0,0,0,TYPE_NORMAL,false,false,POCKET_ITEMS,0,0,0,0,false,false,false,false,false,false,false,false,false,false,false,false,0,0,0,0,0,0,0,false,false,false,false,false,false,false,false,false,false,false,false,false,false,0,0,0,0,0,0,0,0,0,0,0,0,0
ITEM_WATTREL_FEATHER,120,HOLD_EFFECT_NONE,0,0,0,0,0,31,false,false,POCKET_ITEMS,0,0,0,0,false,false,false,false,false,false,false,false,false,false,false,false,0,0,0,0,0,0,0,false,false,false,false,false,false,false,false,false,false,false,false,false,false,0,0,0,0,0,0,0,0,0,0,0,0,0
ITEM_BOMBIRDIER_FEATHER,200,HOLD_EFFECT_NONE,0,0,0,0,0,31,false,false,POCKET_ITEMS,0,0,0,0,false,false,false,false,false,false,false,false,false,false,false,false,0,0,0,0,0,0,0,false,false,false,false,false,false,false,false,false,false,false,false,false,false,0,0,0,0,0,0,0,0,0,0,0,0,0
ITEM_SQUAWKABILLY_FEATHER,80,HOLD_EFFECT_NONE,0,0,0,0,0,31,false,false,POCKET_ITEMS,0,0,0,0,false,false,false,false,false,false,false,false,false,false,false,false,0,0,0,0,0,0,0,false,false,false,false,false,false,false,false,false,false,false,false,false,false,0,0,0,0,0,0,0,0,0,0,0,0,0
ITEM_FLAMIGO_DOWN,80,HOLD_EFFECT_NONE,0,0,0,0,0,31,false,false,POCKET_ITEMS,0,0,0,0,false,false,false,false,false,false,false,false,false,false,false,false,0,0,0,0,0,0,0,false,false,false,false,false,false,false,false,false,false,false,false,false,false,0,0,0,0,0,0,0,0,0,0,0,0,0
ITEM_KLAWF_CLAW,200,HOLD_EFFECT_NONE,0,0,0,0,0,31,false,false,POCKET_ITEMS,0,0,0,0,false,false,false,false,false,false,false,false,false,false,false,false,0,0,0,0,0,0,0,false,false,false,false,false,false,false,false,false,false,false,false,false,false,0,0,0,0,0,0,0,0,0,0,0,0,0
ITEM_NACLI_SALT,80,HOLD_EFFECT_NONE,0,0,0,0,0,31,false,false,POCKET_ITEMS,0,0,0,0,false,false,false,false,false,false,false,false,false,false,false,false,0,0,0,0,0,0,0,false,false,false,false,false,false,false,false,false,false,false,false,false,false,0,0,0,0,0,0,0,0,0,0,0,0,0
ITEM_GLIMMET_CRYSTAL,120,HOLD_EFFECT_NONE,0,0,0,0,0,31,false,false,POCKET_ITEMS,0,0,0,0,false,false,false,false,false,false,false,false,false,false,false,false,0,0,0,0,0,0,0,false,false,false,false,false,false,false,false,false,false,false,false,false,false,0,0,0,0,0,0,0,0,0,0,0,0,0
ITEM_SHROODLE_INK,80,HOLD_EFFECT_NONE,0,0,0,0,0,31,false,false,POCKET_ITEMS,0,0,0,0,false,false,false,false,false,false,false,false,false,false,false,false,0,0,0,0,0,0,0,false,false,false,false,false,false,false,false,false,false,false,false,false,false,0,0,0,0,0,0,0,0,0,0,0,0,0
ITEM_FIDOUGH_FUR,80,HOLD_EFFECT_NONE,0,0,0,0,0,31,false,false,POCKET_ITEMS,0,0,0,0,false,false,false,false,false,false,false,false,false,false,false,false,0,0,0,0,0,0,0,false,false,false,false,false,false,false,false,false,false,false,false,false,false,0,0,0,0,0,0,0,0,0,0,0,0,0
ITEM_MASCHIFF_FANG,80,HOLD_EFFECT_NONE,0,0,0,0,0,31,false,false,POCKET_ITEMS,0,0,0,0,false,false,false,false,false,false,false,false,false,false,false,false,0,0,0,0,0,0,0,false,false,false,false,false,false,false,false,false,false,false,false,false,false,0,0,0,0,0,0,0,0,0,0,0,0,0
ITEM_BRAMBLIN_TWIG,80,HOLD_EFFECT_NONE,0,0,0,0,0,31,false,false,POCKET_ITEMS,0,0,0,0,false,false,false,false,false,false,false,false,false,false,false,false,0,0,0,0,0,0,0,false,false,false,false,false,false,false,false,false,false,false,false,false,false,0,0,0,0,0,0,0,0,0,0,0,0,0
ITEM_GIMMIGHOUL_COIN,800,HOLD_EFFECT_NONE,0,0,0,30,0,31,false,false,POCKET_ITEMS,0,0,0,0,false,false,false,false,false,false,false,false,false,false,false,false,0,0,0,0,0,0,0,false,false,false,false,false,false,false,false,false,false,false,false,false,false,0,0,0,0,0,0,0,0,0,0,0,0,0
ITEM_NONE_2138,0,HOLD_EFFECT_NONE,0,0,0,0,0,31,false,false,POCKET_ITEMS,0,0,0,0,false,false,false,false,false,false,false,false,false,false,false,false,0,0,0,0,0,0,0,false,false,false,false,false,false,false,false,false,false,false,false,false,false,0,0,0,0,0,0,0,0,0,0,0,0,0
ITEM_NONE_2139,0,HOLD_EFFECT_NONE,0,0,0,0,0,31,false,false,POCKET_ITEMS,0,0,0,0,false,false,false,false,false,false,false,false,false,false,false,false,0,0,0,0,0,0,0,false,false,false,false,false,false,false,false,false,false,false,false,false,false,0,0,0,0,0,0,0,0,0,0,0,0,0
ITEM_NONE_2140,0,HOLD_EFFECT_NONE,0,0,0,0,0,31,false,false,POCKET_ITEMS,0,0,0,0,false,false,false,false,false,false,false,false,false,false,false,false,0,0,0,0,0,0,0,false,false,false,false,false,false,false,false,false,false,false,false,false,false,0,0,0,0,0,0,0,0,0,0,0,0,0
ITEM_NONE_2141,0,HOLD_EFFECT_NONE,0,0,0,0,0,31,false,false,POCKET_ITEMS,0,0,0,0,false,false,false,false,false,false,false,false,false,false,false,false,0,0,0,0,0,0,0,false,false,false,false,false,false,false,false,false,false,false,false,false,false,0,0,0,0,0,0,0,0,0,0,0,0,0
ITEM_NONE_2142,0,HOLD_EFFECT_NONE,0,0,0,0,0,31,false,false,POCKET_ITEMS,0,0,0,0,false,false,false,false,false,false,false,false,false,false,false,false,0,0,0,0,0,0,0,false,false,false,false,false,false,false,false,false,false,false,false,false,false,0,0,0,0,0,0,0,0,0,0,0,0,0
ITEM_NONE_2143,0,HOLD_EFFECT_NONE,0,0,0,0,0,31,false,false,POCKET_ITEMS,0,0,0,0,false,false,false,false,false,false,false,false,false,false,false,false,0,0,0,0,0,0,0,false,false,false,false,false,false,false,false,false,false,false,false,false,false,0,0,0,0,0,0,0,0,0,0,0,0,0
ITEM_NONE_2144,0,HOLD_EFFECT_NONE,0,0,0,0,0,31,false,false,POCKET_ITEMS,0,0,0,0,false,false,false,false,false,false,false,false,false,false,false,false,0,0,0,0,0,0,0,false,false,false,false,false,false,false,false,false,false,false,false,false,false,0,0,0,0,0,0,0,0,0,0,0,0,0
ITEM_NONE_2145,0,HOLD_EFFECT_NONE,0,0,0,0,0,31,false,false,POCKET_ITEMS,0,0,0,0,false,false,false,false,false,false,false,false,false,false,false,false,0,0,0,0,0,0,0,false,false,false,false,false,false,false,false,false,false,false,false,false,false,0,0,0,0,0,0,0,0,0,0,0,0,0
ITEM_NONE_2146,0,HOLD_EFFECT_NONE,0,0,0,0,0,31,false,false,POCKET_ITEMS,0,0,0,0,false,false,false,false,false,false,false,false,false,false,false,false,0,0,0,0,0,0,0,false,false,false,false,false,false,false,false,false,false,false,false,false,false,0,0,0,0,0,0,0,0,0,0,0,0,0
ITEM_NONE_2147,0,HOLD_EFFECT_NONE,0,0,0,0,0,31,false,false,POCKET_ITEMS,0,0,0,0,false,false,false,false,false,false,false,false,false,false,false,false,0,0,0,0,0,0,0,false,false,false,false,false,false,false,false,false,false,false,false,false,false,0,0,0,0,0,0,0,0,0,0,0,0,0
ITEM_NONE_2148,0,HOLD_EFFECT_NONE,0,0,0,0,0,31,false,false,POCKET_ITEMS,0,0,0,0,false,false,false,false,false,false,false,false,false,false,false,false,0,0,0,0,0,0,0,false,false,false,false,false,false,false,false,false,false,false,false,false,false,0,0,0,0,0,0,0,0,0,0,0,0,0
ITEM_NONE_2149,0,HOLD_EFFECT_NONE,0,0,0,0,0,31,false,false,POCKET_ITEMS,0,0,0,0,false,false,false,false,false,false,false,false,false,false,false,false,0,0,0,0,0,0,0,false,false,false,false,false,false,false,false,false,false,false,false,false,false,0,0,0,0,0,0,0,0,0,0,0,0,0
ITEM_NONE_2150,0,HOLD_EFFECT_NONE,0,0,0,0,0,31,false,false,POCKET_ITEMS,0,0,0,0,false,false,false,false,false,false,false,false,false,false,false,false,0,0,0,0,0,0,0,false,false,false,false,false,false,false,false,false,false,false,false,false,false,0,0,0,0,0,0,0,0,0,0,0,0,0
ITEM_NONE_2151,0,HOLD_EFFECT_NONE,0,0,0,0,0,31,false,false,POCKET_ITEMS,0,0,0,0,false,false,false,false,false,false,false,false,false,false,false,false,0,0,0,0,0,0,0,false,false,false,false,false,false,false,false,false,false,false,false,false,false,0,0,0,0,0,0,0,0,0,0,0,0,0
ITEM_NONE_2152,0,HOLD_EFFECT_NONE,0,0,0,0,0,31,false,false,POCKET_ITEMS,0,0,0,0,false,false,false,false,false,false,false,false,false,false,false,false,0,0,0,0,0,0,0,false,false,false,false,false,false,false,false,false,false,false,false,false,false,0,0,0,0,0,0,0,0,0,0,0,0,0
ITEM_NONE_2153,0,HOLD_EFFECT_NONE,0,0,0,0,0,31,false,false,POCKET_ITEMS,0,0,0,0,false,false,false,false,false,false,false,false,false,false,false,false,0,0,0,0,0,0,0,false,false,false,false,false,false,false,false,false,false,false,false,false,false,0,0,0,0,0,0,0,0,0,0,0,0,0
ITEM_NONE_2154,0,HOLD_EFFECT_NONE,0,0,0,0,0,31,false,false,POCKET_ITEMS,0,0,0,0,false,false,false,false,false,false,false,false,false,false,false,false,0,0,0,0,0,0,0,false,false,false,false,false,false,false,false,false,false,false,false,false,false,0,0,0,0,0,0,0,0,0,0,0,0,0
ITEM_NONE_2155,0,HOLD_EFFECT_NONE,0,0,0,0,0,31,false,false,POCKET_ITEMS,0,0,0,0,false,false,false,false,false,false,false,false,false,false,false,false,0,0,0,0,0,0,0,false,false,false,false,false,false,false,false,false,false,false,false,false,false,0,0,0,0,0,0,0,0,0,0,0,0,0
ITEM_TINKATINK_HAIR,80,HOLD_EFFECT_NONE,0,0,0,0,0,31,false,false,POCKET_ITEMS,0,0,0,0,false,false,false,false,false,false,false,false,false,false,false,false,0,0,0,0,0,0,0,false,false,false,false,false,false,false,false,false,false,false,false,false,false,0,0,0,0,0,0,0,0,0,0,0,0,0
ITEM_CHARCADET_SOOT,160,HOLD_EFFECT_NONE,0,0,0,0,0,31,false,false,POCKET_ITEMS,0,0,0,0,false,false,false,false,false,false,false,false,false,false,false,false,0,0,0,0,0,0,0,false,false,false,false,false,false,false,false,false,false,false,false,false,false,0,0,0,0,0,0,0,0,0,0,0,0,0
ITEM_TOEDSCOOL_FLAPS,100,HOLD_EFFECT_NONE,0,0,0,0,0,31,false,false,POCKET_ITEMS,0,0,0,0,false,false,false,false,false,false,false,false,false,false,false,false,0,0,0,0,0,0,0,false,false,false,false,false,false,false,false,false,false,false,false,false,false,0,0,0,0,0,0,0,0,0,0,0,0,0
ITEM_WOOPER_SLIME,60,HOLD_EFFECT_NONE,0,0,0,0,0,31,false,false,POCKET_ITEMS,0,0,0,0,false,false,false,false,false,false,false,false,false,false,false,false,0,0,0,0,0,0,0,false,false,false,false,false,false,false,false,false,false,false,false,false,false,0,0,0,0,0,0,0,0,0,0,0,0,0
ITEM_TM100_SV,20000,HOLD_EFFECT_NONE,0,0,0,0,0,31,false,false,POCKET_TMHMS,0,6,0,0,false,false,false,false,false,false,false,false,false,false,false,false,0,0,0,0,0,0,0,false,false,false,false,false,false,false,false,false,false,false,false,false,false,0,0,0,0,0,0,0,0,0,0,0,0,0
ITEM_TM101,32000,HOLD_EFFECT_NONE,0,0,0,0,0,31,false,false,POCKET_TMHMS,0,6,0,0,false,false,false,false,false,false,false,false,false,false,false,false,0,0,0,0,0,0,0,false,false,false,false,false,false,false,false,false,false,false,false,false,false,0,0,0,0,0,0,0,0,0,0,0,0,0
ITEM_TM102,20000,HOLD_EFFECT_NONE,0,0,0,0,0,31,false,false,POCKET_TMHMS,0,6,0,0,false,false,false,false,false,false,false,false,false,false,false,false,0,0,0,0,0,0,0,false,false,false,false,false,false,false,false,false,false,false,false,false,false,0,0,0,0,0,0,0,0,0,0,0,0,0
ITEM_TM103,20000,HOLD_EFFECT_NONE,0,0,0,0,0,31,false,false,POCKET_TMHMS,0,6,0,0,false,false,false,false,false,false,false,false,false,false,false,false,0,0,0,0,0,0,0,false,false,false,false,false,false,false,false,false,false,false,false,false,false,0,0,0,0,0,0,0,0,0,0,0,0,0
ITEM_TM104,6000,HOLD_EFFECT_NONE,0,0,0,0,0,31,false,false,POCKET_TMHMS,0,6,0,0,false,false,false,false,false,false,false,false,false,false,false,false,0,0,0,0,0,0,0,false,false,false,false,false,false,false,false,false,false,false,false,false,false,0,0,0,0,0,0,0,0,0,0,0,0,0
ITEM_TM105,20000,HOLD_EFFECT_NONE,0,0,0,0,0,31,false,false,POCKET_TMHMS,0,6,0,0,false,false,false,false,false,false,false,false,false,false,false,false,0,0,0,0,0,0,0,false,false,false,false,false,false,false,false,false,false,false,false,false,false,0,0,0,0,0,0,0,0,0,0,0,0,0
ITEM_TM106,32000,HOLD_EFFECT_NONE,0,0,0,0,0,31,false,false,POCKET_TMHMS,0,6,0,0,false,false,false,false,false,false,false,false,false,false,false,false,0,0,0,0,0,0,0,false,false,false,false,false,false,false,false,false,false,false,false,false,false,0,0,0,0,0,0,0,0,0,0,0,0,0
ITEM_TM107,12000,HOLD_EFFECT_NONE,0,0,0,0,0,31,false,false,POCKET_TMHMS,0,6,0,0,false,false,false,false,false,false,false,false,false,false,false,false,0,0,0,0,0,0,0,false,false,false,false,false,false,false,false,false,false,false,false,false,false,0,0,0,0,0,0,0,0,0,0,0,0,0
ITEM_TM108,32000,HOLD_EFFECT_NONE,0,0,0,0,0,31,false,false,POCKET_TMHMS,0,6,0,0,false,false,false,false,false,false,false,false,false,false,false,false,0,0,0,0,0,0,0,false,false,false,false,false,false,false,false,false,false,false,false,false,false,0,0,0,0,0,0,0,0,0,0,0,0,0
ITEM_TM109,20000,HOLD_EFFECT_NONE,0,0,0,0,0,31,false,false,POCKET_TMHMS,0,6,0,0,false,false,false,false,false,false,false,false,false,false,false,false,0,0,0,0,0,0,0,false,false,false,false,false,false,false,false,false,false,false,false,false,false,0,0,0,0,0,0,0,0,0,0,0,0,0
ITEM_TM110,40000,HOLD_EFFECT_NONE,0,0,0,0,0,31,false,false,POCKET_TMHMS,0,6,0,0,false,false,false,false,false,false,false,false,false,false,false,false,0,0,0,0,0,0,0,false,false,false,false,false,false,false,false,false,false,false,false,false,false,0,0,0,0,0,0,0,0,0,0,0,0,0
ITEM_TM111,32000,HOLD_EFFECT_NONE,0,0,0,0,0,31,false,false,POCKET_TMHMS,0,6,0,0,false,false,false,false,false,false,false,false,false,false,false,false,0,0,0,0,0,0,0,false,false,false,false,false,false,false,false,false,false,false,false,false,false,0,0,0,0,0,0,0,0,0,0,0,0,0
ITEM_TM112,32000,HOLD_EFFECT_NONE,0,0,0,0,0,31,false,false,POCKET_TMHMS,0,6,0,0,false,false,false,false,false,false,false,false,false,false,false,false,0,0,0,0,0,0,0,false,false,false,false,false,false,false,false,false,false,false,false,false,false,0,0,0,0,0,0,0,0,0,0,0,0,0
ITEM_TM113,20000,HOLD_EFFECT_NONE,0,0,0,0,0,31,false,false,POCKET_TMHMS,0,6,0,0,false,false,false,false,false,false,false,false,false,false,false,false,0,0,0,0,0,0,0,false,false,false,false,false,false,false,false,false,false,false,false,false,false,0,0,0,0,0,0,0,0,0,0,0,0,0
ITEM_TM114,32000,HOLD_EFFECT_NONE,0,0,0,0,0,31,false,false,POCKET_TMHMS,0,6,0,0,false,false,false,false,false,false,false,false,false,false,false,false,0,0,0,0,0,0,0,false,false,false,false,false,false,false,false,false,false,false,false,false,false,0,0,0,0,0,0,0,0,0,0,0,0,0
ITEM_TM115,32000,HOLD_EFFECT_NONE,0,0,0,0,0,31,false,false,POCKET_TMHMS,0,6,0,0,false,false,false,false,false,false,false,false,false,false,false,false,0,0,0,0,0,0,0,false,false,false,false,false,false,false,false,false,false,false,false,false,false,0,0,0,0,0,0,0,0,0,0,0,0,0
ITEM_TM116,20000,HOLD_EFFECT_NONE,0,0,0,0,0,31,false,false,POCKET_TMHMS,0,6,0,0,false,false,false,false,false,false,false,false,false,false,false,false,0,0,0,0,0,0,0,false,false,false,false,false,false,false,false,false,false,false,false,false,false,0,0,0,0,0,0,0,0,0,0,0,0,0
ITEM_TM117,32000,HOLD_EFFECT_NONE,0,0,0,0,0,31,false,false,POCKET_TMHMS,0,6,0,0,false,false,false,false,false,false,false,false,false,false,false,false,0,0,0,0,0,0,0,false,false,false,false,false,false,false,false,false,false,false,false,false,false,0,0,0,0,0,0,0,0,0,0,0,0,0
ITEM_TM118,40000,HOLD_EFFECT_NONE,0,0,0,0,0,31,false,false,POCKET_TMHMS,0,6,0,0,false,false,false,false,false,false,false,false,false,false,false,false,0,0,0,0,0,0,0,false,false,false,false,false,false,false,false,false,false,false,false,false,false,0,0,0,0,0,0,0,0,0,0,0,0,0
ITEM_TM119,40000,HOLD_EFFECT_NONE,0,0,0,0,0,31,false,false,POCKET_TMHMS,0,6,0,0,false,false,false,false,false,false,false,false,false,false,false,false,0,0,0,0,0,0,0,false,false,false,false,false,false,false,false,false,false,false,false,false,false,0,0,0,0,0,0,0,0,0,0,0,0,0
ITEM_TM120,40000,HOLD_EFFECT_NONE,0,0,0,0,0,31,false,false,POCKET_TMHMS,0,6,0,0,false,false,false,false,false,false,false,false,false,false,false,false,0,0,0,0,0,0,0,false,false,false,false,false,false,false,false,false,false,false,false,false,false,0,0,0,0,0,0,0,0,0,0,0,0,0
ITEM_TM121,20000,HOLD_EFFECT_NONE,0,0,0,0,0,31,false,false,POCKET_TMHMS,0,6,0,0,false,false,false,false,false,false,false,false,false,false,false,false,0,0,0,0,0,0,0,false,false,false,false,false,false,false,false,false,false,false,false,false,false,0,0,0,0,0,0,0,0,0,0,0,0,0
ITEM_TM122,12000,HOLD_EFFECT_NONE,0,0,0,0,0,31,false,false,POCKET_TMHMS,0,6,0,0,false,false,false,false,false,false,false,false,false,false,false,false,0,0,0,0,0,0,0,false,false,false,false,false,false,false,false,false,false,false,false,false,false,0,0,0,0,0,0,0,0,0,0,0,0,0
ITEM_TM123,32000,HOLD_EFFECT_NONE,0,0,0,0,0,31,false,false,POCKET_TMHMS,0,6,0,0,false,false,false,false,false,false,false,false,false,false,false,false,0,0,0,0,0,0,0,false,false,false,false,false,false,false,false,false,false,false,false,false,false,0,0,0,0,0,0,0,0,0,0,0,0,0
ITEM_TM124,40000,HOLD_EFFECT_NONE,0,0,0,0,0,31,false,false,POCKET_TMHMS,0,6,0,0,false,false,false,false,false,false,false,false,false,false,false,false,0,0,0,0,0,0,0,false,false,false,false,false,false,false,false,false,false,false,false,false,false,0,0,0,0,0,0,0,0,0,0,0,0,0
ITEM_TM125,40000,HOLD_EFFECT_NONE,0,0,0,0,0,31,false,false,POCKET_TMHMS,0,6,0,0,false,false,false,false,false,false,false,false,false,false,false,false,0,0,0,0,0,0,0,false,false,false,false,false,false,false,false,false,false,false,false,false,false,0,0,0,0,0,0,0,0,0,0,0,0,0
ITEM_TM126,40000,HOLD_EFFECT_NONE,0,0,0,0,0,31,false,false,POCKET_TMHMS,0,6,0,0,false,false,false,false,false,false,false,false,false,false,false,false,0,0,0,0,0,0,0,false,false,false,false,false,false,false,false,false,false,false,false,false,false,0,0,0,0,0,0,0,0,0,0,0,0,0
ITEM_TM127,40000,HOLD_EFFECT_NONE,0,0,0,0,0,31,false,false,POCKET_TMHMS,0,6,0,0,false,false,false,false,false,false,false,false,false,false,false,false,0,0,0,0,0,0,0,false,false,false,false,false,false,false,false,false,false,false,false,false,false,0,0,0,0,0,0,0,0,0,0,0,0,0
ITEM_TM128,6000,HOLD_EFFECT_NONE,0,0,0,0,0,31,false,false,POCKET_TMHMS,0,6,0,0,false,false,false,false,false,false,false,false,false,false,false,false,0,0,0,0,0,0,0,false,false,false,false,false,false,false,false,false,false,false,false,false,false,0,0,0,0,0,0,0,0,0,0,0,0,0
ITEM_TM129,12000,HOLD_EFFECT_NONE,0,0,0,0,0,31,false,false,POCKET_TMHMS,0,6,0,0,false,false,false,false,false,false,false,false,false,false,false,false,0,0,0,0,0,0,0,false,false,false,false,false,false,false,false,false,false,false,false,false,false,0,0,0,0,0,0,0,0,0,0,0,0,0
ITEM_TM130,1600,HOLD_EFFECT_NONE,0,0,0,0,0,31,false,false,POCKET_TMHMS,0,6,0,0,false,false,false,false,false,false,false,false,false,false,false,false,0,0,0,0,0,0,0,false,false,false,false,false,false,false,false,false,false,false,false,false,false,0,0,0,0,0,0,0,0,0,0,0,0,0
ITEM_TM131,40000,HOLD_EFFECT_NONE,0,0,0,0,0,31,false,false,POCKET_TMHMS,0,6,0,0,false,false,false,false,false,false,false,false,false,false,false,false,0,0,0,0,0,0,0,false,false,false,false,false,false,false,false,false,false,false,false,false,false,0,0,0,0,0,0,0,0,0,0,0,0,0
ITEM_TM132,12000,HOLD_EFFECT_NONE,0,0,0,0,0,31,false,false,POCKET_TMHMS,0,6,0,0,false,false,false,false,false,false,false,false,false,false,false,false,0,0,0,0,0,0,0,false,false,false,false,false,false,false,false,false,false,false,false,false,false,0,0,0,0,0,0,0,0,0,0,0,0,0
ITEM_TM133,40000,HOLD_EFFECT_NONE,0,0,0,0,0,31,false,false,POCKET_TMHMS,0,6,0,0,false,false,false,false,false,false,false,false,false,false,false,false,0,0,0,0,0,0,0,false,false,false,false,false,false,false,false,false,false,false,false,false,false,0,0,0,0,0,0,0,0,0,0,0,0,0
ITEM_TM134,12000,HOLD_EFFECT_NONE,0,0,0,0,0,31,false,false,POCKET_TMHMS,0,6,0,0,false,false,false,false,false,false,false,false,false,false,false,false,0,0,0,0,0,0,0,false,false,false,false,false,false,false,false,false,false,false,false,false,false,0,0,0,0,0,0,0,0,0,0,0,0,0
ITEM_TM135,40000,HOLD_EFFECT_NONE,0,0,0,0,0,31,false,false,POCKET_TMHMS,0,6,0,0,false,false,false,false,false,false,false,false,false,false,false,false,0,0,0,0,0,0,0,false,false,false,false,false,false,false,false,false,false,false,false,false,false,0,0,0,0,0,0,0,0,0,0,0,0,0
ITEM_TM136,12000,HOLD_EFFECT_NONE,0,0,0,0,0,31,false,false,POCKET_TMHMS,0,6,0,0,false,false,false,false,false,false,false,false,false,false,false,false,0,0,0,0,0,0,0,false,false,false,false,false,false,false,false,false,false,false,false,false,false,0,0,0,0,0,0,0,0,0,0,0,0,0
ITEM_TM137,12000,HOLD_EFFECT_NONE,0,0,0,0,0,31,false,false,POCKET_TMHMS,0,6,0,0,false,false,false,false,false,false,false,false,false,false,false,false,0,0,0,0,0,0,0,false,false,false,false,false,false,false,false,false,false,false,false,false,false,0,0,0,0,0,0,0,0,0,0,0,0,0
ITEM_TM138,12000,HOLD_EFFECT_NONE,0,0,0,0,0,31,false,false,POCKET_TMHMS,0,6,0,0,false,false,false,false,false,false,false,false,false,false,false,false,0,0,0,0,0,0,0,false,false,false,false,false,false,false,false,false,false,false,false,false,false,0,0,0,0,0,0,0,0,0,0,0,0,0
ITEM_TM139,12000,HOLD_EFFECT_NONE,0,0,0,0,0,31,false,false,POCKET_TMHMS,0,6,0,0,false,false,false,false,false,false,false,false,false,false,false,false,0,0,0,0,0,0,0,false,false,false,false,false,false,false,false,false,false,false,false,false,false,0,0,0,0,0,0,0,0,0,0,0,0,0
ITEM_TM140,20000,HOLD_EFFECT_NONE,0,0,0,0,0,31,false,false,POCKET_TMHMS,0,6,0,0,false,false,false,false,false,false,false,false,false,false,false,false,0,0,0,0,0,0,0,false,false,false,false,false,false,false,false,false,false,false,false,false,false,0,0,0,0,0,0,0,0,0,0,0,0,0
ITEM_TM141,48000,HOLD_EFFECT_NONE,0,0,0,0,0,31,false,false,POCKET_TMHMS,0,6,0,0,false,false,false,false,false,false,false,false,false,false,false,false,0,0,0,0,0,0,0,false,false,false,false,false,false,false,false,false,false,false,false,false,false,0,0,0,0,0,0,0,0,0,0,0,0,0
ITEM_TM142,48000,HOLD_EFFECT_NONE,0,0,0,0,0,31,false,false,POCKET_TMHMS,0,6,0,0,false,false,false,false,false,false,false,false,false,false,false,false,0,0,0,0,0,0,0,false,false,false,false,false,false,false,false,false,false,false,false,false,false,0,0,0,0,0,0,0,0,0,0,0,0,0
ITEM_TM143,48000,HOLD_EFFECT_NONE,0,0,0,0,0,31,false,false,POCKET_TMHMS,0,6,0,0,false,false,false,false,false,false,false,false,false,false,false,false,0,0,0,0,0,0,0,false,false,false,false,false,false,false,false,false,false,false,false,false,false,0,0,0,0,0,0,0,0,0,0,0,0,0
ITEM_TM144,32000,HOLD_EFFECT_NONE,0,0,0,0,0,31,false,false,POCKET_TMHMS,0,6,0,0,false,false,false,false,false,false,false,false,false,false,false,false,0,0,0,0,0,0,0,false,false,false,false,false,false,false,false,false,false,false,false,false,false,0,0,0,0,0,0,0,0,0,0,0,0,0
ITEM_TM145,32000,HOLD_EFFECT_NONE,0,0,0,0,0,31,false,false,POCKET_TMHMS,0,6,0,0,false,false,false,false,false,false,false,false,false,false,false,false,0,0,0,0,0,0,0,false,false,false,false,false,false,false,false,false,false,false,false,false,false,0,0,0,0,0,0,0,0,0,0,0,0,0
ITEM_TM146,32000,HOLD_EFFECT_NONE,0,0,0,0,0,31,false,false,POCKET_TMHMS,0,6,0,0,false,false,false,false,false,false,false,false,false,false,false,false,0,0,0,0,0,0,0,false,false,false,false,false,false,false,false,false,false,false,false,false,false,0,0,0,0,0,0,0,0,0,0,0,0,0
ITEM_TM147,40000,HOLD_EFFECT_NONE,0,0,0,0,0,31,false,false,POCKET_TMHMS,0,6,0,0,false,false,false,false,false,false,false,false,false,false,false,false,0,0,0,0,0,0,0,false,false,false,false,false,false,false,false,false,false,false,false,false,false,0,0,0,0,0,0,0,0,0,0,0,0,0
ITEM_TM148,40000,HOLD_EFFECT_NONE,0,0,0,0,0,31,false,false,POCKET_TMHMS,0,6,0,0,false,false,false,false,false,false,false,false,false,false,false,false,0,0,0,0,0,0,0,false,false,false,false,false,false,false,false,false,false,false,false,false,false,0,0,0,0,0,0,0,0,0,0,0,0,0
ITEM_TM149,48000,HOLD_EFFECT_NONE,0,0,0,0,0,31,false,false,POCKET_TMHMS,0,6,0,0,false,false,false,false,false,false,false,false,false,false,false,false,0,0,0,0,0,0,0,false,false,false,false,false,false,false,false,false,false,false,false,false,false,0,0,0,0,0,0,0,0,0,0,0,0,0
ITEM_TM150,48000,HOLD_EFFECT_NONE,0,0,0,0,0,31,false,false,POCKET_TMHMS,0,6,0,0,false,false,false,false,false,false,false,false,false,false,false,false,0,0,0,0,0,0,0,false,false,false,false,false,false,false,false,false,false,false,false,false,false,0,0,0,0,0,0,0,0,0,0,0,0,0
ITEM_TM151,40000,HOLD_EFFECT_NONE,0,0,0,0,0,31,false,false,POCKET_TMHMS,0,6,0,0,false,false,false,false,false,false,false,false,false,false,false,false,0,0,0,0,0,0,0,false,false,false,false,false,false,false,false,false,false,false,false,false,false,0,0,0,0,0,0,0,0,0,0,0,0,0
ITEM_TM152,56000,HOLD_EFFECT_NONE,0,0,0,0,0,31,false,false,POCKET_TMHMS,0,6,0,0,false,false,false,false,false,false,false,false,false,false,false,false,0,0,0,0,0,0,0,false,false,false,false,false,false,false,false,false,false,false,false,false,false,0,0,0,0,0,0,0,0,0,0,0,0,0
ITEM_TM153,56000,HOLD_EFFECT_NONE,0,0,0,0,0,31,false,false,POCKET_TMHMS,0,6,0,0,false,false,false,false,false,false,false,false,false,false,false,false,0,0,0,0,0,0,0,false,false,false,false,false,false,false,false,false,false,false,false,false,false,0,0,0,0,0,0,0,0,0,0,0,0,0
ITEM_TM154,56000,HOLD_EFFECT_NONE,0,0,0,0,0,31,false,false,POCKET_TMHMS,0,6,0,0,false,false,false,false,false,false,false,false,false,false,false,false,0,0,0,0,0,0,0,false,false,false,false,false,false,false,false,false,false,false,false,false,false,0,0,0,0,0,0,0,0,0,0,0,0,0
ITEM_TM155,56000,HOLD_EFFECT_NONE,0,0,0,0,0,31,false,false,POCKET_TMHMS,0,6,0,0,false,false,false,false,false,false,false,false,false,false,false,false,0,0,0,0,0,0,0,false,false,false,false,false,false,false,false,false,false,false,false,false,false,0,0,0,0,0,0,0,0,0,0,0,0,0
ITEM_TM156,48000,HOLD_EFFECT_NONE,0,0,0,0,0,31,false,false,POCKET_TMHMS,0,6,0,0,false,false,false,false,false,false,false,false,false,false,false,false,0,0,0,0,0,0,0,false,false,false,false,false,false,false,false,false,false,false,false,false,false,0,0,0,0,0,0,0,0,0,0,0,0,0
ITEM_TM157,48000,HOLD_EFFECT_NONE,0,0,0,0,0,31,false,false,POCKET_TMHMS,0,6,0,0,false,false,false,false,false,false,false,false,false,false,false,false,0,0,0,0,0,0,0,false,false,false,false,false,false,false,false,false,false,false,false,false,false,0,0,0,0,0,0,0,0,0,0,0,0,0
ITEM_TM158,48000,HOLD_EFFECT_NONE,0,0,0,0,0,31,false,false,POCKET_TMHMS,0,6,0,0,false,false,false,false,false,false,false,false,false,false,false,false,0,0,0,0,0,0,0,false,false,false,false,false,false,false,false,false,false,false,false,false,false,0,0,0,0,0,0,0,0,0,0,0,0,0
ITEM_TM159,48000,HOLD_EFFECT_NONE,0,0,0,0,0,31,false,false,POCKET_TMHMS,0,6,0,0,false,false,false,false,false,false,false,false,false,false,false,false,0,0,0,0,0,0,0,false,false,false,false,false,false,false,false,false,false,false,false,false,false,0,0,0,0,0,0,0,0,0,0,0,0,0
ITEM_TM160,48000,HOLD_EFFECT_NONE,0,0,0,0,0,31,false,false,POCKET_TMHMS,0,6,0,0,false,false,false,false,false,false,false,false,false,false,false,false,0,0,0,0,0,0,0,false,false,false,false,false,false,false,false,false,false,false,false,false,false,0,0,0,0,0,0,0,0,0,0,0,0,0
ITEM_TM161,20000,HOLD_EFFECT_NONE,0,0,0,0,0,31,false,false,POCKET_TMHMS,0,6,0,0,false,false,false,false,false,false,false,false,false,false,false,false,0,0,0,0,0,0,0,false,false,false,false,false,false,false,false,false,false,false,false,false,false,0,0,0,0,0,0,0,0,0,0,0,0,0
ITEM_TM162,40000,HOLD_EFFECT_NONE,0,0,0,0,0,31,false,false,POCKET_TMHMS,0,6,0,0,false,false,false,false,false,false,false,false,false,false,false,false,0,0,0,0,0,0,0,false,false,false,false,false,false,false,false,false,false,false,false,false,false,0,0,0,0,0,0,0,0,0,0,0,0,0
ITEM_TM163,56000,HOLD_EFFECT_NONE,0,0,0,0,0,31,false,false,POCKET_TMHMS,0,6,0,0,false,false,false,false,false,false,false,false,false,false,false,false,0,0,0,0,0,0,0,false,false,false,false,false,false,false,false,false,false,false,false,false,false,0,0,0,0,0,0,0,0,0,0,0,0,0
ITEM_TM164,48000,HOLD_EFFECT_NONE,0,0,0,0,0,31,false,false,POCKET_TMHMS,0,6,0,0,false,false,false,false,false,false,false,false,false,false,false,false,0,0,0,0,0,0,0,false,false,false,false,false,false,false,false,false,false,false,false,false,false,0,0,0,0,0,0,0,0,0,0,0,0,0
ITEM_TM165,48000,HOLD_EFFECT_NONE,0,0,0,0,0,31,false,false,POCKET_TMHMS,0,6,0,0,false,false,false,false,false,false,false,false,false,false,false,false,0,0,0,0,0,0,0,false,false,false,false,false,false,false,false,false,false,false,false,false,false,0,0,0,0,0,0,0,0,0,0,0,0,0
ITEM_TM166,48000,HOLD_EFFECT_NONE,0,0,0,0,0,31,false,false,POCKET_TMHMS,0,6,0,0,false,false,false,false,false,false,false,false,false,false,false,false,0,0,0,0,0,0,0,false,false,false,false,false,false,false,false,false,false,false,false,false,false,0,0,0,0,0,0,0,0,0,0,0,0,0
ITEM_TM167,48000,HOLD_EFFECT_NONE,0,0,0,0,0,31,false,false,POCKET_TMHMS,0,6,0,0,false,false,false,false,false,false,false,false,false,false,false,false,0,0,0,0,0,0,0,false,false,false,false,false,false,false,false,false,false,false,false,false,false,0,0,0,0,0,0,0,0,0,0,0,0,0
ITEM_TM168,48000,HOLD_EFFECT_NONE,0,0,0,0,0,31,false,false,POCKET_TMHMS,0,6,0,0,false,false,false,false,false,false,false,false,false,false,false,false,0,0,0,0,0,0,0,false,false,false,false,false,false,false,false,false,false,false,false,false,false,0,0,0,0,0,0,0,0,0,0,0,0,0
ITEM_TM169,56000,HOLD_EFFECT_NONE,0,0,0,0,0,31,false,false,POCKET_TMHMS,0,6,0,0,false,false,false,false,false,false,false,false,false,false,false,false,0,0,0,0,0,0,0,false,false,false,false,false,false,false,false,false,false,false,false,false,false,0,0,0,0,0,0,0,0,0,0,0,0,0
ITEM_TM170,56000,HOLD_EFFECT_NONE,0,0,0,0,0,31,false,false,POCKET_TMHMS,0,6,0,0,false,false,false,false,false,false,false,false,false,false,false,false,0,0,0,0,0,0,0,false,false,false,false,false,false,false,false,false,false,false,false,false,false,0,0,0,0,0,0,0,0,0,0,0,0,0
ITEM_TM171,32000,HOLD_EFFECT_NONE,0,0,0,0,0,31,false,false,POCKET_TMHMS,0,6,0,0,false,false,false,false,false,false,false,false,false,false,false,false,0,0,0,0,0,0,0,false,false,false,false,false,false,false,false,false,false,false,false,false,false,0,0,0,0,0,0,0,0,0,0,0,0,0
ITEM_TM172,800,HOLD_EFFECT_NONE,0,0,0,0,0,31,false,false,POCKET_TMHMS,0,6,0,0,false,false,false,false,false,false,false,false,false,false,false,false,0,0,0,0,0,0,0,false,false,false,false,false,false,false,false,false,false,false,false,false,false,0,0,0,0,0,0,0,0,0,0,0,0,0
ITEM_TM173,1600,HOLD_EFFECT_NONE,0,0,0,0,0,31,false,false,POCKET_TMHMS,0,6,0,0,false,false,false,false,false,false,false,false,false,false,false,false,0,0,0,0,0,0,0,false,false,false,false,false,false,false,false,false,false,false,false,false,false,0,0,0,0,0,0,0,0,0,0,0,0,0
ITEM_TM174,1600,HOLD_EFFECT_NONE,0,0,0,0,0,31,false,false,POCKET_TMHMS,0,6,0,0,false,false,false,false,false,false,false,false,false,false,false,false,0,0,0,0,0,0,0,false,false,false,false,false,false,false,false,false,false,false,false,false,false,0,0,0,0,0,0,0,0,0,0,0,0,0
ITEM_TM175,3200,HOLD_EFFECT_NONE,0,0,0,0,0,31,false,false,POCKET_TMHMS,0,6,0,0,false,false,false,false,false,false,false,false,false,false,false,false,0,0,0,0,0,0,0,false,false,false,false,false,false,false,false,false,false,false,false,false,false,0,0,0,0,0,0,0,0,0,0,0,0,0
ITEM_TM176,1600,HOLD_EFFECT_NONE,0,0,0,0,0,31,false,false,POCKET_TMHMS,0,6,0,0,false,false,false,false,false,false,false,false,false,false,false,false,0,0,0,0,0,0,0,false,false,false,false,false,false,false,false,false,false,false,false,false,false,0,0,0,0,0,0,0,0,0,0,0,0,0
ITEM_TM177,800,HOLD_EFFECT_NONE,0,0,0,0,0,31,false,false,POCKET_TMHMS,0,6,0,0,false,false,false,false,false,false,false,false,false,false,false,false,0,0,0,0,0,0,0,false,false,false,false,false,false,false,false,false,false,false,false,false,false,0,0,0,0,0,0,0,0,0,0,0,0,0
ITEM_TM178,1600,HOLD_EFFECT_NONE,0,0,0,0,0,31,false,false,POCKET_TMHMS,0,6,0,0,false,false,false,false,false,false,false,false,false,false,false,false,0,0,0,0,0,0,0,false,false,false,false,false,false,false,false,false,false,false,false,false,false,0,0,0,0,0,0,0,0,0,0,0,0,0
ITEM_TM179,3200,HOLD_EFFECT_NONE,0,0,0,0,0,31,false,false,POCKET_TMHMS,0,6,0,0,false,false,false,false,false,false,false,false,false,false,false,false,0,0,0,0,0,0,0,false,false,false,false,false,false,false,false,false,false,false,false,false,false,0,0,0,0,0,0,0,0,0,0,0,0,0
ITEM_TM180,40000,HOLD_EFFECT_NONE,0,0,0,0,0,31,false,false,POCKET_TMHMS,0,6,0,0,false,false,false,false,false,false,false,false,false,false,false,false,0,0,0,0,0,0,0,false,false,false,false,false,false,false,false,false,false,false,false,false,false,0,0,0,0,0,0,0,0,0,0,0,0,0
ITEM_TM181,56000,HOLD_EFFECT_NONE,0,0,0,0,0,31,false,false,POCKET_TMHMS,0,6,0,0,false,false,false,false,false,false,false,false,false,false,false,false,0,0,0,0,0,0,0,false,false,false,false,false,false,false,false,false,false,false,false,false,false,0,0,0,0,0,0,0,0,0,0,0,0,0
ITEM_TM182,12000,HOLD_EFFECT_NONE,0,0,0,0,0,31,false,false,POCKET_TMHMS,0,6,0,0,false,false,false,false,false,false,false,false,false,false,false,false,0,0,0,0,0,0,0,false,false,false,false,false,false,false,false,false,false,false,false,false,false,0,0,0,0,0,0,0,0,0,0,0,0,0
ITEM_TM183,20000,HOLD_EFFECT_NONE,0,0,0,0,0,31,false,false,POCKET_TMHMS,0,6,0,0,false,false,false,false,false,false,false,false,false,false,false,false,0,0,0,0,0,0,0,false,false,false,false,false,false,false,false,false,false,false,false,false,false,0,0,0,0,0,0,0,0,0,0,0,0,0
ITEM_TM184,12000,HOLD_EFFECT_NONE,0,0,0,0,0,31,false,false,POCKET_TMHMS,0,6,0,0,false,false,false,false,false,false,false,false,false,false,false,false,0,0,0,0,0,0,0,false,false,false,false,false,false,false,false,false,false,false,false,false,false,0,0,0,0,0,0,0,0,0,0,0,0,0
ITEM_TM185,20000,HOLD_EFFECT_NONE,0,0,0,0,0,31,false,false,POCKET_TMHMS,0,6,0,0,false,false,false,false,false,false,false,false,false,false,false,false,0,0,0,0,0,0,0,false,false,false,false,false,false,false,false,false,false,false,false,false,false,0,0,0,0,0,0,0,0,0,0,0,0,0
ITEM_TM186,20000,HOLD_EFFECT_NONE,0,0,0,0,0,31,false,false,POCKET_TMHMS,0,6,0,0,false,false,false,false,false,false,false,false,false,false,false,false,0,0,0,0,0,0,0,false,false,false,false,false,false,false,false,false,false,false,false,false,false,0,0,0,0,0,0,0,0,0,0,0,0,0
ITEM_TM187,40000,HOLD_EFFECT_NONE,0,0,0,0,0,31,false,false,POCKET_TMHMS,0,6,0,0,false,false,false,false,false,false,false,false,false,false,false,false,0,0,0,0,0,0,0,false,false,false,false,false,false,false,false,false,false,false,false,false,false,0,0,0,0,0,0,0,0,0,0,0,0,0
ITEM_TM188,32000,HOLD_EFFECT_NONE,0,0,0,0,0,31,false,false,POCKET_TMHMS,0,6,0,0,false,false,false,false,false,false,false,false,false,false,false,false,0,0,0,0,0,0,0,false,false,false,false,false,false,false,false,false,false,false,false,false,false,0,0,0,0,0,0,0,0,0,0,0,0,0
ITEM_TM189,32000,HOLD_EFFECT_NONE,0,0,0,0,0,31,false,false,POCKET_TMHMS,0,6,0,0,false,false,false,false,false,false,false,false,false,false,false,false,0,0,0,0,0,0,0,false,false,false,false,false,false,false,false,false,false,false,false,false,false,0,0,0,0,0,0,0,0,0,0,0,0,0
ITEM_TM190,48000,HOLD_EFFECT_NONE,0,0,0,0,0,31,false,false,POCKET_TMHMS,0,6,0,0,false,false,false,false,false,false,false,false,false,false,false,false,0,0,0,0,0,0,0,false,false,false,false,false,false,false,false,false,false,false,false,false,false,0,0,0,0,0,0,0,0,0,0,0,0,0
ITEM_TM191,20000,HOLD_EFFECT_NONE,0,0,0,0,0,31,false,false,POCKET_TMHMS,0,6,0,0,false,false,false,false,false,false,false,false,false,false,false,false,0,0,0,0,0,0,0,false,false,false,false,false,false,false,false,false,false,false,false,false,false,0,0,0,0,0,0,0,0,0,0,0,0,0
ITEM_TM192,32000,HOLD_EFFECT_NONE,0,0,0,0,0,31,false,false,POCKET_TMHMS,0,6,0,0,false,false,false,false,false,false,false,false,false,false,false,false,0,0,0,0,0,0,0,false,false,false,false,false,false,false,false,false,false,false,false,false,false,0,0,0,0,0,0,0,0,0,0,0,0,0
ITEM_TM193,6000,HOLD_EFFECT_NONE,0,0,0,0,0,31,false,false,POCKET_TMHMS,0,6,0,0,false,false,false,false,false,false,false,false,false,false,false,false,0,0,0,0,0,0,0,false,false,false,false,false,false,false,false,false,false,false,false,false,false,0,0,0,0,0,0,0,0,0,0,0,0,0
ITEM_TM194,40000,HOLD_EFFECT_NONE,0,0,0,0,0,31,false,false,POCKET_TMHMS,0,6,0,0,false,false,false,false,false,false,false,false,false,false,false,false,0,0,0,0,0,0,0,false,false,false,false,false,false,false,false,false,false,false,false,false,false,0,0,0,0,0,0,0,0,0,0,0,0,0
ITEM_TM195,32000,HOLD_EFFECT_NONE,0,0,0,0,0,31,false,false,POCKET_TMHMS,0,6,0,0,false,false,false,false,false,false,false,false,false,false,false,false,0,0,0,0,0,0,0,false,false,false,false,false,false,false,false,false,false,false,false,false,false,0,0,0,0,0,0,0,0,0,0,0,0,0
ITEM_TM196,20000,HOLD_EFFECT_NONE,0,0,0,0,0,31,false,false,POCKET_TMHMS,0,6,0,0,false,false,false,false,false,false,false,false,false,false,false,false,0,0,0,0,0,0,0,false,false,false,false,false,false,false,false,false,false,false,false,false,false,0,0,0,0,0,0,0,0,0,0,0,0,0
ITEM_TM197,20000,HOLD_EFFECT_NONE,0,0,0,0,0,31,false,false,POCKET_TMHMS,0,6,0,0,false,false,false,false,false,false,false,false,false,false,false,false,0,0,0,0,0,0,0,false,false,false,false,false,false,false,false,false,false,false,false,false,false,0,0,0,0,0,0,0,0,0,0,0,0,0
ITEM_TM198,56000,HOLD_EFFECT_NONE,0,0,0,0,0,31,false,false,POCKET_TMHMS,0,6,0,0,false,false,false,false,false,false,false,false,false,false,false,false,0,0,0,0,0,0,0,false,false,false,false,false,false,false,false,false,false,false,false,false,false,0,0,0,0,0,0,0,0,0,0,0,0,0
ITEM_TM199,20000,HOLD_EFFECT_NONE,0,0,0,0,0,31,false,false,POCKET_TMHMS,0,6,0,0,false,false,false,false,false,false,false,false,false,false,false,false,0,0,0,0,0,0,0,false,false,false,false,false,false,false,false,false,false,false,false,false,false,0,0,0,0,0,0,0,0,0,0,0,0,0
ITEM_TM200,40000,HOLD_EFFECT_NONE,0,0,0,0,0,31,false,false,POCKET_TMHMS,0,6,0,0,false,false,false,false,false,false,false,false,false,false,false,false,0,0,0,0,0,0,0,false,false,false,false,false,false,false,false,false,false,false,false,false,false,0,0,0,0,0,0,0,0,0,0,0,0,0
ITEM_TM201,56000,HOLD_EFFECT_NONE,0,0,0,0,0,31,false,false,POCKET_TMHMS,0,6,0,0,false,false,false,false,false,false,false,false,false,false,false,false,0,0,0,0,0,0,0,false,false,false,false,false,false,false,false,false,false,false,false,false,false,0,0,0,0,0,0,0,0,0,0,0,0,0
ITEM_TM202,0,HOLD_EFFECT_NONE,0,0,0,0,0,31,false,false,POCKET_TMHMS,0,6,0,0,false,false,false,false,false,false,false,false,false,false,false,false,0,0,0,0,0,0,0,false,false,false,false,false,false,false,false,false,false,false,false,false,false,0,0,0,0,0,0,0,0,0,0,0,0,0
ITEM_TM203,0,HOLD_EFFECT_NONE,0,0,0,0,0,31,false,false,POCKET_TMHMS,0,6,0,0,false,false,false,false,false,false,false,false,false,false,false,false,0,0,0,0,0,0,0,false,false,false,false,false,false,false,false,false,false,false,false,false,false,0,0,0,0,0,0,0,0,0,0,0,0,0
ITEM_TM204,0,HOLD_EFFECT_NONE,0,0,0,0,0,31,false,false,POCKET_TMHMS,0,6,0,0,false,false,false,false,false,false,false,false,false,false,false,false,0,0,0,0,0,0,0,false,false,false,false,false,false,false,false,false,false,false,false,false,false,0,0,0,0,0,0,0,0,0,0,0,0,0
ITEM_TM205,0,HOLD_EFFECT_NONE,0,0,0,0,0,31,false,false,POCKET_TMHMS,0,6,0,0,false,false,false,false,false,false,false,false,false,false,false,false,0,0,0,0,0,0,0,false,false,false,false,false,false,false,false,false,false,false,false,false,false,0,0,0,0,0,0,0,0,0,0,0,0,0
ITEM_TM206,0,HOLD_EFFECT_NONE,0,0,0,0,0,31,false,false,POCKET_TMHMS,0,6,0,0,false,false,false,false,false,false,false,false,false,false,false,false,0,0,0,0,0,0,0,false,false,false,false,false,false,false,false,false,false,false,false,false,false,0,0,0,0,0,0,0,0,0,0,0,0,0
ITEM_TM207,0,HOLD_EFFECT_NONE,0,0,0,0,0,31,false,false,POCKET_TMHMS,0,6,0,0,false,false,false,false,false,false,false,false,false,false,false,false,0,0,0,0,0,0,0,false,false,false,false,false,false,false,false,false,false,false,false,false,false,0,0,0,0,0,0,0,0,0,0,0,0,0
ITEM_TM208,0,HOLD_EFFECT_NONE,0,0,0,0,0,31,false,false,POCKET_TMHMS,0,6,0,0,false,false,false,false,false,false,false,false,false,false,false,false,0,0,0,0,0,0,0,false,false,false,false,false,false,false,false,false,false,false,false,false,false,0,0,0,0,0,0,0,0,0,0,0,0,0
ITEM_TM209,0,HOLD_EFFECT_NONE,0,0,0,0,0,31,false,false,POCKET_TMHMS,0,6,0,0,false,false,false,false,false,false,false,false,false,false,false,false,0,0,0,0,0,0,0,false,false,false,false,false,false,false,false,false,false,false,false,false,false,0,0,0,0,0,0,0,0,0,0,0,0,0
ITEM_TM210,0,HOLD_EFFECT_NONE,0,0,0,0,0,31,false,false,POCKET_TMHMS,0,6,0,0,false,false,false,false,false,false,false,false,false,false,false,false,0,0,0,0,0,0,0,false,false,false,false,false,false,false,false,false,false,false,false,false,false,0,0,0,0,0,0,0,0,0,0,0,0,0
ITEM_TM211,0,HOLD_EFFECT_NONE,0,0,0,0,0,31,false,false,POCKET_TMHMS,0,6,0,0,false,false,false,false,false,false,false,false,false,false,false,false,0,0,0,0,0,0,0,false,false,false,false,false,false,false,false,false,false,false,false,false,false,0,0,0,0,0,0,0,0,0,0,0,0,0
ITEM_TM212,0,HOLD_EFFECT_NONE,0,0,0,0,0,31,false,false,POCKET_TMHMS,0,6,0,0,false,false,false,false,false,false,false,false,false,false,false,false,0,0,0,0,0,0,0,false,false,false,false,false,false,false,false,false,false,false,false,false,false,0,0,0,0,0,0,0,0,0,0,0,0,0
ITEM_TM213,0,HOLD_EFFECT_NONE,0,0,0,0,0,31,false,false,POCKET_TMHMS,0,6,0,0,false,false,false,false,false,false,false,false,false,false,false,false,0,0,0,0,0,0,0,false,false,false,false,false,false,false,false,false,false,false,false,false,false,0,0,0,0,0,0,0,0,0,0,0,0,0
ITEM_TM214,0,HOLD_EFFECT_NONE,0,0,0,0,0,31,false,false,POCKET_TMHMS,0,6,0,0,false,false,false,false,false,false,false,false,false,false,false,false,0,0,0,0,0,0,0,false,false,false,false,false,false,false,false,false,false,false,false,false,false,0,0,0,0,0,0,0,0,0,0,0,0,0
ITEM_TM215,0,HOLD_EFFECT_NONE,0,0,0,0,0,31,false,false,POCKET_TMHMS,0,6,0,0,false,false,false,false,false,false,false,false,false,false,false,false,0,0,0,0,0,0,0,false,false,false,false,false,false,false,false,false,false,false,false,false,false,0,0,0,0,0,0,0,0,0,0,0,0,0
ITEM_TM216,0,HOLD_EFFECT_NONE,0,0,0,0,0,31,false,false,POCKET_TMHMS,0,6,0,0,false,false,false,false,false,false,false,false,false,false,false,false,0,0,0,0,0,0,0,false,false,false,false,false,false,false,false,false,false,false,false,false,false,0,0,0,0,0,0,0,0,0,0,0,0,0
ITEM_TM217,0,HOLD_EFFECT_NONE,0,0,0,0,0,31,false,false,POCKET_TMHMS,0,6,0,0,false,false,false,false,false,false,false,false,false,false,false,false,0,0,0,0,0,0,0,false,false,false,false,false,false,false,false,false,false,false,false,false,false,0,0,0,0,0,0,0,0,0,0,0,0,0
ITEM_TM218,0,HOLD_EFFECT_NONE,0,0,0,0,0,31,false,false,POCKET_TMHMS,0,6,0,0,false,false,false,false,false,false,false,false,false,false,false,false,0,0,0,0,0,0,0,false,false,false,false,false,false,false,false,false,false,false,false,false,false,0,0,0,0,0,0,0,0,0,0,0,0,0
ITEM_TM219,0,HOLD_EFFECT_NONE,0,0,0,0,0,31,false,false,POCKET_TMHMS,0,6,0,0,false,false,false,false,false,false,false,false,false,false,false,false,0,0,0,0,0,0,0,false,false,false,false,false,false,false,false,false,false,false,false,false,false,0,0,0,0,0,0,0,0,0,0,0,0,0
ITEM_TM220,0,HOLD_EFFECT_NONE,0,0,0,0,0,31,false,false,POCKET_TMHMS,0,6,0,0,false,false,false,false,false,false,false,false,false,false,false,false,0,0,0,0,0,0,0,false,false,false,false,false,false,false,false,false,false,false,false,false,false,0,0,0,0,0,0,0,0,0,0,0,0,0
ITEM_TM221,0,HOLD_EFFECT_NONE,0,0,0,0,0,31,false,false,POCKET_TMHMS,0,6,0,0,false,false,false,false,false,false,false,false,false,false,false,false,0,0,0,0,0,0,0,false,false,false,false,false,false,false,false,false,false,false,false,false,false,0,0,0,0,0,0,0,0,0,0,0,0,0
ITEM_TM222,0,HOLD_EFFECT_NONE,0,0,0,0,0,31,false,false,POCKET_TMHMS,0,6,0,0,false,false,false,false,false,false,false,false,false,false,false,false,0,0,0,0,0,0,0,false,false,false,false,false,false,false,false,false,false,false,false,false,false,0,0,0,0,0,0,0,0,0,0,0,0,0
ITEM_TM223,0,HOLD_EFFECT_NONE,0,0,0,0,0,31,false,false,POCKET_TMHMS,0,6,0,0,false,false,false,false,false,false,false,false,false,false,false,false,0,0,0,0,0,0,0,false,false,false,false,false,false,false,false,false,false,false,false,false,false,0,0,0,0,0,0,0,0,0,0,0,0,0
ITEM_TM224,0,HOLD_EFFECT_NONE,0,0,0,0,0,31,false,false,POCKET_TMHMS,0,6,0,0,false,false,false,false,false,false,false,false,false,false,false,false,0,0,0,0,0,0,0,false,false,false,false,false,false,false,false,false,false,false,false,false,false,0,0,0,0,0,0,0,0,0,0,0,0,0
ITEM_TM225,0,HOLD_EFFECT_NONE,0,0,0,0,0,31,false,false,POCKET_TMHMS,0,6,0,0,false,false,false,false,false,false,false,false,false,false,false,false,0,0,0,0,0,0,0,false,false,false,false,false,false,false,false,false,false,false,false,false,false,0,0,0,0,0,0,0,0,0,0,0,0,0
ITEM_TM226,0,HOLD_EFFECT_NONE,0,0,0,0,0,31,false,false,POCKET_TMHMS,0,6,0,0,false,false,false,false,false,false,false,false,false,false,false,false,0,0,0,0,0,0,0,false,false,false,false,false,false,false,false,false,false,false,false,false,false,0,0,0,0,0,0,0,0,0,0,0,0,0
ITEM_TM227,0,HOLD_EFFECT_NONE,0,0,0,0,0,31,false,false,POCKET_TMHMS,0,6,0,0,false,false,false,false,false,false,false,false,false,false,false,false,0,0,0,0,0,0,0,false,false,false,false,false,false,false,false,false,false,false,false,false,false,0,0,0,0,0,0,0,0,0,0,0,0,0
ITEM_TM228,0,HOLD_EFFECT_NONE,0,0,0,0,0,31,false,false,POCKET_TMHMS,0,6,0,0,false,false,false,false,false,false,false,false,false,false,false,false,0,0,0,0,0,0,0,false,false,false,false,false,false,false,false,false,false,false,false,false,false,0,0,0,0,0,0,0,0,0,0,0,0,0
ITEM_TM229,0,HOLD_EFFECT_NONE,0,0,0,0,0,31,false,false,POCKET_TMHMS,0,6,0,0,false,false,false,false,false,false,false,false,false,false,false,false,0,0,0,0,0,0,0,false,false,false,false,false,false,false,false,false,false,false,false,false,false,0,0,0,0,0,0,0,0,0,0,0,0,0
ITEM_NONE_2290,0,HOLD_EFFECT_NONE,0,0,0,0,0,TYPE_NORMAL,false,false,POCKET_ITEMS,0,0,0,0,false,false,false,false,false,false,false,false,false,false,false,false,0,0,0,0,0,0,0,false,false,false,false,false,false,false,false,false,false,false,false,false,false,0,0,0,0,0,0,0,0,0,0,0,0,0
ITEM_NONE_2291,0,HOLD_EFFECT_NONE,0,0,0,0,0,TYPE_NORMAL,false,false,POCKET_ITEMS,0,0,0,0,false,false,false,false,false,false,false,false,false,false,false,false,0,0,0,0,0,0,0,false,false,false,false,false,false,false,false,false,false,false,false,false,false,0,0,0,0,0,0,0,0,0,0,0,0,0
ITEM_NONE_2292,0,HOLD_EFFECT_NONE,0,0,0,0,0,TYPE_NORMAL,false,false,POCKET_ITEMS,0,0,0,0,false,false,false,false,false,false,false,false,false,false,false,false,0,0,0,0,0,0,0,false,false,false,false,false,false,false,false,false,false,false,false,false,false,0,0,0,0,0,0,0,0,0,0,0,0,0
ITEM_NONE_2293,0,HOLD_EFFECT_NONE,0,0,0,0,0,TYPE_NORMAL,false,false,POCKET_ITEMS,0,0,0,0,false,false,false,false,false,false,false,false,false,false,false,false,0,0,0,0,0,0,0,false,false,false,false,false,false,false,false,false,false,false,false,false,false,0,0,0,0,0,0,0,0,0,0,0,0,0
ITEM_NONE_2294,0,HOLD_EFFECT_NONE,0,0,0,0,0,TYPE_NORMAL,false,false,POCKET_ITEMS,0,0,0,0,false,false,false,false,false,false,false,false,false,false,false,false,0,0,0,0,0,0,0,false,false,false,false,false,false,false,false,false,false,false,false,false,false,0,0,0,0,0,0,0,0,0,0,0,0,0
ITEM_NONE_2295,0,HOLD_EFFECT_NONE,0,0,0,0,0,TYPE_NORMAL,false,false,POCKET_ITEMS,0,0,0,0,false,false,false,false,false,false,false,false,false,false,false,false,0,0,0,0,0,0,0,false,false,false,false,false,false,false,false,false,false,false,false,false,false,0,0,0,0,0,0,0,0,0,0,0,0,0
ITEM_NONE_2296,0,HOLD_EFFECT_NONE,0,0,0,0,0,TYPE_NORMAL,false,false,POCKET_ITEMS,0,0,0,0,false,false,false,false,false,false,false,false,false,false,false,false,0,0,0,0,0,0,0,false,false,false,false,false,false,false,false,false,false,false,false,false,false,0,0,0,0,0,0,0,0,0,0,0,0,0
ITEM_NONE_2297,0,HOLD_EFFECT_NONE,0,0,0,0,0,TYPE_NORMAL,false,false,POCKET_ITEMS,0,0,0,0,false,false,false,false,false,false,false,false,false,false,false,false,0,0,0,0,0,0,0,false,false,false,false,false,false,false,false,false,false,false,false,false,false,0,0,0,0,0,0,0,0,0,0,0,0,0
ITEM_NONE_2298,0,HOLD_EFFECT_NONE,0,0,0,0,0,TYPE_NORMAL,false,false,POCKET_ITEMS,0,0,0,0,false,false,false,false,false,false,false,false,false,false,false,false,0,0,0,0,0,0,0,false,false,false,false,false,false,false,false,false,false,false,false,false,false,0,0,0,0,0,0,0,0,0,0,0,0,0
ITEM_NONE_2299,0,HOLD_EFFECT_NONE,0,0,0,0,0,TYPE_NORMAL,false,false,POCKET_ITEMS,0,0,0,0,false,false,false,false,false,false,false,false,false,false,false,false,0,0,0,0,0,0,0,false,false,false,false,false,false,false,false,false,false,false,false,false,false,0,0,0,0,0,0,0,0,0,0,0,0,0
ITEM_NONE_2300,0,HOLD_EFFECT_NONE,0,0,0,0,0,TYPE_NORMAL,false,false,POCKET_ITEMS,0,0,0,0,false,false,false,false,false,false,false,false,false,false,false,false,0,0,0,0,0,0,0,false,false,false,false,false,false,false,false,false,false,false,false,false,false,0,0,0,0,0,0,0,0,0,0,0,0,0
ITEM_NONE_2301,0,HOLD_EFFECT_NONE,0,0,0,0,0,TYPE_NORMAL,false,false,POCKET_ITEMS,0,0,0,0,false,false,false,false,false,false,false,false,false,false,false,false,0,0,0,0,0,0,0,false,false,false,false,false,false,false,false,false,false,false,false,false,false,0,0,0,0,0,0,0,0,0,0,0,0,0
ITEM_NONE_2302,0,HOLD_EFFECT_NONE,0,0,0,0,0,TYPE_NORMAL,false,false,POCKET_ITEMS,0,0,0,0,false,false,false,false,false,false,false,false,false,false,false,false,0,0,0,0,0,0,0,false,false,false,false,false,false,false,false,false,false,false,false,false,false,0,0,0,0,0,0,0,0,0,0,0,0,0
ITEM_NONE_2303,0,HOLD_EFFECT_NONE,0,0,0,0,0,TYPE_NORMAL,false,false,POCKET_ITEMS,0,0,0,0,false,false,false,false,false,false,false,false,false,false,false,false,0,0,0,0,0,0,0,false,false,false,false,false,false,false,false,false,false,false,false,false,false,0,0,0,0,0,0,0,0,0,0,0,0,0
ITEM_NONE_2304,0,HOLD_EFFECT_NONE,0,0,0,0,0,TYPE_NORMAL,false,false,POCKET_ITEMS,0,0,0,0,false,false,false,false,false,false,false,false,false,false,false,false,0,0,0,0,0,0,0,false,false,false,false,false,false,false,false,false,false,false,false,false,false,0,0,0,0,0,0,0,0,0,0,0,0,0
ITEM_NONE_2305,0,HOLD_EFFECT_NONE,0,0,0,0,0,TYPE_NORMAL,false,false,POCKET_ITEMS,0,0,0,0,false,false,false,false,false,false,false,false,false,false,false,false,0,0,0,0,0,0,0,false,false,false,false,false,false,false,false,false,false,false,false,false,false,0,0,0,0,0,0,0,0,0,0,0,0,0
ITEM_NONE_2306,0,HOLD_EFFECT_NONE,0,0,0,0,0,TYPE_NORMAL,false,false,POCKET_ITEMS,0,0,0,0,false,false,false,false,false,false,false,false,false,false,false,false,0,0,0,0,0,0,0,false,false,false,false,false,false,false,false,false,false,false,false,false,false,0,0,0,0,0,0,0,0,0,0,0,0,0
ITEM_NONE_2307,0,HOLD_EFFECT_NONE,0,0,0,0,0,TYPE_NORMAL,false,false,POCKET_ITEMS,0,0,0,0,false,false,false,false,false,false,false,false,false,false,false,false,0,0,0,0,0,0,0,false,false,false,false,false,false,false,false,false,false,false,false,false,false,0,0,0,0,0,0,0,0,0,0,0,0,0
ITEM_NONE_2308,0,HOLD_EFFECT_NONE,0,0,0,0,0,TYPE_NORMAL,false,false,POCKET_ITEMS,0,0,0,0,false,false,false,false,false,false,false,false,false,false,false,false,0,0,0,0,0,0,0,false,false,false,false,false,false,false,false,false,false,false,false,false,false,0,0,0,0,0,0,0,0,0,0,0,0,0
ITEM_NONE_2309,0,HOLD_EFFECT_NONE,0,0,0,0,0,TYPE_NORMAL,false,false,POCKET_ITEMS,0,0,0,0,false,false,false,false,false,false,false,false,false,false,false,false,0,0,0,0,0,0,0,false,false,false,false,false,false,false,false,false,false,false,false,false,false,0,0,0,0,0,0,0,0,0,0,0,0,0
ITEM_NONE_2310,0,HOLD_EFFECT_NONE,0,0,0,0,0,TYPE_NORMAL,false,false,POCKET_ITEMS,0,0,0,0,false,false,false,false,false,false,false,false,false,false,false,false,0,0,0,0,0,0,0,false,false,false,false,false,false,false,false,false,false,false,false,false,false,0,0,0,0,0,0,0,0,0,0,0,0,0
ITEM_PICNIC_SET,0,HOLD_EFFECT_NONE,0,0,0,0,0,31,false,false,POCKET_ITEMS,0,0,0,0,false,false,false,false,false,false,false,false,false,false,false,false,0,0,0,0,0,0,0,false,false,false,false,false,false,false,false,false,false,false,false,false,false,0,0,0,0,0,0,0,0,0,0,0,0,0
ITEM_NONE_2312,0,HOLD_EFFECT_NONE,0,0,0,0,0,TYPE_NORMAL,false,false,POCKET_ITEMS,0,0,0,0,false,false,false,false,false,false,false,false,false,false,false,false,0,0,0,0,0,0,0,false,false,false,false,false,false,false,false,false,false,false,false,false,false,0,0,0,0,0,0,0,0,0,0,0,0,0
ITEM_ACADEMY_BOTTLE_1,0,HOLD_EFFECT_NONE,0,0,0,0,0,31,false,false,POCKET_ITEMS,0,0,0,0,false,false,false,false,false,false,false,false,false,false,false,false,0,0,0,0,0,0,0,false,false,false,false,false,false,false,false,false,false,false,false,false,false,0,0,0,0,0,0,0,0,0,0,0,0,0
ITEM_ACADEMY_BOTTLE_2,0,HOLD_EFFECT_NONE,0,0,0,0,0,31,false,false,POCKET_ITEMS,0,0,0,0,false,false,false,false,false,false,false,false,false,false,false,false,0,0,0,0,0,0,0,false,false,false,false,false,false,false,false,false,false,false,false,false,false,0,0,0,0,0,0,0,0,0,0,0,0,0
ITEM_POLKA_DOT_BOTTLE,1000,HOLD_EFFECT_NONE,0,0,0,0,0,31,false,false,POCKET_ITEMS,0,0,0,0,false,false,false,false,false,false,false,false,false,false,false,false,0,0,0,0,0,0,0,false,false,false,false,false,false,false,false,false,false,false,false,false,false,0,0,0,0,0,0,0,0,0,0,0,0,0
ITEM_STRIPED_BOTTLE,1000,HOLD_EFFECT_NONE,0,0,0,0,0,31,false,false,POCKET_ITEMS,0,0,0,0,false,false,false,false,false,false,false,false,false,false,false,false,0,0,0,0,0,0,0,false,false,false,false,false,false,false,false,false,false,false,false,false,false,0,0,0,0,0,0,0,0,0,0,0,0,0
ITEM_DIAMOND_BOTTLE,1000,HOLD_EFFECT_NONE,0,0,0,0,0,31,false,false,POCKET_ITEMS,0,0,0,0,false,false,false,false,false,false,false,false,false,false,false,false,0,0,0,0,0,0,0,false,false,false,false,false,false,false,false,false,false,false,false,false,false,0,0,0,0,0,0,0,0,0,0,0,0,0
ITEM_ACADEMY_CUP_1,0,HOLD_EFFECT_NONE,0,0,0,0,0,31,false,false,POCKET_ITEMS,0,0,0,0,false,false,false,false,false,false,false,false,false,false,false,false,0,0,0,0,0,0,0,false,false,false,false,false,false,false,false,false,false,false,false,false,false,0,0,0,0,0,0,0,0,0,0,0,0,0
ITEM_ACADEMY_CUP_2,0,HOLD_EFFECT_NONE,0,0,0,0,0,31,false,false,POCKET_ITEMS,0,0,0,0,false,false,false,false,false,false,false,false,false,false,false,false,0,0,0,0,0,0,0,false,false,false,false,false,false,false,false,false,false,false,false,false,false,0,0,0,0,0,0,0,0,0,0,0,0,0
ITEM_STRIPED_CUP,800,HOLD_EFFECT_NONE,0,0,0,0,0,31,false,false,POCKET_ITEMS,0,0,0,0,false,false,false,false,false,false,false,false,false,false,false,false,0,0,0,0,0,0,0,false,false,false,false,false,false,false,false,false,false,false,false,false,false,0,0,0,0,0,0,0,0,0,0,0,0,0
ITEM_POLKA_DOT_CUP,800,HOLD_EFFECT_NONE,0,0,0,0,0,31,false,false,POCKET_ITEMS,0,0,0,0,false,false,false,false,false,false,false,false,false,false,false,false,0,0,0,0,0,0,0,false,false,false,false,false,false,false,false,false,false,false,false,false,false,0,0,0,0,0,0,0,0,0,0,0,0,0
ITEM_FLOWER_PATTERN_CUP,800,HOLD_EFFECT_NONE,0,0,0,0,0,31,false,false,POCKET_ITEMS,0,0,0,0,false,false,false,false,false,false,false,false,false,false,false,false,0,0,0,0,0,0,0,false,false,false,false,false,false,false,false,false,false,false,false,false,false,0,0,0,0,0,0,0,0,0,0,0,0,0
ITEM_ACADEMY_TABLECLOTH_1,0,HOLD_EFFECT_NONE,0,0,0,0,0,31,false,false,POCKET_ITEMS,0,0,0,0,false,false,false,false,false,false,false,false,false,false,false,false,0,0,0,0,0,0,0,false,false,false,false,false,false,false,false,false,false,false,false,false,false,0,0,0,0,0,0,0,0,0,0,0,0,0
ITEM_ACADEMY_TABLECLOTH_2,0,HOLD_EFFECT_NONE,0,0,0,0,0,31,false,false,POCKET_ITEMS,0,0,0,0,false,false,false,false,false,false,false,false,false,false,false,false,0,0,0,0,0,0,0,false,false,false,false,false,false,false,false,false,false,false,false,false,false,0,0,0,0,0,0,0,0,0,0,0,0,0
ITEM_WHIMSICAL_TABLECLOTH,2000,HOLD_EFFECT_NONE,0,0,0,0,0,31,false,false,POCKET_ITEMS,0,0,0,0,false,false,false,false,false,false,false,false,false,false,false,false,0,0,0,0,0,0,0,false,false,false,false,false,false,false,false,false,false,false,false,false,false,0,0,0,0,0,0,0,0,0,0,0,0,0
ITEM_LEAFY_TABLECLOTH,2000,HOLD_EFFECT_NONE,0,0,0,0,0,31,false,false,POCKET_ITEMS,0,0,0,0,false,false,false,false,false,false,false,false,false,false,false,false,0,0,0,0,0,0,0,false,false,false,false,false,false,false,false,false,false,false,false,false,false,0,0,0,0,0,0,0,0,0,0,0,0,0
ITEM_SPOOKY_TABLECLOTH,4000,HOLD_EFFECT_NONE,0,0,0,0,0,31,false,false,POCKET_ITEMS,0,0,0,0,false,false,false,false,false,false,false,false,false,false,false,false,0,0,0,0,0,0,0,false,false,false,false,false,false,false,false,false,false,false,false,false,false,0,0,0,0,0,0,0,0,0,0,0,0,0
ITEM_NONE_2328,0,HOLD_EFFECT_NONE,0,0,0,0,0,TYPE_NORMAL,false,false,POCKET_ITEMS,0,0,0,0,false,false,false,false,false,false,false,false,false,false,false,false,0,0,0,0,0,0,0,false,false,false,false,false,false,false,false,false,false,false,false,false,false,0,0,0,0,0,0,0,0,0,0,0,0,0
ITEM_ACADEMY_BALL_1,0,HOLD_EFFECT_NONE,0,0,0,0,0,31,false,false,POCKET_ITEMS,0,0,0,0,false,false,false,false,false,false,false,false,false,false,false,false,0,0,0,0,0,0,0,false,false,false,false,false,false,false,false,false,false,false,false,false,false,0,0,0,0,0,0,0,0,0,0,0,0,0
ITEM_ACADEMY_BALL_2,0,HOLD_EFFECT_NONE,0,0,0,0,0,31,false,false,POCKET_ITEMS,0,0,0,0,false,false,false,false,false,false,false,false,false,false,false,false,0,0,0,0,0,0,0,false,false,false,false,false,false,false,false,false,false,false,false,false,false,0,0,0,0,0,0,0,0,0,0,0,0,0
ITEM_MARILL_BALL,2000,HOLD_EFFECT_NONE,0,0,0,0,0,31,false,false,POCKET_ITEMS,0,0,0,0,false,false,false,false,false,false,false,false,false,false,false,false,0,0,0,0,0,0,0,false,false,false,false,false,false,false,false,false,false,false,false,false,false,0,0,0,0,0,0,0,0,0,0,0,0,0
ITEM_YARN_BALL,1000,HOLD_EFFECT_NONE,0,0,0,0,0,31,false,false,POCKET_ITEMS,0,0,0,0,false,false,false,false,false,false,false,false,false,false,false,false,0,0,0,0,0,0,0,false,false,false,false,false,false,false,false,false,false,false,false,false,false,0,0,0,0,0,0,0,0,0,0,0,0,0
ITEM_CYBER_BALL,2000,HOLD_EFFECT_NONE,0,0,0,0,0,31,false,false,POCKET_ITEMS,0,0,0,0,false,false,false,false,false,false,false,false,false,false,false,false,0,0,0,0,0,0,0,false,false,false,false,false,false,false,false,false,false,false,false,false,false,0,0,0,0,0,0,0,0,0,0,0,0,0
ITEM_GOLD_PICK,400,HOLD_EFFECT_NONE,0,0,0,0,0,31,false,false,POCKET_ITEMS,0,0,0,0,false,false,false,false,false,false,false,false,false,false,false,false,0,0,0,0,0,0,0,false,false,false,false,false,false,false,false,false,false,false,false,false,false,0,0,0,0,0,0,0,0,0,0,0,0,0
ITEM_SILVER_PICK,40,HOLD_EFFECT_NONE,0,0,0,0,0,31,false,false,POCKET_ITEMS,0,0,0,0,false,false,false,false,false,false,false,false,false,false,false,false,0,0,0,0,0,0,0,false,false,false,false,false,false,false,false,false,false,false,false,false,false,0,0,0,0,0,0,0,0,0,0,0,0,0
ITEM_RED_FLAG_PICK,120,HOLD_EFFECT_NONE,0,0,0,0,0,31,false,false,POCKET_ITEMS,0,0,0,0,false,false,false,false,false,false,false,false,false,false,false,false,0,0,0,0,0,0,0,false,false,false,false,false,false,false,false,false,false,false,false,false,false,0,0,0,0,0,0,0,0,0,0,0,0,0
ITEM_BLUE_FLAG_PICK,120,HOLD_EFFECT_NONE,0,0,0,0,0,31,false,false,POCKET_ITEMS,0,0,0,0,false,false,false,false,false,false,false,false,false,false,false,false,0,0,0,0,0,0,0,false,false,false,false,false,false,false,false,false,false,false,false,false,false,0,0,0,0,0,0,0,0,0,0,0,0,0
ITEM_PIKA_PIKA_PICK,480,HOLD_EFFECT_NONE,0,0,0,0,0,31,false,false,POCKET_ITEMS,0,0,0,0,false,false,false,false,false,false,false,false,false,false,false,false,0,0,0,0,0,0,0,false,false,false,false,false,false,false,false,false,false,false,false,false,false,0,0,0,0,0,0,0,0,0,0,0,0,0
ITEM_WINKING_PIKA_PICK,1200,HOLD_EFFECT_NONE,0,0,0,0,0,31,false,false,POCKET_ITEMS,0,0,0,0,false,false,false,false,false,false,false,false,false,false,false,false,0,0,0,0,0,0,0,false,false,false,false,false,false,false,false,false,false,false,false,false,false,0,0,0,0,0,0,0,0,0,0,0,0,0
ITEM_VEE_VEE_PICK,480,HOLD_EFFECT_NONE,0,0,0,0,0,31,false,false,POCKET_ITEMS,0,0,0,0,false,false,false,false,false,false,false,false,false,false,false,false,0,0,0,0,0,0,0,false,false,false,false,false,false,false,false,false,false,false,false,false,false,0,0,0,0,0,0,0,0,0,0,0,0,0
ITEM_SMILING_VEE_PICK,1200,HOLD_EFFECT_NONE,0,0,0,0,0,31,false,false,POCKET_ITEMS,0,0,0,0,false,false,false,false,false,false,false,false,false,false,false,false,0,0,0,0,0,0,0,false,false,false,false,false,false,false,false,false,false,false,false,false,false,0,0,0,0,0,0,0,0,0,0,0,0,0
ITEM_BLUE_POKE_BALL_PICK,200,HOLD_EFFECT_NONE,0,0,0,0,0,31,false,false,POCKET_ITEMS,0,0,0,0,false,false,false,false,false,false,false,false,false,false,false,false,0,0,0,0,0,0,0,false,false,false,false,false,false,false,false,false,false,false,false,false,false,0,0,0,0,0,0,0,0,0,0,0,0,0
ITEM_NONE_2343,0,HOLD_EFFECT_NONE,0,0,0,0,0,TYPE_NORMAL,false,false,POCKET_ITEMS,0,0,0,0,false,false,false,false,false,false,false,false,false,false,false,false,0,0,0,0,0,0,0,false,false,false,false,false,false,false,false,false,false,false,false,false,false,0,0,0,0,0,0,0,0,0,0,0,0,0
ITEM_LEADERS_CREST,3000,HOLD_EFFECT_NONE,0,0,0,10,0,31,false,false,POCKET_ITEMS,0,0,0,0,false,false,false,false,false,false,false,false,false,false,false,false,0,0,0,0,0,0,0,false,false,false,false,false,false,false,false,false,false,false,false,false,false,0,0,0,0,0,0,0,0,0,0,0,0,0
ITEM_NONE_2346,0,HOLD_EFFECT_NONE,0,0,0,0,0,TYPE_NORMAL,false,false,POCKET_ITEMS,0,0,0,0,false,false,false,false,false,false,false,false,false,false,false,false,0,0,0,0,0,0,0,false,false,false,false,false,false,false,false,false,false,false,false,false,false,0,0,0,0,0,0,0,0,0,0,0,0,0
ITEM_NONE_2347,0,HOLD_EFFECT_NONE,0,0,0,0,0,TYPE_NORMAL,false,false,POCKET_ITEMS,0,0,0,0,false,false,false,false,false,false,false,false,false,false,false,false,0,0,0,0,0,0,0,false,false,false,false,false,false,false,false,false,false,false,false,false,false,0,0,0,0,0,0,0,0,0,0,0,0,0
ITEM_PINK_BOTTLE,2000,HOLD_EFFECT_NONE,0,0,0,0,0,31,false,false,POCKET_ITEMS,0,0,0,0,false,false,false,false,false,false,false,false,false,false,false,false,0,0,0,0,0,0,0,false,false,false,false,false,false,false,false,false,false,false,false,false,false,0,0,0,0,0,0,0,0,0,0,0,0,0
ITEM_BLUE_BOTTLE,2000,HOLD_EFFECT_NONE,0,0,0,0,0,31,false,false,POCKET_ITEMS,0,0,0,0,false,false,false,false,false,false,false,false,false,false,false,false,0,0,0,0,0,0,0,false,false,false,false,false,false,false,false,false,false,false,false,false,false,0,0,0,0,0,0,0,0,0,0,0,0,0
ITEM_YELLOW_BOTTLE,2000,HOLD_EFFECT_NONE,0,0,0,0,0,31,false,false,POCKET_ITEMS,0,0,0,0,false,false,false,false,false,false,false,false,false,false,false,false,0,0,0,0,0,0,0,false,false,false,false,false,false,false,false,false,false,false,false,false,false,0,0,0,0,0,0,0,0,0,0,0,0,0
ITEM_STEEL_BOTTLE_R,1500,HOLD_EFFECT_NONE,0,0,0,0,0,31,false,false,POCKET_ITEMS,0,0,0,0,false,false,false,false,false,false,false,false,false,false,false,false,0,0,0,0,0,0,0,false,false,false,false,false,false,false,false,false,false,false,false,false,false,0,0,0,0,0,0,0,0,0,0,0,0,0
ITEM_STEEL_BOTTLE_Y,1500,HOLD_EFFECT_NONE,0,0,0,0,0,31,false,false,POCKET_ITEMS,0,0,0,0,false,false,false,false,false,false,false,false,false,false,false,false,0,0,0,0,0,0,0,false,false,false,false,false,false,false,false,false,false,false,false,false,false,0,0,0,0,0,0,0,0,0,0,0,0,0
ITEM_STEEL_BOTTLE_B,1500,HOLD_EFFECT_NONE,0,0,0,0,0,31,false,false,POCKET_ITEMS,0,0,0,0,false,false,false,false,false,false,false,false,false,false,false,false,0,0,0,0,0,0,0,false,false,false,false,false,false,false,false,false,false,false,false,false,false,0,0,0,0,0,0,0,0,0,0,0,0,0
ITEM_SILVER_BOTTLE,20000,HOLD_EFFECT_NONE,0,0,0,0,0,31,false,false,POCKET_ITEMS,0,0,0,0,false,false,false,false,false,false,false,false,false,false,false,false,0,0,0,0,0,0,0,false,false,false,false,false,false,false,false,false,false,false,false,false,false,0,0,0,0,0,0,0,0,0,0,0,0,0
ITEM_BARRED_CUP,800,HOLD_EFFECT_NONE,0,0,0,0,0,31,false,false,POCKET_ITEMS,0,0,0,0,false,false,false,false,false,false,false,false,false,false,false,false,0,0,0,0,0,0,0,false,false,false,false,false,false,false,false,false,false,false,false,false,false,0,0,0,0,0,0,0,0,0,0,0,0,0
ITEM_DIAMOND_PATTERN_CUP,800,HOLD_EFFECT_NONE,0,0,0,0,0,31,false,false,POCKET_ITEMS,0,0,0,0,false,false,false,false,false,false,false,false,false,false,false,false,0,0,0,0,0,0,0,false,false,false,false,false,false,false,false,false,false,false,false,false,false,0,0,0,0,0,0,0,0,0,0,0,0,0
ITEM_FIRE_PATTERN_CUP,800,HOLD_EFFECT_NONE,0,0,0,0,0,31,false,false,POCKET_ITEMS,0,0,0,0,false,false,false,false,false,false,false,false,false,false,false,false,0,0,0,0,0,0,0,false,false,false,false,false,false,false,false,false,false,false,false,false,false,0,0,0,0,0,0,0,0,0,0,0,0,0
ITEM_PINK_CUP,1500,HOLD_EFFECT_NONE,0,0,0,0,0,31,false,false,POCKET_ITEMS,0,0,0,0,false,false,false,false,false,false,false,false,false,false,false,false,0,0,0,0,0,0,0,false,false,false,false,false,false,false,false,false,false,false,false,false,false,0,0,0,0,0,0,0,0,0,0,0,0,0
ITEM_BLUE_CUP,1500,HOLD_EFFECT_NONE,0,0,0,0,0,31,false,false,POCKET_ITEMS,0,0,0,0,false,false,false,false,false,false,false,false,false,false,false,false,0,0,0,0,0,0,0,false,false,false,false,false,false,false,false,false,false,false,false,false,false,0,0,0,0,0,0,0,0,0,0,0,0,0
ITEM_YELLOW_CUP,1500,HOLD_EFFECT_NONE,0,0,0,0,0,31,false,false,POCKET_ITEMS,0,0,0,0,false,false,false,false,false,false,false,false,false,false,false,false,0,0,0,0,0,0,0,false,false,false,false,false,false,false,false,false,false,false,false,false,false,0,0,0,0,0,0,0,0,0,0,0,0,0
ITEM_PIKACHU_CUP,2000,HOLD_EFFECT_NONE,0,0,0,0,0,31,false,false,POCKET_ITEMS,0,0,0,0,false,false,false,false,false,false,false,false,false,false,false,false,0,0,0,0,0,0,0,false,false,false,false,false,false,false,false,false,false,false,false,false,false,0,0,0,0,0,0,0,0,0,0,0,0,0
ITEM_EEVEE_CUP,2000,HOLD_EFFECT_NONE,0,0,0,0,0,31,false,false,POCKET_ITEMS,0,0,0,0,false,false,false,false,false,false,false,false,false,false,false,false,0,0,0,0,0,0,0,false,false,false,false,false,false,false,false,false,false,false,false,false,false,0,0,0,0,0,0,0,0,0,0,0,0,0
ITEM_SLOWPOKE_CUP,0,HOLD_EFFECT_NONE,0,0,0,0,0,31,false,false,POCKET_ITEMS,0,0,0,0,false,false,false,false,false,false,false,false,false,false,false,false,0,0,0,0,0,0,0,false,false,false,false,false,false,false,false,false,false,false,false,false,false,0,0,0,0,0,0,0,0,0,0,0,0,0
ITEM_SILVER_CUP,10000,HOLD_EFFECT_NONE,0,0,0,0,0,31,false,false,POCKET_ITEMS,0,0,0,0,false,false,false,false,false,false,false,false,false,false,false,false,0,0,0,0,0,0,0,false,false,false,false,false,false,false,false,false,false,false,false,false,false,0,0,0,0,0,0,0,0,0,0,0,0,0
ITEM_EXERCISE_BALL,2000,HOLD_EFFECT_NONE,0,0,0,0,0,31,false,false,POCKET_ITEMS,0,0,0,0,false,false,false,false,false,false,false,false,false,false,false,false,0,0,0,0,0,0,0,false,false,false,false,false,false,false,false,false,false,false,false,false,false,0,0,0,0,0,0,0,0,0,0,0,0,0
ITEM_PLAID_TABLECLOTH_Y,3000,HOLD_EFFECT_NONE,0,0,0,0,0,31,false,false,POCKET_ITEMS,0,0,0,0,false,false,false,false,false,false,false,false,false,false,false,false,0,0,0,0,0,0,0,false,false,false,false,false,false,false,false,false,false,false,false,false,false,0,0,0,0,0,0,0,0,0,0,0,0,0
ITEM_PLAID_TABLECLOTH_B,3000,HOLD_EFFECT_NONE,0,0,0,0,0,31,false,false,POCKET_ITEMS,0,0,0,0,false,false,false,false,false,false,false,false,false,false,false,false,0,0,0,0,0,0,0,false,false,false,false,false,false,false,false,false,false,false,false,false,false,0,0,0,0,0,0,0,0,0,0,0,0,0
ITEM_PLAID_TABLECLOTH_R,3000,HOLD_EFFECT_NONE,0,0,0,0,0,31,false,false,POCKET_ITEMS,0,0,0,0,false,false,false,false,false,false,false,false,false,false,false,false,0,0,0,0,0,0,0,false,false,false,false,false,false,false,false,false,false,false,false,false,false,0,0,0,0,0,0,0,0,0,0,0,0,0
ITEM_B_W_GRASS_TABLECLOTH,0,HOLD_EFFECT_NONE,0,0,0,0,0,31,false,false,POCKET_ITEMS,0,0,0,0,false,false,false,false,false,false,false,false,false,false,false,false,0,0,0,0,0,0,0,false,false,false,false,false,false,false,false,false,false,false,false,false,false,0,0,0,0,0,0,0,0,0,0,0,0,0
ITEM_BATTLE_TABLECLOTH,4000,HOLD_EFFECT_NONE,0,0,0,0,0,31,false,false,POCKET_ITEMS,0,0,0,0,false,false,false,false,false,false,false,false,false,false,false,false,0,0,0,0,0,0,0,false,false,false,false,false,false,false,false,false,false,false,false,false,false,0,0,0,0,0,0,0,0,0,0,0,0,0
ITEM_MONSTROUS_TABLECLOTH,2000,HOLD_EFFECT_NONE,0,0,0,0,0,31,false,false,POCKET_ITEMS,0,0,0,0,false,false,false,false,false,false,false,false,false,false,false,false,0,0,0,0,0,0,0,false,false,false,false,false,false,false,false,false,false,false,false,false,false,0,0,0,0,0,0,0,0,0,0,0,0,0
ITEM_STRIPED_TABLECLOTH,1500,HOLD_EFFECT_NONE,0,0,0,0,0,31,false,false,POCKET_ITEMS,0,0,0,0,false,false,false,false,false,false,false,false,false,false,false,false,0,0,0,0,0,0,0,false,false,false,false,false,false,false,false,false,false,false,false,false,false,0,0,0,0,0,0,0,0,0,0,0,0,0
ITEM_DIAMOND_TABLECLOTH,1500,HOLD_EFFECT_NONE,0,0,0,0,0,31,false,false,POCKET_ITEMS,0,0,0,0,false,false,false,false,false,false,false,false,false,false,false,false,0,0,0,0,0,0,0,false,false,false,false,false,false,false,false,false,false,false,false,false,false,0,0,0,0,0,0,0,0,0,0,0,0,0
ITEM_POLKA_DOT_TABLECLOTH,1500,HOLD_EFFECT_NONE,0,0,0,0,0,31,false,false,POCKET_ITEMS,0,0,0,0,false,false,false,false,false,false,false,false,false,false,false,false,0,0,0,0,0,0,0,false,false,false,false,false,false,false,false,false,false,false,false,false,false,0,0,0,0,0,0,0,0,0,0,0,0,0
ITEM_LILAC_TABLECLOTH,1000,HOLD_EFFECT_NONE,0,0,0,0,0,31,false,false,POCKET_ITEMS,0,0,0,0,false,false,false,false,false,false,false,false,false,false,false,false,0,0,0,0,0,0,0,false,false,false,false,false,false,false,false,false,false,false,false,false,false,0,0,0,0,0,0,0,0,0,0,0,0,0
ITEM_MINT_TABLECLOTH,1000,HOLD_EFFECT_NONE,0,0,0,0,0,31,false,false,POCKET_ITEMS,0,0,0,0,false,false,false,false,false,false,false,false,false,false,false,false,0,0,0,0,0,0,0,false,false,false,false,false,false,false,false,false,false,false,false,false,false,0,0,0,0,0,0,0,0,0,0,0,0,0
ITEM_PEACH_TABLECLOTH,1000,HOLD_EFFECT_NONE,0,0,0,0,0,31,false,false,POCKET_ITEMS,0,0,0,0,false,false,false,false,false,false,false,false,false,false,false,false,0,0,0,0,0,0,0,false,false,false,false,false,false,false,false,false,false,false,false,false,false,0,0,0,0,0,0,0,0,0,0,0,0,0
ITEM_YELLOW_TABLECLOTH,5000,HOLD_EFFECT_NONE,0,0,0,0,0,31,false,false,POCKET_ITEMS,0,0,0,0,false,false,false,false,false,false,false,false,false,false,false,false,0,0,0,0,0,0,0,false,false,false,false,false,false,false,false,false,false,false,false,false,false,0,0,0,0,0,0,0,0,0,0,0,0,0
ITEM_BLUE_TABLECLOTH,5000,HOLD_EFFECT_NONE,0,0,0,0,0,31,false,false,POCKET_ITEMS,0,0,0,0,false,false,false,false,false,false,false,false,false,false,false,false,0,0,0,0,0,0,0,false,false,false,false,false,false,false,false,false,false,false,false,false,false,0,0,0,0,0,0,0,0,0,0,0,0,0
ITEM_PINK_TABLECLOTH,5000,HOLD_EFFECT_NONE,0,0,0,0,0,31,false,false,POCKET_ITEMS,0,0,0,0,false,false,false,false,false,false,false,false,false,false,false,false,0,0,0,0,0,0,0,false,false,false,false,false,false,false,false,false,false,false,false,false,false,0,0,0,0,0,0,0,0,0,0,0,0,0
ITEM_GOLD_BOTTLE,30000,HOLD_EFFECT_NONE,0,0,0,0,0,31,false,false,POCKET_ITEMS,0,0,0,0,false,false,false,false,false,false,false,false,false,false,false,false,0,0,0,0,0,0,0,false,false,false,false,false,false,false,false,false,false,false,false,false,false,0,0,0,0,0,0,0,0,0,0,0,0,0
ITEM_BRONZE_BOTTLE,10000,HOLD_EFFECT_NONE,0,0,0,0,0,31,false,false,POCKET_ITEMS,0,0,0,0,false,false,false,false,false,false,false,false,false,false,false,false,0,0,0,0,0,0,0,false,false,false,false,false,false,false,false,false,false,false,false,false,false,0,0,0,0,0,0,0,0,0,0,0,0,0
ITEM_GOLD_CUP,15000,HOLD_EFFECT_NONE,0,0,0,0,0,31,false,false,POCKET_ITEMS,0,0,0,0,false,false,false,false,false,false,false,false,false,false,false,false,0,0,0,0,0,0,0,false,false,false,false,false,false,false,false,false,false,false,false,false,false,0,0,0,0,0,0,0,0,0,0,0,0,0
ITEM_BRONZE_CUP,5000,HOLD_EFFECT_NONE,0,0,0,0,0,31,false,false,POCKET_ITEMS,0,0,0,0,false,false,false,false,false,false,false,false,false,false,false,false,0,0,0,0,0,0,0,false,false,false,false,false,false,false,false,false,false,false,false,false,false,0,0,0,0,0,0,0,0,0,0,0,0,0
ITEM_GREEN_POKE_BALL_PICK,200,HOLD_EFFECT_NONE,0,0,0,0,0,31,false,false,POCKET_ITEMS,0,0,0,0,false,false,false,false,false,false,false,false,false,false,false,false,0,0,0,0,0,0,0,false,false,false,false,false,false,false,false,false,false,false,false,false,false,0,0,0,0,0,0,0,0,0,0,0,0,0
ITEM_RED_POKE_BALL_PICK,200,HOLD_EFFECT_NONE,0,0,0,0,0,31,false,false,POCKET_ITEMS,0,0,0,0,false,false,false,false,false,false,false,false,false,false,false,false,0,0,0,0,0,0,0,false,false,false,false,false,false,false,false,false,false,false,false,false,false,0,0,0,0,0,0,0,0,0,0,0,0,0
ITEM_PARTY_SPARKLER_PICK,1600,HOLD_EFFECT_NONE,0,0,0,0,0,31,false,false,POCKET_ITEMS,0,0,0,0,false,false,false,false,false,false,false,false,false,false,false,false,0,0,0,0,0,0,0,false,false,false,false,false,false,false,false,false,false,false,false,false,false,0,0,0,0,0,0,0,0,0,0,0,0,0
ITEM_HEROIC_SWORD_PICK,2000,HOLD_EFFECT_NONE,0,0,0,0,0,31,false,false,POCKET_ITEMS,0,0,0,0,false,false,false,false,false,false,false,false,false,false,false,false,0,0,0,0,0,0,0,false,false,false,false,false,false,false,false,false,false,false,false,false,false,0,0,0,0,0,0,0,0,0,0,0,0,0
ITEM_MAGICAL_STAR_PICK,600,HOLD_EFFECT_NONE,0,0,0,0,0,31,false,false,POCKET_ITEMS,0,0,0,0,false,false,false,false,false,false,false,false,false,false,false,false,0,0,0,0,0,0,0,false,false,false,false,false,false,false,false,false,false,false,false,false,false,0,0,0,0,0,0,0,0,0,0,0,0,0
ITEM_MAGICAL_HEART_PICK,600,HOLD_EFFECT_NONE,0,0,0,0,0,31,false,false,POCKET_ITEMS,0,0,0,0,false,false,false,false,false,false,false,false,false,false,false,false,0,0,0,0,0,0,0,false,false,false,false,false,false,false,false,false,false,false,false,false,false,0,0,0,0,0,0,0,0,0,0,0,0,0
ITEM_PARASOL_PICK,800,HOLD_EFFECT_NONE,0,0,0,0,0,31,false,false,POCKET_ITEMS,0,0,0,0,false,false,false,false,false,false,false,false,false,false,false,false,0,0,0,0,0,0,0,false,false,false,false,false,false,false,false,false,false,false,false,false,false,0,0,0,0,0,0,0,0,0,0,0,0,0
ITEM_BLUE_SKY_FLOWER_PICK,1000,HOLD_EFFECT_NONE,0,0,0,0,0,31,false,false,POCKET_ITEMS,0,0,0,0,false,false,false,false,false,false,false,false,false,false,false,false,0,0,0,0,0,0,0,false,false,false,false,false,false,false,false,false,false,false,false,false,false,0,0,0,0,0,0,0,0,0,0,0,0,0
ITEM_SUNSET_FLOWER_PICK,1000,HOLD_EFFECT_NONE,0,0,0,0,0,31,false,false,POCKET_ITEMS,0,0,0,0,false,false,false,false,false,false,false,false,false,false,false,false,0,0,0,0,0,0,0,false,false,false,false,false,false,false,false,false,false,false,false,false,false,0,0,0,0,0,0,0,0,0,0,0,0,0
ITEM_SUNRISE_FLOWER_PICK,1000,HOLD_EFFECT_NONE,0,0,0,0,0,31,false,false,POCKET_ITEMS,0,0,0,0,false,false,false,false,false,false,false,false,false,false,false,false,0,0,0,0,0,0,0,false,false,false,false,false,false,false,false,false,false,false,false,false,false,0,0,0,0,0,0,0,0,0,0,0,0,0
ITEM_BLUE_DISH,500,HOLD_EFFECT_NONE,0,0,0,0,0,31,false,false,POCKET_ITEMS,0,0,0,0,false,false,false,false,false,false,false,false,false,false,false,false,0,0,0,0,0,0,0,false,false,false,false,false,false,false,false,false,false,false,false,false,false,0,0,0,0,0,0,0,0,0,0,0,0,0
ITEM_GREEN_DISH,0,HOLD_EFFECT_NONE,0,0,0,0,0,31,false,false,POCKET_ITEMS,0,0,0,0,false,false,false,false,false,false,false,false,false,false,false,false,0,0,0,0,0,0,0,false,false,false,false,false,false,false,false,false,false,false,false,false,false,0,0,0,0,0,0,0,0,0,0,0,0,0
ITEM_ORANGE_DISH,500,HOLD_EFFECT_NONE,0,0,0,0,0,31,false,false,POCKET_ITEMS,0,0,0,0,false,false,false,false,false,false,false,false,false,false,false,false,0,0,0,0,0,0,0,false,false,false,false,false,false,false,false,false,false,false,false,false,false,0,0,0,0,0,0,0,0,0,0,0,0,0
ITEM_RED_DISH,500,HOLD_EFFECT_NONE,0,0,0,0,0,31,false,false,POCKET_ITEMS,0,0,0,0,false,false,false,false,false,false,false,false,false,false,false,false,0,0,0,0,0,0,0,false,false,false,false,false,false,false,false,false,false,false,false,false,false,0,0,0,0,0,0,0,0,0,0,0,0,0
ITEM_WHITE_DISH,500,HOLD_EFFECT_NONE,0,0,0,0,0,31,false,false,POCKET_ITEMS,0,0,0,0,false,false,false,false,false,false,false,false,false,false,false,false,0,0,0,0,0,0,0,false,false,false,false,false,false,false,false,false,false,false,false,false,false,0,0,0,0,0,0,0,0,0,0,0,0,0
ITEM_YELLOW_DISH,500,HOLD_EFFECT_NONE,0,0,0,0,0,31,false,false,POCKET_ITEMS,0,0,0,0,false,false,false,false,false,false,false,false,false,false,false,false,0,0,0,0,0,0,0,false,false,false,false,false,false,false,false,false,false,false,false,false,false,0,0,0,0,0,0,0,0,0,0,0,0,0
ITEM_FAIRY_FEATHER,3000,HOLD_EFFECT_STRENGTHEN_FAIRY,20,0,0,10,0,31,false,false,POCKET_ITEMS,0,0,0,0,false,false,false,false,false,false,false,false,false,false,false,false,0,0,0,0,0,0,0,false,false,false,false,false,false,false,false,false,false,false,false,false,false,0,0,0,0,0,0,0,0,0,0,0,0,0
ITEM_UNREMARKABLE_TEACUP,1600,HOLD_EFFECT_NONE,0,0,0,30,0,31,false,false,POCKET_ITEMS,0,20,0,1,false,false,false,false,false,false,false,false,false,false,false,true,0,0,0,0,0,0,0,false,false,false,false,false,false,false,false,false,false,false,false,false,false,0,0,0,0,0,0,0,0,0,0,0,0,0
ITEM_MASTERPIECE_TEACUP,38000,HOLD_EFFECT_NONE,0,0,0,30,0,31,false,false,POCKET_ITEMS,0,20,0,1,false,false,false,false,false,false,false,false,false,false,false,true,0,0,0,0,0,0,0,false,false,false,false,false,false,false,false,false,false,false,false,false,false,0,0,0,0,0,0,0,0,0,0,0,0,0
ITEM_TEAL_MASK,0,HOLD_EFFECT_NONE,0,0,0,60,0,31,false,false,POCKET_KEY_ITEMS,0,0,0,0,false,false,false,false,false,false,false,false,false,false,false,false,0,0,0,0,0,0,0,false,false,false,false,false,false,false,false,false,false,false,false,false,false,0,0,0,0,0,0,0,0,0,0,0,0,0
ITEM_CORNERSTONE_MASK,0,HOLD_EFFECT_CORNERSTONE_MASK,20,0,0,60,0,31,true,false,POCKET_KEY_ITEMS,0,0,0,0,false,false,false,false,false,false,false,false,false,false,false,false,0,0,0,0,0,0,0,false,false,false,false,false,false,false,false,false,false,false,false,false,false,0,0,0,0,0,0,0,0,0,0,0,0,0
ITEM_WELLSPRING_MASK,0,HOLD_EFFECT_WELLSPRING_MASK,20,0,0,60,0,31,true,false,POCKET_KEY_ITEMS,0,0,0,0,false,false,false,false,false,false,false,false,false,false,false,false,0,0,0,0,0,0,0,false,false,false,false,false,false,false,false,false,false,false,false,false,false,0,0,0,0,0,0,0,0,0,0,0,0,0
ITEM_HEARTHFLAME_MASK,0,HOLD_EFFECT_HEARTHFLAME_MASK,20,0,0,60,0,31,true,false,POCKET_KEY_ITEMS,0,0,0,0,false,false,false,false,false,false,false,false,false,false,false,false,0,0,0,0,0,0,0,false,false,false,false,false,false,false,false,false,false,false,false,false,false,0,0,0,0,0,0,0,0,0,0,0,0,0
ITEM_TEAL_STYLE_CARD,0,HOLD_EFFECT_NONE,0,0,0,0,0,31,false,false,POCKET_KEY_ITEMS,0,0,0,0,false,false,false,false,false,false,false,false,false,false,false,false,0,0,0,0,0,0,0,false,false,false,false,false,false,false,false,false,false,false,false,false,false,0,0,0,0,0,0,0,0,0,0,0,0,0
ITEM_CRYSTAL_CLUSTER,0,HOLD_EFFECT_NONE,0,0,0,0,0,31,false,false,POCKET_KEY_ITEMS,0,0,0,0,false,false,false,false,false,false,false,false,false,false,false,false,0,0,0,0,0,0,0,false,false,false,false,false,false,false,false,false,false,false,false,false,false,0,0,0,0,0,0,0,0,0,0,0,0,0
ITEM_HEALTH_MOCHI,500,HOLD_EFFECT_NONE,0,0,0,20,0,31,false,false,POCKET_ITEMS,0,0,0,0,false,false,false,false,false,false,false,false,false,false,false,false,0,0,0,0,0,0,0,false,false,false,false,false,false,false,false,false,false,false,false,false,false,10,0,0,0,0,0,0,0,0,0,0,0,0
ITEM_MUSCLE_MOCHI,500,HOLD_EFFECT_NONE,0,0,0,20,0,31,false,false,POCKET_ITEMS,0,0,0,0,false,false,false,false,false,false,false,false,false,false,false,false,0,0,0,0,0,0,0,false,false,false,false,false,false,false,false,false,false,false,false,false,false,0,10,0,0,0,0,0,0,0,0,0,0,0
ITEM_RESIST_MOCHI,500,HOLD_EFFECT_NONE,0,0,0,20,0,31,false,false,POCKET_ITEMS,0,0,0,0,false,false,false,false,false,false,false,false,false,false,false,false,0,0,0,0,0,0,0,false,false,false,false,false,false,false,false,false,false,false,false,false,false,0,0,10,0,0,0,0,0,0,0,0,0,0
ITEM_GENIUS_MOCHI,500,HOLD_EFFECT_NONE,0,0,0,20,0,31,false,false,POCKET_ITEMS,0,0,0,0,false,false,false,false,false,false,false,false,false,false,false,false,0,0,0,0,0,0,0,false,false,false,false,false,false,false,false,false,false,false,false,false,false,0,0,0,0,10,0,0,0,0,0,0,0,0
ITEM_CLEVER_MOCHI,500,HOLD_EFFECT_NONE,0,0,0,20,0,31,false,false,POCKET_ITEMS,0,0,0,0,false,false,false,false,false,false,false,false,false,false,false,false,0,0,0,0,0,0,0,false,false,false,false,false,false,false,false,false,false,false,false,false,false,0,0,0,0,0,10,0,0,0,0,0,0,0
ITEM_SWIFT_MOCHI,500,HOLD_EFFECT_NONE,0,0,0,20,0,31,false,false,POCKET_ITEMS,0,0,0,0,false,false,false,false,false,false,false,false,false,false,false,false,0,0,0,0,0,0,0,false,false,false,false,false,false,false,false,false,false,false,false,false,false,0,0,0,10,0,0,0,0,0,0,0,0,0
ITEM_SIMPLE_CHAIRS,0,HOLD_EFFECT_NONE,0,0,0,0,0,31,false,false,POCKET_ITEMS,0,0,0,0,false,false,false,false,false,false,false,false,false,false,false,false,0,0,0,0,0,0,0,false,false,false,false,false,false,false,false,false,false,false,false,false,false,0,0,0,0,0,0,0,0,0,0,0,0,0
ITEM_ACADEMY_CHAIRS_1,0,HOLD_EFFECT_NONE,0,0,0,0,0,31,false,false,POCKET_ITEMS,0,0,0,0,false,false,false,false,false,false,false,false,false,false,false,false,0,0,0,0,0,0,0,false,false,false,false,false,false,false,false,false,false,false,false,false,false,0,0,0,0,0,0,0,0,0,0,0,0,0
ITEM_ACADEMY_CHAIRS_2,0,HOLD_EFFECT_NONE,0,0,0,0,0,31,false,false,POCKET_ITEMS,0,0,0,0,false,false,false,false,false,false,false,false,false,false,false,false,0,0,0,0,0,0,0,false,false,false,false,false,false,false,false,false,false,false,false,false,false,0,0,0,0,0,0,0,0,0,0,0,0,0
ITEM_WHIMSICAL_CHAIRS,0,HOLD_EFFECT_NONE,0,0,0,0,0,31,false,false,POCKET_ITEMS,0,0,0,0,false,false,false,false,false,false,false,false,false,false,false,false,0,0,0,0,0,0,0,false,false,false,false,false,false,false,false,false,false,false,false,false,false,0,0,0,0,0,0,0,0,0,0,0,0,0
ITEM_LEAFY_CHAIRS,0,HOLD_EFFECT_NONE,0,0,0,0,0,31,false,false,POCKET_ITEMS,0,0,0,0,false,false,false,false,false,false,false,false,false,false,false,false,0,0,0,0,0,0,0,false,false,false,false,false,false,false,false,false,false,false,false,false,false,0,0,0,0,0,0,0,0,0,0,0,0,0
ITEM_SPOOKY_CHAIRS,0,HOLD_EFFECT_NONE,0,0,0,0,0,31,false,false,POCKET_ITEMS,0,0,0,0,false,false,false,false,false,false,false,false,false,false,false,false,0,0,0,0,0,0,0,false,false,false,false,false,false,false,false,false,false,false,false,false,false,0,0,0,0,0,0,0,0,0,0,0,0,0
ITEM_PLAID_CHAIRS_Y,0,HOLD_EFFECT_NONE,0,0,0,0,0,31,false,false,POCKET_ITEMS,0,0,0,0,false,false,false,false,false,false,false,false,false,false,false,false,0,0,0,0,0,0,0,false,false,false,false,false,false,false,false,false,false,false,false,false,false,0,0,0,0,0,0,0,0,0,0,0,0,0
ITEM_PLAID_CHAIRS_B,0,HOLD_EFFECT_NONE,0,0,0,0,0,31,false,false,POCKET_ITEMS,0,0,0,0,false,false,false,false,false,false,false,false,false,false,false,false,0,0,0,0,0,0,0,false,false,false,false,false,false,false,false,false,false,false,false,false,false,0,0,0,0,0,0,0,0,0,0,0,0,0
ITEM_PLAID_CHAIRS_R,0,HOLD_EFFECT_NONE,0,0,0,0,0,31,false,false,POCKET_ITEMS,0,0,0,0,false,false,false,false,false,false,false,false,false,false,false,false,0,0,0,0,0,0,0,false,false,false,false,false,false,false,false,false,false,false,false,false,false,0,0,0,0,0,0,0,0,0,0,0,0,0
ITEM_B_W_GRASS_CHAIRS,0,HOLD_EFFECT_NONE,0,0,0,0,0,31,false,false,POCKET_ITEMS,0,0,0,0,false,false,false,false,false,false,false,false,false,false,false,false,0,0,0,0,0,0,0,false,false,false,false,false,false,false,false,false,false,false,false,false,false,0,0,0,0,0,0,0,0,0,0,0,0,0
ITEM_BATTLE_CHAIRS,0,HOLD_EFFECT_NONE,0,0,0,0,0,31,false,false,POCKET_ITEMS,0,0,0,0,false,false,false,false,false,false,false,false,false,false,false,false,0,0,0,0,0,0,0,false,false,false,false,false,false,false,false,false,false,false,false,false,false,0,0,0,0,0,0,0,0,0,0,0,0,0
ITEM_MONSTROUS_CHAIRS,0,HOLD_EFFECT_NONE,0,0,0,0,0,31,false,false,POCKET_ITEMS,0,0,0,0,false,false,false,false,false,false,false,false,false,false,false,false,0,0,0,0,0,0,0,false,false,false,false,false,false,false,false,false,false,false,false,false,false,0,0,0,0,0,0,0,0,0,0,0,0,0
ITEM_STRIPED_CHAIRS,0,HOLD_EFFECT_NONE,0,0,0,0,0,31,false,false,POCKET_ITEMS,0,0,0,0,false,false,false,false,false,false,false,false,false,false,false,false,0,0,0,0,0,0,0,false,false,false,false,false,false,false,false,false,false,false,false,false,false,0,0,0,0,0,0,0,0,0,0,0,0,0
ITEM_DIAMOND_CHAIRS,0,HOLD_EFFECT_NONE,0,0,0,0,0,31,false,false,POCKET_ITEMS,0,0,0,0,false,false,false,false,false,false,false,false,false,false,false,false,0,0,0,0,0,0,0,false,false,false,false,false,false,false,false,false,false,false,false,false,false,0,0,0,0,0,0,0,0,0,0,0,0,0
ITEM_POLKA_DOT_CHAIRS,0,HOLD_EFFECT_NONE,0,0,0,0,0,31,false,false,POCKET_ITEMS,0,0,0,0,false,false,false,false,false,false,false,false,false,false,false,false,0,0,0,0,0,0,0,false,false,false,false,false,false,false,false,false,false,false,false,false,false,0,0,0,0,0,0,0,0,0,0,0,0,0
ITEM_LILAC_CHAIRS,0,HOLD_EFFECT_NONE,0,0,0,0,0,31,false,false,POCKET_ITEMS,0,0,0,0,false,false,false,false,false,false,false,false,false,false,false,false,0,0,0,0,0,0,0,false,false,false,false,false,false,false,false,false,false,false,false,false,false,0,0,0,0,0,0,0,0,0,0,0,0,0
ITEM_MINT_CHAIRS,0,HOLD_EFFECT_NONE,0,0,0,0,0,31,false,false,POCKET_ITEMS,0,0,0,0,false,false,false,false,false,false,false,false,false,false,false,false,0,0,0,0,0,0,0,false,false,false,false,false,false,false,false,false,false,false,false,false,false,0,0,0,0,0,0,0,0,0,0,0,0,0
ITEM_PEACH_CHAIRS,0,HOLD_EFFECT_NONE,0,0,0,0,0,31,false,false,POCKET_ITEMS,0,0,0,0,false,false,false,false,false,false,false,false,false,false,false,false,0,0,0,0,0,0,0,false,false,false,false,false,false,false,false,false,false,false,false,false,false,0,0,0,0,0,0,0,0,0,0,0,0,0
ITEM_YELLOW_CHAIRS,0,HOLD_EFFECT_NONE,0,0,0,0,0,31,false,false,POCKET_ITEMS,0,0,0,0,false,false,false,false,false,false,false,false,false,false,false,false,0,0,0,0,0,0,0,false,false,false,false,false,false,false,false,false,false,false,false,false,false,0,0,0,0,0,0,0,0,0,0,0,0,0
ITEM_BLUE_CHAIRS,0,HOLD_EFFECT_NONE,0,0,0,0,0,31,false,false,POCKET_ITEMS,0,0,0,0,false,false,false,false,false,false,false,false,false,false,false,false,0,0,0,0,0,0,0,false,false,false,false,false,false,false,false,false,false,false,false,false,false,0,0,0,0,0,0,0,0,0,0,0,0,0
ITEM_PINK_CHAIRS,0,HOLD_EFFECT_NONE,0,0,0,0,0,31,false,false,POCKET_ITEMS,0,0,0,0,false,false,false,false,false,false,false,false,false,false,false,false,0,0,0,0,0,0,0,false,false,false,false,false,false,false,false,false,false,false,false,false,false,0,0,0,0,0,0,0,0,0,0,0,0,0
ITEM_EKANS_FANG,60,HOLD_EFFECT_NONE,0,0,0,0,0,31,false,false,POCKET_ITEMS,0,0,0,0,false,false,false,false,false,false,false,false,false,false,false,false,0,0,0,0,0,0,0,false,false,false,false,false,false,false,false,false,false,false,false,false,false,0,0,0,0,0,0,0,0,0,0,0,0,0
ITEM_SANDSHREW_CLAW,40,HOLD_EFFECT_NONE,0,0,0,0,0,31,false,false,POCKET_ITEMS,0,0,0,0,false,false,false,false,false,false,false,false,false,false,false,false,0,0,0,0,0,0,0,false,false,false,false,false,false,false,false,false,false,false,false,false,false,0,0,0,0,0,0,0,0,0,0,0,0,0
ITEM_CLEFFA_FUR,100,HOLD_EFFECT_NONE,0,0,0,0,0,31,false,false,POCKET_ITEMS,0,0,0,0,false,false,false,false,false,false,false,false,false,false,false,false,0,0,0,0,0,0,0,false,false,false,false,false,false,false,false,false,false,false,false,false,false,0,0,0,0,0,0,0,0,0,0,0,0,0
ITEM_VULPIX_FUR,140,HOLD_EFFECT_NONE,0,0,0,0,0,31,false,false,POCKET_ITEMS,0,0,0,0,false,false,false,false,false,false,false,false,false,false,false,false,0,0,0,0,0,0,0,false,false,false,false,false,false,false,false,false,false,false,false,false,false,0,0,0,0,0,0,0,0,0,0,0,0,0
ITEM_POLIWAG_SLIME,140,HOLD_EFFECT_NONE,0,0,0,0,0,31,false,false,POCKET_ITEMS,0,0,0,0,false,false,false,false,false,false,false,false,false,false,false,false,0,0,0,0,0,0,0,false,false,false,false,false,false,false,false,false,false,false,false,false,false,0,0,0,0,0,0,0,0,0,0,0,0,0
ITEM_BELLSPROUT_VINE,100,HOLD_EFFECT_NONE,0,0,0,0,0,31,false,false,POCKET_ITEMS,0,0,0,0,false,false,false,false,false,false,false,false,false,false,false,false,0,0,0,0,0,0,0,false,false,false,false,false,false,false,false,false,false,false,false,false,false,0,0,0,0,0,0,0,0,0,0,0,0,0
ITEM_GEODUDE_FRAGMENT,120,HOLD_EFFECT_NONE,0,0,0,0,0,31,false,false,POCKET_ITEMS,0,0,0,0,false,false,false,false,false,false,false,false,false,false,false,false,0,0,0,0,0,0,0,false,false,false,false,false,false,false,false,false,false,false,false,false,false,0,0,0,0,0,0,0,0,0,0,0,0,0
ITEM_KOFFING_GAS,100,HOLD_EFFECT_NONE,0,0,0,0,0,31,false,false,POCKET_ITEMS,0,0,0,0,false,false,false,false,false,false,false,false,false,false,false,false,0,0,0,0,0,0,0,false,false,false,false,false,false,false,false,false,false,false,false,false,false,0,0,0,0,0,0,0,0,0,0,0,0,0
ITEM_MUNCHLAX_FANG,160,HOLD_EFFECT_NONE,0,0,0,0,0,31,false,false,POCKET_ITEMS,0,0,0,0,false,false,false,false,false,false,false,false,false,false,false,false,0,0,0,0,0,0,0,false,false,false,false,false,false,false,false,false,false,false,false,false,false,0,0,0,0,0,0,0,0,0,0,0,0,0
ITEM_SENTRET_FUR,40,HOLD_EFFECT_NONE,0,0,0,0,0,31,false,false,POCKET_ITEMS,0,0,0,0,false,false,false,false,false,false,false,false,false,false,false,false,0,0,0,0,0,0,0,false,false,false,false,false,false,false,false,false,false,false,false,false,false,0,0,0,0,0,0,0,0,0,0,0,0,0
ITEM_HOOTHOOT_FEATHER,60,HOLD_EFFECT_NONE,0,0,0,0,0,31,false,false,POCKET_ITEMS,0,0,0,0,false,false,false,false,false,false,false,false,false,false,false,false,0,0,0,0,0,0,0,false,false,false,false,false,false,false,false,false,false,false,false,false,false,0,0,0,0,0,0,0,0,0,0,0,0,0
ITEM_SPINARAK_THREAD,40,HOLD_EFFECT_NONE,0,0,0,0,0,31,false,false,POCKET_ITEMS,0,0,0,0,false,false,false,false,false,false,false,false,false,false,false,false,0,0,0,0,0,0,0,false,false,false,false,false,false,false,false,false,false,false,false,false,false,0,0,0,0,0,0,0,0,0,0,0,0,0
ITEM_AIPOM_HAIR,120,HOLD_EFFECT_NONE,0,0,0,0,0,31,false,false,POCKET_ITEMS,0,0,0,0,false,false,false,false,false,false,false,false,false,false,false,false,0,0,0,0,0,0,0,false,false,false,false,false,false,false,false,false,false,false,false,false,false,0,0,0,0,0,0,0,0,0,0,0,0,0
ITEM_YANMA_SPIKE,140,HOLD_EFFECT_NONE,0,0,0,0,0,31,false,false,POCKET_ITEMS,0,0,0,0,false,false,false,false,false,false,false,false,false,false,false,false,0,0,0,0,0,0,0,false,false,false,false,false,false,false,false,false,false,false,false,false,false,0,0,0,0,0,0,0,0,0,0,0,0,0
ITEM_GLIGAR_FANG,160,HOLD_EFFECT_NONE,0,0,0,0,0,31,false,false,POCKET_ITEMS,0,0,0,0,false,false,false,false,false,false,false,false,false,false,false,false,0,0,0,0,0,0,0,false,false,false,false,false,false,false,false,false,false,false,false,false,false,0,0,0,0,0,0,0,0,0,0,0,0,0
ITEM_SLUGMA_LAVA,80,HOLD_EFFECT_NONE,0,0,0,0,0,31,false,false,POCKET_ITEMS,0,0,0,0,false,false,false,false,false,false,false,false,false,false,false,false,0,0,0,0,0,0,0,false,false,false,false,false,false,false,false,false,false,false,false,false,false,0,0,0,0,0,0,0,0,0,0,0,0,0
ITEM_SWINUB_HAIR,140,HOLD_EFFECT_NONE,0,0,0,0,0,31,false,false,POCKET_ITEMS,0,0,0,0,false,false,false,false,false,false,false,false,false,false,false,false,0,0,0,0,0,0,0,false,false,false,false,false,false,false,false,false,false,false,false,false,false,0,0,0,0,0,0,0,0,0,0,0,0,0
ITEM_POOCHYENA_FANG,60,HOLD_EFFECT_NONE,0,0,0,0,0,31,false,false,POCKET_ITEMS,0,0,0,0,false,false,false,false,false,false,false,false,false,false,false,false,0,0,0,0,0,0,0,false,false,false,false,false,false,false,false,false,false,false,false,false,false,0,0,0,0,0,0,0,0,0,0,0,0,0
ITEM_LOTAD_LEAF,80,HOLD_EFFECT_NONE,0,0,0,0,0,31,false,false,POCKET_ITEMS,0,0,0,0,false,false,false,false,false,false,false,false,false,false,false,false,0,0,0,0,0,0,0,false,false,false,false,false,false,false,false,false,false,false,false,false,false,0,0,0,0,0,0,0,0,0,0,0,0,0
ITEM_SEEDOT_STEM,80,HOLD_EFFECT_NONE,0,0,0,0,0,31,false,false,POCKET_ITEMS,0,0,0,0,false,false,false,false,false,false,false,false,false,false,false,false,0,0,0,0,0,0,0,false,false,false,false,false,false,false,false,false,false,false,false,false,false,0,0,0,0,0,0,0,0,0,0,0,0,0
ITEM_NOSEPASS_FRAGMENT,160,HOLD_EFFECT_NONE,0,0,0,0,0,31,false,false,POCKET_ITEMS,0,0,0,0,false,false,false,false,false,false,false,false,false,false,false,false,0,0,0,0,0,0,0,false,false,false,false,false,false,false,false,false,false,false,false,false,false,0,0,0,0,0,0,0,0,0,0,0,0,0
ITEM_VOLBEAT_FLUID,40,HOLD_EFFECT_NONE,0,0,0,0,0,31,false,false,POCKET_ITEMS,0,0,0,0,false,false,false,false,false,false,false,false,false,false,false,false,0,0,0,0,0,0,0,false,false,false,false,false,false,false,false,false,false,false,false,false,false,0,0,0,0,0,0,0,0,0,0,0,0,0
ITEM_ILLUMISE_FLUID,40,HOLD_EFFECT_NONE,0,0,0,0,0,31,false,false,POCKET_ITEMS,0,0,0,0,false,false,false,false,false,false,false,false,false,false,false,false,0,0,0,0,0,0,0,false,false,false,false,false,false,false,false,false,false,false,false,false,false,0,0,0,0,0,0,0,0,0,0,0,0,0
ITEM_CORPHISH_SHELL,40,HOLD_EFFECT_NONE,0,0,0,0,0,31,false,false,POCKET_ITEMS,0,0,0,0,false,false,false,false,false,false,false,false,false,false,false,false,0,0,0,0,0,0,0,false,false,false,false,false,false,false,false,false,false,false,false,false,false,0,0,0,0,0,0,0,0,0,0,0,0,0
ITEM_FEEBAS_SCALES,140,HOLD_EFFECT_NONE,0,0,0,0,0,31,false,false,POCKET_ITEMS,0,0,0,0,false,false,false,false,false,false,false,false,false,false,false,false,0,0,0,0,0,0,0,false,false,false,false,false,false,false,false,false,false,false,false,false,false,0,0,0,0,0,0,0,0,0,0,0,0,0
ITEM_DUSKULL_FRAGMENT,160,HOLD_EFFECT_NONE,0,0,0,0,0,31,false,false,POCKET_ITEMS,0,0,0,0,false,false,false,false,false,false,false,false,false,false,false,false,0,0,0,0,0,0,0,false,false,false,false,false,false,false,false,false,false,false,false,false,false,0,0,0,0,0,0,0,0,0,0,0,0,0
ITEM_CHINGLING_FRAGMENT,80,HOLD_EFFECT_NONE,0,0,0,0,0,31,false,false,POCKET_ITEMS,0,0,0,0,false,false,false,false,false,false,false,false,false,false,false,false,0,0,0,0,0,0,0,false,false,false,false,false,false,false,false,false,false,false,false,false,false,0,0,0,0,0,0,0,0,0,0,0,0,0
ITEM_TIMBURR_SWEAT,120,HOLD_EFFECT_NONE,0,0,0,0,0,31,false,false,POCKET_ITEMS,0,0,0,0,false,false,false,false,false,false,false,false,false,false,false,false,0,0,0,0,0,0,0,false,false,false,false,false,false,false,false,false,false,false,false,false,false,0,0,0,0,0,0,0,0,0,0,0,0,0
ITEM_SEWADDLE_LEAF,80,HOLD_EFFECT_NONE,0,0,0,0,0,31,false,false,POCKET_ITEMS,0,0,0,0,false,false,false,false,false,false,false,false,false,false,false,false,0,0,0,0,0,0,0,false,false,false,false,false,false,false,false,false,false,false,false,false,false,0,0,0,0,0,0,0,0,0,0,0,0,0
ITEM_DUCKLETT_FEATHER,60,HOLD_EFFECT_NONE,0,0,0,0,0,31,false,false,POCKET_ITEMS,0,0,0,0,false,false,false,false,false,false,false,false,false,false,false,false,0,0,0,0,0,0,0,false,false,false,false,false,false,false,false,false,false,false,false,false,false,0,0,0,0,0,0,0,0,0,0,0,0,0
ITEM_LITWICK_SOOT,120,HOLD_EFFECT_NONE,0,0,0,0,0,31,false,false,POCKET_ITEMS,0,0,0,0,false,false,false,false,false,false,false,false,false,false,false,false,0,0,0,0,0,0,0,false,false,false,false,false,false,false,false,false,false,false,false,false,false,0,0,0,0,0,0,0,0,0,0,0,0,0
ITEM_MIENFOO_CLAW,160,HOLD_EFFECT_NONE,0,0,0,0,0,31,false,false,POCKET_ITEMS,0,0,0,0,false,false,false,false,false,false,false,false,false,false,false,false,0,0,0,0,0,0,0,false,false,false,false,false,false,false,false,false,false,false,false,false,false,0,0,0,0,0,0,0,0,0,0,0,0,0
ITEM_VULLABY_FEATHER,140,HOLD_EFFECT_NONE,0,0,0,0,0,31,false,false,POCKET_ITEMS,0,0,0,0,false,false,false,false,false,false,false,false,false,false,false,false,0,0,0,0,0,0,0,false,false,false,false,false,false,false,false,false,false,false,false,false,false,0,0,0,0,0,0,0,0,0,0,0,0,0
ITEM_CARBINK_JEWEL,200,HOLD_EFFECT_NONE,0,0,0,0,0,31,false,false,POCKET_ITEMS,0,0,0,0,false,false,false,false,false,false,false,false,false,false,false,false,0,0,0,0,0,0,0,false,false,false,false,false,false,false,false,false,false,false,false,false,false,0,0,0,0,0,0,0,0,0,0,0,0,0
ITEM_PHANTUMP_TWIG,80,HOLD_EFFECT_NONE,0,0,0,0,0,31,false,false,POCKET_ITEMS,0,0,0,0,false,false,false,false,false,false,false,false,false,false,false,false,0,0,0,0,0,0,0,false,false,false,false,false,false,false,false,false,false,false,false,false,false,0,0,0,0,0,0,0,0,0,0,0,0,0
ITEM_GRUBBIN_THREAD,100,HOLD_EFFECT_NONE,0,0,0,0,0,31,false,false,POCKET_ITEMS,0,0,0,0,false,false,false,false,false,false,false,false,false,false,false,false,0,0,0,0,0,0,0,false,false,false,false,false,false,false,false,false,false,false,false,false,false,0,0,0,0,0,0,0,0,0,0,0,0,0
ITEM_CUTIEFLY_POWDER,100,HOLD_EFFECT_NONE,0,0,0,0,0,31,false,false,POCKET_ITEMS,0,0,0,0,false,false,false,false,false,false,false,false,false,false,false,false,0,0,0,0,0,0,0,false,false,false,false,false,false,false,false,false,false,false,false,false,false,0,0,0,0,0,0,0,0,0,0,0,0,0
ITEM_JANGMO_O_SCALES,200,HOLD_EFFECT_NONE,0,0,0,0,0,31,false,false,POCKET_ITEMS,0,0,0,0,false,false,false,false,false,false,false,false,false,false,false,false,0,0,0,0,0,0,0,false,false,false,false,false,false,false,false,false,false,false,false,false,false,0,0,0,0,0,0,0,0,0,0,0,0,0
ITEM_CRAMORANT_DOWN,120,HOLD_EFFECT_NONE,0,0,0,0,0,31,false,false,POCKET_ITEMS,0,0,0,0,false,false,false,false,false,false,false,false,false,false,false,false,0,0,0,0,0,0,0,false,false,false,false,false,false,false,false,false,false,false,false,false,false,0,0,0,0,0,0,0,0,0,0,0,0,0
ITEM_MORPEKO_SNACK,60,HOLD_EFFECT_NONE,0,0,0,0,0,31,false,false,POCKET_ITEMS,0,0,0,0,false,false,false,false,false,false,false,false,false,false,false,false,0,0,0,0,0,0,0,false,false,false,false,false,false,false,false,false,false,false,false,false,false,0,0,0,0,0,0,0,0,0,0,0,0,0
ITEM_POLTCHAGEIST_POWDER,120,HOLD_EFFECT_NONE,0,0,0,0,0,31,false,false,POCKET_ITEMS,0,0,0,0,false,false,false,false,false,false,false,false,false,false,false,false,0,0,0,0,0,0,0,false,false,false,false,false,false,false,false,false,false,false,false,false,false,0,0,0,0,0,0,0,0,0,0,0,0,0
ITEM_FRESH_START_MOCHI,300,HOLD_EFFECT_NONE,0,0,0,20,0,31,false,false,POCKET_ITEMS,0,0,0,0,false,false,false,false,false,false,false,false,false,false,false,false,0,0,0,0,0,0,0,false,false,false,false,false,false,false,false,false,false,false,false,false,false,-128,-128,-128,-128,-128,-128,0,0,0,0,0,0,0
ITEM_ROTO_STICK,0,HOLD_EFFECT_NONE,0,0,0,0,0,31,false,false,POCKET_KEY_ITEMS,0,0,0,0,false,false,false,false,false,false,false,false,false,false,false,false,0,0,0,0,0,0,0,false,false,false,false,false,false,false,false,false,false,false,false,false,false,0,0,0,0,0,0,0,0,0,0,0,0,0
ITEM_GLIMMERING_CHARM,0,HOLD_EFFECT_NONE,0,0,0,0,0,31,false,false,POCKET_KEY_ITEMS,0,0,0,0,false,false,false,false,false,false,false,false,false,false,false,false,0,0,0,0,0,0,0,false,false,false,false,false,false,false,false,false,false,false,false,false,false,0,0,0,0,0,0,0,0,0,0,0,0,0
ITEM_INDIGO_STYLE_CARD,0,HOLD_EFFECT_NONE,0,0,0,0,0,TYPE_NORMAL,false,false,POCKET_ITEMS,0,0,0,0,false,false,false,false,false,false,false,false,false,false,false,false,0,0,0,0,0,0,0,false,false,false,false,false,false,false,false,false,false,false,false,false,false,0,0,0,0,0,0,0,0,0,0,0,0,0
ITEM_ODDISH_LEAF,0,HOLD_EFFECT_NONE,0,0,0,0,0,TYPE_NORMAL,false,false,POCKET_ITEMS,0,0,0,0,false,false,false,false,false,false,false,false,false,false,false,false,0,0,0,0,0,0,0,false,false,false,false,false,false,false,false,false,false,false,false,false,false,0,0,0,0,0,0,0,0,0,0,0,0,0
ITEM_TENTACOOL_STINGER,0,HOLD_EFFECT_NONE,0,0,0,0,0,TYPE_NORMAL,false,false,POCKET_ITEMS,0,0,0,0,false,false,false,false,false,false,false,false,false,false,false,false,0,0,0,0,0,0,0,false,false,false,false,false,false,false,false,false,false,false,false,false,false,0,0,0,0,0,0,0,0,0,0,0,0,0
ITEM_DODUO_DOWN,0,HOLD_EFFECT_NONE,0,0,0,0,0,TYPE_NORMAL,false,false,POCKET_ITEMS,0,0,0,0,false,false,false,false,false,false,false,false,false,false,false,false,0,0,0,0,0,0,0,false,false,false,false,false,false,false,false,false,false,false,false,false,false,0,0,0,0,0,0,0,0,0,0,0,0,0
ITEM_SEEL_FUR,0,HOLD_EFFECT_NONE,0,0,0,0,0,TYPE_NORMAL,false,false,POCKET_ITEMS,0,0,0,0,false,false,false,false,false,false,false,false,false,false,false,false,0,0,0,0,0,0,0,false,false,false,false,false,false,false,false,false,false,false,false,false,false,0,0,0,0,0,0,0,0,0,0,0,0,0
ITEM_EXEGGCUTE_SHELL,0,HOLD_EFFECT_NONE,0,0,0,0,0,TYPE_NORMAL,false,false,POCKET_ITEMS,0,0,0,0,false,false,false,false,false,false,false,false,false,false,false,false,0,0,0,0,0,0,0,false,false,false,false,false,false,false,false,false,false,false,false,false,false,0,0,0,0,0,0,0,0,0,0,0,0,0
ITEM_TYROGUE_SWEAT,0,HOLD_EFFECT_NONE,0,0,0,0,0,TYPE_NORMAL,false,false,POCKET_ITEMS,0,0,0,0,false,false,false,false,false,false,false,false,false,false,false,false,0,0,0,0,0,0,0,false,false,false,false,false,false,false,false,false,false,false,false,false,false,0,0,0,0,0,0,0,0,0,0,0,0,0
ITEM_RHYHORN_FANG,0,HOLD_EFFECT_NONE,0,0,0,0,0,TYPE_NORMAL,false,false,POCKET_ITEMS,0,0,0,0,false,false,false,false,false,false,false,false,false,false,false,false,0,0,0,0,0,0,0,false,false,false,false,false,false,false,false,false,false,false,false,false,false,0,0,0,0,0,0,0,0,0,0,0,0,0
ITEM_HORSEA_INK,0,HOLD_EFFECT_NONE,0,0,0,0,0,TYPE_NORMAL,false,false,POCKET_ITEMS,0,0,0,0,false,false,false,false,false,false,false,false,false,false,false,false,0,0,0,0,0,0,0,false,false,false,false,false,false,false,false,false,false,false,false,false,false,0,0,0,0,0,0,0,0,0,0,0,0,0
ITEM_ELEKID_FUR,0,HOLD_EFFECT_NONE,0,0,0,0,0,TYPE_NORMAL,false,false,POCKET_ITEMS,0,0,0,0,false,false,false,false,false,false,false,false,false,false,false,false,0,0,0,0,0,0,0,false,false,false,false,false,false,false,false,false,false,false,false,false,false,0,0,0,0,0,0,0,0,0,0,0,0,0
ITEM_MAGBY_HAIR,0,HOLD_EFFECT_NONE,0,0,0,0,0,TYPE_NORMAL,false,false,POCKET_ITEMS,0,0,0,0,false,false,false,false,false,false,false,false,false,false,false,false,0,0,0,0,0,0,0,false,false,false,false,false,false,false,false,false,false,false,false,false,false,0,0,0,0,0,0,0,0,0,0,0,0,0
ITEM_LAPRAS_TEARDROP,0,HOLD_EFFECT_NONE,0,0,0,0,0,TYPE_NORMAL,false,false,POCKET_ITEMS,0,0,0,0,false,false,false,false,false,false,false,false,false,false,false,false,0,0,0,0,0,0,0,false,false,false,false,false,false,false,false,false,false,false,false,false,false,0,0,0,0,0,0,0,0,0,0,0,0,0
ITEM_PORYGON_FRAGMENT,0,HOLD_EFFECT_NONE,0,0,0,0,0,TYPE_NORMAL,false,false,POCKET_ITEMS,0,0,0,0,false,false,false,false,false,false,false,false,false,false,false,false,0,0,0,0,0,0,0,false,false,false,false,false,false,false,false,false,false,false,false,false,false,0,0,0,0,0,0,0,0,0,0,0,0,0
ITEM_CHINCHOU_SPARKS,0,HOLD_EFFECT_NONE,0,0,0,0,0,TYPE_NORMAL,false,false,POCKET_ITEMS,0,0,0,0,false,false,false,false,false,false,false,false,false,false,false,false,0,0,0,0,0,0,0,false,false,false,false,false,false,false,false,false,false,false,false,false,false,0,0,0,0,0,0,0,0,0,0,0,0,0
ITEM_SNUBBULL_HAIR,0,HOLD_EFFECT_NONE,0,0,0,0,0,TYPE_NORMAL,false,false,POCKET_ITEMS,0,0,0,0,false,false,false,false,false,false,false,false,false,false,false,false,0,0,0,0,0,0,0,false,false,false,false,false,false,false,false,false,false,false,false,false,false,0,0,0,0,0,0,0,0,0,0,0,0,0
ITEM_SKARMORY_FEATHER,0,HOLD_EFFECT_NONE,0,0,0,0,0,TYPE_NORMAL,false,false,POCKET_ITEMS,0,0,0,0,false,false,false,false,false,false,false,false,false,false,false,false,0,0,0,0,0,0,0,false,false,false,false,false,false,false,false,false,false,false,false,false,false,0,0,0,0,0,0,0,0,0,0,0,0,0
ITEM_SMEARGLE_PAINT,0,HOLD_EFFECT_NONE,0,0,0,0,0,TYPE_NORMAL,false,false,POCKET_ITEMS,0,0,0,0,false,false,false,false,false,false,false,false,false,false,false,false,0,0,0,0,0,0,0,false,false,false,false,false,false,false,false,false,false,false,false,false,false,0,0,0,0,0,0,0,0,0,0,0,0,0
ITEM_PLUSLE_FUR,0,HOLD_EFFECT_NONE,0,0,0,0,0,TYPE_NORMAL,false,false,POCKET_ITEMS,0,0,0,0,false,false,false,false,false,false,false,false,false,false,false,false,0,0,0,0,0,0,0,false,false,false,false,false,false,false,false,false,false,false,false,false,false,0,0,0,0,0,0,0,0,0,0,0,0,0
ITEM_MINUN_FUR,0,HOLD_EFFECT_NONE,0,0,0,0,0,TYPE_NORMAL,false,false,POCKET_ITEMS,0,0,0,0,false,false,false,false,false,false,false,false,false,false,false,false,0,0,0,0,0,0,0,false,false,false,false,false,false,false,false,false,false,false,false,false,false,0,0,0,0,0,0,0,0,0,0,0,0,0
ITEM_TRAPINCH_SHELL,0,HOLD_EFFECT_NONE,0,0,0,0,0,TYPE_NORMAL,false,false,POCKET_ITEMS,0,0,0,0,false,false,false,false,false,false,false,false,false,false,false,false,0,0,0,0,0,0,0,false,false,false,false,false,false,false,false,false,false,false,false,false,false,0,0,0,0,0,0,0,0,0,0,0,0,0
ITEM_BELDUM_CLAW,0,HOLD_EFFECT_NONE,0,0,0,0,0,TYPE_NORMAL,false,false,POCKET_ITEMS,0,0,0,0,false,false,false,false,false,false,false,false,false,false,false,false,0,0,0,0,0,0,0,false,false,false,false,false,false,false,false,false,false,false,false,false,false,0,0,0,0,0,0,0,0,0,0,0,0,0
ITEM_CRANIDOS_SPIKE,0,HOLD_EFFECT_NONE,0,0,0,0,0,TYPE_NORMAL,false,false,POCKET_ITEMS,0,0,0,0,false,false,false,false,false,false,false,false,false,false,false,false,0,0,0,0,0,0,0,false,false,false,false,false,false,false,false,false,false,false,false,false,false,0,0,0,0,0,0,0,0,0,0,0,0,0
ITEM_SHIELDON_CLAW,0,HOLD_EFFECT_NONE,0,0,0,0,0,TYPE_NORMAL,false,false,POCKET_ITEMS,0,0,0,0,false,false,false,false,false,false,false,false,false,false,false,false,0,0,0,0,0,0,0,false,false,false,false,false,false,false,false,false,false,false,false,false,false,0,0,0,0,0,0,0,0,0,0,0,0,0
ITEM_BLITZLE_MANE_HAIR,0,HOLD_EFFECT_NONE,0,0,0,0,0,TYPE_NORMAL,false,false,POCKET_ITEMS,0,0,0,0,false,false,false,false,false,false,false,false,false,false,false,false,0,0,0,0,0,0,0,false,false,false,false,false,false,false,false,false,false,false,false,false,false,0,0,0,0,0,0,0,0,0,0,0,0,0
ITEM_DRILBUR_CLAW,0,HOLD_EFFECT_NONE,0,0,0,0,0,TYPE_NORMAL,false,false,POCKET_ITEMS,0,0,0,0,false,false,false,false,false,false,false,false,false,false,false,false,0,0,0,0,0,0,0,false,false,false,false,false,false,false,false,false,false,false,false,false,false,0,0,0,0,0,0,0,0,0,0,0,0,0
ITEM_COTTONEE_FLUFF,0,HOLD_EFFECT_NONE,0,0,0,0,0,TYPE_NORMAL,false,false,POCKET_ITEMS,0,0,0,0,false,false,false,false,false,false,false,false,false,false,false,false,0,0,0,0,0,0,0,false,false,false,false,false,false,false,false,false,false,false,false,false,false,0,0,0,0,0,0,0,0,0,0,0,0,0
ITEM_SCRAGGY_SWEAT,0,HOLD_EFFECT_NONE,0,0,0,0,0,TYPE_NORMAL,false,false,POCKET_ITEMS,0,0,0,0,false,false,false,false,false,false,false,false,false,false,false,false,0,0,0,0,0,0,0,false,false,false,false,false,false,false,false,false,false,false,false,false,false,0,0,0,0,0,0,0,0,0,0,0,0,0
ITEM_MINCCINO_FUR,0,HOLD_EFFECT_NONE,0,0,0,0,0,TYPE_NORMAL,false,false,POCKET_ITEMS,0,0,0,0,false,false,false,false,false,false,false,false,false,false,false,false,0,0,0,0,0,0,0,false,false,false,false,false,false,false,false,false,false,false,false,false,false,0,0,0,0,0,0,0,0,0,0,0,0,0
ITEM_SOLOSIS_GEL,0,HOLD_EFFECT_NONE,0,0,0,0,0,TYPE_NORMAL,false,false,POCKET_ITEMS,0,0,0,0,false,false,false,false,false,false,false,false,false,false,false,false,0,0,0,0,0,0,0,false,false,false,false,false,false,false,false,false,false,false,false,false,false,0,0,0,0,0,0,0,0,0,0,0,0,0
ITEM_JOLTIK_THREAD,0,HOLD_EFFECT_NONE,0,0,0,0,0,TYPE_NORMAL,false,false,POCKET_ITEMS,0,0,0,0,false,false,false,false,false,false,false,false,false,false,false,false,0,0,0,0,0,0,0,false,false,false,false,false,false,false,false,false,false,false,false,false,false,0,0,0,0,0,0,0,0,0,0,0,0,0
ITEM_GOLETT_SHARD,0,HOLD_EFFECT_NONE,0,0,0,0,0,TYPE_NORMAL,false,false,POCKET_ITEMS,0,0,0,0,false,false,false,false,false,false,false,false,false,false,false,false,0,0,0,0,0,0,0,false,false,false,false,false,false,false,false,false,false,false,false,false,false,0,0,0,0,0,0,0,0,0,0,0,0,0
ITEM_ESPURR_FUR,0,HOLD_EFFECT_NONE,0,0,0,0,0,TYPE_NORMAL,false,false,POCKET_ITEMS,0,0,0,0,false,false,false,false,false,false,false,false,false,false,false,false,0,0,0,0,0,0,0,false,false,false,false,false,false,false,false,false,false,false,false,false,false,0,0,0,0,0,0,0,0,0,0,0,0,0
ITEM_INKAY_INK,0,HOLD_EFFECT_NONE,0,0,0,0,0,TYPE_NORMAL,false,false,POCKET_ITEMS,0,0,0,0,false,false,false,false,false,false,false,false,false,false,false,false,0,0,0,0,0,0,0,false,false,false,false,false,false,false,false,false,false,false,false,false,false,0,0,0,0,0,0,0,0,0,0,0,0,0
ITEM_PIKIPEK_FEATHER,0,HOLD_EFFECT_NONE,0,0,0,0,0,TYPE_NORMAL,false,false,POCKET_ITEMS,0,0,0,0,false,false,false,false,false,false,false,false,false,false,false,false,0,0,0,0,0,0,0,false,false,false,false,false,false,false,false,false,false,false,false,false,false,0,0,0,0,0,0,0,0,0,0,0,0,0
ITEM_DEWPIDER_THREAD,0,HOLD_EFFECT_NONE,0,0,0,0,0,TYPE_NORMAL,false,false,POCKET_ITEMS,0,0,0,0,false,false,false,false,false,false,false,false,false,false,false,false,0,0,0,0,0,0,0,false,false,false,false,false,false,false,false,false,false,false,false,false,false,0,0,0,0,0,0,0,0,0,0,0,0,0
ITEM_COMFEY_FLOWER,0,HOLD_EFFECT_NONE,0,0,0,0,0,TYPE_NORMAL,false,false,POCKET_ITEMS,0,0,0,0,false,false,false,false,false,false,false,false,false,false,false,false,0,0,0,0,0,0,0,false,false,false,false,false,false,false,false,false,false,false,false,false,false,0,0,0,0,0,0,0,0,0,0,0,0,0
ITEM_MINIOR_SHELL,0,HOLD_EFFECT_NONE,0,0,0,0,0,TYPE_NORMAL,false,false,POCKET_ITEMS,0,0,0,0,false,false,false,false,false,false,false,false,false,false,false,false,0,0,0,0,0,0,0,false,false,false,false,false,false,false,false,false,false,false,false,false,false,0,0,0,0,0,0,0,0,0,0,0,0,0
ITEM_MILCERY_CREAM,0,HOLD_EFFECT_NONE,0,0,0,0,0,TYPE_NORMAL,false,false,POCKET_ITEMS,0,0,0,0,false,false,false,false,false,false,false,false,false,false,false,false,0,0,0,0,0,0,0,false,false,false,false,false,false,false,false,false,false,false,false,false,false,0,0,0,0,0,0,0,0,0,0,0,0,0
ITEM_DURALUDON_TARNISH,0,HOLD_EFFECT_NONE,0,0,0,0,0,TYPE_NORMAL,false,false,POCKET_ITEMS,0,0,0,0,false,false,false,false,false,false,false,false,false,false,false,false,0,0,0,0,0,0,0,false,false,false,false,false,false,false,false,false,false,false,false,false,false,0,0,0,0,0,0,0,0,0,0,0,0,0
ITEM_ARTICUNO_TREAT,0,HOLD_EFFECT_NONE,0,0,0,0,0,TYPE_NORMAL,false,false,POCKET_ITEMS,0,0,0,0,false,false,false,false,false,false,false,false,false,false,false,false,0,0,0,0,0,0,0,false,false,false,false,false,false,false,false,false,false,false,false,false,false,0,0,0,0,0,0,0,0,0,0,0,0,0
ITEM_ZAPDOS_TREAT,0,HOLD_EFFECT_NONE,0,0,0,0,0,TYPE_NORMAL,false,false,POCKET_ITEMS,0,0,0,0,false,false,false,false,false,false,false,false,false,false,false,false,0,0,0,0,0,0,0,false,false,false,false,false,false,false,false,false,false,false,false,false,false,0,0,0,0,0,0,0,0,0,0,0,0,0
ITEM_MOLTRES_TREAT,0,HOLD_EFFECT_NONE,0,0,0,0,0,TYPE_NORMAL,false,false,POCKET_ITEMS,0,0,0,0,false,false,false,false,false,false,false,false,false,false,false,false,0,0,0,0,0,0,0,false,false,false,false,false,false,false,false,false,false,false,false,false,false,0,0,0,0,0,0,0,0,0,0,0,0,0
ITEM_RAIKOU_TREAT,0,HOLD_EFFECT_NONE,0,0,0,0,0,TYPE_NORMAL,false,false,POCKET_ITEMS,0,0,0,0,false,false,false,false,false,false,false,false,false,false,false,false,0,0,0,0,0,0,0,false,false,false,false,false,false,false,false,false,false,false,false,false,false,0,0,0,0,0,0,0,0,0,0,0,0,0
ITEM_ENTEI_TREAT,0,HOLD_EFFECT_NONE,0,0,0,0,0,TYPE_NORMAL,false,false,POCKET_ITEMS,0,0,0,0,false,false,false,false,false,false,false,false,false,false,false,false,0,0,0,0,0,0,0,false,false,false,false,false,false,false,false,false,false,false,false,false,false,0,0,0,0,0,0,0,0,0,0,0,0,0
ITEM_SUICUNE_TREAT,0,HOLD_EFFECT_NONE,0,0,0,0,0,TYPE_NORMAL,false,false,POCKET_ITEMS,0,0,0,0,false,false,false,false,false,false,false,false,false,false,false,false,0,0,0,0,0,0,0,false,false,false,false,false,false,false,false,false,false,false,false,false,false,0,0,0,0,0,0,0,0,0,0,0,0,0
ITEM_LUGIA_TREAT,0,HOLD_EFFECT_NONE,0,0,0,0,0,TYPE_NORMAL,false,false,POCKET_ITEMS,0,0,0,0,false,false,false,false,false,false,false,false,false,false,false,false,0,0,0,0,0,0,0,false,false,false,false,false,false,false,false,false,false,false,false,false,false,0,0,0,0,0,0,0,0,0,0,0,0,0
ITEM_HO_OH_TREAT,0,HOLD_EFFECT_NONE,0,0,0,0,0,TYPE_NORMAL,false,false,POCKET_ITEMS,0,0,0,0,false,false,false,false,false,false,false,false,false,false,false,false,0,0,0,0,0,0,0,false,false,false,false,false,false,false,false,false,false,false,false,false,false,0,0,0,0,0,0,0,0,0,0,0,0,0
ITEM_LATIAS_TREAT,0,HOLD_EFFECT_NONE,0,0,0,0,0,TYPE_NORMAL,false,false,POCKET_ITEMS,0,0,0,0,false,false,false,false,false,false,false,false,false,false,false,false,0,0,0,0,0,0,0,false,false,false,false,false,false,false,false,false,false,false,false,false,false,0,0,0,0,0,0,0,0,0,0,0,0,0
ITEM_LATIOS_TREAT,0,HOLD_EFFECT_NONE,0,0,0,0,0,TYPE_NORMAL,false,false,POCKET_ITEMS,0,0,0,0,false,false,false,false,false,false,false,false,false,false,false,false,0,0,0,0,0,0,0,false,false,false,false,false,false,false,false,false,false,false,false,false,false,0,0,0,0,0,0,0,0,0,0,0,0,0
ITEM_KYOGRE_TREAT,0,HOLD_EFFECT_NONE,0,0,0,0,0,TYPE_NORMAL,false,false,POCKET_ITEMS,0,0,0,0,false,false,false,false,false,false,false,false,false,false,false,false,0,0,0,0,0,0,0,false,false,false,false,false,false,false,false,false,false,false,false,false,false,0,0,0,0,0,0,0,0,0,0,0,0,0
ITEM_GROUDON_TREAT,0,HOLD_EFFECT_NONE,0,0,0,0,0,TYPE_NORMAL,false,false,POCKET_ITEMS,0,0,0,0,false,false,false,false,false,false,false,false,false,false,false,false,0,0,0,0,0,0,0,false,false,false,false,false,false,false,false,false,false,false,false,false,false,0,0,0,0,0,0,0,0,0,0,0,0,0
ITEM_RAYQUAZA_TREAT,0,HOLD_EFFECT_NONE,0,0,0,0,0,TYPE_NORMAL,false,false,POCKET_ITEMS,0,0,0,0,false,false,false,false,false,false,false,false,false,false,false,false,0,0,0,0,0,0,0,false,false,false,false,false,false,false,false,false,false,false,false,false,false,0,0,0,0,0,0,0,0,0,0,0,0,0
ITEM_COBALION_TREAT,0,HOLD_EFFECT_NONE,0,0,0,0,0,TYPE_NORMAL,false,false,POCKET_ITEMS,0,0,0,0,false,false,false,false,false,false,false,false,false,false,false,false,0,0,0,0,0,0,0,false,false,false,false,false,false,false,false,false,false,false,false,false,false,0,0,0,0,0,0,0,0,0,0,0,0,0
ITEM_TERRAKION_TREAT,0,HOLD_EFFECT_NONE,0,0,0,0,0,TYPE_NORMAL,false,false,POCKET_ITEMS,0,0,0,0,false,false,false,false,false,false,false,false,false,false,false,false,0,0,0,0,0,0,0,false,false,false,false,false,false,false,false,false,false,false,false,false,false,0,0,0,0,0,0,0,0,0,0,0,0,0
ITEM_VIRIZION_TREAT,0,HOLD_EFFECT_NONE,0,0,0,0,0,TYPE_NORMAL,false,false,POCKET_ITEMS,0,0,0,0,false,false,false,false,false,false,false,false,false,false,false,false,0,0,0,0,0,0,0,false,false,false,false,false,false,false,false,false,false,false,false,false,false,0,0,0,0,0,0,0,0,0,0,0,0,0
ITEM_RESHIRAM_TREAT,0,HOLD_EFFECT_NONE,0,0,0,0,0,TYPE_NORMAL,false,false,POCKET_ITEMS,0,0,0,0,false,false,false,false,false,false,false,false,false,false,false,false,0,0,0,0,0,0,0,false,false,false,false,false,false,false,false,false,false,false,false,false,false,0,0,0,0,0,0,0,0,0,0,0,0,0
ITEM_ZEKROM_TREAT,0,HOLD_EFFECT_NONE,0,0,0,0,0,TYPE_NORMAL,false,false,POCKET_ITEMS,0,0,0,0,false,false,false,false,false,false,false,false,false,false,false,false,0,0,0,0,0,0,0,false,false,false,false,false,false,false,false,false,false,false,false,false,false,0,0,0,0,0,0,0,0,0,0,0,0,0
ITEM_KYUREM_TREAT,0,HOLD_EFFECT_NONE,0,0,0,0,0,TYPE_NORMAL,false,false,POCKET_ITEMS,0,0,0,0,false,false,false,false,false,false,false,false,false,false,false,false,0,0,0,0,0,0,0,false,false,false,false,false,false,false,false,false,false,false,false,false,false,0,0,0,0,0,0,0,0,0,0,0,0,0
ITEM_SOLGALEO_TREAT,0,HOLD_EFFECT_NONE,0,0,0,0,0,TYPE_NORMAL,false,false,POCKET_ITEMS,0,0,0,0,false,false,false,false,false,false,false,false,false,false,false,false,0,0,0,0,0,0,0,false,false,false,false,false,false,false,false,false,false,false,false,false,false,0,0,0,0,0,0,0,0,0,0,0,0,0
ITEM_LUNALA_TREAT,0,HOLD_EFFECT_NONE,0,0,0,0,0,TYPE_NORMAL,false,false,POCKET_ITEMS,0,0,0,0,false,false,false,false,false,false,false,false,false,false,false,false,0,0,0,0,0,0,0,false,false,false,false,false,false,false,false,false,false,false,false,false,false,0,0,0,0,0,0,0,0,0,0,0,0,0
ITEM_NECROZMA_TREAT,0,HOLD_EFFECT_NONE,0,0,0,0,0,TYPE_NORMAL,false,false,POCKET_ITEMS,0,0,0,0,false,false,false,false,false,false,false,false,false,false,false,false,0,0,0,0,0,0,0,false,false,false,false,false,false,false,false,false,false,false,false,false,false,0,0,0,0,0,0,0,0,0,0,0,0,0
ITEM_KUBFU_TREAT,0,HOLD_EFFECT_NONE,0,0,0,0,0,TYPE_NORMAL,false,false,POCKET_ITEMS,0,0,0,0,false,false,false,false,false,false,false,false,false,false,false,false,0,0,0,0,0,0,0,false,false,false,false,false,false,false,false,false,false,false,false,false,false,0,0,0,0,0,0,0,0,0,0,0,0,0
ITEM_GLASTRIER_TREAT,0,HOLD_EFFECT_NONE,0,0,0,0,0,TYPE_NORMAL,false,false,POCKET_ITEMS,0,0,0,0,false,false,false,false,false,false,false,false,false,false,false,false,0,0,0,0,0,0,0,false,false,false,false,false,false,false,false,false,false,false,false,false,false,0,0,0,0,0,0,0,0,0,0,0,0,0
ITEM_SPECTRIER_TREAT,0,HOLD_EFFECT_NONE,0,0,0,0,0,TYPE_NORMAL,false,false,POCKET_ITEMS,0,0,0,0,false,false,false,false,false,false,false,false,false,false,false,false,0,0,0,0,0,0,0,false,false,false,false,false,false,false,false,false,false,false,false,false,false,0,0,0,0,0,0,0,0,0,0,0,0,0
ITEM_INDIGO_DISK,0,HOLD_EFFECT_NONE,0,0,0,0,0,TYPE_NORMAL,false,false,POCKET_ITEMS,0,0,0,0,false,false,false,false,false,false,false,false,false,false,false,false,0,0,0,0,0,0,0,false,false,false,false,false,false,false,false,false,false,false,false,false,false,0,0,0,0,0,0,0,0,0,0,0,0,0
ITEM_FIERY_PICK,0,HOLD_EFFECT_NONE,0,0,0,0,0,TYPE_NORMAL,false,false,POCKET_ITEMS,0,0,0,0,false,false,false,false,false,false,false,false,false,false,false,false,0,0,0,0,0,0,0,false,false,false,false,false,false,false,false,false,false,false,false,false,false,0,0,0,0,0,0,0,0,0,0,0,0,0
ITEM_STELLAR_TERA_SHARD,0,HOLD_EFFECT_NONE,0,0,0,0,0,TYPE_NORMAL,false,false,POCKET_ITEMS,0,0,0,0,false,false,false,false,false,false,false,false,false,false,false,false,0,0,0,0,0,0,0,false,false,false,false,false,false,false,false,false,false,false,false,false,false,0,0,0,0,0,0,0,0,0,0,0,0,0
ITEM_MYTHICAL_PECHA_BERRY,0,HOLD_EFFECT_NONE,0,0,0,0,0,TYPE_NORMAL,false,false,POCKET_ITEMS,0,0,0,0,false,false,false,false,false,false,false,false,false,false,false,false,0,0,0,0,0,0,0,false,false,false,false,false,false,false,false,false,false,false,false,false,false,0,0,0,0,0,0,0,0,0,0,0,0,0
ITEM_BLUEBERRY_TABLECLOTH,0,HOLD_EFFECT_NONE,0,0,0,0,0,TYPE_NORMAL,false,false,POCKET_ITEMS,0,0,0,0,false,false,false,false,false,false,false,false,false,false,false,false,0,0,0,0,0,0,0,false,false,false,false,false,false,false,false,false,false,false,false,false,false,0,0,0,0,0,0,0,0,0,0,0,0,0
ITEM_BLUEBERRY_CHAIRS,0,HOLD_EFFECT_NONE,0,0,0,0,0,TYPE_NORMAL,false,false,POCKET_ITEMS,0,0,0,0,false,false,false,false,false,false,false,false,false,false,false,false,0,0,0,0,0,0,0,false,false,false,false,false,false,false,false,false,false,false,false,false,false,0,0,0,0,0,0,0,0,0,0,0,0,0
ITEM_SYNCHRO_MACHINE,0,HOLD_EFFECT_NONE,0,0,0,0,0,TYPE_NORMAL,false,false,POCKET_ITEMS,0,0,0,0,false,false,false,false,false,false,false,false,false,false,false,false,0,0,0,0,0,0,0,false,false,false,false,false,false,false,false,false,false,false,false,false,false,0,0,0,0,0,0,0,0,0,0,0,0,0
ITEM_METEORITE_SV_DEOXYS,0,HOLD_EFFECT_NONE,0,0,0,0,0,TYPE_NORMAL,false,false,POCKET_ITEMS,0,0,0,0,false,false,false,false,false,false,false,false,false,false,false,false,0,0,0,0,0,0,0,false,false,false,false,false,false,false,false,false,false,false,false,false,false,0,0,0,0,0,0,0,0,0,0,0,0,0
ITEM_SCARLET_BOOK_SVID,0,HOLD_EFFECT_NONE,0,0,0,0,0,TYPE_NORMAL,false,false,POCKET_ITEMS,0,0,0,0,false,false,false,false,false,false,false,false,false,false,false,false,0,0,0,0,0,0,0,false,false,false,false,false,false,false,false,false,false,false,false,false,false,0,0,0,0,0,0,0,0,0,0,0,0,0
ITEM_VIOLET_BOOK_SVID,0,HOLD_EFFECT_NONE,0,0,0,0,0,TYPE_NORMAL,false,false,POCKET_ITEMS,0,0,0,0,false,false,false,false,false,false,false,false,false,false,false,false,0,0,0,0,0,0,0,false,false,false,false,false,false,false,false,false,false,false,false,false,false,0,0,0,0,0,0,0,0,0,0,0,0,0
ITEM_BRIARS_BOOK,0,HOLD_EFFECT_NONE,0,0,0,0,0,TYPE_NORMAL,false,false,POCKET_ITEMS,0,0,0,0,false,false,false,false,false,false,false,false,false,false,false,false,0,0,0,0,0,0,0,false,false,false,false,false,false,false,false,false,false,false,false,false,false,0,0,0,0,0,0,0,0,0,0,0,0,0
ITEM_SEED_OF_MASTERY_PLZA,0,HOLD_EFFECT_NONE,0,0,0,0,0,TYPE_NORMAL,false,false,POCKET_ITEMS,0,0,0,0,false,false,false,false,false,false,false,false,false,false,false,false,0,0,0,0,0,0,0,false,false,false,false,false,false,false,false,false,false,false,false,false,false,0,0,0,0,0,0,0,0,0,0,0,0,0
ITEM_CLEFABLITE,0,HOLD_EFFECT_NONE,0,0,0,0,0,31,false,false,POCKET_ITEMS,0,0,0,1,false,false,false,false,false,false,false,false,false,false,false,false,0,0,0,0,0,0,0,false,false,false,false,false,false,false,false,false,false,false,false,false,false,0,0,0,0,0,0,0,0,0,0,0,0,0
ITEM_VICTREEBELITE,0,HOLD_EFFECT_NONE,0,0,0,0,0,31,false,false,POCKET_ITEMS,0,0,0,1,false,false,false,false,false,false,false,false,false,false,false,false,0,0,0,0,0,0,0,false,false,false,false,false,false,false,false,false,false,false,false,false,false,0,0,0,0,0,0,0,0,0,0,0,0,0
ITEM_STARMINITE,0,HOLD_EFFECT_NONE,0,0,0,0,0,31,false,false,POCKET_ITEMS,0,0,0,1,false,false,false,false,false,false,false,false,false,false,false,false,0,0,0,0,0,0,0,false,false,false,false,false,false,false,false,false,false,false,false,false,false,0,0,0,0,0,0,0,0,0,0,0,0,0
ITEM_DRAGONINITE,0,HOLD_EFFECT_NONE,0,0,0,0,0,31,false,false,POCKET_ITEMS,0,0,0,1,false,false,false,false,false,false,false,false,false,false,false,false,0,0,0,0,0,0,0,false,false,false,false,false,false,false,false,false,false,false,false,false,false,0,0,0,0,0,0,0,0,0,0,0,0,0
ITEM_MEGANIUMITE,0,HOLD_EFFECT_NONE,0,0,0,0,0,31,false,false,POCKET_ITEMS,0,0,0,1,false,false,false,false,false,false,false,false,false,false,false,false,0,0,0,0,0,0,0,false,false,false,false,false,false,false,false,false,false,false,false,false,false,0,0,0,0,0,0,0,0,0,0,0,0,0
ITEM_FERALIGITE,0,HOLD_EFFECT_NONE,0,0,0,0,0,31,false,false,POCKET_ITEMS,0,0,0,1,false,false,false,false,false,false,false,false,false,false,false,false,0,0,0,0,0,0,0,false,false,false,false,false,false,false,false,false,false,false,false,false,false,0,0,0,0,0,0,0,0,0,0,0,0,0
ITEM_SKARMORITE,0,HOLD_EFFECT_NONE,0,0,0,0,0,31,false,false,POCKET_ITEMS,0,0,0,1,false,false,false,false,false,false,false,false,false,false,false,false,0,0,0,0,0,0,0,false,false,false,false,false,false,false,false,false,false,false,false,false,false,0,0,0,0,0,0,0,0,0,0,0,0,0
ITEM_FROSLASSITE,0,HOLD_EFFECT_NONE,0,0,0,0,0,31,false,false,POCKET_ITEMS,0,0,0,1,false,false,false,false,false,false,false,false,false,false,false,false,0,0,0,0,0,0,0,false,false,false,false,false,false,false,false,false,false,false,false,false,false,0,0,0,0,0,0,0,0,0,0,0,0,0
ITEM_HEATRANITE,0,HOLD_EFFECT_NONE,0,0,0,0,0,31,false,false,POCKET_ITEMS,0,0,0,1,false,false,false,false,false,false,false,false,false,false,false,false,0,0,0,0,0,0,0,false,false,false,false,false,false,false,false,false,false,false,false,false,false,0,0,0,0,0,0,0,0,0,0,0,0,0
ITEM_DARKRANITE,0,HOLD_EFFECT_NONE,0,0,0,0,0,31,false,false,POCKET_ITEMS,0,0,0,1,false,false,false,false,false,false,false,false,false,false,false,false,0,0,0,0,0,0,0,false,false,false,false,false,false,false,false,false,false,false,false,false,false,0,0,0,0,0,0,0,0,0,0,0,0,0
ITEM_EMBOARITE,0,HOLD_EFFECT_NONE,0,0,0,0,0,31,false,false,POCKET_ITEMS,0,0,0,1,false,false,false,false,false,false,false,false,false,false,false,false,0,0,0,0,0,0,0,false,false,false,false,false,false,false,false,false,false,false,false,false,false,0,0,0,0,0,0,0,0,0,0,0,0,0
ITEM_EXCADRITE,0,HOLD_EFFECT_NONE,0,0,0,0,0,31,false,false,POCKET_ITEMS,0,0,0,1,false,false,false,false,false,false,false,false,false,false,false,false,0,0,0,0,0,0,0,false,false,false,false,false,false,false,false,false,false,false,false,false,false,0,0,0,0,0,0,0,0,0,0,0,0,0
ITEM_SCOLIPITE,0,HOLD_EFFECT_NONE,0,0,0,0,0,31,false,false,POCKET_ITEMS,0,0,0,1,false,false,false,false,false,false,false,false,false,false,false,false,0,0,0,0,0,0,0,false,false,false,false,false,false,false,false,false,false,false,false,false,false,0,0,0,0,0,0,0,0,0,0,0,0,0
ITEM_SCRAFTINITE,0,HOLD_EFFECT_NONE,0,0,0,0,0,31,false,false,POCKET_ITEMS,0,0,0,1,false,false,false,false,false,false,false,false,false,false,false,false,0,0,0,0,0,0,0,false,false,false,false,false,false,false,false,false,false,false,false,false,false,0,0,0,0,0,0,0,0,0,0,0,0,0
ITEM_EELEKTROSSITE,0,HOLD_EFFECT_NONE,0,0,0,0,0,31,false,false,POCKET_ITEMS,0,0,0,1,false,false,false,false,false,false,false,false,false,false,false,false,0,0,0,0,0,0,0,false,false,false,false,false,false,false,false,false,false,false,false,false,false,0,0,0,0,0,0,0,0,0,0,0,0,0
ITEM_CHANDELURITE,0,HOLD_EFFECT_NONE,0,0,0,0,0,31,false,false,POCKET_ITEMS,0,0,0,1,false,false,false,false,false,false,false,false,false,false,false,false,0,0,0,0,0,0,0,false,false,false,false,false,false,false,false,false,false,false,false,false,false,0,0,0,0,0,0,0,0,0,0,0,0,0
ITEM_CHESNAUGHTITE,0,HOLD_EFFECT_NONE,0,0,0,0,0,31,false,false,POCKET_ITEMS,0,0,0,1,false,false,false,false,false,false,false,false,false,false,false,false,0,0,0,0,0,0,0,false,false,false,false,false,false,false,false,false,false,false,false,false,false,0,0,0,0,0,0,0,0,0,0,0,0,0
ITEM_DELPHOXITE,0,HOLD_EFFECT_NONE,0,0,0,0,0,31,false,false,POCKET_ITEMS,0,0,0,1,false,false,false,false,false,false,false,false,false,false,false,false,0,0,0,0,0,0,0,false,false,false,false,false,false,false,false,false,false,false,false,false,false,0,0,0,0,0,0,0,0,0,0,0,0,0
ITEM_GRENINJITE,0,HOLD_EFFECT_NONE,0,0,0,0,0,31,false,false,POCKET_ITEMS,0,0,0,1,false,false,false,false,false,false,false,false,false,false,false,false,0,0,0,0,0,0,0,false,false,false,false,false,false,false,false,false,false,false,false,false,false,0,0,0,0,0,0,0,0,0,0,0,0,0
ITEM_PYROARITE,0,HOLD_EFFECT_NONE,0,0,0,0,0,31,false,false,POCKET_ITEMS,0,0,0,1,false,false,false,false,false,false,false,false,false,false,false,false,0,0,0,0,0,0,0,false,false,false,false,false,false,false,false,false,false,false,false,false,false,0,0,0,0,0,0,0,0,0,0,0,0,0
ITEM_FLOETTITE,0,HOLD_EFFECT_NONE,0,0,0,0,0,31,false,false,POCKET_ITEMS,0,0,0,1,false,false,false,false,false,false,false,false,false,false,false,false,0,0,0,0,0,0,0,false,false,false,false,false,false,false,false,false,false,false,false,false,false,0,0,0,0,0,0,0,0,0,0,0,0,0
ITEM_MALAMARITE,0,HOLD_EFFECT_NONE,0,0,0,0,0,31,false,false,POCKET_ITEMS,0,0,0,1,false,false,false,false,false,false,false,false,false,false,false,false,0,0,0,0,0,0,0,false,false,false,false,false,false,false,false,false,false,false,false,false,false,0,0,0,0,0,0,0,0,0,0,0,0,0
ITEM_BARBARACITE,0,HOLD_EFFECT_NONE,0,0,0,0,0,31,false,false,POCKET_ITEMS,0,0,0,1,false,false,false,false,false,false,false,false,false,false,false,false,0,0,0,0,0,0,0,false,false,false,false,false,false,false,false,false,false,false,false,false,false,0,0,0,0,0,0,0,0,0,0,0,0,0
ITEM_DRAGALGITE,0,HOLD_EFFECT_NONE,0,0,0,0,0,31,false,false,POCKET_ITEMS,0,0,0,1,false,false,false,false,false,false,false,false,false,false,false,false,0,0,0,0,0,0,0,false,false,false,false,false,false,false,false,false,false,false,false,false,false,0,0,0,0,0,0,0,0,0,0,0,0,0
ITEM_HAWLUCHANITE,0,HOLD_EFFECT_NONE,0,0,0,0,0,31,false,false,POCKET_ITEMS,0,0,0,1,false,false,false,false,false,false,false,false,false,false,false,false,0,0,0,0,0,0,0,false,false,false,false,false,false,false,false,false,false,false,false,false,false,0,0,0,0,0,0,0,0,0,0,0,0,0
ITEM_ZYGARDITE,0,HOLD_EFFECT_NONE,0,0,0,0,0,31,false,false,POCKET_ITEMS,0,0,0,1,false,false,false,false,false,false,false,false,false,false,false,false,0,0,0,0,0,0,0,false,false,false,false,false,false,false,false,false,false,false,false,false,false,0,0,0,0,0,0,0,0,0,0,0,0,0
ITEM_DRAMPANITE,0,HOLD_EFFECT_NONE,0,0,0,0,0,31,false,false,POCKET_ITEMS,0,0,0,1,false,false,false,false,false,false,false,false,false,false,false,false,0,0,0,0,0,0,0,false,false,false,false,false,false,false,false,false,false,false,false,false,false,0,0,0,0,0,0,0,0,0,0,0,0,0
ITEM_ZERAORITE,0,HOLD_EFFECT_NONE,0,0,0,0,0,31,false,false,POCKET_ITEMS,0,0,0,1,false,false,false,false,false,false,false,false,false,false,false,false,0,0,0,0,0,0,0,false,false,false,false,false,false,false,false,false,false,false,false,false,false,0,0,0,0,0,0,0,0,0,0,0,0,0
ITEM_FALINKSITE,0,HOLD_EFFECT_NONE,0,0,0,0,0,31,false,false,POCKET_ITEMS,0,0,0,1,false,false,false,false,false,false,false,false,false,false,false,false,0,0,0,0,0,0,0,false,false,false,false,false,false,false,false,false,false,false,false,false,false,0,0,0,0,0,0,0,0,0,0,0,0,0
ITEM_KEY_TO_ROOM_202,0,HOLD_EFFECT_NONE,0,0,0,0,0,TYPE_NORMAL,false,false,POCKET_KEY_ITEMS,0,0,0,0,false,false,false,false,false,false,false,false,false,false,false,false,0,0,0,0,0,0,0,false,false,false,false,false,false,false,false,false,false,false,false,false,false,0,0,0,0,0,0,0,0,0,0,0,0,0
ITEM_SUPER_LUMIOSE_GALETTE,0,HOLD_EFFECT_NONE,0,0,0,0,0,TYPE_NORMAL,false,false,POCKET_KEY_ITEMS,0,0,0,0,false,false,false,false,false,false,false,false,false,false,false,false,0,0,0,0,0,0,0,false,false,false,false,false,false,false,false,false,false,false,false,false,false,0,0,0,0,0,0,0,0,0,0,0,0,0
ITEM_LAB_KEY_CARD_A,0,HOLD_EFFECT_NONE,0,0,0,0,0,TYPE_NORMAL,false,false,POCKET_KEY_ITEMS,0,0,0,0,false,false,false,false,false,false,false,false,false,false,false,false,0,0,0,0,0,0,0,false,false,false,false,false,false,false,false,false,false,false,false,false,false,0,0,0,0,0,0,0,0,0,0,0,0,0
ITEM_LAB_KEY_CARD_B,0,HOLD_EFFECT_NONE,0,0,0,0,0,TYPE_NORMAL,false,false,POCKET_KEY_ITEMS,0,0,0,0,false,false,false,false,false,false,false,false,false,false,false,false,0,0,0,0,0,0,0,false,false,false,false,false,false,false,false,false,false,false,false,false,false,0,0,0,0,0,0,0,0,0,0,0,0,0
ITEM_LAB_KEY_CARD_C,0,HOLD_EFFECT_NONE,0,0,0,0,0,TYPE_NORMAL,false,false,POCKET_KEY_ITEMS,0,0,0,0,false,false,false,false,false,false,false,false,false,false,false,false,0,0,0,0,0,0,0,false,false,false,false,false,false,false,false,false,false,false,false,false,false,0,0,0,0,0,0,0,0,0,0,0,0,0
ITEM_UNKNOWN_2593,0,HOLD_EFFECT_NONE,0,0,0,0,0,TYPE_NORMAL,false,false,POCKET_ITEMS,0,0,0,0,false,false,false,false,false,false,false,false,false,false,false,false,0,0,0,0,0,0,0,false,false,false,false,false,false,false,false,false,false,false,false,false,false,0,0,0,0,0,0,0,0,0,0,0,0,0
ITEM_UNKNOWN_2594,0,HOLD_EFFECT_NONE,0,0,0,0,0,TYPE_NORMAL,false,false,POCKET_ITEMS,0,0,0,0,false,false,false,false,false,false,false,false,false,false,false,false,0,0,0,0,0,0,0,false,false,false,false,false,false,false,false,false,false,false,false,false,false,0,0,0,0,0,0,0,0,0,0,0,0,0
ITEM_PEBBLE,0,HOLD_EFFECT_NONE,0,0,0,0,0,TYPE_NORMAL,false,false,POCKET_KEY_ITEMS,0,0,0,0,false,false,false,false,false,false,false,false,false,false,false,false,0,0,0,0,0,0,0,false,false,false,false,false,false,false,false,false,false,false,false,false,false,0,0,0,0,0,0,0,0,0,0,0,0,0
ITEM_CHERISHED_RING,0,HOLD_EFFECT_NONE,0,0,0,0,0,TYPE_NORMAL,false,false,POCKET_KEY_ITEMS,0,0,0,0,false,false,false,false,false,false,false,false,false,false,false,false,0,0,0,0,0,0,0,false,false,false,false,false,false,false,false,false,false,false,false,false,false,0,0,0,0,0,0,0,0,0,0,0,0,0
ITEM_AUTOGRAPHED_PLUSH,0,HOLD_EFFECT_NONE,0,0,0,0,0,TYPE_NORMAL,false,false,POCKET_KEY_ITEMS,0,0,0,0,false,false,false,false,false,false,false,false,false,false,false,false,0,0,0,0,0,0,0,false,false,false,false,false,false,false,false,false,false,false,false,false,false,0,0,0,0,0,0,0,0,0,0,0,0,0
ITEM_TASTY_TRASH,0,HOLD_EFFECT_NONE,0,0,0,0,0,TYPE_NORMAL,false,false,POCKET_KEY_ITEMS,0,0,0,0,false,false,false,false,false,false,false,false,false,false,false,false,0,0,0,0,0,0,0,false,false,false,false,false,false,false,false,false,false,false,false,false,false,0,0,0,0,0,0,0,0,0,0,0,0,0
ITEM_REVITALIZING_TWIG,0,HOLD_EFFECT_NONE,0,0,0,0,0,TYPE_NORMAL,false,false,POCKET_KEY_ITEMS,0,0,0,0,false,false,false,false,false,false,false,false,false,false,false,false,0,0,0,0,0,0,0,false,false,false,false,false,false,false,false,false,false,false,false,false,false,0,0,0,0,0,0,0,0,0,0,0,0,0
ITEM_LIDAS_THINGS,0,HOLD_EFFECT_NONE,0,0,0,0,0,TYPE_NORMAL,false,false,POCKET_KEY_ITEMS,0,0,0,0,false,false,false,false,false,false,false,false,false,false,false,false,0,0,0,0,0,0,0,false,false,false,false,false,false,false,false,false,false,false,false,false,false,0,0,0,0,0,0,0,0,0,0,0,0,0
ITEM_LUMIOSIAN_BUTTER,0,HOLD_EFFECT_NONE,0,0,0,0,0,TYPE_NORMAL,false,false,POCKET_KEY_ITEMS,0,0,0,0,false,false,false,false,false,false,false,false,false,false,false,false,0,0,0,0,0,0,0,false,false,false,false,false,false,false,false,false,false,false,false,false,false,0,0,0,0,0,0,0,0,0,0,0,0,0
ITEM_NICE_BUTTER,0,HOLD_EFFECT_NONE,0,0,0,0,0,TYPE_NORMAL,false,false,POCKET_KEY_ITEMS,0,0,0,0,false,false,false,false,false,false,false,false,false,false,false,false,0,0,0,0,0,0,0,false,false,false,false,false,false,false,false,false,false,false,false,false,false,0,0,0,0,0,0,0,0,0,0,0,0,0
ITEM_GREAT_BUTTER,0,HOLD_EFFECT_NONE,0,0,0,0,0,TYPE_NORMAL,false,false,POCKET_KEY_ITEMS,0,0,0,0,false,false,false,false,false,false,false,false,false,false,false,false,0,0,0,0,0,0,0,false,false,false,false,false,false,false,false,false,false,false,false,false,false,0,0,0,0,0,0,0,0,0,0,0,0,0
ITEM_AMAZING_BUTTER,0,HOLD_EFFECT_NONE,0,0,0,0,0,TYPE_NORMAL,false,false,POCKET_KEY_ITEMS,0,0,0,0,false,false,false,false,false,false,false,false,false,false,false,false,0,0,0,0,0,0,0,false,false,false,false,false,false,false,false,false,false,false,false,false,false,0,0,0,0,0,0,0,0,0,0,0,0,0
ITEM_SUPREME_BUTTER,0,HOLD_EFFECT_NONE,0,0,0,0,0,TYPE_NORMAL,false,false,POCKET_KEY_ITEMS,0,0,0,0,false,false,false,false,false,false,false,false,false,false,false,false,0,0,0,0,0,0,0,false,false,false,false,false,false,false,false,false,false,false,false,false,false,0,0,0,0,0,0,0,0,0,0,0,0,0
ITEM_HYPERSPACE_BUTTER,0,HOLD_EFFECT_NONE,0,0,0,0,0,TYPE_NORMAL,false,false,POCKET_KEY_ITEMS,0,0,0,0,false,false,false,false,false,false,false,false,false,false,false,false,0,0,0,0,0,0,0,false,false,false,false,false,false,false,false,false,false,false,false,false,false,0,0,0,0,0,0,0,0,0,0,0,0,0
ITEM_HOENNIAN_SALT,0,HOLD_EFFECT_NONE,0,0,0,0,0,TYPE_NORMAL,false,false,POCKET_KEY_ITEMS,0,0,0,0,false,false,false,false,false,false,false,false,false,false,false,false,0,0,0,0,0,0,0,false,false,false,false,false,false,false,false,false,false,false,false,false,false,0,0,0,0,0,0,0,0,0,0,0,0,0
ITEM_EPICE_NOIRE,0,HOLD_EFFECT_NONE,0,0,0,0,0,TYPE_NORMAL,false,false,POCKET_KEY_ITEMS,0,0,0,0,false,false,false,false,false,false,false,false,false,false,false,false,0,0,0,0,0,0,0,false,false,false,false,false,false,false,false,false,false,false,false,false,false,0,0,0,0,0,0,0,0,0,0,0,0,0
ITEM_ARBOLIVA_OIL,0,HOLD_EFFECT_NONE,0,0,0,0,0,TYPE_NORMAL,false,false,POCKET_KEY_ITEMS,0,0,0,0,false,false,false,false,false,false,false,false,false,false,false,false,0,0,0,0,0,0,0,false,false,false,false,false,false,false,false,false,false,false,false,false,false,0,0,0,0,0,0,0,0,0,0,0,0,0
ITEM_POPPING_CANDY,0,HOLD_EFFECT_NONE,0,0,0,0,0,TYPE_NORMAL,false,false,POCKET_KEY_ITEMS,0,0,0,0,false,false,false,false,false,false,false,false,false,false,false,false,0,0,0,0,0,0,0,false,false,false,false,false,false,false,false,false,false,false,false,false,false,0,0,0,0,0,0,0,0,0,0,0,0,0
ITEM_IMPORTANT_LETTER,0,HOLD_EFFECT_NONE,0,0,0,0,0,TYPE_NORMAL,false,false,POCKET_KEY_ITEMS,0,0,0,0,false,false,false,false,false,false,false,false,false,false,false,false,0,0,0,0,0,0,0,false,false,false,false,false,false,false,false,false,false,false,false,false,false,0,0,0,0,0,0,0,0,0,0,0,0,0
ITEM_CHERISHED_RING_2,0,HOLD_EFFECT_NONE,0,0,0,0,0,TYPE_NORMAL,false,false,POCKET_KEY_ITEMS,0,0,0,0,false,false,false,false,false,false,false,false,false,false,false,false,0,0,0,0,0,0,0,false,false,false,false,false,false,false,false,false,false,false,false,false,false,0,0,0,0,0,0,0,0,0,0,0,0,0
ITEM_DIRTY_SCARF,0,HOLD_EFFECT_NONE,0,0,0,0,0,TYPE_NORMAL,false,false,POCKET_KEY_ITEMS,0,0,0,0,false,false,false,false,false,false,false,false,false,false,false,false,0,0,0,0,0,0,0,false,false,false,false,false,false,false,false,false,false,false,false,false,false,0,0,0,0,0,0,0,0,0,0,0,0,0
ITEM_UNKNOWN_2613,0,HOLD_EFFECT_NONE,0,0,0,0,0,TYPE_NORMAL,false,false,POCKET_ITEMS,0,0,0,0,false,false,false,false,false,false,false,false,false,false,false,false,0,0,0,0,0,0,0,false,false,false,false,false,false,false,false,false,false,false,false,false,false,0,0,0,0,0,0,0,0,0,0,0,0,0
ITEM_UNKNOWN_2614,0,HOLD_EFFECT_NONE,0,0,0,0,0,TYPE_NORMAL,false,false,POCKET_ITEMS,0,0,0,0,false,false,false,false,false,false,false,false,false,false,false,false,0,0,0,0,0,0,0,false,false,false,false,false,false,false,false,false,false,false,false,false,false,0,0,0,0,0,0,0,0,0,0,0,0,0
ITEM_UNKNOWN_2615,0,HOLD_EFFECT_NONE,0,0,0,0,0,TYPE_NORMAL,false,false,POCKET_ITEMS,0,0,0,0,false,false,false,false,false,false,false,false,false,false,false,false,0,0,0,0,0,0,0,false,false,false,false,false,false,false,false,false,false,false,false,false,false,0,0,0,0,0,0,0,0,0,0,0,0,0
ITEM_UNKNOWN_2616,0,HOLD_EFFECT_NONE,0,0,0,0,0,TYPE_NORMAL,false,false,POCKET_ITEMS,0,0,0,0,false,false,false,false,false,false,false,false,false,false,false,false,0,0,0,0,0,0,0,false,false,false,false,false,false,false,false,false,false,false,false,false,false,0,0,0,0,0,0,0,0,0,0,0,0,0
ITEM_MEGA_SHARD,0,HOLD_EFFECT_NONE,0,0,0,0,0,TYPE_NORMAL,false,false,POCKET_ITEMS,0,0,0,0,false,false,false,false,false,false,false,false,false,false,false,false,0,0,0,0,0,0,0,false,false,false,false,false,false,false,false,false,false,false,false,false,false,0,0,0,0,0,0,0,0,0,0,0,0,0
ITEM_COLORFUL_SCREW,0,HOLD_EFFECT_NONE,0,0,0,0,0,TYPE_NORMAL,false,false,POCKET_ITEMS,0,0,0,0,false,false,false,false,false,false,false,false,false,false,false,false,0,0,0,0,0,0,0,false,false,false,false,false,false,false,false,false,false,false,false,false,false,0,0,0,0,0,0,0,0,0,0,0,0,0
ITEM_RED_CANARI_PLUSH,0,HOLD_EFFECT_NONE,0,0,0,0,0,TYPE_NORMAL,false,false,POCKET_ITEMS,0,0,0,0,false,false,false,false,false,false,false,false,false,false,false,false,0,0,0,0,0,0,0,false,false,false,false,false,false,false,false,false,false,false,false,false,false,0,0,0,0,0,0,0,0,0,0,0,0,0
ITEM_RED_CANARI_PLUSH_1,0,HOLD_EFFECT_NONE,0,0,0,0,0,TYPE_NORMAL,false,false,POCKET_ITEMS,0,0,0,0,false,false,false,false,false,false,false,false,false,false,false,false,0,0,0,0,0,0,0,false,false,false,false,false,false,false,false,false,false,false,false,false,false,0,0,0,0,0,0,0,0,0,0,0,0,0
ITEM_RED_CANARI_PLUSH_2,0,HOLD_EFFECT_NONE,0,0,0,0,0,TYPE_NORMAL,false,false,POCKET_ITEMS,0,0,0,0,false,false,false,false,false,false,false,false,false,false,false,false,0,0,0,0,0,0,0,false,false,false,false,false,false,false,false,false,false,false,false,false,false,0,0,0,0,0,0,0,0,0,0,0,0,0
ITEM_GOLD_CANARI_PLUSH,0,HOLD_EFFECT_NONE,0,0,0,0,0,TYPE_NORMAL,false,false,POCKET_ITEMS,0,0,0,0,false,false,false,false,false,false,false,false,false,false,false,false,0,0,0,0,0,0,0,false,false,false,false,false,false,false,false,false,false,false,false,false,false,0,0,0,0,0,0,0,0,0,0,0,0,0
ITEM_GOLD_CANARI_PLUSH_1,0,HOLD_EFFECT_NONE,0,0,0,0,0,TYPE_NORMAL,false,false,POCKET_ITEMS,0,0,0,0,false,false,false,false,false,false,false,false,false,false,false,false,0,0,0,0,0,0,0,false,false,false,false,false,false,false,false,false,false,false,false,false,false,0,0,0,0,0,0,0,0,0,0,0,0,0
ITEM_GOLD_CANARI_PLUSH_2,0,HOLD_EFFECT_NONE,0,0,0,0,0,TYPE_NORMAL,false,false,POCKET_ITEMS,0,0,0,0,false,false,false,false,false,false,false,false,false,false,false,false,0,0,0,0,0,0,0,false,false,false,false,false,false,false,false,false,false,false,false,false,false,0,0,0,0,0,0,0,0,0,0,0,0,0
ITEM_PINK_CANARI_PLUSH,0,HOLD_EFFECT_NONE,0,0,0,0,0,TYPE_NORMAL,false,false,POCKET_ITEMS,0,0,0,0,false,false,false,false,false,false,false,false,false,false,false,false,0,0,0,0,0,0,0,false,false,false,false,false,false,false,false,false,false,false,false,false,false,0,0,0,0,0,0,0,0,0,0,0,0,0
ITEM_PINK_CANARI_PLUSH_1,0,HOLD_EFFECT_NONE,0,0,0,0,0,TYPE_NORMAL,false,false,POCKET_ITEMS,0,0,0,0,false,false,false,false,false,false,false,false,false,false,false,false,0,0,0,0,0,0,0,false,false,false,false,false,false,false,false,false,false,false,false,false,false,0,0,0,0,0,0,0,0,0,0,0,0,0
ITEM_PINK_CANARI_PLUSH_2,0,HOLD_EFFECT_NONE,0,0,0,0,0,TYPE_NORMAL,false,false,POCKET_ITEMS,0,0,0,0,false,false,false,false,false,false,false,false,false,false,false,false,0,0,0,0,0,0,0,false,false,false,false,false,false,false,false,false,false,false,false,false,false,0,0,0,0,0,0,0,0,0,0,0,0,0
ITEM_GREEN_CANARI_PLUSH,0,HOLD_EFFECT_NONE,0,0,0,0,0,TYPE_NORMAL,false,false,POCKET_ITEMS,0,0,0,0,false,false,false,false,false,false,false,false,false,false,false,false,0,0,0,0,0,0,0,false,false,false,false,false,false,false,false,false,false,false,false,false,false,0,0,0,0,0,0,0,0,0,0,0,0,0
ITEM_GREEN_CANARI_PLUSH_1,0,HOLD_EFFECT_NONE,0,0,0,0,0,TYPE_NORMAL,false,false,POCKET_ITEMS,0,0,0,0,false,false,false,false,false,false,false,false,false,false,false,false,0,0,0,0,0,0,0,false,false,false,false,false,false,false,false,false,false,false,false,false,false,0,0,0,0,0,0,0,0,0,0,0,0,0
ITEM_GREEN_CANARI_PLUSH_2,0,HOLD_EFFECT_NONE,0,0,0,0,0,TYPE_NORMAL,false,false,POCKET_ITEMS,0,0,0,0,false,false,false,false,false,false,false,false,false,false,false,false,0,0,0,0,0,0,0,false,false,false,false,false,false,false,false,false,false,false,false,false,false,0,0,0,0,0,0,0,0,0,0,0,0,0
ITEM_BLUE_CANARI_PLUSH,0,HOLD_EFFECT_NONE,0,0,0,0,0,TYPE_NORMAL,false,false,POCKET_ITEMS,0,0,0,0,false,false,false,false,false,false,false,false,false,false,false,false,0,0,0,0,0,0,0,false,false,false,false,false,false,false,false,false,false,false,false,false,false,0,0,0,0,0,0,0,0,0,0,0,0,0
ITEM_BLUE_CANARI_PLUSH_1,0,HOLD_EFFECT_NONE,0,0,0,0,0,TYPE_NORMAL,false,false,POCKET_ITEMS,0,0,0,0,false,false,false,false,false,false,false,false,false,false,false,false,0,0,0,0,0,0,0,false,false,false,false,false,false,false,false,false,false,false,false,false,false,0,0,0,0,0,0,0,0,0,0,0,0,0
ITEM_BLUE_CANARI_PLUSH_2,0,HOLD_EFFECT_NONE,0,0,0,0,0,TYPE_NORMAL,false,false,POCKET_ITEMS,0,0,0,0,false,false,false,false,false,false,false,false,false,false,false,false,0,0,0,0,0,0,0,false,false,false,false,false,false,false,false,false,false,false,false,false,false,0,0,0,0,0,0,0,0,0,0,0,0,0
ITEM_RAICHUNITE_X,0,HOLD_EFFECT_NONE,0,0,0,0,0,31,false,false,POCKET_ITEMS,0,0,0,1,false,false,false,false,false,false,false,false,false,false,false,false,0,0,0,0,0,0,0,false,false,false,false,false,false,false,false,false,false,false,false,false,false,0,0,0,0,0,0,0,0,0,0,0,0,0
ITEM_RAICHUNITE_Y,0,HOLD_EFFECT_NONE,0,0,0,0,0,31,false,false,POCKET_ITEMS,0,0,0,1,false,false,false,false,false,false,false,false,false,false,false,false,0,0,0,0,0,0,0,false,false,false,false,false,false,false,false,false,false,false,false,false,false,0,0,0,0,0,0,0,0,0,0,0,0,0
ITEM_CHIMECHITE,0,HOLD_EFFECT_NONE,0,0,0,0,0,31,false,false,POCKET_ITEMS,0,0,0,1,false,false,false,false,false,false,false,false,false,false,false,false,0,0,0,0,0,0,0,false,false,false,false,false,false,false,false,false,false,false,false,false,false,0,0,0,0,0,0,0,0,0,0,0,0,0
ITEM_ABSOLITE_Z,0,HOLD_EFFECT_NONE,0,0,0,0,0,31,false,false,POCKET_ITEMS,0,0,0,1,false,false,false,false,false,false,false,false,false,false,false,false,0,0,0,0,0,0,0,false,false,false,false,false,false,false,false,false,false,false,false,false,false,0,0,0,0,0,0,0,0,0,0,0,0,0
ITEM_STARAPTITE,0,HOLD_EFFECT_NONE,0,0,0,0,0,31,false,false,POCKET_ITEMS,0,0,0,1,false,false,false,false,false,false,false,false,false,false,false,false,0,0,0,0,0,0,0,false,false,false,false,false,false,false,false,false,false,false,false,false,false,0,0,0,0,0,0,0,0,0,0,0,0,0
ITEM_GARCHOMPITE_Z,0,HOLD_EFFECT_NONE,0,0,0,0,0,31,false,false,POCKET_ITEMS,0,0,0,1,false,false,false,false,false,false,false,false,false,false,false,false,0,0,0,0,0,0,0,false,false,false,false,false,false,false,false,false,false,false,false,false,false,0,0,0,0,0,0,0,0,0,0,0,0,0
ITEM_LUCARIONITE_Z,0,HOLD_EFFECT_NONE,0,0,0,0,0,31,false,false,POCKET_ITEMS,0,0,0,1,false,false,false,false,false,false,false,false,false,false,false,false,0,0,0,0,0,0,0,false,false,false,false,false,false,false,false,false,false,false,false,false,false,0,0,0,0,0,0,0,0,0,0,0,0,0
ITEM_GOLURKITE,0,HOLD_EFFECT_NONE,0,0,0,0,0,31,false,false,POCKET_ITEMS,0,0,0,1,false,false,false,false,false,false,false,false,false,false,false,false,0,0,0,0,0,0,0,false,false,false,false,false,false,false,false,false,false,false,false,false,false,0,0,0,0,0,0,0,0,0,0,0,0,0
ITEM_MEOWSTICITE,0,HOLD_EFFECT_NONE,0,0,0,0,0,31,false,false,POCKET_ITEMS,0,0,0,1,false,false,false,false,false,false,false,false,false,false,false,false,0,0,0,0,0,0,0,false,false,false,false,false,false,false,false,false,false,false,false,false,false,0,0,0,0,0,0,0,0,0,0,0,0,0
ITEM_CRABOMINITE,0,HOLD_EFFECT_NONE,0,0,0,0,0,31,false,false,POCKET_ITEMS,0,0,0,1,false,false,false,false,false,false,false,false,false,false,false,false,0,0,0,0,0,0,0,false,false,false,false,false,false,false,false,false,false,false,false,false,false,0,0,0,0,0,0,0,0,0,0,0,0,0
ITEM_GOLISOPITE,0,HOLD_EFFECT_NONE,0,0,0,0,0,31,false,false,POCKET_ITEMS,0,0,0,1,false,false,false,false,false,false,false,false,false,false,false,false,0,0,0,0,0,0,0,false,false,false,false,false,false,false,false,false,false,false,false,false,false,0,0,0,0,0,0,0,0,0,0,0,0,0
ITEM_MAGEARNITE,0,HOLD_EFFECT_NONE,0,0,0,0,0,31,false,false,POCKET_ITEMS,0,0,0,1,false,false,false,false,false,false,false,false,false,false,false,false,0,0,0,0,0,0,0,false,false,false,false,false,false,false,false,false,false,false,false,false,false,0,0,0,0,0,0,0,0,0,0,0,0,0
ITEM_SCOVILLAINITE,0,HOLD_EFFECT_NONE,0,0,0,0,0,31,false,false,POCKET_ITEMS,0,0,0,1,false,false,false,false,false,false,false,false,false,false,false,false,0,0,0,0,0,0,0,false,false,false,false,false,false,false,false,false,false,false,false,false,false,0,0,0,0,0,0,0,0,0,0,0,0,0
ITEM_BAXCALIBRITE,0,HOLD_EFFECT_NONE,0,0,0,0,0,31,false,false,POCKET_ITEMS,0,0,0,1,false,false,false,false,false,false,false,false,false,false,false,false,0,0,0,0,0,0,0,false,false,false,false,false,false,false,false,false,false,false,false,false,false,0,0,0,0,0,0,0,0,0,0,0,0,0
ITEM_TATSUGIRINITE,0,HOLD_EFFECT_NONE,0,0,0,0,0,31,false,false,POCKET_ITEMS,0,0,0,1,false,false,false,false,false,false,false,false,false,false,false,false,0,0,0,0,0,0,0,false,false,false,false,false,false,false,false,false,false,false,false,false,false,0,0,0,0,0,0,0,0,0,0,0,0,0
ITEM_GLIMMORANITE,0,HOLD_EFFECT_NONE,0,0,0,0,0,31,false,false,POCKET_ITEMS,0,0,0,1,false,false,false,false,false,false,false,false,false,false,false,false,0,0,0,0,0,0,0,false,false,false,false,false,false,false,false,false,false,false,false,false,false,0,0,0,0,0,0,0,0,0,0,0,0,0
ITEM_HYPER_CHERI_BERRY,80,HOLD_EFFECT_PRZ_RESTORE,0,1,1,10,80,TYPE_FIRE,false,false,POCKET_BERRIES,8,8,0,1,false,false,false,false,true,false,false,false,false,false,false,false,0,0,0,0,0,0,0,false,false,false,false,false,false,false,false,false,false,false,false,false,false,0,0,0,0,0,0,0,0,0,0,0,0,0
ITEM_HYPER_CHESTO_BERRY,80,HOLD_EFFECT_SLP_RESTORE,0,2,2,10,80,TYPE_WATER,false,false,POCKET_BERRIES,8,8,0,1,true,false,false,false,false,false,false,false,false,false,false,false,0,0,0,0,0,0,0,false,false,false,false,false,false,false,false,false,false,false,false,false,false,0,0,0,0,0,0,0,0,0,0,0,0,0
ITEM_HYPER_PECHA_BERRY,80,HOLD_EFFECT_PSN_RESTORE,0,3,3,10,80,TYPE_ELECTRIC,false,false,POCKET_BERRIES,8,8,0,1,false,true,false,false,false,false,false,false,false,false,false,false,0,0,0,0,0,0,0,false,false,false,false,false,false,false,false,false,false,false,false,false,false,0,0,0,0,0,0,0,0,0,0,0,0,0
ITEM_HYPER_RAWST_BERRY,80,HOLD_EFFECT_BRN_RESTORE,0,4,4,10,80,TYPE_GRASS,false,false,POCKET_BERRIES,8,8,0,1,false,false,true,false,false,false,false,false,false,false,false,false,0,0,0,0,0,0,0,false,false,false,false,false,false,false,false,false,false,false,false,false,false,0,0,0,0,0,0,0,0,0,0,0,0,0
ITEM_HYPER_ASPEAR_BERRY,80,HOLD_EFFECT_FRZ_RESTORE,0,5,5,10,80,TYPE_ICE,false,false,POCKET_BERRIES,8,8,0,1,false,false,false,true,false,false,false,false,false,false,false,false,0,0,0,0,0,0,0,false,false,false,false,false,false,false,false,false,false,false,false,false,false,0,0,0,0,0,0,0,0,0,0,0,0,0
ITEM_HYPER_ORAN_BERRY,80,HOLD_EFFECT_HP_RESTORE,10,7,7,10,80,TYPE_POISON,false,false,POCKET_BERRIES,4,8,0,1,false,false,false,false,false,false,false,false,false,false,false,false,0,0,0,0,0,0,0,false,false,false,false,true,false,false,false,false,false,false,false,false,false,0,0,0,0,0,0,10,0,0,0,0,0,0
ITEM_HYPER_PERSIM_BERRY,80,HOLD_EFFECT_CONFUSE_RESTORE,0,8,8,10,80,TYPE_GROUND,false,false,POCKET_BERRIES,8,8,0,1,false,false,false,false,false,true,false,false,false,false,false,false,0,0,0,0,0,0,0,false,false,false,false,false,false,false,false,false,false,false,false,false,false,0,0,0,0,0,0,0,0,0,0,0,0,0
ITEM_HYPER_LUM_BERRY,80,HOLD_EFFECT_STATUS_RESTORE,0,9,9,10,80,TYPE_FLYING,false,false,POCKET_BERRIES,8,8,0,1,true,true,true,true,true,true,false,false,false,false,false,false,0,0,0,0,0,0,0,false,false,false,false,false,false,false,false,false,false,false,false,false,false,0,0,0,0,0,0,0,0,0,0,0,0,0
ITEM_HYPER_SITRUS_BERRY,80,HOLD_EFFECT_HP_PCT_RESTORE,25,10,10,10,80,TYPE_PSYCHIC,false,false,POCKET_BERRIES,4,8,0,1,false,false,false,false,false,false,false,false,false,false,false,false,0,0,0,0,0,0,0,false,false,false,false,true,false,false,false,false,false,false,false,false,false,0,0,0,0,0,0,253,0,0,0,0,0,0
ITEM_HYPER_POMEG_BERRY,80,HOLD_EFFECT_NONE,0,0,0,10,90,TYPE_ICE,false,false,POCKET_BERRIES,0,8,0,1,false,false,false,false,false,false,false,false,false,false,false,false,0,0,0,0,0,0,0,false,false,false,false,false,true,false,false,false,false,false,true,true,true,-10,0,0,0,0,0,0,0,10,5,2,0,0
ITEM_HYPER_KELPSY_BERRY,80,HOLD_EFFECT_NONE,0,0,0,10,90,TYPE_FIGHTING,false,false,POCKET_BERRIES,0,8,0,1,false,false,false,false,false,false,false,false,false,false,false,false,0,0,0,0,0,0,0,false,false,false,false,false,false,true,false,false,false,false,true,true,true,0,-10,0,0,0,0,0,0,10,5,2,0,0
ITEM_HYPER_QUALOT_BERRY,80,HOLD_EFFECT_NONE,0,0,0,10,90,TYPE_POISON,false,false,POCKET_BERRIES,0,8,0,1,false,false,false,false,false,false,false,false,false,false,false,false,0,0,0,0,0,0,0,false,false,false,false,false,false,false,true,false,false,false,true,true,true,0,0,-10,0,0,0,0,0,10,5,2,0,0
ITEM_HYPER_HONDEW_BERRY,80,HOLD_EFFECT_NONE,0,0,0,10,90,TYPE_GROUND,false,false,POCKET_BERRIES,0,8,0,1,false,false,false,false,false,false,false,false,false,false,false,false,0,0,0,0,0,0,0,false,false,false,false,false,false,false,false,false,true,false,true,true,true,0,0,0,0,-10,0,0,0,10,5,2,0,0
ITEM_HYPER_GREPA_BERRY,80,HOLD_EFFECT_NONE,0,0,0,10,90,TYPE_FLYING,false,false,POCKET_BERRIES,0,8,0,1,false,false,false,false,false,false,false,false,false,false,false,false,0,0,0,0,0,0,0,false,false,false,false,false,false,false,false,false,false,true,true,true,true,0,0,0,0,0,-10,0,0,10,5,2,0,0
ITEM_HYPER_TAMATO_BERRY,80,HOLD_EFFECT_NONE,0,0,0,10,90,TYPE_PSYCHIC,false,false,POCKET_BERRIES,0,8,0,1,false,false,false,false,false,false,false,false,false,false,false,false,0,0,0,0,0,0,0,false,false,false,false,false,false,false,false,true,false,false,true,true,true,0,0,0,-10,0,0,0,0,10,5,2,0,0
ITEM_HYPER_OCCA_BERRY,80,HOLD_EFFECT_WEAKEN_SE_FIRE,0,0,0,10,80,TYPE_FIRE,false,false,POCKET_BERRIES,0,8,0,1,false,false,false,false,false,false,false,false,false,false,false,false,0,0,0,0,0,0,0,false,false,false,false,false,false,false,false,false,false,false,false,false,false,0,0,0,0,0,0,0,0,0,0,0,0,0
ITEM_HYPER_PASSHO_BERRY,80,HOLD_EFFECT_WEAKEN_SE_WATER,0,0,0,10,80,TYPE_WATER,false,false,POCKET_BERRIES,0,8,0,1,false,false,false,false,false,false,false,false,false,false,false,false,0,0,0,0,0,0,0,false,false,false,false,false,false,false,false,false,false,false,false,false,false,0,0,0,0,0,0,0,0,0,0,0,0,0
ITEM_HYPER_WACAN_BERRY,80,HOLD_EFFECT_WEAKEN_SE_ELECTRIC,0,0,0,10,80,TYPE_ELECTRIC,false,false,POCKET_BERRIES,0,8,0,1,false,false,false,false,false,false,false,false,false,false,false,false,0,0,0,0,0,0,0,false,false,false,false,false,false,false,false,false,false,false,false,false,false,0,0,0,0,0,0,0,0,0,0,0,0,0
ITEM_HYPER_RINDO_BERRY,80,HOLD_EFFECT_WEAKEN_SE_GRASS,0,0,0,10,80,TYPE_GRASS,false,false,POCKET_BERRIES,0,8,0,1,false,false,false,false,false,false,false,false,false,false,false,false,0,0,0,0,0,0,0,false,false,false,false,false,false,false,false,false,false,false,false,false,false,0,0,0,0,0,0,0,0,0,0,0,0,0
ITEM_HYPER_YACHE_BERRY,80,HOLD_EFFECT_WEAKEN_SE_ICE,0,0,0,10,80,TYPE_ICE,false,false,POCKET_BERRIES,0,8,0,1,false,false,false,false,false,false,false,false,false,false,false,false,0,0,0,0,0,0,0,false,false,false,false,false,false,false,false,false,false,false,false,false,false,0,0,0,0,0,0,0,0,0,0,0,0,0
ITEM_HYPER_CHOPLE_BERRY,80,HOLD_EFFECT_WEAKEN_SE_FIGHT,0,0,0,10,80,TYPE_FIGHTING,false,false,POCKET_BERRIES,0,8,0,1,false,false,false,false,false,false,false,false,false,false,false,false,0,0,0,0,0,0,0,false,false,false,false,false,false,false,false,false,false,false,false,false,false,0,0,0,0,0,0,0,0,0,0,0,0,0
ITEM_HYPER_KEBIA_BERRY,80,HOLD_EFFECT_WEAKEN_SE_POISON,0,0,0,10,80,TYPE_POISON,false,false,POCKET_BERRIES,0,8,0,1,false,false,false,false,false,false,false,false,false,false,false,false,0,0,0,0,0,0,0,false,false,false,false,false,false,false,false,false,false,false,false,false,false,0,0,0,0,0,0,0,0,0,0,0,0,0
ITEM_HYPER_SHUCA_BERRY,80,HOLD_EFFECT_WEAKEN_SE_GROUND,0,0,0,10,80,TYPE_GROUND,false,false,POCKET_BERRIES,0,8,0,1,false,false,false,false,false,false,false,false,false,false,false,false,0,0,0,0,0,0,0,false,false,false,false,false,false,false,false,false,false,false,false,false,false,0,0,0,0,0,0,0,0,0,0,0,0,0
ITEM_HYPER_COBA_BERRY,80,HOLD_EFFECT_WEAKEN_SE_FLYING,0,0,0,10,80,TYPE_FLYING,false,false,POCKET_BERRIES,0,8,0,1,false,false,false,false,false,false,false,false,false,false,false,false,0,0,0,0,0,0,0,false,false,false,false,false,false,false,false,false,false,false,false,false,false,0,0,0,0,0,0,0,0,0,0,0,0,0
ITEM_HYPER_PAYAPA_BERRY,80,HOLD_EFFECT_WEAKEN_SE_PSYCHIC,0,0,0,10,80,TYPE_PSYCHIC,false,false,POCKET_BERRIES,0,8,0,1,false,false,false,false,false,false,false,false,false,false,false,false,0,0,0,0,0,0,0,false,false,false,false,false,false,false,false,false,false,false,false,false,false,0,0,0,0,0,0,0,0,0,0,0,0,0
ITEM_HYPER_TANGA_BERRY,80,HOLD_EFFECT_WEAKEN_SE_BUG,0,0,0,10,80,TYPE_BUG,false,false,POCKET_BERRIES,0,8,0,1,false,false,false,false,false,false,false,false,false,false,false,false,0,0,0,0,0,0,0,false,false,false,false,false,false,false,false,false,false,false,false,false,false,0,0,0,0,0,0,0,0,0,0,0,0,0
ITEM_HYPER_CHARTI_BERRY,80,HOLD_EFFECT_WEAKEN_SE_ROCK,0,0,0,10,80,TYPE_ROCK,false,false,POCKET_BERRIES,0,8,0,1,false,false,false,false,false,false,false,false,false,false,false,false,0,0,0,0,0,0,0,false,false,false,false,false,false,false,false,false,false,false,false,false,false,0,0,0,0,0,0,0,0,0,0,0,0,0
ITEM_HYPER_KASIB_BERRY,80,HOLD_EFFECT_WEAKEN_SE_GHOST,0,0,0,10,80,TYPE_GHOST,false,false,POCKET_BERRIES,0,8,0,1,false,false,false,false,false,false,false,false,false,false,false,false,0,0,0,0,0,0,0,false,false,false,false,false,false,false,false,false,false,false,false,false,false,0,0,0,0,0,0,0,0,0,0,0,0,0
ITEM_HYPER_HABAN_BERRY,80,HOLD_EFFECT_WEAKEN_SE_DRAGON,0,0,0,10,80,TYPE_DRAGON,false,false,POCKET_BERRIES,0,8,0,1,false,false,false,false,false,false,false,false,false,false,false,false,0,0,0,0,0,0,0,false,false,false,false,false,false,false,false,false,false,false,false,false,false,0,0,0,0,0,0,0,0,0,0,0,0,0
ITEM_HYPER_COLBUR_BERRY,80,HOLD_EFFECT_WEAKEN_SE_DARK,0,0,0,10,80,TYPE_DARK,false,false,POCKET_BERRIES,0,8,0,1,false,false,false,false,false,false,false,false,false,false,false,false,0,0,0,0,0,0,0,false,false,false,false,false,false,false,false,false,false,false,false,false,false,0,0,0,0,0,0,0,0,0,0,0,0,0
ITEM_HYPER_BABIRI_BERRY,80,HOLD_EFFECT_WEAKEN_SE_STEEL,0,0,0,10,80,TYPE_STEEL,false,false,POCKET_BERRIES,0,8,0,1,false,false,false,false,false,false,false,false,false,false,false,false,0,0,0,0,0,0,0,false,false,false,false,false,false,false,false,false,false,false,false,false,false,0,0,0,0,0,0,0,0,0,0,0,0,0
ITEM_HYPER_CHILAN_BERRY,80,HOLD_EFFECT_WEAKEN_NORMAL,0,0,0,10,80,TYPE_NORMAL,false,false,POCKET_BERRIES,0,8,0,1,false,false,false,false,false,false,false,false,false,false,false,false,0,0,0,0,0,0,0,false,false,false,false,false,false,false,false,false,false,false,false,false,false,0,0,0,0,0,0,0,0,0,0,0,0,0
ITEM_HYPER_ROSELI_BERRY,80,HOLD_EFFECT_WEAKEN_SE_FAIRY,0,0,0,10,80,TYPE_FAIRY,false,false,POCKET_BERRIES,0,8,0,1,false,false,false,false,false,false,false,false,false,false,false,false,0,0,0,0,0,0,0,false,false,false,false,false,false,false,false,false,false,false,false,false,false,0,0,0,0,0,0,0,0,0,0,0,0,0
ITEM_CANARI_BREAD,0,HOLD_EFFECT_NONE,0,0,0,0,0,TYPE_NORMAL,false,false,POCKET_MEDICINE,0,0,0,0,false,false,false,false,false,false,false,false,false,false,false,false,0,0,0,0,0,0,0,false,false,false,false,false,false,false,false,false,false,false,false,false,false,0,0,0,0,0,0,0,0,0,0,0,0,0
