reference_id,reference_name,item_id,item_name
0,ITEM_NONE,0,ITEM_NONE
1,ITEM_MASTER_BALL,1,ITEM_MASTER_BALL
2,ITEM_ULTRA_BALL,2,ITEM_ULTRA_BALL
3,ITEM_GREAT_BALL,3,ITEM_GREAT_BALL
4,ITEM_POKE_BALL,4,ITEM_POKE_BALL
5,ITEM_SAFARI_BALL,5,ITEM_SAFARI_BALL
6,ITEM_NET_BALL,6,ITEM_NET_BALL
7,ITEM_DIVE_BALL,7,ITEM_DIVE_BALL
8,ITEM_NEST_BALL,8,ITEM_NEST_BALL
9,ITEM_REPEAT_BALL,9,ITEM_REPEAT_BALL
10,ITEM_TIMER_BALL,10,ITEM_TIMER_BALL
11,ITEM_LUXURY_BALL,11,ITEM_LUXURY_BALL
12,ITEM_PREMIER_BALL,12,ITEM_PREMIER_BALL
13,ITEM_DUSK_BALL,13,ITEM_DUSK_BALL
14,ITEM_HEAL_BALL,14,ITEM_HEAL_BALL
15,ITEM_QUICK_BALL,15,ITEM_QUICK_BALL
16,ITEM_CHERISH_BALL,16,ITEM_CHERISH_BALL
17,ITEM_POTION,17,ITEM_POTION
18,ITEM_ANTIDOTE,18,ITEM_ANTIDOTE
19,ITEM_BURN_HEAL,19,ITEM_BURN_HEAL
20,ITEM_ICE_HEAL,20,ITEM_ICE_HEAL
21,ITEM_AWAKENING,21,ITEM_AWAKENING
22,ITEM_PARALYZE_HEAL,22,ITEM_PARLYZ_HEAL
23,ITEM_FULL_RESTORE,23,ITEM_FULL_RESTORE
24,ITEM_MAX_POTION,24,ITEM_MAX_POTION
25,ITEM_HYPER_POTION,25,ITEM_HYPER_POTION
26,ITEM_SUPER_POTION,26,ITEM_SUPER_POTION
27,ITEM_FULL_HEAL,27,ITEM_FULL_HEAL
28,ITEM_REVIVE,28,ITEM_REVIVE
29,ITEM_MAX_REVIVE,29,ITEM_MAX_REVIVE
30,ITEM_FRESH_WATER,30,ITEM_FRESH_WATER
31,ITEM_SODA_POP,31,ITEM_SODA_POP
32,ITEM_LEMONADE,32,ITEM_LEMONADE
33,ITEM_MOOMOO_MILK,33,ITEM_MOOMOO_MILK
34,ITEM_ENERGY_POWDER,34,ITEM_ENERGYPOWDER
35,ITEM_ENERGY_ROOT,35,ITEM_ENERGY_ROOT
36,ITEM_HEAL_POWDER,36,ITEM_HEAL_POWDER
37,ITEM_REVIVAL_HERB,37,ITEM_REVIVAL_HERB
38,ITEM_ETHER,38,ITEM_ETHER
39,ITEM_MAX_ETHER,39,ITEM_MAX_ETHER
40,ITEM_ELIXIR,40,ITEM_ELIXIR
41,ITEM_MAX_ELIXIR,41,ITEM_MAX_ELIXIR
42,ITEM_LAVA_COOKIE,42,ITEM_LAVA_COOKIE
43,ITEM_BERRY_JUICE,43,ITEM_BERRY_JUICE
44,ITEM_SACRED_ASH,44,ITEM_SACRED_ASH
45,ITEM_HP_UP,45,ITEM_HP_UP
46,ITEM_PROTEIN,46,ITEM_PROTEIN
47,ITEM_IRON,47,ITEM_IRON
48,ITEM_CARBOS,48,ITEM_CARBOS
49,ITEM_CALCIUM,49,ITEM_CALCIUM
50,ITEM_RARE_CANDY,50,ITEM_RARE_CANDY
51,ITEM_PP_UP,51,ITEM_PP_UP
52,ITEM_ZINC,52,ITEM_ZINC
53,ITEM_PP_MAX,53,ITEM_PP_MAX
54,ITEM_OLD_GATEAU,54,ITEM_OLD_GATEAU
55,ITEM_GUARD_SPEC,55,ITEM_GUARD_SPEC_
56,ITEM_DIRE_HIT,56,ITEM_DIRE_HIT
57,ITEM_X_ATTACK,57,ITEM_X_ATTACK
58,ITEM_X_DEFENSE,58,ITEM_X_DEFENSE
59,ITEM_X_SPEED,59,ITEM_X_SPEED
60,ITEM_X_ACCURACY,60,ITEM_X_ACCURACY
61,ITEM_X_SP_ATK,61,ITEM_X_SPECIAL
62,ITEM_X_SP_DEF,62,ITEM_X_SP__DEF
63,ITEM_POKE_DOLL,63,ITEM_POKE_DOLL
64,ITEM_FLUFFY_TAIL,64,ITEM_FLUFFY_TAIL
65,ITEM_BLUE_FLUTE,65,ITEM_BLUE_FLUTE
66,ITEM_YELLOW_FLUTE,66,ITEM_YELLOW_FLUTE
67,ITEM_RED_FLUTE,67,ITEM_RED_FLUTE
68,ITEM_BLACK_FLUTE,68,ITEM_BLACK_FLUTE
69,ITEM_WHITE_FLUTE,69,ITEM_WHITE_FLUTE
70,ITEM_SHOAL_SALT,70,ITEM_SHOAL_SALT
71,ITEM_SHOAL_SHELL,71,ITEM_SHOAL_SHELL
72,ITEM_RED_SHARD,72,ITEM_RED_SHARD
73,ITEM_BLUE_SHARD,73,ITEM_BLUE_SHARD
74,ITEM_YELLOW_SHARD,74,ITEM_YELLOW_SHARD
75,ITEM_GREEN_SHARD,75,ITEM_GREEN_SHARD
76,ITEM_SUPER_REPEL,76,ITEM_SUPER_REPEL
77,ITEM_MAX_REPEL,77,ITEM_MAX_REPEL
78,ITEM_ESCAPE_ROPE,78,ITEM_ESCAPE_ROPE
79,ITEM_REPEL,79,ITEM_REPEL
80,ITEM_SUN_STONE,80,ITEM_SUN_STONE
81,ITEM_MOON_STONE,81,ITEM_MOON_STONE
82,ITEM_FIRE_STONE,82,ITEM_FIRE_STONE
83,ITEM_THUNDER_STONE,83,ITEM_THUNDERSTONE
84,ITEM_WATER_STONE,84,ITEM_WATER_STONE
85,ITEM_LEAF_STONE,85,ITEM_LEAF_STONE
86,ITEM_TINY_MUSHROOM,86,ITEM_TINYMUSHROOM
87,ITEM_BIG_MUSHROOM,87,ITEM_BIG_MUSHROOM
88,ITEM_PEARL,88,ITEM_PEARL
89,ITEM_BIG_PEARL,89,ITEM_BIG_PEARL
90,ITEM_STARDUST,90,ITEM_STARDUST
91,ITEM_STAR_PIECE,91,ITEM_STAR_PIECE
92,ITEM_NUGGET,92,ITEM_NUGGET
93,ITEM_HEART_SCALE,93,ITEM_HEART_SCALE
94,ITEM_HONEY,94,ITEM_HONEY
95,ITEM_GROWTH_MULCH,95,ITEM_GROWTH_MULCH
96,ITEM_DAMP_MULCH,96,ITEM_DAMP_MULCH
97,ITEM_STABLE_MULCH,97,ITEM_STABLE_MULCH
98,ITEM_GOOEY_MULCH,98,ITEM_GOOEY_MULCH
99,ITEM_ROOT_FOSSIL,99,ITEM_ROOT_FOSSIL
100,ITEM_CLAW_FOSSIL,100,ITEM_CLAW_FOSSIL
101,ITEM_HELIX_FOSSIL,101,ITEM_HELIX_FOSSIL
102,ITEM_DOME_FOSSIL,102,ITEM_DOME_FOSSIL
103,ITEM_OLD_AMBER,103,ITEM_OLD_AMBER
104,ITEM_ARMOR_FOSSIL,104,ITEM_ARMOR_FOSSIL
105,ITEM_SKULL_FOSSIL,105,ITEM_SKULL_FOSSIL
106,ITEM_RARE_BONE,106,ITEM_RARE_BONE
107,ITEM_SHINY_STONE,107,ITEM_SHINY_STONE
108,ITEM_DUSK_STONE,108,ITEM_DUSK_STONE
109,ITEM_DAWN_STONE,109,ITEM_DAWN_STONE
110,ITEM_OVAL_STONE,110,ITEM_OVAL_STONE
111,ITEM_ODD_KEYSTONE,111,ITEM_ODD_KEYSTONE
112,ITEM_GRISEOUS_ORB,112,ITEM_GRISEOUS_ORB
113,ITEM_TEA,564,ITEM_TEA
114,ITEM_UNKNOWN_72,114,ITEM_UNUSED_114
115,ITEM_AUTOGRAPH,565,ITEM_AUTOGRAPH
116,ITEM_DOUSE_DRIVE,566,ITEM_DOUSE_DRIVE
117,ITEM_SHOCK_DRIVE,567,ITEM_SHOCK_DRIVE
118,ITEM_BURN_DRIVE,568,ITEM_BURN_DRIVE
119,ITEM_CHILL_DRIVE,569,ITEM_CHILL_DRIVE
120,ITEM_UNKNOWN_78,120,ITEM_UNUSED_120
121,ITEM_POKEMON_BOX,570,ITEM_POKEMON_BOX
122,ITEM_UNKNOWN_7A,122,ITEM_UNUSED_122
123,ITEM_UNKNOWN_7B,123,ITEM_UNUSED_123
124,ITEM_UNKNOWN_7C,124,ITEM_UNUSED_124
125,ITEM_UNKNOWN_7D,125,ITEM_UNUSED_125
126,ITEM_UNKNOWN_7E,126,ITEM_UNUSED_126
127,ITEM_UNKNOWN_7F,127,ITEM_UNUSED_127
128,ITEM_UNKNOWN_80,128,ITEM_UNUSED_128
129,ITEM_UNKNOWN_81,129,ITEM_UNUSED_129
130,ITEM_UNKNOWN_82,130,ITEM_UNUSED_130
131,ITEM_UNKNOWN_83,131,ITEM_UNUSED_131
132,ITEM_UNKNOWN_84,132,ITEM_UNUSED_132
133,ITEM_UNKNOWN_85,133,ITEM_UNUSED_133
134,ITEM_SWEET_HEART,571,ITEM_SWEET_HEART
135,ITEM_ADAMANT_ORB,135,ITEM_ADAMANT_ORB
136,ITEM_LUSTROUS_ORB,136,ITEM_LUSTROUS_ORB
137,ITEM_GRASS_MAIL,137,ITEM_GRASS_MAIL
138,ITEM_FLAME_MAIL,138,ITEM_FLAME_MAIL
139,ITEM_BUBBLE_MAIL,139,ITEM_BUBBLE_MAIL
140,ITEM_BLOOM_MAIL,140,ITEM_BLOOM_MAIL
141,ITEM_TUNNEL_MAIL,141,ITEM_TUNNEL_MAIL
142,ITEM_STEEL_MAIL,142,ITEM_STEEL_MAIL
143,ITEM_HEART_MAIL,143,ITEM_HEART_MAIL
144,ITEM_SNOW_MAIL,144,ITEM_SNOW_MAIL
145,ITEM_SPACE_MAIL,145,ITEM_SPACE_MAIL
146,ITEM_AIR_MAIL,146,ITEM_AIR_MAIL
147,ITEM_MOSAIC_MAIL,147,ITEM_MOSAIC_MAIL
148,ITEM_BRICK_MAIL,148,ITEM_BRICK_MAIL
149,ITEM_CHERI_BERRY,149,ITEM_CHERI_BERRY
150,ITEM_CHESTO_BERRY,150,ITEM_CHESTO_BERRY
151,ITEM_PECHA_BERRY,151,ITEM_PECHA_BERRY
152,ITEM_RAWST_BERRY,152,ITEM_RAWST_BERRY
153,ITEM_ASPEAR_BERRY,153,ITEM_ASPEAR_BERRY
154,ITEM_LEPPA_BERRY,154,ITEM_LEPPA_BERRY
155,ITEM_ORAN_BERRY,155,ITEM_ORAN_BERRY
156,ITEM_PERSIM_BERRY,156,ITEM_PERSIM_BERRY
157,ITEM_LUM_BERRY,157,ITEM_LUM_BERRY
158,ITEM_SITRUS_BERRY,158,ITEM_SITRUS_BERRY
159,ITEM_FIGY_BERRY,159,ITEM_FIGY_BERRY
160,ITEM_WIKI_BERRY,160,ITEM_WIKI_BERRY
161,ITEM_MAGO_BERRY,161,ITEM_MAGO_BERRY
162,ITEM_AGUAV_BERRY,162,ITEM_AGUAV_BERRY
163,ITEM_IAPAPA_BERRY,163,ITEM_IAPAPA_BERRY
164,ITEM_RAZZ_BERRY,164,ITEM_RAZZ_BERRY
165,ITEM_BLUK_BERRY,165,ITEM_BLUK_BERRY
166,ITEM_NANAB_BERRY,166,ITEM_NANAB_BERRY
167,ITEM_WEPEAR_BERRY,167,ITEM_WEPEAR_BERRY
168,ITEM_PINAP_BERRY,168,ITEM_PINAP_BERRY
169,ITEM_POMEG_BERRY,169,ITEM_POMEG_BERRY
170,ITEM_KELPSY_BERRY,170,ITEM_KELPSY_BERRY
171,ITEM_QUALOT_BERRY,171,ITEM_QUALOT_BERRY
172,ITEM_HONDEW_BERRY,172,ITEM_HONDEW_BERRY
173,ITEM_GREPA_BERRY,173,ITEM_GREPA_BERRY
174,ITEM_TAMATO_BERRY,174,ITEM_TAMATO_BERRY
175,ITEM_CORNN_BERRY,175,ITEM_CORNN_BERRY
176,ITEM_MAGOST_BERRY,176,ITEM_MAGOST_BERRY
177,ITEM_RABUTA_BERRY,177,ITEM_RABUTA_BERRY
178,ITEM_NOMEL_BERRY,178,ITEM_NOMEL_BERRY
179,ITEM_SPELON_BERRY,179,ITEM_SPELON_BERRY
180,ITEM_PAMTRE_BERRY,180,ITEM_PAMTRE_BERRY
181,ITEM_WATMEL_BERRY,181,ITEM_WATMEL_BERRY
182,ITEM_DURIN_BERRY,182,ITEM_DURIN_BERRY
183,ITEM_BELUE_BERRY,183,ITEM_BELUE_BERRY
184,ITEM_OCCA_BERRY,184,ITEM_OCCA_BERRY
185,ITEM_PASSHO_BERRY,185,ITEM_PASSHO_BERRY
186,ITEM_WACAN_BERRY,186,ITEM_WACAN_BERRY
187,ITEM_RINDO_BERRY,187,ITEM_RINDO_BERRY
188,ITEM_YACHE_BERRY,188,ITEM_YACHE_BERRY
189,ITEM_CHOPLE_BERRY,189,ITEM_CHOPLE_BERRY
190,ITEM_KEBIA_BERRY,190,ITEM_KEBIA_BERRY
191,ITEM_SHUCA_BERRY,191,ITEM_SHUCA_BERRY
192,ITEM_COBA_BERRY,192,ITEM_COBA_BERRY
193,ITEM_PAYAPA_BERRY,193,ITEM_PAYAPA_BERRY
194,ITEM_TANGA_BERRY,194,ITEM_TANGA_BERRY
195,ITEM_CHARTI_BERRY,195,ITEM_CHARTI_BERRY
196,ITEM_KASIB_BERRY,196,ITEM_KASIB_BERRY
197,ITEM_HABAN_BERRY,197,ITEM_HABAN_BERRY
198,ITEM_COLBUR_BERRY,198,ITEM_COLBUR_BERRY
199,ITEM_BABIRI_BERRY,199,ITEM_BABIRI_BERRY
200,ITEM_CHILAN_BERRY,200,ITEM_CHILAN_BERRY
201,ITEM_LIECHI_BERRY,201,ITEM_LIECHI_BERRY
202,ITEM_GANLON_BERRY,202,ITEM_GANLON_BERRY
203,ITEM_SALAC_BERRY,203,ITEM_SALAC_BERRY
204,ITEM_PETAYA_BERRY,204,ITEM_PETAYA_BERRY
205,ITEM_APICOT_BERRY,205,ITEM_APICOT_BERRY
206,ITEM_LANSAT_BERRY,206,ITEM_LANSAT_BERRY
207,ITEM_STARF_BERRY,207,ITEM_STARF_BERRY
208,ITEM_ENIGMA_BERRY,208,ITEM_ENIGMA_BERRY
209,ITEM_MICLE_BERRY,209,ITEM_MICLE_BERRY
210,ITEM_CUSTAP_BERRY,210,ITEM_CUSTAP_BERRY
211,ITEM_JABOCA_BERRY,211,ITEM_JABOCA_BERRY
212,ITEM_ROWAP_BERRY,212,ITEM_ROWAP_BERRY
213,ITEM_BRIGHT_POWDER,213,ITEM_BRIGHTPOWDER
214,ITEM_WHITE_HERB,214,ITEM_WHITE_HERB
215,ITEM_MACHO_BRACE,215,ITEM_MACHO_BRACE
216,ITEM_EXP_SHARE,216,ITEM_EXP__SHARE
217,ITEM_QUICK_CLAW,217,ITEM_QUICK_CLAW
218,ITEM_SOOTHE_BELL,218,ITEM_SOOTHE_BELL
219,ITEM_MENTAL_HERB,219,ITEM_MENTAL_HERB
220,ITEM_CHOICE_BAND,220,ITEM_CHOICE_BAND
221,ITEM_KINGS_ROCK,221,ITEM_KINGS_ROCK
222,ITEM_SILVER_POWDER,222,ITEM_SILVERPOWDER
223,ITEM_AMULET_COIN,223,ITEM_AMULET_COIN
224,ITEM_CLEANSE_TAG,224,ITEM_CLEANSE_TAG
225,ITEM_SOUL_DEW,225,ITEM_SOUL_DEW
226,ITEM_DEEP_SEA_TOOTH,226,ITEM_DEEPSEATOOTH
227,ITEM_DEEP_SEA_SCALE,227,ITEM_DEEPSEASCALE
228,ITEM_SMOKE_BALL,228,ITEM_SMOKE_BALL
229,ITEM_EVERSTONE,229,ITEM_EVERSTONE
230,ITEM_FOCUS_BAND,230,ITEM_FOCUS_BAND
231,ITEM_LUCKY_EGG,231,ITEM_LUCKY_EGG
232,ITEM_SCOPE_LENS,232,ITEM_SCOPE_LENS
233,ITEM_METAL_COAT,233,ITEM_METAL_COAT
234,ITEM_LEFTOVERS,234,ITEM_LEFTOVERS
235,ITEM_DRAGON_SCALE,235,ITEM_DRAGON_SCALE
236,ITEM_LIGHT_BALL,236,ITEM_LIGHT_BALL
237,ITEM_SOFT_SAND,237,ITEM_SOFT_SAND
238,ITEM_HARD_STONE,238,ITEM_HARD_STONE
239,ITEM_MIRACLE_SEED,239,ITEM_MIRACLE_SEED
240,ITEM_BLACK_GLASSES,240,ITEM_BLACKGLASSES
241,ITEM_BLACK_BELT,241,ITEM_BLACK_BELT
242,ITEM_MAGNET,242,ITEM_MAGNET
243,ITEM_MYSTIC_WATER,243,ITEM_MYSTIC_WATER
244,ITEM_SHARP_BEAK,244,ITEM_SHARP_BEAK
245,ITEM_POISON_BARB,245,ITEM_POISON_BARB
246,ITEM_NEVER_MELT_ICE,246,ITEM_NEVERMELTICE
247,ITEM_SPELL_TAG,247,ITEM_SPELL_TAG
248,ITEM_TWISTED_SPOON,248,ITEM_TWISTEDSPOON
249,ITEM_CHARCOAL,249,ITEM_CHARCOAL
250,ITEM_DRAGON_FANG,250,ITEM_DRAGON_FANG
251,ITEM_SILK_SCARF,251,ITEM_SILK_SCARF
252,ITEM_UP_GRADE,252,ITEM_UPGRADE
253,ITEM_SHELL_BELL,253,ITEM_SHELL_BELL
254,ITEM_SEA_INCENSE,254,ITEM_SEA_INCENSE
255,ITEM_LAX_INCENSE,255,ITEM_LAX_INCENSE
256,ITEM_LUCKY_PUNCH,256,ITEM_LUCKY_PUNCH
257,ITEM_METAL_POWDER,257,ITEM_METAL_POWDER
258,ITEM_THICK_CLUB,258,ITEM_THICK_CLUB
259,ITEM_LEEK,259,ITEM_STICK
260,ITEM_RED_SCARF,260,ITEM_RED_SCARF
261,ITEM_BLUE_SCARF,261,ITEM_BLUE_SCARF
262,ITEM_PINK_SCARF,262,ITEM_PINK_SCARF
263,ITEM_GREEN_SCARF,263,ITEM_GREEN_SCARF
264,ITEM_YELLOW_SCARF,264,ITEM_YELLOW_SCARF
265,ITEM_WIDE_LENS,265,ITEM_WIDE_LENS
266,ITEM_MUSCLE_BAND,266,ITEM_MUSCLE_BAND
267,ITEM_WISE_GLASSES,267,ITEM_WISE_GLASSES
268,ITEM_EXPERT_BELT,268,ITEM_EXPERT_BELT
269,ITEM_LIGHT_CLAY,269,ITEM_LIGHT_CLAY
270,ITEM_LIFE_ORB,270,ITEM_LIFE_ORB
271,ITEM_POWER_HERB,271,ITEM_POWER_HERB
272,ITEM_TOXIC_ORB,272,ITEM_TOXIC_ORB
273,ITEM_FLAME_ORB,273,ITEM_FLAME_ORB
274,ITEM_QUICK_POWDER,274,ITEM_QUICK_POWDER
275,ITEM_FOCUS_SASH,275,ITEM_FOCUS_SASH
276,ITEM_ZOOM_LENS,276,ITEM_ZOOM_LENS
277,ITEM_METRONOME,277,ITEM_METRONOME
278,ITEM_IRON_BALL,278,ITEM_IRON_BALL
279,ITEM_LAGGING_TAIL,279,ITEM_LAGGING_TAIL
280,ITEM_DESTINY_KNOT,280,ITEM_DESTINY_KNOT
281,ITEM_BLACK_SLUDGE,281,ITEM_BLACK_SLUDGE
282,ITEM_ICY_ROCK,282,ITEM_ICY_ROCK
283,ITEM_SMOOTH_ROCK,283,ITEM_SMOOTH_ROCK
284,ITEM_HEAT_ROCK,284,ITEM_HEAT_ROCK
285,ITEM_DAMP_ROCK,285,ITEM_DAMP_ROCK
286,ITEM_GRIP_CLAW,286,ITEM_GRIP_CLAW
287,ITEM_CHOICE_SCARF,287,ITEM_CHOICE_SCARF
288,ITEM_STICKY_BARB,288,ITEM_STICKY_BARB
289,ITEM_POWER_BRACER,289,ITEM_POWER_BRACER
290,ITEM_POWER_BELT,290,ITEM_POWER_BELT
291,ITEM_POWER_LENS,291,ITEM_POWER_LENS
292,ITEM_POWER_BAND,292,ITEM_POWER_BAND
293,ITEM_POWER_ANKLET,293,ITEM_POWER_ANKLET
294,ITEM_POWER_WEIGHT,294,ITEM_POWER_WEIGHT
295,ITEM_SHED_SHELL,295,ITEM_SHED_SHELL
296,ITEM_BIG_ROOT,296,ITEM_BIG_ROOT
297,ITEM_CHOICE_SPECS,297,ITEM_CHOICE_SPECS
298,ITEM_FLAME_PLATE,298,ITEM_FLAME_PLATE
299,ITEM_SPLASH_PLATE,299,ITEM_SPLASH_PLATE
300,ITEM_ZAP_PLATE,300,ITEM_ZAP_PLATE
301,ITEM_MEADOW_PLATE,301,ITEM_MEADOW_PLATE
302,ITEM_ICICLE_PLATE,302,ITEM_ICICLE_PLATE
303,ITEM_FIST_PLATE,303,ITEM_FIST_PLATE
304,ITEM_TOXIC_PLATE,304,ITEM_TOXIC_PLATE
305,ITEM_EARTH_PLATE,305,ITEM_EARTH_PLATE
306,ITEM_SKY_PLATE,306,ITEM_SKY_PLATE
307,ITEM_MIND_PLATE,307,ITEM_MIND_PLATE
308,ITEM_INSECT_PLATE,308,ITEM_INSECT_PLATE
309,ITEM_STONE_PLATE,309,ITEM_STONE_PLATE
310,ITEM_SPOOKY_PLATE,310,ITEM_SPOOKY_PLATE
311,ITEM_DRACO_PLATE,311,ITEM_DRACO_PLATE
312,ITEM_DREAD_PLATE,312,ITEM_DREAD_PLATE
313,ITEM_IRON_PLATE,313,ITEM_IRON_PLATE
314,ITEM_ODD_INCENSE,314,ITEM_ODD_INCENSE
315,ITEM_ROCK_INCENSE,315,ITEM_ROCK_INCENSE
316,ITEM_FULL_INCENSE,316,ITEM_FULL_INCENSE
317,ITEM_WAVE_INCENSE,317,ITEM_WAVE_INCENSE
318,ITEM_ROSE_INCENSE,318,ITEM_ROSE_INCENSE
319,ITEM_LUCK_INCENSE,319,ITEM_LUCK_INCENSE
320,ITEM_PURE_INCENSE,320,ITEM_PURE_INCENSE
321,ITEM_PROTECTOR,321,ITEM_PROTECTOR
322,ITEM_ELECTIRIZER,322,ITEM_ELECTIRIZER
323,ITEM_MAGMARIZER,323,ITEM_MAGMARIZER
324,ITEM_DUBIOUS_DISC,324,ITEM_DUBIOUS_DISC
325,ITEM_REAPER_CLOTH,325,ITEM_REAPER_CLOTH
326,ITEM_RAZOR_CLAW,326,ITEM_RAZOR_CLAW
327,ITEM_RAZOR_FANG,327,ITEM_RAZOR_FANG
328,ITEM_TM001,328,ITEM_TM01
329,ITEM_TM002,329,ITEM_TM02
330,ITEM_TM003,330,ITEM_TM03
331,ITEM_TM004,331,ITEM_TM04
332,ITEM_TM005,332,ITEM_TM05
333,ITEM_TM006,333,ITEM_TM06
334,ITEM_TM007,334,ITEM_TM07
335,ITEM_TM008,335,ITEM_TM08
336,ITEM_TM009,336,ITEM_TM09
337,ITEM_TM010,337,ITEM_TM10
338,ITEM_TM011,338,ITEM_TM11
339,ITEM_TM012,339,ITEM_TM12
340,ITEM_TM013,340,ITEM_TM13
341,ITEM_TM014,341,ITEM_TM14
342,ITEM_TM015,342,ITEM_TM15
343,ITEM_TM016,343,ITEM_TM16
344,ITEM_TM017,344,ITEM_TM17
345,ITEM_TM018,345,ITEM_TM18
346,ITEM_TM019,346,ITEM_TM19
347,ITEM_TM020,347,ITEM_TM20
348,ITEM_TM021,348,ITEM_TM21
349,ITEM_TM022,349,ITEM_TM22
350,ITEM_TM023,350,ITEM_TM23
351,ITEM_TM024,351,ITEM_TM24
352,ITEM_TM025,352,ITEM_TM25
353,ITEM_TM026,353,ITEM_TM26
354,ITEM_TM027,354,ITEM_TM27
355,ITEM_TM028,355,ITEM_TM28
356,ITEM_TM029,356,ITEM_TM29
357,ITEM_TM030,357,ITEM_TM30
358,ITEM_TM031,358,ITEM_TM31
359,ITEM_TM032,359,ITEM_TM32
360,ITEM_TM033,360,ITEM_TM33
361,ITEM_TM034,361,ITEM_TM34
362,ITEM_TM035,362,ITEM_TM35
363,ITEM_TM036,363,ITEM_TM36
364,ITEM_TM037,364,ITEM_TM37
365,ITEM_TM038,365,ITEM_TM38
366,ITEM_TM039,366,ITEM_TM39
367,ITEM_TM040,367,ITEM_TM40
368,ITEM_TM041,368,ITEM_TM41
369,ITEM_TM042,369,ITEM_TM42
370,ITEM_TM043,370,ITEM_TM43
371,ITEM_TM044,371,ITEM_TM44
372,ITEM_TM045,372,ITEM_TM45
373,ITEM_TM046,373,ITEM_TM46
374,ITEM_TM047,374,ITEM_TM47
375,ITEM_TM048,375,ITEM_TM48
376,ITEM_TM049,376,ITEM_TM49
377,ITEM_TM050,377,ITEM_TM50
378,ITEM_TM051,378,ITEM_TM51
379,ITEM_TM052,379,ITEM_TM52
380,ITEM_TM053,380,ITEM_TM53
381,ITEM_TM054,381,ITEM_TM54
382,ITEM_TM055,382,ITEM_TM55
383,ITEM_TM056,383,ITEM_TM56
384,ITEM_TM057,384,ITEM_TM57
385,ITEM_TM058,385,ITEM_TM58
386,ITEM_TM059,386,ITEM_TM59
387,ITEM_TM060,387,ITEM_TM60
388,ITEM_TM061,388,ITEM_TM61
389,ITEM_TM062,389,ITEM_TM62
390,ITEM_TM063,390,ITEM_TM63
391,ITEM_TM064,391,ITEM_TM64
392,ITEM_TM065,392,ITEM_TM65
393,ITEM_TM066,393,ITEM_TM66
394,ITEM_TM067,394,ITEM_TM67
395,ITEM_TM068,395,ITEM_TM68
396,ITEM_TM069,396,ITEM_TM69
397,ITEM_TM070,397,ITEM_TM70
398,ITEM_TM071,398,ITEM_TM71
399,ITEM_TM072,399,ITEM_TM72
400,ITEM_TM073,400,ITEM_TM73
401,ITEM_TM074,401,ITEM_TM74
402,ITEM_TM075,402,ITEM_TM75
403,ITEM_TM076,403,ITEM_TM76
404,ITEM_TM077,404,ITEM_TM77
405,ITEM_TM078,405,ITEM_TM78
406,ITEM_TM079,406,ITEM_TM79
407,ITEM_TM080,407,ITEM_TM80
408,ITEM_TM081,408,ITEM_TM81
409,ITEM_TM082,409,ITEM_TM82
410,ITEM_TM083,410,ITEM_TM83
411,ITEM_TM084,411,ITEM_TM84
412,ITEM_TM085,412,ITEM_TM85
413,ITEM_TM086,413,ITEM_TM86
414,ITEM_TM087,414,ITEM_TM87
415,ITEM_TM088,415,ITEM_TM88
416,ITEM_TM089,416,ITEM_TM89
417,ITEM_TM090,417,ITEM_TM90
418,ITEM_TM091,418,ITEM_TM91
419,ITEM_TM092,419,ITEM_TM92
420,ITEM_HM01,420,ITEM_HM01
421,ITEM_HM02,421,ITEM_HM02
422,ITEM_HM03,422,ITEM_HM03
423,ITEM_HM04,423,ITEM_HM04
424,ITEM_HM05,424,ITEM_HM05
425,ITEM_HM06,425,ITEM_HM06
426,ITEM_HM07,426,ITEM_HM07
427,ITEM_HM08,427,ITEM_HM08
428,ITEM_EXPLORER_KIT,428,ITEM_EXPLORER_KIT
429,ITEM_LOOT_SACK,429,ITEM_LOOT_SACK
430,ITEM_RULE_BOOK,430,ITEM_RULE_BOOK
431,ITEM_POKE_RADAR,431,ITEM_POKE_RADAR
432,ITEM_POINT_CARD,432,ITEM_POINT_CARD
433,ITEM_GUIDEBOOK,433,ITEM_JOURNAL
434,ITEM_SEAL_CASE,434,ITEM_SEAL_CASE
435,ITEM_FASHION_CASE,435,ITEM_FASHION_CASE
436,ITEM_STICKER_BAG,436,ITEM_SEAL_BAG
437,ITEM_PAL_PAD,437,ITEM_PAL_PAD
438,ITEM_WORKS_KEY,438,ITEM_WORKS_KEY
439,ITEM_OLD_CHARM,439,ITEM_OLD_CHARM
440,ITEM_GALACTIC_KEY,440,ITEM_GALACTIC_KEY
441,ITEM_RED_CHAIN,441,ITEM_RED_CHAIN
442,ITEM_TOWN_MAP,442,ITEM_TOWN_MAP
443,ITEM_VS_SEEKER,443,ITEM_VS__SEEKER
444,ITEM_COIN_CASE,444,ITEM_COIN_CASE
445,ITEM_OLD_ROD,445,ITEM_OLD_ROD
446,ITEM_GOOD_ROD,446,ITEM_GOOD_ROD
447,ITEM_SUPER_ROD,447,ITEM_SUPER_ROD
448,ITEM_SPRAYDUCK,448,ITEM_SPRAYDUCK
449,ITEM_POFFIN_CASE,449,ITEM_POFFIN_CASE
450,ITEM_BIKE,450,ITEM_BICYCLE
451,ITEM_SUITE_KEY,451,ITEM_SUITE_KEY
452,ITEM_OAKS_LETTER,452,ITEM_OAKS_LETTER
453,ITEM_LUNAR_FEATHER,453,ITEM_LUNAR_WING
454,ITEM_MEMBER_CARD,454,ITEM_MEMBER_CARD
455,ITEM_AZURE_FLUTE,455,ITEM_AZURE_FLUTE
456,ITEM_SS_TICKET,456,ITEM_S_S__TICKET
457,ITEM_CONTEST_PASS,457,ITEM_CONTEST_PASS
458,ITEM_MAGMA_STONE,458,ITEM_MAGMA_STONE
459,ITEM_PARCEL,459,ITEM_PARCEL
460,ITEM_COUPON_1,460,ITEM_COUPON_1
461,ITEM_COUPON_2,461,ITEM_COUPON_2
462,ITEM_COUPON_3,462,ITEM_COUPON_3
463,ITEM_STORAGE_KEY_SINNOH,463,ITEM_STORAGE_KEY
464,ITEM_SECRET_MEDICINE,464,ITEM_SECRETPOTION
465,ITEM_VS_RECORDER,465,ITEM_VS__RECORDER
466,ITEM_GRACIDEA,466,ITEM_GRACIDEA
467,ITEM_SECRET_KEY,467,ITEM_SECRET_KEY
468,ITEM_APRICORN_BOX,468,ITEM_APRICORN_BOX
469,ITEM_UNOWN_REPORT,469,ITEM_UNOWN_REPORT
470,ITEM_BERRY_POTS,470,ITEM_BERRY_POTS
471,ITEM_DOWSING_MACHINE,471,ITEM_DOWSING_MCHN
472,ITEM_BLUE_CARD,472,ITEM_BLUE_CARD
473,ITEM_SLOWPOKE_TAIL,473,ITEM_SLOWPOKETAIL
474,ITEM_CLEAR_BELL,474,ITEM_CLEAR_BELL
475,ITEM_CARD_KEY_JOHTO,475,ITEM_CARD_KEY
476,ITEM_BASEMENT_KEY,476,ITEM_BASEMENT_KEY
477,ITEM_SQUIRT_BOTTLE,477,ITEM_SQUIRTBOTTLE
478,ITEM_RED_SCALE,478,ITEM_RED_SCALE
479,ITEM_LOST_ITEM,479,ITEM_LOST_ITEM
480,ITEM_PASS,480,ITEM_PASS
481,ITEM_MACHINE_PART,481,ITEM_MACHINE_PART
482,ITEM_SILVER_FEATHER,482,ITEM_SILVER_WING
483,ITEM_RAINBOW_FEATHER,483,ITEM_RAINBOW_WING
484,ITEM_MYSTERY_EGG,484,ITEM_MYSTERY_EGG
485,ITEM_RED_APRICORN,485,ITEM_RED_APRICORN
486,ITEM_YELLOW_APRICORN,486,ITEM_YLW_APRICORN
487,ITEM_BLUE_APRICORN,487,ITEM_BLU_APRICORN
488,ITEM_GREEN_APRICORN,488,ITEM_GRN_APRICORN
489,ITEM_PINK_APRICORN,489,ITEM_PNK_APRICORN
490,ITEM_WHITE_APRICORN,490,ITEM_WHT_APRICORN
491,ITEM_BLACK_APRICORN,491,ITEM_BLK_APRICORN
492,ITEM_FAST_BALL,492,ITEM_FAST_BALL
493,ITEM_LEVEL_BALL,493,ITEM_LEVEL_BALL
494,ITEM_LURE_BALL,494,ITEM_LURE_BALL
495,ITEM_HEAVY_BALL,495,ITEM_HEAVY_BALL
496,ITEM_LOVE_BALL,496,ITEM_LOVE_BALL
497,ITEM_FRIEND_BALL,497,ITEM_FRIEND_BALL
498,ITEM_MOON_BALL,498,ITEM_MOON_BALL
499,ITEM_SPORT_BALL,499,ITEM_SPORT_BALL
500,ITEM_PARK_BALL,500,ITEM_PARK_BALL
501,ITEM_PHOTO_ALBUM,501,ITEM_PHOTO_ALBUM
502,ITEM_GB_SOUNDS,502,ITEM_GB_SOUNDS
503,ITEM_TIDAL_BELL,503,ITEM_TIDAL_BELL
504,ITEM_RAGE_CANDY_BAR,504,ITEM_RAGECANDYBAR
505,ITEM_DATA_CARD_01,505,ITEM_DATA_CARD_01
506,ITEM_DATA_CARD_02,506,ITEM_DATA_CARD_02
507,ITEM_DATA_CARD_03,507,ITEM_DATA_CARD_03
508,ITEM_DATA_CARD_04,508,ITEM_DATA_CARD_04
509,ITEM_DATA_CARD_05,509,ITEM_DATA_CARD_05
510,ITEM_DATA_CARD_06,510,ITEM_DATA_CARD_06
511,ITEM_DATA_CARD_07,511,ITEM_DATA_CARD_07
512,ITEM_DATA_CARD_08,512,ITEM_DATA_CARD_08
513,ITEM_DATA_CARD_09,513,ITEM_DATA_CARD_09
514,ITEM_DATA_CARD_10,514,ITEM_DATA_CARD_10
515,ITEM_DATA_CARD_11,515,ITEM_DATA_CARD_11
516,ITEM_DATA_CARD_12,516,ITEM_DATA_CARD_12
517,ITEM_DATA_CARD_13,517,ITEM_DATA_CARD_13
518,ITEM_DATA_CARD_14,518,ITEM_DATA_CARD_14
519,ITEM_DATA_CARD_15,519,ITEM_DATA_CARD_15
520,ITEM_DATA_CARD_16,520,ITEM_DATA_CARD_16
521,ITEM_DATA_CARD_17,521,ITEM_DATA_CARD_17
522,ITEM_DATA_CARD_18,522,ITEM_DATA_CARD_18
523,ITEM_DATA_CARD_19,523,ITEM_DATA_CARD_19
524,ITEM_DATA_CARD_20,524,ITEM_DATA_CARD_20
525,ITEM_DATA_CARD_21,525,ITEM_DATA_CARD_21
526,ITEM_DATA_CARD_22,526,ITEM_DATA_CARD_22
527,ITEM_DATA_CARD_23,527,ITEM_DATA_CARD_23
528,ITEM_DATA_CARD_24,528,ITEM_DATA_CARD_24
529,ITEM_DATA_CARD_25,529,ITEM_DATA_CARD_25
530,ITEM_DATA_CARD_26,530,ITEM_DATA_CARD_26
531,ITEM_DATA_CARD_27,531,ITEM_DATA_CARD_27
532,ITEM_JADE_ORB,532,ITEM_JADE_ORB
533,ITEM_LOCK_CAPSULE,533,ITEM_LOCK_CAPSULE
534,ITEM_RED_ORB,534,ITEM_RED_ORB
535,ITEM_BLUE_ORB,535,ITEM_BLUE_ORB
536,ITEM_ENIGMA_STONE,536,ITEM_ENIGMA_STONE
537,ITEM_PRISM_SCALE,543,ITEM_PRISM_SCALE
538,ITEM_EVIOLITE,542,ITEM_EVIOLITE
539,ITEM_FLOAT_STONE,572,ITEM_FLOAT_STONE
540,ITEM_ROCKY_HELMET,573,ITEM_ROCKY_HELMET
541,ITEM_AIR_BALLOON,556,ITEM_AIR_BALLOON
542,ITEM_RED_CARD,574,ITEM_RED_CARD
543,ITEM_RING_TARGET,575,ITEM_RING_TARGET
544,ITEM_BINDING_BAND,576,ITEM_BINDING_BAND
545,ITEM_ABSORB_BULB,555,ITEM_ABSORB_BULB
546,ITEM_CELL_BATTERY,557,ITEM_CELL_BATTERY
547,ITEM_EJECT_BUTTON,577,ITEM_EJECT_BUTTON
548,ITEM_FIRE_GEM,578,ITEM_FIRE_GEM
549,ITEM_WATER_GEM,579,ITEM_WATER_GEM
550,ITEM_ELECTRIC_GEM,580,ITEM_ELECTRIC_GEM
551,ITEM_GRASS_GEM,581,ITEM_GRASS_GEM
552,ITEM_ICE_GEM,582,ITEM_ICE_GEM
553,ITEM_FIGHTING_GEM,583,ITEM_FIGHTING_GEM
554,ITEM_POISON_GEM,584,ITEM_POISON_GEM
555,ITEM_GROUND_GEM,585,ITEM_GROUND_GEM
556,ITEM_FLYING_GEM,586,ITEM_FLYING_GEM
557,ITEM_PSYCHIC_GEM,587,ITEM_PSYCHIC_GEM
558,ITEM_BUG_GEM,588,ITEM_BUG_GEM
559,ITEM_ROCK_GEM,589,ITEM_ROCK_GEM
560,ITEM_GHOST_GEM,590,ITEM_GHOST_GEM
561,ITEM_DRAGON_GEM,591,ITEM_DRAGON_GEM
562,ITEM_DARK_GEM,592,ITEM_DARK_GEM
563,ITEM_STEEL_GEM,593,ITEM_STEEL_GEM
564,ITEM_NORMAL_GEM,594,ITEM_NORMAL_GEM
565,ITEM_HEALTH_FEATHER,595,ITEM_HEALTH_FEATHER
566,ITEM_MUSCLE_FEATHER,596,ITEM_MUSCLE_FEATHER
567,ITEM_RESIST_FEATHER,597,ITEM_RESIST_FEATHER
568,ITEM_GENIUS_FEATHER,598,ITEM_GENIUS_FEATHER
569,ITEM_CLEVER_FEATHER,599,ITEM_CLEVER_FEATHER
570,ITEM_SWIFT_FEATHER,600,ITEM_SWIFT_FEATHER
571,ITEM_PRETTY_FEATHER,562,ITEM_PRETTY_FEATHER
572,ITEM_COVER_FOSSIL,601,ITEM_COVER_FOSSIL
573,ITEM_PLUME_FOSSIL,602,ITEM_PLUME_FOSSIL
574,ITEM_LIBERTY_PASS,603,ITEM_LIBERTY_PASS
575,ITEM_PASS_ORB,604,ITEM_PASS_ORB
576,ITEM_DREAM_BALL,605,ITEM_DREAM_BALL
577,ITEM_POKE_TOY,606,ITEM_POKE_TOY
578,ITEM_PROP_CASE,607,ITEM_PROP_CASE
579,ITEM_DRAGON_SKULL,608,ITEM_DRAGON_SKULL
580,ITEM_BALM_MUSHROOM,609,ITEM_BALM_MUSHROOM
581,ITEM_BIG_NUGGET,610,ITEM_BIG_NUGGET
582,ITEM_PEARL_STRING,611,ITEM_PEARL_STRING
583,ITEM_COMET_SHARD,612,ITEM_COMET_SHARD
584,ITEM_RELIC_COPPER,613,ITEM_RELIC_COPPER
585,ITEM_RELIC_SILVER,614,ITEM_RELIC_SILVER
586,ITEM_RELIC_GOLD,615,ITEM_RELIC_GOLD
587,ITEM_RELIC_VASE,616,ITEM_RELIC_VASE
588,ITEM_RELIC_BAND,617,ITEM_RELIC_BAND
589,ITEM_RELIC_STATUE,618,ITEM_RELIC_STATUE
590,ITEM_RELIC_CROWN,619,ITEM_RELIC_CROWN
591,ITEM_CASTELIACONE,620,ITEM_CASTELIACONE
592,ITEM_DIRE_HIT_2,621,ITEM_DIRE_HIT_2
593,ITEM_X_SPEED_2,622,ITEM_X_SPEED_2
594,ITEM_X_SP_ATK_2,623,ITEM_X_SP_ATK_2
595,ITEM_X_SP_DEF_2,624,ITEM_X_SP_DEF_2
596,ITEM_X_DEFENSE_2,625,ITEM_X_DEFENSE_2
597,ITEM_X_ATTACK_2,626,ITEM_X_ATTACK_2
598,ITEM_X_ACCURACY_2,627,ITEM_X_ACCURACY_2
599,ITEM_X_SPEED_3,628,ITEM_X_SPEED_3
600,ITEM_X_SP_ATK_3,629,ITEM_X_SP_ATK_3
601,ITEM_X_SP_DEF_3,630,ITEM_X_SP_DEF_3
602,ITEM_X_DEFENSE_3,631,ITEM_X_DEFENSE_3
603,ITEM_X_ATTACK_3,632,ITEM_X_ATTACK_3
604,ITEM_X_ACCURACY_3,633,ITEM_X_ACCURACY_3
605,ITEM_X_SPEED_6,634,ITEM_X_SPEED_6
606,ITEM_X_SP_ATK_6,635,ITEM_X_SP_ATK_6
607,ITEM_X_SP_DEF_6,636,ITEM_X_SP_DEF_6
608,ITEM_X_DEFENSE_6,637,ITEM_X_DEFENSE_6
609,ITEM_X_ATTACK_6,638,ITEM_X_ATTACK_6
610,ITEM_X_ACCURACY_6,639,ITEM_X_ACCURACY_6
611,ITEM_ABILITY_URGE,640,ITEM_ABILITY_URGE
612,ITEM_ITEM_DROP,641,ITEM_ITEM_DROP
613,ITEM_ITEM_URGE,642,ITEM_ITEM_URGE
614,ITEM_RESET_URGE,643,ITEM_RESET_URGE
615,ITEM_DIRE_HIT_3,644,ITEM_DIRE_HIT_3
616,ITEM_LIGHT_STONE,645,ITEM_LIGHT_STONE
617,ITEM_DARK_STONE,646,ITEM_DARK_STONE
618,ITEM_TM093,647,ITEM_TM093
619,ITEM_TM094,648,ITEM_TM094
620,ITEM_TM095,649,ITEM_TM095
621,ITEM_XTRANSCEIVER_BW,650,ITEM_XTRANSCEIVER_BW
622,ITEM_UNKNOWN_622,651,ITEM_UNKNOWN_622
623,ITEM_GRAM_1,652,ITEM_GRAM_1
624,ITEM_GRAM_2,653,ITEM_GRAM_2
625,ITEM_GRAM_3,654,ITEM_GRAM_3
626,ITEM_XTRANSCEIVER_BW2,655,ITEM_XTRANSCEIVER_BW2
627,ITEM_MEDAL_BOX,656,ITEM_MEDAL_BOX
628,ITEM_DNA_SPLICERS_FUSE,657,ITEM_DNA_SPLICERS_FUSE
629,ITEM_DNA_SPLICERS_UNFUSE,658,ITEM_DNA_SPLICERS_UNFUSE
630,ITEM_PERMIT,659,ITEM_PERMIT
631,ITEM_OVAL_CHARM,660,ITEM_OVAL_CHARM
632,ITEM_SHINY_CHARM,661,ITEM_SHINY_CHARM
633,ITEM_PLASMA_CARD,662,ITEM_PLASMA_CARD
634,ITEM_GRUBBY_HANKY,663,ITEM_GRUBBY_HANKY
635,ITEM_COLRESS_MACHINE,664,ITEM_COLRESS_MACHINE
636,ITEM_DROPPED_ITEM_CURTIS,665,ITEM_DROPPED_ITEM_CURTIS
637,ITEM_DROPPED_ITEM_YANCY,666,ITEM_DROPPED_ITEM_YANCY
638,ITEM_REVEAL_GLASS,667,ITEM_REVEAL_GLASS
639,ITEM_WEAKNESS_POLICY,668,ITEM_WEAKNESS_POLICY
640,ITEM_ASSAULT_VEST,669,ITEM_ASSAULT_VEST
641,ITEM_HOLO_CASTER_MALE,670,ITEM_HOLO_CASTER_MALE
642,ITEM_PROFS_LETTER,671,ITEM_PROFS_LETTER
643,ITEM_ROLLER_SKATES,672,ITEM_ROLLER_SKATES
644,ITEM_PIXIE_PLATE,673,ITEM_PIXIE_PLATE
645,ITEM_ABILITY_CAPSULE,674,ITEM_ABILITY_CAPSULE
646,ITEM_WHIPPED_DREAM,675,ITEM_WHIPPED_DREAM
647,ITEM_SACHET,676,ITEM_SACHET
648,ITEM_LUMINOUS_MOSS,677,ITEM_LUMINOUS_MOSS
649,ITEM_SNOWBALL,563,ITEM_SNOWBALL
650,ITEM_SAFETY_GOGGLES,678,ITEM_SAFETY_GOGGLES
651,ITEM_POKE_FLUTE,679,ITEM_POKE_FLUTE
652,ITEM_RICH_MULCH,680,ITEM_RICH_MULCH
653,ITEM_SURPRISE_MULCH,681,ITEM_SURPRISE_MULCH
654,ITEM_BOOST_MULCH,682,ITEM_BOOST_MULCH
655,ITEM_AMAZE_MULCH,683,ITEM_AMAZE_MULCH
656,ITEM_GENGARITE,684,ITEM_GENGARITE
657,ITEM_GARDEVOIRITE,685,ITEM_GARDEVOIRITE
658,ITEM_AMPHAROSITE,686,ITEM_AMPHAROSITE
659,ITEM_VENUSAURITE,687,ITEM_VENUSAURITE
660,ITEM_CHARIZARDITE_X,688,ITEM_CHARIZARDITE_X
661,ITEM_BLASTOISINITE,689,ITEM_BLASTOISINITE
662,ITEM_MEWTWONITE_X,690,ITEM_MEWTWONITE_X
663,ITEM_MEWTWONITE_Y,691,ITEM_MEWTWONITE_Y
664,ITEM_BLAZIKENITE,692,ITEM_BLAZIKENITE
665,ITEM_MEDICHAMITE,693,ITEM_MEDICHAMITE
666,ITEM_HOUNDOOMINITE,694,ITEM_HOUNDOOMINITE
667,ITEM_AGGRONITE,695,ITEM_AGGRONITE
668,ITEM_BANETTITE,696,ITEM_BANETTITE
669,ITEM_TYRANITARITE,697,ITEM_TYRANITARITE
670,ITEM_SCIZORITE,698,ITEM_SCIZORITE
671,ITEM_PINSIRITE,699,ITEM_PINSIRITE
672,ITEM_AERODACTYLITE,700,ITEM_AERODACTYLITE
673,ITEM_LUCARIONITE,701,ITEM_LUCARIONITE
674,ITEM_ABOMASITE,702,ITEM_ABOMASITE
675,ITEM_KANGASKHANITE,703,ITEM_KANGASKHANITE
676,ITEM_GYARADOSITE,704,ITEM_GYARADOSITE
677,ITEM_ABSOLITE,705,ITEM_ABSOLITE
678,ITEM_CHARIZARDITE_Y,706,ITEM_CHARIZARDITE_Y
679,ITEM_ALAKAZITE,707,ITEM_ALAKAZITE
680,ITEM_HERACRONITE,708,ITEM_HERACRONITE
681,ITEM_MAWILITE,709,ITEM_MAWILITE
682,ITEM_MANECTITE,710,ITEM_MANECTITE
683,ITEM_GARCHOMPITE,711,ITEM_GARCHOMPITE
684,ITEM_LATIASITE,712,ITEM_LATIASITE
685,ITEM_LATIOSITE,713,ITEM_LATIOSITE
686,ITEM_ROSELI_BERRY,714,ITEM_ROSELI_BERRY
687,ITEM_KEE_BERRY,715,ITEM_KEE_BERRY
688,ITEM_MARANGA_BERRY,716,ITEM_MARANGA_BERRY
689,ITEM_SPRINKLOTAD,717,ITEM_SPRINKLOTAD
690,ITEM_TM096,718,ITEM_TM096
691,ITEM_TM097,719,ITEM_TM097
692,ITEM_TM098,720,ITEM_TM098
693,ITEM_TM099,721,ITEM_TM099
694,ITEM_TM100,722,ITEM_TM100
695,ITEM_POWER_PLANT_PASS,723,ITEM_POWER_PLANT_PASS
696,ITEM_MEGA_RING,724,ITEM_MEGA_RING
697,ITEM_INTRIGUING_STONE,725,ITEM_INTRIGUING_STONE
698,ITEM_COMMON_STONE,726,ITEM_COMMON_STONE
699,ITEM_DISCOUNT_COUPON,727,ITEM_DISCOUNT_COUPON
700,ITEM_ELEVATOR_KEY,728,ITEM_ELEVATOR_KEY
701,ITEM_TMV_PASS,729,ITEM_TMV_PASS
702,ITEM_HONOR_OF_KALOS,730,ITEM_HONOR_OF_KALOS
703,ITEM_ADVENTURE_GUIDE,731,ITEM_ADVENTURE_GUIDE
704,ITEM_STRANGE_SOUVENIR,732,ITEM_STRANGE_SOUVENIR
705,ITEM_LENS_CASE,733,ITEM_LENS_CASE
706,ITEM_MAKEUP_BAG,734,ITEM_MAKEUP_BAG
707,ITEM_TRAVEL_TRUNK,735,ITEM_TRAVEL_TRUNK
708,ITEM_LUMIOSE_GALETTE,736,ITEM_LUMIOSE_GALETTE
709,ITEM_SHALOUR_SABLE,737,ITEM_SHALOUR_SABLE
710,ITEM_JAW_FOSSIL,738,ITEM_JAW_FOSSIL
711,ITEM_SAIL_FOSSIL,739,ITEM_SAIL_FOSSIL
712,ITEM_LOOKER_TICKET,740,ITEM_LOOKER_TICKET
713,ITEM_BIKE_XY,741,ITEM_BIKE_XY
714,ITEM_HOLO_CASTER_FEMALE,742,ITEM_HOLO_CASTER_FEMALE
715,ITEM_FAIRY_GEM,743,ITEM_FAIRY_GEM
716,ITEM_MEGA_CHARM,744,ITEM_MEGA_CHARM
717,ITEM_MEGA_GLOVE,745,ITEM_MEGA_GLOVE
718,ITEM_MACH_BIKE,746,ITEM_MACH_BIKE
719,ITEM_ACRO_BIKE,747,ITEM_ACRO_BIKE
720,ITEM_WAILMER_PAIL,748,ITEM_WAILMER_PAIL
721,ITEM_DEVON_PARTS,749,ITEM_DEVON_PARTS
722,ITEM_SOOT_SACK,750,ITEM_SOOT_SACK
723,ITEM_BASEMENT_KEY_ORAS,751,ITEM_BASEMENT_KEY_ORAS
724,ITEM_POKEBLOCK_KIT,752,ITEM_POKEBLOCK_KIT
725,ITEM_LETTER,753,ITEM_LETTER
726,ITEM_EON_TICKET,754,ITEM_EON_TICKET
727,ITEM_SCANNER,755,ITEM_SCANNER
728,ITEM_GO_GOGGLES,756,ITEM_GO_GOGGLES
729,ITEM_METEORITE_ORAS_DEFAULT,757,ITEM_METEORITE_ORAS_DEFAULT
730,ITEM_KEY_TO_ROOM_1,758,ITEM_KEY_TO_ROOM_1
731,ITEM_KEY_TO_ROOM_2,759,ITEM_KEY_TO_ROOM_2
732,ITEM_KEY_TO_ROOM_4,760,ITEM_KEY_TO_ROOM_4
733,ITEM_KEY_TO_ROOM_6,761,ITEM_KEY_TO_ROOM_6
734,ITEM_STORAGE_KEY_HOENN,762,ITEM_STORAGE_KEY_HOENN
735,ITEM_DEVON_SCOPE,763,ITEM_DEVON_SCOPE
736,ITEM_SS_TICKET_ORAS,764,ITEM_SS_TICKET_ORAS
737,ITEM_HM07_ORAS,765,ITEM_HM07_ORAS
738,ITEM_DEVON_SCUBA_GEAR,766,ITEM_DEVON_SCUBA_GEAR
739,ITEM_CONTEST_COSTUME_MALE,767,ITEM_CONTEST_COSTUME_MALE
740,ITEM_CONTEST_COSTUME_FEMALE,768,ITEM_CONTEST_COSTUME_FEMALE
741,ITEM_MAGMA_SUIT,769,ITEM_MAGMA_SUIT
742,ITEM_AQUA_SUIT,770,ITEM_AQUA_SUIT
743,ITEM_PAIR_OF_TICKETS,771,ITEM_PAIR_OF_TICKETS
744,ITEM_MEGA_BRACELET,772,ITEM_MEGA_BRACELET
745,ITEM_MEGA_PENDANT,773,ITEM_MEGA_PENDANT
746,ITEM_MEGA_GLASSES,774,ITEM_MEGA_GLASSES
747,ITEM_MEGA_ANCHOR,775,ITEM_MEGA_ANCHOR
748,ITEM_MEGA_STICKPIN,776,ITEM_MEGA_STICKPIN
749,ITEM_MEGA_TIARA,777,ITEM_MEGA_TIARA
750,ITEM_MEGA_ANKLET,778,ITEM_MEGA_ANKLET
751,ITEM_METEORITE_ORAS_SECOND,779,ITEM_METEORITE_ORAS_SECOND
752,ITEM_SWAMPERTITE,780,ITEM_SWAMPERTITE
753,ITEM_SCEPTILITE,781,ITEM_SCEPTILITE
754,ITEM_SABLENITE,782,ITEM_SABLENITE
755,ITEM_ALTARIANITE,783,ITEM_ALTARIANITE
756,ITEM_GALLADITE,784,ITEM_GALLADITE
757,ITEM_AUDINITE,785,ITEM_AUDINITE
758,ITEM_METAGROSSITE,786,ITEM_METAGROSSITE
759,ITEM_SHARPEDONITE,787,ITEM_SHARPEDONITE
760,ITEM_SLOWBRONITE,788,ITEM_SLOWBRONITE
761,ITEM_STEELIXITE,789,ITEM_STEELIXITE
762,ITEM_PIDGEOTITE,790,ITEM_PIDGEOTITE
763,ITEM_GLALITITE,791,ITEM_GLALITITE
764,ITEM_DIANCITE,792,ITEM_DIANCITE
765,ITEM_PRISON_BOTTLE,793,ITEM_PRISON_BOTTLE
766,ITEM_MEGA_CUFF,794,ITEM_MEGA_CUFF
767,ITEM_CAMERUPTITE,795,ITEM_CAMERUPTITE
768,ITEM_LOPUNNITE,796,ITEM_LOPUNNITE
769,ITEM_SALAMENCITE,797,ITEM_SALAMENCITE
770,ITEM_BEEDRILLITE,798,ITEM_BEEDRILLITE
771,ITEM_METEORITE_ORAS_THIRD,799,ITEM_METEORITE_ORAS_THIRD
772,ITEM_METEORITE_ORAS_FINAL,800,ITEM_METEORITE_ORAS_FINAL
773,ITEM_KEY_STONE,801,ITEM_KEY_STONE
774,ITEM_METEORITE_SHARD,802,ITEM_METEORITE_SHARD
775,ITEM_EON_FLUTE,803,ITEM_EON_FLUTE
776,ITEM_NORMALIUM_Z_HELD,804,ITEM_NORMALIUM_Z_HELD
777,ITEM_FIRIUM_Z_HELD,805,ITEM_FIRIUM_Z_HELD
778,ITEM_WATERIUM_Z_HELD,806,ITEM_WATERIUM_Z_HELD
779,ITEM_ELECTRIUM_Z_HELD,807,ITEM_ELECTRIUM_Z_HELD
780,ITEM_GRASSIUM_Z_HELD,808,ITEM_GRASSIUM_Z_HELD
781,ITEM_ICIUM_Z_HELD,809,ITEM_ICIUM_Z_HELD
782,ITEM_FIGHTINIUM_Z_HELD,810,ITEM_FIGHTINIUM_Z_HELD
783,ITEM_POISONIUM_Z_HELD,811,ITEM_POISONIUM_Z_HELD
784,ITEM_GROUNDIUM_Z_HELD,812,ITEM_GROUNDIUM_Z_HELD
785,ITEM_FLYINIUM_Z_HELD,813,ITEM_FLYINIUM_Z_HELD
786,ITEM_PSYCHIUM_Z_HELD,814,ITEM_PSYCHIUM_Z_HELD
787,ITEM_BUGINIUM_Z_HELD,815,ITEM_BUGINIUM_Z_HELD
788,ITEM_ROCKIUM_Z_HELD,816,ITEM_ROCKIUM_Z_HELD
789,ITEM_GHOSTIUM_Z_HELD,817,ITEM_GHOSTIUM_Z_HELD
790,ITEM_DRAGONIUM_Z_HELD,818,ITEM_DRAGONIUM_Z_HELD
791,ITEM_DARKINIUM_Z_HELD,819,ITEM_DARKINIUM_Z_HELD
792,ITEM_STEELIUM_Z_HELD,820,ITEM_STEELIUM_Z_HELD
793,ITEM_FAIRIUM_Z_HELD,821,ITEM_FAIRIUM_Z_HELD
794,ITEM_PIKANIUM_Z_HELD,822,ITEM_PIKANIUM_Z_HELD
795,ITEM_BOTTLE_CAP,823,ITEM_BOTTLE_CAP
796,ITEM_GOLD_BOTTLE_CAP,824,ITEM_GOLD_BOTTLE_CAP
797,ITEM_Z_RING,825,ITEM_Z_RING
798,ITEM_DECIDIUM_Z_HELD,826,ITEM_DECIDIUM_Z_HELD
799,ITEM_INCINIUM_Z_HELD,827,ITEM_INCINIUM_Z_HELD
800,ITEM_PRIMARIUM_Z_HELD,828,ITEM_PRIMARIUM_Z_HELD
801,ITEM_TAPUNIUM_Z_HELD,829,ITEM_TAPUNIUM_Z_HELD
802,ITEM_MARSHADIUM_Z_HELD,830,ITEM_MARSHADIUM_Z_HELD
803,ITEM_ALORAICHIUM_Z_HELD,831,ITEM_ALORAICHIUM_Z_HELD
804,ITEM_SNORLIUM_Z_HELD,832,ITEM_SNORLIUM_Z_HELD
805,ITEM_EEVIUM_Z_HELD,833,ITEM_EEVIUM_Z_HELD
806,ITEM_MEWNIUM_Z_HELD,834,ITEM_MEWNIUM_Z_HELD
807,ITEM_NORMALIUM_Z_BAG,835,ITEM_NORMALIUM_Z_BAG
808,ITEM_FIRIUM_Z_BAG,836,ITEM_FIRIUM_Z_BAG
809,ITEM_WATERIUM_Z_BAG,837,ITEM_WATERIUM_Z_BAG
810,ITEM_ELECTRIUM_Z_BAG,838,ITEM_ELECTRIUM_Z_BAG
811,ITEM_GRASSIUM_Z_BAG,839,ITEM_GRASSIUM_Z_BAG
812,ITEM_ICIUM_Z_BAG,840,ITEM_ICIUM_Z_BAG
813,ITEM_FIGHTINIUM_Z_BAG,841,ITEM_FIGHTINIUM_Z_BAG
814,ITEM_POISONIUM_Z_BAG,842,ITEM_POISONIUM_Z_BAG
815,ITEM_GROUNDIUM_Z_BAG,843,ITEM_GROUNDIUM_Z_BAG
816,ITEM_FLYINIUM_Z_BAG,844,ITEM_FLYINIUM_Z_BAG
817,ITEM_PSYCHIUM_Z_BAG,845,ITEM_PSYCHIUM_Z_BAG
818,ITEM_BUGINIUM_Z_BAG,846,ITEM_BUGINIUM_Z_BAG
819,ITEM_ROCKIUM_Z_BAG,847,ITEM_ROCKIUM_Z_BAG
820,ITEM_GHOSTIUM_Z_BAG,848,ITEM_GHOSTIUM_Z_BAG
821,ITEM_DRAGONIUM_Z_BAG,849,ITEM_DRAGONIUM_Z_BAG
822,ITEM_DARKINIUM_Z_BAG,850,ITEM_DARKINIUM_Z_BAG
823,ITEM_STEELIUM_Z_BAG,851,ITEM_STEELIUM_Z_BAG
824,ITEM_FAIRIUM_Z_BAG,852,ITEM_FAIRIUM_Z_BAG
825,ITEM_PIKANIUM_Z_BAG,853,ITEM_PIKANIUM_Z_BAG
826,ITEM_DECIDIUM_Z_BAG,854,ITEM_DECIDIUM_Z_BAG
827,ITEM_INCINIUM_Z_BAG,855,ITEM_INCINIUM_Z_BAG
828,ITEM_PRIMARIUM_Z_BAG,856,ITEM_PRIMARIUM_Z_BAG
829,ITEM_TAPUNIUM_Z_BAG,857,ITEM_TAPUNIUM_Z_BAG
830,ITEM_MARSHADIUM_Z_BAG,858,ITEM_MARSHADIUM_Z_BAG
831,ITEM_ALORAICHIUM_Z_BAG,859,ITEM_ALORAICHIUM_Z_BAG
832,ITEM_SNORLIUM_Z_BAG,860,ITEM_SNORLIUM_Z_BAG
833,ITEM_EEVIUM_Z_BAG,861,ITEM_EEVIUM_Z_BAG
834,ITEM_MEWNIUM_Z_BAG,862,ITEM_MEWNIUM_Z_BAG
835,ITEM_PIKASHUNIUM_Z_HELD,863,ITEM_PIKASHUNIUM_Z_HELD
836,ITEM_PIKASHUNIUM_Z_BAG,864,ITEM_PIKASHUNIUM_Z_BAG
837,ITEM_UNKNOWN_837,865,ITEM_UNKNOWN_837
838,ITEM_UNKNOWN_838,866,ITEM_UNKNOWN_838
839,ITEM_UNKNOWN_839,867,ITEM_UNKNOWN_839
840,ITEM_UNKNOWN_840,868,ITEM_UNKNOWN_840
841,ITEM_FORAGE_BAG,869,ITEM_FORAGE_BAG
842,ITEM_FISHING_ROD_SM,870,ITEM_FISHING_ROD_SM
843,ITEM_PROFESSORS_MASK,871,ITEM_PROFESSORS_MASK
844,ITEM_FESTIVAL_TICKET,872,ITEM_FESTIVAL_TICKET
845,ITEM_SPARKLING_STONE,873,ITEM_SPARKLING_STONE
846,ITEM_ADRENALINE_ORB,874,ITEM_ADRENALINE_ORB
847,ITEM_ZYGARDE_CUBE,875,ITEM_ZYGARDE_CUBE
848,ITEM_UNKNOWN_848,876,ITEM_UNKNOWN_848
849,ITEM_ICE_STONE,544,ITEM_ICE_STONE
850,ITEM_RIDE_PAGER,877,ITEM_RIDE_PAGER
851,ITEM_BEAST_BALL,878,ITEM_BEAST_BALL
852,ITEM_BIG_MALASADA,879,ITEM_BIG_MALASADA
853,ITEM_RED_NECTAR,880,ITEM_RED_NECTAR
854,ITEM_YELLOW_NECTAR,881,ITEM_YELLOW_NECTAR
855,ITEM_PINK_NECTAR,882,ITEM_PINK_NECTAR
856,ITEM_PURPLE_NECTAR,883,ITEM_PURPLE_NECTAR
857,ITEM_SUN_FLUTE,884,ITEM_SUN_FLUTE
858,ITEM_MOON_FLUTE,885,ITEM_MOON_FLUTE
859,ITEM_UNKNOWN_859,886,ITEM_UNKNOWN_859
860,ITEM_ENIGMATIC_CARD,887,ITEM_ENIGMATIC_CARD
861,ITEM_SILVER_RAZZ_BERRY,888,ITEM_SILVER_RAZZ_BERRY
862,ITEM_GOLDEN_RAZZ_BERRY,889,ITEM_GOLDEN_RAZZ_BERRY
863,ITEM_SILVER_NANAB_BERRY,890,ITEM_SILVER_NANAB_BERRY
864,ITEM_GOLDEN_NANAB_BERRY,891,ITEM_GOLDEN_NANAB_BERRY
865,ITEM_SILVER_PINAP_BERRY,892,ITEM_SILVER_PINAP_BERRY
866,ITEM_GOLDEN_PINAP_BERRY,893,ITEM_GOLDEN_PINAP_BERRY
867,ITEM_UNKNOWN_867,894,ITEM_UNKNOWN_867
868,ITEM_UNKNOWN_868,895,ITEM_UNKNOWN_868
869,ITEM_UNKNOWN_869,896,ITEM_UNKNOWN_869
870,ITEM_UNKNOWN_870,897,ITEM_UNKNOWN_870
871,ITEM_UNKNOWN_871,898,ITEM_UNKNOWN_871
872,ITEM_SECRET_KEY_LGPE,899,ITEM_SECRET_KEY_LGPE
873,ITEM_SS_TICKET_LGPE,900,ITEM_SS_TICKET_LGPE
874,ITEM_SILPH_SCOPE,901,ITEM_SILPH_SCOPE
875,ITEM_PARCEL_LGPE,902,ITEM_PARCEL_LGPE
876,ITEM_CARD_KEY_KANTO,903,ITEM_CARD_KEY_KANTO
877,ITEM_GOLD_TEETH,904,ITEM_GOLD_TEETH
878,ITEM_LIFT_KEY,905,ITEM_LIFT_KEY
879,ITEM_TERRAIN_EXTENDER,906,ITEM_TERRAIN_EXTENDER
880,ITEM_PROTECTIVE_PADS,907,ITEM_PROTECTIVE_PADS
881,ITEM_ELECTRIC_SEED,558,ITEM_ELECTRIC_SEED
882,ITEM_PSYCHIC_SEED,561,ITEM_PSYCHIC_SEED
883,ITEM_MISTY_SEED,560,ITEM_MISTY_SEED
884,ITEM_GRASSY_SEED,559,ITEM_GRASSY_SEED
885,ITEM_STRETCHY_SPRING,908,ITEM_STRETCHY_SPRING
886,ITEM_CHALKY_STONE,909,ITEM_CHALKY_STONE
887,ITEM_MARBLE,910,ITEM_MARBLE
888,ITEM_LONE_EARRING,911,ITEM_LONE_EARRING
889,ITEM_BEACH_GLASS,912,ITEM_BEACH_GLASS
890,ITEM_GOLD_LEAF,913,ITEM_GOLD_LEAF
891,ITEM_SILVER_LEAF,914,ITEM_SILVER_LEAF
892,ITEM_POLISHED_MUD_BALL,915,ITEM_POLISHED_MUD_BALL
893,ITEM_TROPICAL_SHELL,916,ITEM_TROPICAL_SHELL
894,ITEM_LEAF_LETTER_1,917,ITEM_LEAF_LETTER_1
895,ITEM_LEAF_LETTER_2,918,ITEM_LEAF_LETTER_2
896,ITEM_SMALL_BOUQUET,919,ITEM_SMALL_BOUQUET
897,ITEM_UNKNOWN_897,920,ITEM_UNKNOWN_897
898,ITEM_UNKNOWN_898,921,ITEM_UNKNOWN_898
899,ITEM_UNKNOWN_899,922,ITEM_UNKNOWN_899
900,ITEM_LURE,923,ITEM_LURE
901,ITEM_SUPER_LURE,924,ITEM_SUPER_LURE
902,ITEM_MAX_LURE,925,ITEM_MAX_LURE
903,ITEM_PEWTER_CRUNCHIES,926,ITEM_PEWTER_CRUNCHIES
904,ITEM_FIGHTING_MEMORY,927,ITEM_FIGHTING_MEMORY
905,ITEM_FLYING_MEMORY,928,ITEM_FLYING_MEMORY
906,ITEM_POISON_MEMORY,929,ITEM_POISON_MEMORY
907,ITEM_GROUND_MEMORY,930,ITEM_GROUND_MEMORY
908,ITEM_ROCK_MEMORY,931,ITEM_ROCK_MEMORY
909,ITEM_BUG_MEMORY,932,ITEM_BUG_MEMORY
910,ITEM_GHOST_MEMORY,933,ITEM_GHOST_MEMORY
911,ITEM_STEEL_MEMORY,934,ITEM_STEEL_MEMORY
912,ITEM_FIRE_MEMORY,935,ITEM_FIRE_MEMORY
913,ITEM_WATER_MEMORY,936,ITEM_WATER_MEMORY
914,ITEM_GRASS_MEMORY,937,ITEM_GRASS_MEMORY
915,ITEM_ELECTRIC_MEMORY,938,ITEM_ELECTRIC_MEMORY
916,ITEM_PSYCHIC_MEMORY,939,ITEM_PSYCHIC_MEMORY
917,ITEM_ICE_MEMORY,940,ITEM_ICE_MEMORY
918,ITEM_DRAGON_MEMORY,941,ITEM_DRAGON_MEMORY
919,ITEM_DARK_MEMORY,942,ITEM_DARK_MEMORY
920,ITEM_FAIRY_MEMORY,943,ITEM_FAIRY_MEMORY
921,ITEM_SOLGANIUM_Z_BAG,944,ITEM_SOLGANIUM_Z_BAG
922,ITEM_LUNALIUM_Z_BAG,945,ITEM_LUNALIUM_Z_BAG
923,ITEM_ULTRANECROZIUM_Z_BAG,946,ITEM_ULTRANECROZIUM_Z_BAG
924,ITEM_MIMIKIUM_Z_ITEM,947,ITEM_MIMIKIUM_Z_ITEM
925,ITEM_LYCANIUM_Z_ITEM,948,ITEM_LYCANIUM_Z_ITEM
926,ITEM_KOMMONIUM_Z_ITEM,949,ITEM_KOMMONIUM_Z_ITEM
927,ITEM_SOLGANIUM_Z_ITEM,950,ITEM_SOLGANIUM_Z_ITEM
928,ITEM_LUNALIUM_Z_ITEM,951,ITEM_LUNALIUM_Z_ITEM
929,ITEM_ULTRANECROZIUM_Z_ITEM,952,ITEM_ULTRANECROZIUM_Z_ITEM
930,ITEM_MIMIKIUM_Z_BAG,953,ITEM_MIMIKIUM_Z_BAG
931,ITEM_LYCANIUM_Z_BAG,954,ITEM_LYCANIUM_Z_BAG
932,ITEM_KOMMONIUM_Z_BAG,955,ITEM_KOMMONIUM_Z_BAG
933,ITEM_Z_POWER_RING,956,ITEM_Z_POWER_RING
934,ITEM_PINK_PETAL,957,ITEM_PINK_PETAL
935,ITEM_ORANGE_PETAL,958,ITEM_ORANGE_PETAL
936,ITEM_BLUE_PETAL,959,ITEM_BLUE_PETAL
937,ITEM_RED_PETAL,960,ITEM_RED_PETAL
938,ITEM_GREEN_PETAL,961,ITEM_GREEN_PETAL
939,ITEM_YELLOW_PETAL,962,ITEM_YELLOW_PETAL
940,ITEM_PURPLE_PETAL,963,ITEM_PURPLE_PETAL
941,ITEM_RAINBOW_FLOWER,964,ITEM_RAINBOW_FLOWER
942,ITEM_SURGE_BADGE,965,ITEM_SURGE_BADGE
943,ITEM_N_SOLARIZER_FUSE,966,ITEM_N_SOLARIZER_FUSE
944,ITEM_N_LUNARIZER_FUSE,967,ITEM_N_LUNARIZER_FUSE
945,ITEM_N_SOLARIZER_UNFUSE,968,ITEM_N_SOLARIZER_UNFUSE
946,ITEM_N_LUNARIZER_UNFUSE,969,ITEM_N_LUNARIZER_UNFUSE
947,ITEM_ILIMAS_NORMALIUM_Z,970,ITEM_ILIMAS_NORMALIUM_Z
948,ITEM_LEFT_POKE_BALL,971,ITEM_LEFT_POKE_BALL
949,ITEM_ROTO_HATCH,972,ITEM_ROTO_HATCH
950,ITEM_ROTO_BARGAIN,973,ITEM_ROTO_BARGAIN
951,ITEM_ROTO_PRIZE_MONEY,974,ITEM_ROTO_PRIZE_MONEY
952,ITEM_ROTO_EXP_POINTS,975,ITEM_ROTO_EXP_POINTS
953,ITEM_ROTO_FRIENDSHIP,976,ITEM_ROTO_FRIENDSHIP
954,ITEM_ROTO_ENCOUNTER,977,ITEM_ROTO_ENCOUNTER
955,ITEM_ROTO_STEALTH,978,ITEM_ROTO_STEALTH
956,ITEM_ROTO_HP_RESTORE,979,ITEM_ROTO_HP_RESTORE
957,ITEM_ROTO_PP_RESTORE,980,ITEM_ROTO_PP_RESTORE
958,ITEM_ROTO_BOOST,981,ITEM_ROTO_BOOST
959,ITEM_ROTO_CATCH,982,ITEM_ROTO_CATCH
960,ITEM_HEALTH_CANDY,983,ITEM_HEALTH_CANDY
961,ITEM_MIGHTY_CANDY,984,ITEM_MIGHTY_CANDY
962,ITEM_TOUGH_CANDY,985,ITEM_TOUGH_CANDY
963,ITEM_SMART_CANDY,986,ITEM_SMART_CANDY
964,ITEM_COURAGE_CANDY,987,ITEM_COURAGE_CANDY
965,ITEM_QUICK_CANDY,988,ITEM_QUICK_CANDY
966,ITEM_HEALTH_CANDY_L,989,ITEM_HEALTH_CANDY_L
967,ITEM_MIGHTY_CANDY_L,990,ITEM_MIGHTY_CANDY_L
968,ITEM_TOUGH_CANDY_L,991,ITEM_TOUGH_CANDY_L
969,ITEM_SMART_CANDY_L,992,ITEM_SMART_CANDY_L
970,ITEM_COURAGE_CANDY_L,993,ITEM_COURAGE_CANDY_L
971,ITEM_QUICK_CANDY_L,994,ITEM_QUICK_CANDY_L
972,ITEM_HEALTH_CANDY_XL,995,ITEM_HEALTH_CANDY_XL
973,ITEM_MIGHTY_CANDY_XL,996,ITEM_MIGHTY_CANDY_XL
974,ITEM_TOUGH_CANDY_XL,997,ITEM_TOUGH_CANDY_XL
975,ITEM_SMART_CANDY_XL,998,ITEM_SMART_CANDY_XL
976,ITEM_COURAGE_CANDY_XL,999,ITEM_COURAGE_CANDY_XL
977,ITEM_QUICK_CANDY_XL,1000,ITEM_QUICK_CANDY_XL
978,ITEM_BULBASAUR_CANDY,1001,ITEM_BULBASAUR_CANDY
979,ITEM_CHARMANDER_CANDY,1002,ITEM_CHARMANDER_CANDY
980,ITEM_SQUIRTLE_CANDY,1003,ITEM_SQUIRTLE_CANDY
981,ITEM_CATERPIE_CANDY,1004,ITEM_CATERPIE_CANDY
982,ITEM_WEEDLE_CANDY,1005,ITEM_WEEDLE_CANDY
983,ITEM_PIDGEY_CANDY,1006,ITEM_PIDGEY_CANDY
984,ITEM_RATTATA_CANDY,1007,ITEM_RATTATA_CANDY
985,ITEM_SPEAROW_CANDY,1008,ITEM_SPEAROW_CANDY
986,ITEM_EKANS_CANDY,1009,ITEM_EKANS_CANDY
987,ITEM_PIKACHU_CANDY,1010,ITEM_PIKACHU_CANDY
988,ITEM_SANDSHREW_CANDY,1011,ITEM_SANDSHREW_CANDY
989,ITEM_NIDORAN_FEMALE_CANDY,1012,ITEM_NIDORAN_FEMALE_CANDY
990,ITEM_NIDORAN_MALE_CANDY,1013,ITEM_NIDORAN_MALE_CANDY
991,ITEM_CLEFAIRY_CANDY,1014,ITEM_CLEFAIRY_CANDY
992,ITEM_VULPIX_CANDY,1015,ITEM_VULPIX_CANDY
993,ITEM_JIGGLYPUFF_CANDY,1016,ITEM_JIGGLYPUFF_CANDY
994,ITEM_ZUBAT_CANDY,1017,ITEM_ZUBAT_CANDY
995,ITEM_ODDISH_CANDY,1018,ITEM_ODDISH_CANDY
996,ITEM_PARAS_CANDY,1019,ITEM_PARAS_CANDY
997,ITEM_VENONAT_CANDY,1020,ITEM_VENONAT_CANDY
998,ITEM_DIGLETT_CANDY,1021,ITEM_DIGLETT_CANDY
999,ITEM_MEOWTH_CANDY,1022,ITEM_MEOWTH_CANDY
1000,ITEM_PSYDUCK_CANDY,1023,ITEM_PSYDUCK_CANDY
1001,ITEM_MANKEY_CANDY,1024,ITEM_MANKEY_CANDY
1002,ITEM_GROWLITHE_CANDY,1025,ITEM_GROWLITHE_CANDY
1003,ITEM_POLIWAG_CANDY,1026,ITEM_POLIWAG_CANDY
1004,ITEM_ABRA_CANDY,1027,ITEM_ABRA_CANDY
1005,ITEM_MACHOP_CANDY,1028,ITEM_MACHOP_CANDY
1006,ITEM_BELLSPROUT_CANDY,1029,ITEM_BELLSPROUT_CANDY
1007,ITEM_TENTACOOL_CANDY,1030,ITEM_TENTACOOL_CANDY
1008,ITEM_GEODUDE_CANDY,1031,ITEM_GEODUDE_CANDY
1009,ITEM_PONYTA_CANDY,1032,ITEM_PONYTA_CANDY
1010,ITEM_SLOWPOKE_CANDY,1033,ITEM_SLOWPOKE_CANDY
1011,ITEM_MAGNEMITE_CANDY,1034,ITEM_MAGNEMITE_CANDY
1012,ITEM_FARFETCHD_CANDY,1035,ITEM_FARFETCHD_CANDY
1013,ITEM_DODUO_CANDY,1036,ITEM_DODUO_CANDY
1014,ITEM_SEEL_CANDY,1037,ITEM_SEEL_CANDY
1015,ITEM_GRIMER_CANDY,1038,ITEM_GRIMER_CANDY
1016,ITEM_SHELLDER_CANDY,1039,ITEM_SHELLDER_CANDY
1017,ITEM_GASTLY_CANDY,1040,ITEM_GASTLY_CANDY
1018,ITEM_ONIX_CANDY,1041,ITEM_ONIX_CANDY
1019,ITEM_DROWZEE_CANDY,1042,ITEM_DROWZEE_CANDY
1020,ITEM_KRABBY_CANDY,1043,ITEM_KRABBY_CANDY
1021,ITEM_VOLTORB_CANDY,1044,ITEM_VOLTORB_CANDY
1022,ITEM_EXEGGCUTE_CANDY,1045,ITEM_EXEGGCUTE_CANDY
1023,ITEM_CUBONE_CANDY,1046,ITEM_CUBONE_CANDY
1024,ITEM_HITMONLEE_CANDY,1047,ITEM_HITMONLEE_CANDY
1025,ITEM_HITMONCHAN_CANDY,1048,ITEM_HITMONCHAN_CANDY
1026,ITEM_LICKITUNG_CANDY,1049,ITEM_LICKITUNG_CANDY
1027,ITEM_KOFFING_CANDY,1050,ITEM_KOFFING_CANDY
1028,ITEM_RHYHORN_CANDY,1051,ITEM_RHYHORN_CANDY
1029,ITEM_CHANSEY_CANDY,1052,ITEM_CHANSEY_CANDY
1030,ITEM_TANGELA_CANDY,1053,ITEM_TANGELA_CANDY
1031,ITEM_KANGASKHAN_CANDY,1054,ITEM_KANGASKHAN_CANDY
1032,ITEM_HORSEA_CANDY,1055,ITEM_HORSEA_CANDY
1033,ITEM_GOLDEEN_CANDY,1056,ITEM_GOLDEEN_CANDY
1034,ITEM_STARYU_CANDY,1057,ITEM_STARYU_CANDY
1035,ITEM_MR_MIME_CANDY,1058,ITEM_MR_MIME_CANDY
1036,ITEM_SCYTHER_CANDY,1059,ITEM_SCYTHER_CANDY
1037,ITEM_JYNX_CANDY,1060,ITEM_JYNX_CANDY
1038,ITEM_ELECTABUZZ_CANDY,1061,ITEM_ELECTABUZZ_CANDY
1039,ITEM_PINSIR_CANDY,1062,ITEM_PINSIR_CANDY
1040,ITEM_TAUROS_CANDY,1063,ITEM_TAUROS_CANDY
1041,ITEM_MAGIKARP_CANDY,1064,ITEM_MAGIKARP_CANDY
1042,ITEM_LAPRAS_CANDY,1065,ITEM_LAPRAS_CANDY
1043,ITEM_DITTO_CANDY,1066,ITEM_DITTO_CANDY
1044,ITEM_EEVEE_CANDY,1067,ITEM_EEVEE_CANDY
1045,ITEM_PORYGON_CANDY,1068,ITEM_PORYGON_CANDY
1046,ITEM_OMANYTE_CANDY,1069,ITEM_OMANYTE_CANDY
1047,ITEM_KABUTO_CANDY,1070,ITEM_KABUTO_CANDY
1048,ITEM_AERODACTYL_CANDY,1071,ITEM_AERODACTYL_CANDY
1049,ITEM_SNORLAX_CANDY,1072,ITEM_SNORLAX_CANDY
1050,ITEM_ARTICUNO_CANDY,1073,ITEM_ARTICUNO_CANDY
1051,ITEM_ZAPDOS_CANDY,1074,ITEM_ZAPDOS_CANDY
1052,ITEM_MOLTRES_CANDY,1075,ITEM_MOLTRES_CANDY
1053,ITEM_DRATINI_CANDY,1076,ITEM_DRATINI_CANDY
1054,ITEM_MEWTWO_CANDY,1077,ITEM_MEWTWO_CANDY
1055,ITEM_MEW_CANDY,1078,ITEM_MEW_CANDY
1056,ITEM_MELTAN_CANDY,1079,ITEM_MELTAN_CANDY
1057,ITEM_MAGMAR_CANDY,1080,ITEM_MAGMAR_CANDY
1058,ITEM_UNKNOWN_1058,1081,ITEM_UNKNOWN_1058
1059,ITEM_UNKNOWN_1059,1082,ITEM_UNKNOWN_1059
1060,ITEM_UNKNOWN_1060,1083,ITEM_UNKNOWN_1060
1061,ITEM_UNKNOWN_1061,1084,ITEM_UNKNOWN_1061
1062,ITEM_UNKNOWN_1062,1085,ITEM_UNKNOWN_1062
1063,ITEM_UNKNOWN_1063,1086,ITEM_UNKNOWN_1063
1064,ITEM_UNKNOWN_1064,1087,ITEM_UNKNOWN_1064
1065,ITEM_UNKNOWN_1065,1088,ITEM_UNKNOWN_1065
1066,ITEM_UNKNOWN_1066,1089,ITEM_UNKNOWN_1066
1067,ITEM_UNKNOWN_1067,1090,ITEM_UNKNOWN_1067
1068,ITEM_UNKNOWN_1068,1091,ITEM_UNKNOWN_1068
1069,ITEM_UNKNOWN_1069,1092,ITEM_UNKNOWN_1069
1070,ITEM_UNKNOWN_1070,1093,ITEM_UNKNOWN_1070
1071,ITEM_UNKNOWN_1071,1094,ITEM_UNKNOWN_1071
1072,ITEM_UNKNOWN_1072,1095,ITEM_UNKNOWN_1072
1073,ITEM_UNKNOWN_1073,1096,ITEM_UNKNOWN_1073
1074,ITEM_ENDORSEMENT,1097,ITEM_ENDORSEMENT
1075,ITEM_POKEMON_BOX_LINK,1098,ITEM_POKEMON_BOX_LINK
1076,ITEM_WISHING_STAR,1099,ITEM_WISHING_STAR
1077,ITEM_DYNAMAX_BAND,1100,ITEM_DYNAMAX_BAND
1078,ITEM_UNKNOWN_1078,1101,ITEM_UNKNOWN_1078
1079,ITEM_UNKNOWN_1079,1102,ITEM_UNKNOWN_1079
1080,ITEM_FISHING_ROD_SWSH,1103,ITEM_FISHING_ROD_SWSH
1081,ITEM_ROTOM_BIKE_LAND_MODE,1104,ITEM_ROTOM_BIKE_LAND_MODE
1082,ITEM_UNKNOWN_1082,1105,ITEM_UNKNOWN_1082
1083,ITEM_UNKNOWN_1083,1106,ITEM_UNKNOWN_1083
1084,ITEM_SAUSAGES,1107,ITEM_SAUSAGES
1085,ITEM_BOBS_FOOD_TIN,1108,ITEM_BOBS_FOOD_TIN
1086,ITEM_BACHS_FOOD_TIN,1109,ITEM_BACHS_FOOD_TIN
1087,ITEM_TIN_OF_BEANS,1110,ITEM_TIN_OF_BEANS
1088,ITEM_BREAD,1111,ITEM_BREAD
1089,ITEM_PASTA,1112,ITEM_PASTA
1090,ITEM_MIXED_MUSHROOMS,1113,ITEM_MIXED_MUSHROOMS
1091,ITEM_SMOKE_POKE_TAIL,1114,ITEM_SMOKE_POKE_TAIL
1092,ITEM_LARGE_LEEK,1115,ITEM_LARGE_LEEK
1093,ITEM_FANCY_APPLE,1116,ITEM_FANCY_APPLE
1094,ITEM_BRITTLE_BONES,1117,ITEM_BRITTLE_BONES
1095,ITEM_PACK_OF_POTATOES,1118,ITEM_PACK_OF_POTATOES
1096,ITEM_PUNGENT_ROOT,1119,ITEM_PUNGENT_ROOT
1097,ITEM_SALAD_MIX,1120,ITEM_SALAD_MIX
1098,ITEM_FRIED_FOOD,1121,ITEM_FRIED_FOOD
1099,ITEM_BOILED_EGG,1122,ITEM_BOILED_EGG
1100,ITEM_CAMPING_GEAR,1123,ITEM_CAMPING_GEAR
1101,ITEM_UNKNOWN_1101,1124,ITEM_UNKNOWN_1101
1102,ITEM_UNKNOWN_1102,1125,ITEM_UNKNOWN_1102
1103,ITEM_RUSTED_SWORD,1126,ITEM_RUSTED_SWORD
1104,ITEM_RUSTED_SHIELD,1127,ITEM_RUSTED_SHIELD
1105,ITEM_FOSSILIZED_BIRD,1128,ITEM_FOSSILIZED_BIRD
1106,ITEM_FOSSILIZED_FISH,1129,ITEM_FOSSILIZED_FISH
1107,ITEM_FOSSILIZED_DRAKE,1130,ITEM_FOSSILIZED_DRAKE
1108,ITEM_FOSSILIZED_DINO,1131,ITEM_FOSSILIZED_DINO
1109,ITEM_STRAWBERRY_SWEET,1132,ITEM_STRAWBERRY_SWEET
1110,ITEM_LOVE_SWEET,1133,ITEM_LOVE_SWEET
1111,ITEM_BERRY_SWEET,1134,ITEM_BERRY_SWEET
1112,ITEM_CLOVER_SWEET,1135,ITEM_CLOVER_SWEET
1113,ITEM_FLOWER_SWEET,1136,ITEM_FLOWER_SWEET
1114,ITEM_STAR_SWEET,1137,ITEM_STAR_SWEET
1115,ITEM_RIBBON_SWEET,1138,ITEM_RIBBON_SWEET
1116,ITEM_SWEET_APPLE,540,ITEM_SWEET_APPLE
1117,ITEM_TART_APPLE,539,ITEM_TART_APPLE
1118,ITEM_THROAT_SPRAY,1139,ITEM_THROAT_SPRAY
1119,ITEM_EJECT_PACK,1140,ITEM_EJECT_PACK
1120,ITEM_HEAVY_DUTY_BOOTS,1141,ITEM_HEAVY_DUTY_BOOTS
1121,ITEM_BLUNDER_POLICY,1142,ITEM_BLUNDER_POLICY
1122,ITEM_ROOM_SERVICE,1143,ITEM_ROOM_SERVICE
1123,ITEM_UTILITY_UMBRELLA,1144,ITEM_UTILITY_UMBRELLA
1124,ITEM_EXP_CANDY_XS,1145,ITEM_EXP_CANDY_XS
1125,ITEM_EXP_CANDY_S,1146,ITEM_EXP_CANDY_S
1126,ITEM_EXP_CANDY_M,1147,ITEM_EXP_CANDY_M
1127,ITEM_EXP_CANDY_L,1148,ITEM_EXP_CANDY_L
1128,ITEM_EXP_CANDY_XL,1149,ITEM_EXP_CANDY_XL
1129,ITEM_DYNAMAX_CANDY,1150,ITEM_DYNAMAX_CANDY
1130,ITEM_TR00,1151,ITEM_TR00
1131,ITEM_TR01,1152,ITEM_TR01
1132,ITEM_TR02,1153,ITEM_TR02
1133,ITEM_TR03,1154,ITEM_TR03
1134,ITEM_TR04,1155,ITEM_TR04
1135,ITEM_TR05,1156,ITEM_TR05
1136,ITEM_TR06,1157,ITEM_TR06
1137,ITEM_TR07,1158,ITEM_TR07
1138,ITEM_TR08,1159,ITEM_TR08
1139,ITEM_TR09,1160,ITEM_TR09
1140,ITEM_TR10,1161,ITEM_TR10
1141,ITEM_TR11,1162,ITEM_TR11
1142,ITEM_TR12,1163,ITEM_TR12
1143,ITEM_TR13,1164,ITEM_TR13
1144,ITEM_TR14,1165,ITEM_TR14
1145,ITEM_TR15,1166,ITEM_TR15
1146,ITEM_TR16,1167,ITEM_TR16
1147,ITEM_TR17,1168,ITEM_TR17
1148,ITEM_TR18,1169,ITEM_TR18
1149,ITEM_TR19,1170,ITEM_TR19
1150,ITEM_TR20,1171,ITEM_TR20
1151,ITEM_TR21,1172,ITEM_TR21
1152,ITEM_TR22,1173,ITEM_TR22
1153,ITEM_TR23,1174,ITEM_TR23
1154,ITEM_TR24,1175,ITEM_TR24
1155,ITEM_TR25,1176,ITEM_TR25
1156,ITEM_TR26,1177,ITEM_TR26
1157,ITEM_TR27,1178,ITEM_TR27
1158,ITEM_TR28,1179,ITEM_TR28
1159,ITEM_TR29,1180,ITEM_TR29
1160,ITEM_TR30,1181,ITEM_TR30
1161,ITEM_TR31,1182,ITEM_TR31
1162,ITEM_TR32,1183,ITEM_TR32
1163,ITEM_TR33,1184,ITEM_TR33
1164,ITEM_TR34,1185,ITEM_TR34
1165,ITEM_TR35,1186,ITEM_TR35
1166,ITEM_TR36,1187,ITEM_TR36
1167,ITEM_TR37,1188,ITEM_TR37
1168,ITEM_TR38,1189,ITEM_TR38
1169,ITEM_TR39,1190,ITEM_TR39
1170,ITEM_TR40,1191,ITEM_TR40
1171,ITEM_TR41,1192,ITEM_TR41
1172,ITEM_TR42,1193,ITEM_TR42
1173,ITEM_TR43,1194,ITEM_TR43
1174,ITEM_TR44,1195,ITEM_TR44
1175,ITEM_TR45,1196,ITEM_TR45
1176,ITEM_TR46,1197,ITEM_TR46
1177,ITEM_TR47,1198,ITEM_TR47
1178,ITEM_TR48,1199,ITEM_TR48
1179,ITEM_TR49,1200,ITEM_TR49
1180,ITEM_TR50,1201,ITEM_TR50
1181,ITEM_TR51,1202,ITEM_TR51
1182,ITEM_TR52,1203,ITEM_TR52
1183,ITEM_TR53,1204,ITEM_TR53
1184,ITEM_TR54,1205,ITEM_TR54
1185,ITEM_TR55,1206,ITEM_TR55
1186,ITEM_TR56,1207,ITEM_TR56
1187,ITEM_TR57,1208,ITEM_TR57
1188,ITEM_TR58,1209,ITEM_TR58
1189,ITEM_TR59,1210,ITEM_TR59
1190,ITEM_TR60,1211,ITEM_TR60
1191,ITEM_TR61,1212,ITEM_TR61
1192,ITEM_TR62,1213,ITEM_TR62
1193,ITEM_TR63,1214,ITEM_TR63
1194,ITEM_TR64,1215,ITEM_TR64
1195,ITEM_TR65,1216,ITEM_TR65
1196,ITEM_TR66,1217,ITEM_TR66
1197,ITEM_TR67,1218,ITEM_TR67
1198,ITEM_TR68,1219,ITEM_TR68
1199,ITEM_TR69,1220,ITEM_TR69
1200,ITEM_TR70,1221,ITEM_TR70
1201,ITEM_TR71,1222,ITEM_TR71
1202,ITEM_TR72,1223,ITEM_TR72
1203,ITEM_TR73,1224,ITEM_TR73
1204,ITEM_TR74,1225,ITEM_TR74
1205,ITEM_TR75,1226,ITEM_TR75
1206,ITEM_TR76,1227,ITEM_TR76
1207,ITEM_TR77,1228,ITEM_TR77
1208,ITEM_TR78,1229,ITEM_TR78
1209,ITEM_TR79,1230,ITEM_TR79
1210,ITEM_TR80,1231,ITEM_TR80
1211,ITEM_TR81,1232,ITEM_TR81
1212,ITEM_TR82,1233,ITEM_TR82
1213,ITEM_TR83,1234,ITEM_TR83
1214,ITEM_TR84,1235,ITEM_TR84
1215,ITEM_TR85,1236,ITEM_TR85
1216,ITEM_TR86,1237,ITEM_TR86
1217,ITEM_TR87,1238,ITEM_TR87
1218,ITEM_TR88,1239,ITEM_TR88
1219,ITEM_TR89,1240,ITEM_TR89
1220,ITEM_TR90,1241,ITEM_TR90
1221,ITEM_TR91,1242,ITEM_TR91
1222,ITEM_TR92,1243,ITEM_TR92
1223,ITEM_TR93,1244,ITEM_TR93
1224,ITEM_TR94,1245,ITEM_TR94
1225,ITEM_TR95,1246,ITEM_TR95
1226,ITEM_TR96,1247,ITEM_TR96
1227,ITEM_TR97,1248,ITEM_TR97
1228,ITEM_TR98,1249,ITEM_TR98
1229,ITEM_TR99,1250,ITEM_TR99
1230,ITEM_TM00,1251,ITEM_TM00
1231,ITEM_LONELY_MINT,1252,ITEM_LONELY_MINT
1232,ITEM_ADAMANT_MINT,1253,ITEM_ADAMANT_MINT
1233,ITEM_NAUGHTY_MINT,1254,ITEM_NAUGHTY_MINT
1234,ITEM_BRAVE_MINT,1255,ITEM_BRAVE_MINT
1235,ITEM_BOLD_MINT,1256,ITEM_BOLD_MINT
1236,ITEM_IMPISH_MINT,1257,ITEM_IMPISH_MINT
1237,ITEM_LAX_MINT,1258,ITEM_LAX_MINT
1238,ITEM_RELAXED_MINT,1259,ITEM_RELAXED_MINT
1239,ITEM_MODEST_MINT,1260,ITEM_MODEST_MINT
1240,ITEM_MILD_MINT,1261,ITEM_MILD_MINT
1241,ITEM_RASH_MINT,1262,ITEM_RASH_MINT
1242,ITEM_QUIET_MINT,1263,ITEM_QUIET_MINT
1243,ITEM_CALM_MINT,1264,ITEM_CALM_MINT
1244,ITEM_GENTLE_MINT,1265,ITEM_GENTLE_MINT
1245,ITEM_CAREFUL_MINT,1266,ITEM_CAREFUL_MINT
1246,ITEM_SASSY_MINT,1267,ITEM_SASSY_MINT
1247,ITEM_TIMID_MINT,1268,ITEM_TIMID_MINT
1248,ITEM_HASTY_MINT,1269,ITEM_HASTY_MINT
1249,ITEM_JOLLY_MINT,1270,ITEM_JOLLY_MINT
1250,ITEM_NAIVE_MINT,1271,ITEM_NAIVE_MINT
1251,ITEM_SERIOUS_MINT,1272,ITEM_SERIOUS_MINT
1252,ITEM_WISHING_PIECE,1273,ITEM_WISHING_PIECE
1253,ITEM_CRACKED_POT,548,ITEM_CRACKED_POT
1254,ITEM_CHIPPED_POT,547,ITEM_CHIPPED_POT
1255,ITEM_HI_TECH_EARBUDS,1274,ITEM_HI_TECH_EARBUDS
1256,ITEM_FRUIT_BUNCH,1275,ITEM_FRUIT_BUNCH
1257,ITEM_MOOMOO_CHEESE,1276,ITEM_MOOMOO_CHEESE
1258,ITEM_SPICE_MIX,1277,ITEM_SPICE_MIX
1259,ITEM_FRESH_CREAM,1278,ITEM_FRESH_CREAM
1260,ITEM_PACKAGED_CURRY,1279,ITEM_PACKAGED_CURRY
1261,ITEM_COCONUT_MILK,1280,ITEM_COCONUT_MILK
1262,ITEM_INSTANT_NOODLES,1281,ITEM_INSTANT_NOODLES
1263,ITEM_PRECOOKED_BURGER,1282,ITEM_PRECOOKED_BURGER
1264,ITEM_GIGANTAMIX,1283,ITEM_GIGANTAMIX
1265,ITEM_WISHING_CHIP,1284,ITEM_WISHING_CHIP
1266,ITEM_ROTOM_BIKE_WATER_MODE,1285,ITEM_ROTOM_BIKE_WATER_MODE
1267,ITEM_CATCHING_CHARM,1286,ITEM_CATCHING_CHARM
1268,ITEM_UNKNOWN_1268,1287,ITEM_UNKNOWN_1268
1269,ITEM_OLD_LETTER,1288,ITEM_OLD_LETTER
1270,ITEM_BAND_AUTOGRAPH,1289,ITEM_BAND_AUTOGRAPH
1271,ITEM_SONIAS_BOOK,1290,ITEM_SONIAS_BOOK
1272,ITEM_UNKNOWN_1272,1291,ITEM_UNKNOWN_1272
1273,ITEM_UNKNOWN_1273,1292,ITEM_UNKNOWN_1273
1274,ITEM_UNKNOWN_1274,1293,ITEM_UNKNOWN_1274
1275,ITEM_UNKNOWN_1275,1294,ITEM_UNKNOWN_1275
1276,ITEM_UNKNOWN_1276,1295,ITEM_UNKNOWN_1276
1277,ITEM_UNKNOWN_1277,1296,ITEM_UNKNOWN_1277
1278,ITEM_ROTOM_CATALOG,1297,ITEM_ROTOM_CATALOG
1279,ITEM_AND458,1298,ITEM_AND458
1280,ITEM_AND15,1299,ITEM_AND15
1281,ITEM_AND337,1300,ITEM_AND337
1282,ITEM_AND603,1301,ITEM_AND603
1283,ITEM_AND390,1302,ITEM_AND390
1284,ITEM_SGR6879,1303,ITEM_SGR6879
1285,ITEM_SGR6859,1304,ITEM_SGR6859
1286,ITEM_SGR6913,1305,ITEM_SGR6913
1287,ITEM_SGR7348,1306,ITEM_SGR7348
1288,ITEM_SGR7121,1307,ITEM_SGR7121
1289,ITEM_SGR6746,1308,ITEM_SGR6746
1290,ITEM_SGR7194,1309,ITEM_SGR7194
1291,ITEM_SGR7337,1310,ITEM_SGR7337
1292,ITEM_SGR7343,1311,ITEM_SGR7343
1293,ITEM_SGR6812,1312,ITEM_SGR6812
1294,ITEM_SGR7116,1313,ITEM_SGR7116
1295,ITEM_SGR7264,1314,ITEM_SGR7264
1296,ITEM_SGR7597,1315,ITEM_SGR7597
1297,ITEM_DEL7882,1316,ITEM_DEL7882
1298,ITEM_DEL7906,1317,ITEM_DEL7906
1299,ITEM_DEL7852,1318,ITEM_DEL7852
1300,ITEM_PSC596,1319,ITEM_PSC596
1301,ITEM_PSC361,1320,ITEM_PSC361
1302,ITEM_PSC510,1321,ITEM_PSC510
1303,ITEM_PSC437,1322,ITEM_PSC437
1304,ITEM_PSC8773,1323,ITEM_PSC8773
1305,ITEM_LEP1865,1324,ITEM_LEP1865
1306,ITEM_LEP1829,1325,ITEM_LEP1829
1307,ITEM_BOO5340,1326,ITEM_BOO5340
1308,ITEM_BOO5506,1327,ITEM_BOO5506
1309,ITEM_BOO5435,1328,ITEM_BOO5435
1310,ITEM_BOO5602,1329,ITEM_BOO5602
1311,ITEM_BOO5733,1330,ITEM_BOO5733
1312,ITEM_BOO5235,1331,ITEM_BOO5235
1313,ITEM_BOO5351,1332,ITEM_BOO5351
1314,ITEM_HYA3748,1333,ITEM_HYA3748
1315,ITEM_HYA3903,1334,ITEM_HYA3903
1316,ITEM_HYA3418,1335,ITEM_HYA3418
1317,ITEM_HYA3482,1336,ITEM_HYA3482
1318,ITEM_HYA3845,1337,ITEM_HYA3845
1319,ITEM_ERI1084,1338,ITEM_ERI1084
1320,ITEM_ERI472,1339,ITEM_ERI472
1321,ITEM_ERI1666,1340,ITEM_ERI1666
1322,ITEM_ERI897,1341,ITEM_ERI897
1323,ITEM_ERI1231,1342,ITEM_ERI1231
1324,ITEM_ERI874,1343,ITEM_ERI874
1325,ITEM_ERI1298,1344,ITEM_ERI1298
1326,ITEM_ERI1325,1345,ITEM_ERI1325
1327,ITEM_ERI984,1346,ITEM_ERI984
1328,ITEM_ERI1464,1347,ITEM_ERI1464
1329,ITEM_ERI1393,1348,ITEM_ERI1393
1330,ITEM_ERI850,1349,ITEM_ERI850
1331,ITEM_TAU1409,1350,ITEM_TAU1409
1332,ITEM_TAU1457,1351,ITEM_TAU1457
1333,ITEM_TAU1165,1352,ITEM_TAU1165
1334,ITEM_TAU1791,1353,ITEM_TAU1791
1335,ITEM_TAU1910,1354,ITEM_TAU1910
1336,ITEM_TAU1346,1355,ITEM_TAU1346
1337,ITEM_TAU1373,1356,ITEM_TAU1373
1338,ITEM_TAU1412,1357,ITEM_TAU1412
1339,ITEM_CMA2491,1358,ITEM_CMA2491
1340,ITEM_CMA2693,1359,ITEM_CMA2693
1341,ITEM_CMA2294,1360,ITEM_CMA2294
1342,ITEM_CMA2827,1361,ITEM_CMA2827
1343,ITEM_CMA2282,1362,ITEM_CMA2282
1344,ITEM_CMA2618,1363,ITEM_CMA2618
1345,ITEM_CMA2657,1364,ITEM_CMA2657
1346,ITEM_CMA2646,1365,ITEM_CMA2646
1347,ITEM_UMA4905,1366,ITEM_UMA4905
1348,ITEM_UMA4301,1367,ITEM_UMA4301
1349,ITEM_UMA5191,1368,ITEM_UMA5191
1350,ITEM_UMA5054,1369,ITEM_UMA5054
1351,ITEM_UMA4295,1370,ITEM_UMA4295
1352,ITEM_UMA4660,1371,ITEM_UMA4660
1353,ITEM_UMA4554,1372,ITEM_UMA4554
1354,ITEM_UMA4069,1373,ITEM_UMA4069
1355,ITEM_UMA3569,1374,ITEM_UMA3569
1356,ITEM_UMA3323,1375,ITEM_UMA3323
1357,ITEM_UMA4033,1376,ITEM_UMA4033
1358,ITEM_UMA4377,1377,ITEM_UMA4377
1359,ITEM_UMA4375,1378,ITEM_UMA4375
1360,ITEM_UMA4518,1379,ITEM_UMA4518
1361,ITEM_UMA3594,1380,ITEM_UMA3594
1362,ITEM_VIR5056,1381,ITEM_VIR5056
1363,ITEM_VIR4825,1382,ITEM_VIR4825
1364,ITEM_VIR4932,1383,ITEM_VIR4932
1365,ITEM_VIR4540,1384,ITEM_VIR4540
1366,ITEM_VIR4689,1385,ITEM_VIR4689
1367,ITEM_VIR5338,1386,ITEM_VIR5338
1368,ITEM_VIR4910,1387,ITEM_VIR4910
1369,ITEM_VIR5315,1388,ITEM_VIR5315
1370,ITEM_VIR5359,1389,ITEM_VIR5359
1371,ITEM_VIR5409,1390,ITEM_VIR5409
1372,ITEM_VIR5107,1391,ITEM_VIR5107
1373,ITEM_ARI617,1392,ITEM_ARI617
1374,ITEM_ARI553,1393,ITEM_ARI553
1375,ITEM_ARI546,1394,ITEM_ARI546
1376,ITEM_ARI951,1395,ITEM_ARI951
1377,ITEM_ORI1713,1396,ITEM_ORI1713
1378,ITEM_ORI2061,1397,ITEM_ORI2061
1379,ITEM_ORI1790,1398,ITEM_ORI1790
1380,ITEM_ORI1903,1399,ITEM_ORI1903
1381,ITEM_ORI1948,1400,ITEM_ORI1948
1382,ITEM_ORI2004,1401,ITEM_ORI2004
1383,ITEM_ORI1852,1402,ITEM_ORI1852
1384,ITEM_ORI1879,1403,ITEM_ORI1879
1385,ITEM_ORI1899,1404,ITEM_ORI1899
1386,ITEM_ORI1543,1405,ITEM_ORI1543
1387,ITEM_CAS21,1406,ITEM_CAS21
1388,ITEM_CAS168,1407,ITEM_CAS168
1389,ITEM_CAS403,1408,ITEM_CAS403
1390,ITEM_CAS153,1409,ITEM_CAS153
1391,ITEM_CAS542,1410,ITEM_CAS542
1392,ITEM_CAS219,1411,ITEM_CAS219
1393,ITEM_CAS265,1412,ITEM_CAS265
1394,ITEM_CNC3572,1413,ITEM_CNC3572
1395,ITEM_CNC3208,1414,ITEM_CNC3208
1396,ITEM_CNC3461,1415,ITEM_CNC3461
1397,ITEM_CNC3449,1416,ITEM_CNC3449
1398,ITEM_CNC3429,1417,ITEM_CNC3429
1399,ITEM_CNC3627,1418,ITEM_CNC3627
1400,ITEM_CNC3268,1419,ITEM_CNC3268
1401,ITEM_CNC3249,1420,ITEM_CNC3249
1402,ITEM_COM4968,1421,ITEM_COM4968
1403,ITEM_CRV4757,1422,ITEM_CRV4757
1404,ITEM_CRV4623,1423,ITEM_CRV4623
1405,ITEM_CRV4662,1424,ITEM_CRV4662
1406,ITEM_CRV4786,1425,ITEM_CRV4786
1407,ITEM_AUR1708,1426,ITEM_AUR1708
1408,ITEM_AUR2088,1427,ITEM_AUR2088
1409,ITEM_AUR1605,1428,ITEM_AUR1605
1410,ITEM_AUR2095,1429,ITEM_AUR2095
1411,ITEM_AUR1577,1430,ITEM_AUR1577
1412,ITEM_AUR1641,1431,ITEM_AUR1641
1413,ITEM_AUR1612,1432,ITEM_AUR1612
1414,ITEM_PAV7790,1433,ITEM_PAV7790
1415,ITEM_CET911,1434,ITEM_CET911
1416,ITEM_CET681,1435,ITEM_CET681
1417,ITEM_CET188,1436,ITEM_CET188
1418,ITEM_CET539,1437,ITEM_CET539
1419,ITEM_CET804,1438,ITEM_CET804
1420,ITEM_CEP8974,1439,ITEM_CEP8974
1421,ITEM_CEP8162,1440,ITEM_CEP8162
1422,ITEM_CEP8238,1441,ITEM_CEP8238
1423,ITEM_CEP8417,1442,ITEM_CEP8417
1424,ITEM_CEN5267,1443,ITEM_CEN5267
1425,ITEM_CEN5288,1444,ITEM_CEN5288
1426,ITEM_CEN551,1445,ITEM_CEN551
1427,ITEM_CEN5459,1446,ITEM_CEN5459
1428,ITEM_CEN5460,1447,ITEM_CEN5460
1429,ITEM_CMI2943,1448,ITEM_CMI2943
1430,ITEM_CMI2845,1449,ITEM_CMI2845
1431,ITEM_EQU8131,1450,ITEM_EQU8131
1432,ITEM_VUL7405,1451,ITEM_VUL7405
1433,ITEM_UMI424,1452,ITEM_UMI424
1434,ITEM_UMI5563,1453,ITEM_UMI5563
1435,ITEM_UMI5735,1454,ITEM_UMI5735
1436,ITEM_UMI6789,1455,ITEM_UMI6789
1437,ITEM_CRT4287,1456,ITEM_CRT4287
1438,ITEM_LYR7001,1457,ITEM_LYR7001
1439,ITEM_LYR7178,1458,ITEM_LYR7178
1440,ITEM_LYR7106,1459,ITEM_LYR7106
1441,ITEM_LYR7298,1460,ITEM_LYR7298
1442,ITEM_ARA6585,1461,ITEM_ARA6585
1443,ITEM_SCO6134,1462,ITEM_SCO6134
1444,ITEM_SCO6527,1463,ITEM_SCO6527
1445,ITEM_SCO6553,1464,ITEM_SCO6553
1446,ITEM_SCO5953,1465,ITEM_SCO5953
1447,ITEM_SCO5984,1466,ITEM_SCO5984
1448,ITEM_SCO6508,1467,ITEM_SCO6508
1449,ITEM_SCO6084,1468,ITEM_SCO6084
1450,ITEM_SCO5944,1469,ITEM_SCO5944
1451,ITEM_SCO6630,1470,ITEM_SCO6630
1452,ITEM_SCO6027,1471,ITEM_SCO6027
1453,ITEM_SCO6247,1472,ITEM_SCO6247
1454,ITEM_SCO6252,1473,ITEM_SCO6252
1455,ITEM_SCO5928,1474,ITEM_SCO5928
1456,ITEM_SCO6241,1475,ITEM_SCO6241
1457,ITEM_SCO6165,1476,ITEM_SCO6165
1458,ITEM_TRI544,1477,ITEM_TRI544
1459,ITEM_LEO3982,1478,ITEM_LEO3982
1460,ITEM_LEO4534,1479,ITEM_LEO4534
1461,ITEM_LEO4357,1480,ITEM_LEO4357
1462,ITEM_LEO4057,1481,ITEM_LEO4057
1463,ITEM_LEO4359,1482,ITEM_LEO4359
1464,ITEM_LEO4031,1483,ITEM_LEO4031
1465,ITEM_LEO3852,1484,ITEM_LEO3852
1466,ITEM_LEO3905,1485,ITEM_LEO3905
1467,ITEM_LEO3773,1486,ITEM_LEO3773
1468,ITEM_GRU8425,1487,ITEM_GRU8425
1469,ITEM_GRU8636,1488,ITEM_GRU8636
1470,ITEM_GRU8353,1489,ITEM_GRU8353
1471,ITEM_LIB5685,1490,ITEM_LIB5685
1472,ITEM_LIB5531,1491,ITEM_LIB5531
1473,ITEM_LIB5787,1492,ITEM_LIB5787
1474,ITEM_LIB5603,1493,ITEM_LIB5603
1475,ITEM_PUP3165,1494,ITEM_PUP3165
1476,ITEM_PUP3185,1495,ITEM_PUP3185
1477,ITEM_PUP3045,1496,ITEM_PUP3045
1478,ITEM_CYG7924,1497,ITEM_CYG7924
1479,ITEM_CYG7417,1498,ITEM_CYG7417
1480,ITEM_CYG7796,1499,ITEM_CYG7796
1481,ITEM_CYG8301,1500,ITEM_CYG8301
1482,ITEM_CYG7949,1501,ITEM_CYG7949
1483,ITEM_CYG7528,1502,ITEM_CYG7528
1484,ITEM_OCT7228,1503,ITEM_OCT7228
1485,ITEM_COL1956,1504,ITEM_COL1956
1486,ITEM_COL2040,1505,ITEM_COL2040
1487,ITEM_COL2177,1506,ITEM_COL2177
1488,ITEM_GEM2990,1507,ITEM_GEM2990
1489,ITEM_GEM2891,1508,ITEM_GEM2891
1490,ITEM_GEM2421,1509,ITEM_GEM2421
1491,ITEM_GEM2473,1510,ITEM_GEM2473
1492,ITEM_GEM2216,1511,ITEM_GEM2216
1493,ITEM_GEM2777,1512,ITEM_GEM2777
1494,ITEM_GEM2650,1513,ITEM_GEM2650
1495,ITEM_GEM2286,1514,ITEM_GEM2286
1496,ITEM_GEM2484,1515,ITEM_GEM2484
1497,ITEM_GEM2930,1516,ITEM_GEM2930
1498,ITEM_PEG8775,1517,ITEM_PEG8775
1499,ITEM_PEG8781,1518,ITEM_PEG8781
1500,ITEM_PEG39,1519,ITEM_PEG39
1501,ITEM_PEG8308,1520,ITEM_PEG8308
1502,ITEM_PEG8650,1521,ITEM_PEG8650
1503,ITEM_PEG8634,1522,ITEM_PEG8634
1504,ITEM_PEG8684,1523,ITEM_PEG8684
1505,ITEM_PEG8450,1524,ITEM_PEG8450
1506,ITEM_PEG8880,1525,ITEM_PEG8880
1507,ITEM_PEG8905,1526,ITEM_PEG8905
1508,ITEM_OPH6556,1527,ITEM_OPH6556
1509,ITEM_OPH6378,1528,ITEM_OPH6378
1510,ITEM_OPH6603,1529,ITEM_OPH6603
1511,ITEM_OPH6149,1530,ITEM_OPH6149
1512,ITEM_OPH6056,1531,ITEM_OPH6056
1513,ITEM_OPH6075,1532,ITEM_OPH6075
1514,ITEM_SER5854,1533,ITEM_SER5854
1515,ITEM_SER7141,1534,ITEM_SER7141
1516,ITEM_SER5879,1535,ITEM_SER5879
1517,ITEM_HER6406,1536,ITEM_HER6406
1518,ITEM_HER6148,1537,ITEM_HER6148
1519,ITEM_HER6410,1538,ITEM_HER6410
1520,ITEM_HER6526,1539,ITEM_HER6526
1521,ITEM_HER6117,1540,ITEM_HER6117
1522,ITEM_HER6008,1541,ITEM_HER6008
1523,ITEM_PER936,1542,ITEM_PER936
1524,ITEM_PER1017,1543,ITEM_PER1017
1525,ITEM_PER1131,1544,ITEM_PER1131
1526,ITEM_PER1228,1545,ITEM_PER1228
1527,ITEM_PER834,1546,ITEM_PER834
1528,ITEM_PER941,1547,ITEM_PER941
1529,ITEM_PHE99,1548,ITEM_PHE99
1530,ITEM_PHE338,1549,ITEM_PHE338
1531,ITEM_VEL3634,1550,ITEM_VEL3634
1532,ITEM_VEL3485,1551,ITEM_VEL3485
1533,ITEM_VEL3734,1552,ITEM_VEL3734
1534,ITEM_AQR8232,1553,ITEM_AQR8232
1535,ITEM_AQR8414,1554,ITEM_AQR8414
1536,ITEM_AQR8709,1555,ITEM_AQR8709
1537,ITEM_AQR8518,1556,ITEM_AQR8518
1538,ITEM_AQR7950,1557,ITEM_AQR7950
1539,ITEM_AQR8499,1558,ITEM_AQR8499
1540,ITEM_AQR8610,1559,ITEM_AQR8610
1541,ITEM_AQR8264,1560,ITEM_AQR8264
1542,ITEM_CRU4853,1561,ITEM_CRU4853
1543,ITEM_CRU4730,1562,ITEM_CRU4730
1544,ITEM_CRU4763,1563,ITEM_CRU4763
1545,ITEM_CRU4700,1564,ITEM_CRU4700
1546,ITEM_CRU4656,1565,ITEM_CRU4656
1547,ITEM_PSA8728,1566,ITEM_PSA8728
1548,ITEM_TRA6217,1567,ITEM_TRA6217
1549,ITEM_CAP7776,1568,ITEM_CAP7776
1550,ITEM_CAP7754,1569,ITEM_CAP7754
1551,ITEM_CAP8278,1570,ITEM_CAP8278
1552,ITEM_CAP8322,1571,ITEM_CAP8322
1553,ITEM_CAP7773,1572,ITEM_CAP7773
1554,ITEM_SGE7479,1573,ITEM_SGE7479
1555,ITEM_CAR2326,1574,ITEM_CAR2326
1556,ITEM_CAR3685,1575,ITEM_CAR3685
1557,ITEM_CAR3307,1576,ITEM_CAR3307
1558,ITEM_CAR3699,1577,ITEM_CAR3699
1559,ITEM_DRA5744,1578,ITEM_DRA5744
1560,ITEM_DRA5291,1579,ITEM_DRA5291
1561,ITEM_DRA6705,1580,ITEM_DRA6705
1562,ITEM_DRA6536,1581,ITEM_DRA6536
1563,ITEM_DRA7310,1582,ITEM_DRA7310
1564,ITEM_DRA6688,1583,ITEM_DRA6688
1565,ITEM_DRA4434,1584,ITEM_DRA4434
1566,ITEM_DRA6370,1585,ITEM_DRA6370
1567,ITEM_DRA7462,1586,ITEM_DRA7462
1568,ITEM_DRA6396,1587,ITEM_DRA6396
1569,ITEM_DRA6132,1588,ITEM_DRA6132
1570,ITEM_DRA6636,1589,ITEM_DRA6636
1571,ITEM_CVN4915,1590,ITEM_CVN4915
1572,ITEM_CVN4785,1591,ITEM_CVN4785
1573,ITEM_CVN4846,1592,ITEM_CVN4846
1574,ITEM_AQL7595,1593,ITEM_AQL7595
1575,ITEM_AQL7557,1594,ITEM_AQL7557
1576,ITEM_AQL7525,1595,ITEM_AQL7525
1577,ITEM_AQL7602,1596,ITEM_AQL7602
1578,ITEM_AQL7235,1597,ITEM_AQL7235
1579,ITEM_MAX_HONEY,1598,ITEM_MAX_HONEY
1580,ITEM_MAX_MUSHROOMS,1599,ITEM_MAX_MUSHROOMS
1581,ITEM_GALARICA_TWIG,1600,ITEM_GALARICA_TWIG
1582,ITEM_GALARICA_CUFF,549,ITEM_GALARICA_CUFF
1583,ITEM_STYLE_CARD,1601,ITEM_STYLE_CARD
1584,ITEM_ARMOR_PASS,1602,ITEM_ARMOR_PASS
1585,ITEM_ROTOM_BIKE_SPARKLING_WHITE,1603,ITEM_ROTOM_BIKE_SPARKLING_WHITE
1586,ITEM_ROTOM_BIKE_GLISTENING_BLACK,1604,ITEM_ROTOM_BIKE_GLISTENING_BLACK
1587,ITEM_EXP_CHARM,1605,ITEM_EXP_CHARM
1588,ITEM_ARMORITE_ORE,1606,ITEM_ARMORITE_ORE
1589,ITEM_MARK_CHARM,1607,ITEM_MARK_CHARM
1590,ITEM_REINS_OF_UNITY_FUSE,1608,ITEM_REINS_OF_UNITY_FUSE
1591,ITEM_REINS_OF_UNITY_UNFUSE,1609,ITEM_REINS_OF_UNITY_UNFUSE
1592,ITEM_GALARICA_WREATH,550,ITEM_GALARICA_WREATH
1593,ITEM_LEGENDARY_CLUE_1,1610,ITEM_LEGENDARY_CLUE_1
1594,ITEM_LEGENDARY_CLUE_2,1611,ITEM_LEGENDARY_CLUE_2
1595,ITEM_LEGENDARY_CLUE_3,1612,ITEM_LEGENDARY_CLUE_3
1596,ITEM_LEGENDARY_CLUE_UNKNOWN_1596,1613,ITEM_LEGENDARY_CLUE_UNKNOWN_1596
1597,ITEM_CROWN_PASS,1614,ITEM_CROWN_PASS
1598,ITEM_WOODEN_CROWN,1615,ITEM_WOODEN_CROWN
1599,ITEM_RADIANT_PETAL,1616,ITEM_RADIANT_PETAL
1600,ITEM_WHITE_MANE_HAIR,1617,ITEM_WHITE_MANE_HAIR
1601,ITEM_BLACK_MANE_HAIR,1618,ITEM_BLACK_MANE_HAIR
1602,ITEM_ICEROOT_CARROT,1619,ITEM_ICEROOT_CARROT
1603,ITEM_SHADEROOT_CARROT,1620,ITEM_SHADEROOT_CARROT
1604,ITEM_DYNITE_ORE,1621,ITEM_DYNITE_ORE
1605,ITEM_CARROT_SEEDS,1622,ITEM_CARROT_SEEDS
1606,ITEM_ABILITY_PATCH,1623,ITEM_ABILITY_PATCH
1607,ITEM_REINS_OF_UNITY_NOT_SURE,1624,ITEM_REINS_OF_UNITY_NOT_SURE
1608,ITEM_TIME_BALM,1625,ITEM_TIME_BALM
1609,ITEM_SPACE_BALM,1626,ITEM_SPACE_BALM
1610,ITEM_MYSTERIOUS_BALM,1627,ITEM_MYSTERIOUS_BALM
1611,ITEM_LINKING_CORD,545,ITEM_LINKING_CORD
1612,ITEM_HOMETOWN_MUFFIN,1628,ITEM_HOMETOWN_MUFFIN
1613,ITEM_APRICORN,1629,ITEM_APRICORN
1614,ITEM_JUBILIFE_MUFFIN,1630,ITEM_JUBILIFE_MUFFIN
1615,ITEM_AUX_POWERGUARD,1631,ITEM_AUX_POWERGUARD
1616,ITEM_DIRE_HIT_PLA,1632,ITEM_DIRE_HIT_PLA
1617,ITEM_CHOICE_DUMPLING,1633,ITEM_CHOICE_DUMPLING
1618,ITEM_TWICE_SPICED_RADISH,1634,ITEM_TWICE_SPICED_RADISH
1619,ITEM_SWAP_SNACK,1635,ITEM_SWAP_SNACK
1620,ITEM_CASTER_FERN,1636,ITEM_CASTER_FERN
1621,ITEM_SEED_OF_MASTERY,1637,ITEM_SEED_OF_MASTERY
1622,ITEM_POKE_BALL_PLA_UNUSED,1638,ITEM_POKE_BALL_PLA_UNUSED
1623,ITEM_UNKNOWN_1623,1639,ITEM_UNKNOWN_1623
1624,ITEM_ETERNAL_ICE,1640,ITEM_ETERNAL_ICE
1625,ITEM_UXIES_CLAW,1641,ITEM_UXIES_CLAW
1626,ITEM_AZELFS_FANG,1642,ITEM_AZELFS_FANG
1627,ITEM_MESPRITS_PLUME,1643,ITEM_MESPRITS_PLUME
1628,ITEM_TUMBLESTONE,1644,ITEM_TUMBLESTONE
1629,ITEM_CELESTICA_FLUTE,1645,ITEM_CELESTICA_FLUTE
1630,ITEM_REMEDY,1646,ITEM_REMEDY
1631,ITEM_FINE_REMEDY,1647,ITEM_FINE_REMEDY
1632,ITEM_DAZZLING_HONEY,1648,ITEM_DAZZLING_HONEY
1633,ITEM_HEARTY_GRAINS,1649,ITEM_HEARTY_GRAINS
1634,ITEM_PLUMP_BEANS,1650,ITEM_PLUMP_BEANS
1635,ITEM_SPRINGY_MUSHROOM,1651,ITEM_SPRINGY_MUSHROOM
1636,ITEM_CRUNCHY_SALT,1652,ITEM_CRUNCHY_SALT
1637,ITEM_WOOD,1653,ITEM_WOOD
1638,ITEM_KINGS_LEAF,1654,ITEM_KINGS_LEAF
1639,ITEM_MARSH_BALM,1655,ITEM_MARSH_BALM
1640,ITEM_POKE_BALL_RECIPE,1656,ITEM_POKE_BALL_RECIPE
1641,ITEM_GREAT_BALL_RECIPE,1657,ITEM_GREAT_BALL_RECIPE
1642,ITEM_ULTRA_BALL_RECIPE,1658,ITEM_ULTRA_BALL_RECIPE
1643,ITEM_FEATHER_BALL_RECIPE,1659,ITEM_FEATHER_BALL_RECIPE
1644,ITEM_POKESHI_DOLL_RECIPE,1660,ITEM_POKESHI_DOLL_RECIPE
1645,ITEM_UNKNOWN_1645,1661,ITEM_UNKNOWN_1645
1646,ITEM_SMOKE_BOMB_RECIPE,1662,ITEM_SMOKE_BOMB_RECIPE
1647,ITEM_SCATTER_BANG_RECIPE,1663,ITEM_SCATTER_BANG_RECIPE
1648,ITEM_STICKY_GLOB_RECIPE,1664,ITEM_STICKY_GLOB_RECIPE
1649,ITEM_STAR_PIECE_RECIPE,1665,ITEM_STAR_PIECE_RECIPE
1650,ITEM_MUSHROOM_CAKE_RECIPE,1666,ITEM_MUSHROOM_CAKE_RECIPE
1651,ITEM_BUGWORT_RECIPE,1667,ITEM_BUGWORT_RECIPE
1652,ITEM_HONEY_CAKE_RECIPE,1668,ITEM_HONEY_CAKE_RECIPE
1653,ITEM_GRAIN_CAKE_RECIPE,1669,ITEM_GRAIN_CAKE_RECIPE
1654,ITEM_BEAN_CAKE_RECIPE,1670,ITEM_BEAN_CAKE_RECIPE
1655,ITEM_SALT_CAKE_RECIPE,1671,ITEM_SALT_CAKE_RECIPE
1656,ITEM_POTION_RECIPE,1672,ITEM_POTION_RECIPE
1657,ITEM_SUPER_POTION_RECIPE,1673,ITEM_SUPER_POTION_RECIPE
1658,ITEM_HYPER_POTION_RECIPE,1674,ITEM_HYPER_POTION_RECIPE
1659,ITEM_MAX_POTION_RECIPE,1675,ITEM_MAX_POTION_RECIPE
1660,ITEM_FULL_RESTORE_RECIPE,1676,ITEM_FULL_RESTORE_RECIPE
1661,ITEM_REMEDY_RECIPE,1677,ITEM_REMEDY_RECIPE
1662,ITEM_FINE_REMEDY_RECIPE,1678,ITEM_FINE_REMEDY_RECIPE
1663,ITEM_SUPERB_REMEDY_RECIPE,1679,ITEM_SUPERB_REMEDY_RECIPE
1664,ITEM_OLD_GATEAU_RECIPE,1680,ITEM_OLD_GATEAU_RECIPE
1665,ITEM_JUBILIFE_MUFFIN_RECIPE,1681,ITEM_JUBILIFE_MUFFIN_RECIPE
1666,ITEM_FULL_HEAL_RECIPE,1682,ITEM_FULL_HEAL_RECIPE
1667,ITEM_REVIVE_RECIPE,1683,ITEM_REVIVE_RECIPE
1668,ITEM_MAX_REVIVE_RECIPE,1684,ITEM_MAX_REVIVE_RECIPE
1669,ITEM_MAX_ETHER_RECIPE,1685,ITEM_MAX_ETHER_RECIPE
1670,ITEM_MAX_ELIXIR_RECIPE,1686,ITEM_MAX_ELIXIR_RECIPE
1671,ITEM_STEALTH_SPRAY_RECIPE,1687,ITEM_STEALTH_SPRAY_RECIPE
1672,ITEM_UNKNOWN_1672,1688,ITEM_UNKNOWN_1672
1673,ITEM_AUX_POWER_RECIPE,1689,ITEM_AUX_POWER_RECIPE
1674,ITEM_AUX_GUARD_RECIPE_RECIPE,1690,ITEM_AUX_GUARD_RECIPE_RECIPE
1675,ITEM_DIRE_HIT_RECIPE,1691,ITEM_DIRE_HIT_RECIPE
1676,ITEM_AUX_EVASION_RECIPE,1692,ITEM_AUX_EVASION_RECIPE
1677,ITEM_AUX_POWERGUARD_RECIPE,1693,ITEM_AUX_POWERGUARD_RECIPE
1678,ITEM_FOREST_BALM,1694,ITEM_FOREST_BALM
1679,ITEM_IRON_CHUNK,1695,ITEM_IRON_CHUNK
1680,ITEM_UNKNOWN_1680,1696,ITEM_UNKNOWN_1680
1681,ITEM_BLACK_TUMBLESTONE,1697,ITEM_BLACK_TUMBLESTONE
1682,ITEM_SKY_TUMBLESTONE,1698,ITEM_SKY_TUMBLESTONE
1683,ITEM_UNKNOWN_1683,1699,ITEM_UNKNOWN_1683
1684,ITEM_BALL_OF_MUD,1700,ITEM_BALL_OF_MUD
1685,ITEM_UNKNOWN_1685,1701,ITEM_UNKNOWN_1685
1686,ITEM_POP_POD,1702,ITEM_POP_POD
1687,ITEM_SOOTFOOT_ROOT,1703,ITEM_SOOTFOOT_ROOT
1688,ITEM_SPOILED_APRICORN,1704,ITEM_SPOILED_APRICORN
1689,ITEM_SNOWBALL_PLA,1705,ITEM_SNOWBALL_PLA
1690,ITEM_STICKY_GLOB,1706,ITEM_STICKY_GLOB
1691,ITEM_BLACK_AUGURITE,537,ITEM_BLACK_AUGURITE
1692,ITEM_PEAT_BLOCK,538,ITEM_PEAT_BLOCK
1693,ITEM_STEALTH_SPRAY,1707,ITEM_STEALTH_SPRAY
1694,ITEM_MEDICINAL_LEEK,1708,ITEM_MEDICINAL_LEEK
1695,ITEM_VIVICHOKE,1709,ITEM_VIVICHOKE
1696,ITEM_PEP_UP_PLANT,1710,ITEM_PEP_UP_PLANT
1697,ITEM_UNKNOWN_1697,1711,ITEM_UNKNOWN_1697
1698,ITEM_UNKNOWN_1698,1712,ITEM_UNKNOWN_1698
1699,ITEM_TEMPTING_CHARM_B,1713,ITEM_TEMPTING_CHARM_B
1700,ITEM_TEMPTING_CHARM_P,1714,ITEM_TEMPTING_CHARM_P
1701,ITEM_SWORDCAP,1715,ITEM_SWORDCAP
1702,ITEM_IRON_BARKTONGUE,1716,ITEM_IRON_BARKTONGUE
1703,ITEM_DOPPEL_BONNETS,1717,ITEM_DOPPEL_BONNETS
1704,ITEM_DIRESHROOM,1718,ITEM_DIRESHROOM
1705,ITEM_SAND_RADISH,1719,ITEM_SAND_RADISH
1706,ITEM_TEMPTING_CHARM_T,1720,ITEM_TEMPTING_CHARM_T
1707,ITEM_TEMPTING_CHARM_Y,1721,ITEM_TEMPTING_CHARM_Y
1708,ITEM_CANDY_TRUFFLE,1722,ITEM_CANDY_TRUFFLE
1709,ITEM_CAKE_LURE_BASE,1723,ITEM_CAKE_LURE_BASE
1710,ITEM_POKE_BALL_PLA,1724,ITEM_POKE_BALL_PLA
1711,ITEM_GREAT_BALL_PLA,1725,ITEM_GREAT_BALL_PLA
1712,ITEM_ULTRA_BALL_PLA,1726,ITEM_ULTRA_BALL_PLA
1713,ITEM_FEATHER_BALL,1727,ITEM_FEATHER_BALL
1714,ITEM_UNKNOWN_1714,1728,ITEM_UNKNOWN_1714
1715,ITEM_UNKNOWN_1715,1729,ITEM_UNKNOWN_1715
1716,ITEM_SCATTER_BANG,1730,ITEM_SCATTER_BANG
1717,ITEM_SMOKE_BOMB,1731,ITEM_SMOKE_BOMB
1718,ITEM_UNKNOWN_1718,1732,ITEM_UNKNOWN_1718
1719,ITEM_UNKNOWN_1719,1733,ITEM_UNKNOWN_1719
1720,ITEM_POKESHI_DOLL,1734,ITEM_POKESHI_DOLL
1721,ITEM_VOLCANO_BALM,1735,ITEM_VOLCANO_BALM
1722,ITEM_MOUNTAIN_BALM,1736,ITEM_MOUNTAIN_BALM
1723,ITEM_SNOW_BALM,1737,ITEM_SNOW_BALM
1724,ITEM_HONEY_CAKE,1738,ITEM_HONEY_CAKE
1725,ITEM_GRAIN_CAKE,1739,ITEM_GRAIN_CAKE
1726,ITEM_BEAN_CAKE,1740,ITEM_BEAN_CAKE
1727,ITEM_MUSHROOM_CAKE,1741,ITEM_MUSHROOM_CAKE
1728,ITEM_SALT_CAKE,1742,ITEM_SALT_CAKE
1729,ITEM_SWAP_SNACK_RECIPE,1743,ITEM_SWAP_SNACK_RECIPE
1730,ITEM_CHOICE_DUMPLING_RECIPE,1744,ITEM_CHOICE_DUMPLING_RECIPE
1731,ITEM_TWICE_SPICED_RADISH_RECIPE,1745,ITEM_TWICE_SPICED_RADISH_RECIPE
1732,ITEM_SURVIVAL_CHARM_R,1746,ITEM_SURVIVAL_CHARM_R
1733,ITEM_SURVIVAL_CHARM_B,1747,ITEM_SURVIVAL_CHARM_B
1734,ITEM_SURVIVAL_CHARM_P,1748,ITEM_SURVIVAL_CHARM_P
1735,ITEM_SURVIVAL_CHARM_T,1749,ITEM_SURVIVAL_CHARM_T
1736,ITEM_SURVIVAL_CHARM_Y,1750,ITEM_SURVIVAL_CHARM_Y
1737,ITEM_TORN_JOURNAL,1751,ITEM_TORN_JOURNAL
1738,ITEM_WARDING_CHARM_R,1752,ITEM_WARDING_CHARM_R
1739,ITEM_WARDING_CHARM_B,1753,ITEM_WARDING_CHARM_B
1740,ITEM_WARDING_CHARM_P,1754,ITEM_WARDING_CHARM_P
1741,ITEM_WARDING_CHARM_T,1755,ITEM_WARDING_CHARM_T
1742,ITEM_WARDING_CHARM_Y,1756,ITEM_WARDING_CHARM_Y
1743,ITEM_WALL_FRAGMENT,1757,ITEM_WALL_FRAGMENT
1744,ITEM_BASCULEGION_FOOD,1758,ITEM_BASCULEGION_FOOD
1745,ITEM_OLD_JOURNAL,1759,ITEM_OLD_JOURNAL
1746,ITEM_WING_BALL,1760,ITEM_WING_BALL
1747,ITEM_JET_BALL,1761,ITEM_JET_BALL
1748,ITEM_HEAVY_BALL_PLA,1762,ITEM_HEAVY_BALL_PLA
1749,ITEM_LEADEN_BALL,1763,ITEM_LEADEN_BALL
1750,ITEM_GIGATON_BALL,1764,ITEM_GIGATON_BALL
1751,ITEM_WING_BALL_RECIPE,1765,ITEM_WING_BALL_RECIPE
1752,ITEM_JET_BALL_RECIPE,1766,ITEM_JET_BALL_RECIPE
1753,ITEM_HEAVY_BALL_RECIPE,1767,ITEM_HEAVY_BALL_RECIPE
1754,ITEM_HOPO_BERRY,1768,ITEM_HOPO_BERRY
1755,ITEM_SUPERB_REMEDY,1769,ITEM_SUPERB_REMEDY
1756,ITEM_AUX_POWER,1770,ITEM_AUX_POWER
1757,ITEM_AUX_GUARD,1771,ITEM_AUX_GUARD
1758,ITEM_AUX_EVASION,1772,ITEM_AUX_EVASION
1759,ITEM_GRIT_DUST,1773,ITEM_GRIT_DUST
1760,ITEM_GRIT_GRAVEL,1774,ITEM_GRIT_GRAVEL
1761,ITEM_GRIT_PEBBLE,1775,ITEM_GRIT_PEBBLE
1762,ITEM_GRIT_ROCK,1776,ITEM_GRIT_ROCK
1763,ITEM_SECRET_MEDICINE_PLA,1777,ITEM_SECRET_MEDICINE_PLA
1764,ITEM_TEMPTING_CHARM_R,1778,ITEM_TEMPTING_CHARM_R
1765,ITEM_LOST_SATCHEL_1,1779,ITEM_LOST_SATCHEL_1
1766,ITEM_LOST_SATCHEL_2,1780,ITEM_LOST_SATCHEL_2
1767,ITEM_LOST_SATCHEL_3,1781,ITEM_LOST_SATCHEL_3
1768,ITEM_LOST_SATCHEL_4,1782,ITEM_LOST_SATCHEL_4
1769,ITEM_LOST_SATCHEL_5,1783,ITEM_LOST_SATCHEL_5
1770,ITEM_UNKNOWN_1770,1784,ITEM_UNKNOWN_1770
1771,ITEM_ORIGIN_BALL,1785,ITEM_ORIGIN_BALL
1772,ITEM_UNKNOWN_1772,1786,ITEM_UNKNOWN_1772
1773,ITEM_UNKNOWN_1773,1787,ITEM_UNKNOWN_1773
1774,ITEM_UNKNOWN_1774,1788,ITEM_UNKNOWN_1774
1775,ITEM_UNKNOWN_1775,1789,ITEM_UNKNOWN_1775
1776,ITEM_ORIGIN_ORE,1790,ITEM_ORIGIN_ORE
1777,ITEM_ADAMANT_CRYSTAL,1791,ITEM_ADAMANT_CRYSTAL
1778,ITEM_LUSTROUS_GLOBE,1792,ITEM_LUSTROUS_GLOBE
1779,ITEM_GRISEOUS_CORE,1793,ITEM_GRISEOUS_CORE
1780,ITEM_BLANK_PLATE,1794,ITEM_BLANK_PLATE
1781,ITEM_UNKNOWN_1781,1795,ITEM_UNKNOWN_1781
1782,ITEM_CRAFTING_KIT,1796,ITEM_CRAFTING_KIT
1783,ITEM_LEADEN_BALL_RECIPE,1797,ITEM_LEADEN_BALL_RECIPE
1784,ITEM_GIGATON_BALL_RECIPE,1798,ITEM_GIGATON_BALL_RECIPE
1785,ITEM_STRANGE_BALL,1799,ITEM_STRANGE_BALL
1786,ITEM_POKEDEX,1800,ITEM_POKEDEX
1787,ITEM_OLD_VERSE_1,1801,ITEM_OLD_VERSE_1
1788,ITEM_OLD_VERSE_2,1802,ITEM_OLD_VERSE_2
1789,ITEM_OLD_VERSE_3,1803,ITEM_OLD_VERSE_3
1790,ITEM_OLD_VERSE_4,1804,ITEM_OLD_VERSE_4
1791,ITEM_UNKNOWN_1791,1805,ITEM_UNKNOWN_1791
1792,ITEM_OLD_VERSE_5,1806,ITEM_OLD_VERSE_5
1793,ITEM_OLD_VERSE_6,1807,ITEM_OLD_VERSE_6
1794,ITEM_OLD_VERSE_7,1808,ITEM_OLD_VERSE_7
1795,ITEM_OLD_VERSE_8,1809,ITEM_OLD_VERSE_8
1796,ITEM_OLD_VERSE_9,1810,ITEM_OLD_VERSE_9
1797,ITEM_OLD_VERSE_10,1811,ITEM_OLD_VERSE_10
1798,ITEM_OLD_VERSE_11,1812,ITEM_OLD_VERSE_11
1799,ITEM_OLD_VERSE_12,1813,ITEM_OLD_VERSE_12
1800,ITEM_OLD_VERSE_13,1814,ITEM_OLD_VERSE_13
1801,ITEM_OLD_VERSE_14,1815,ITEM_OLD_VERSE_14
1802,ITEM_OLD_VERSE_15,1816,ITEM_OLD_VERSE_15
1803,ITEM_OLD_VERSE_16,1817,ITEM_OLD_VERSE_16
1804,ITEM_OLD_VERSE_17,1818,ITEM_OLD_VERSE_17
1805,ITEM_OLD_VERSE_18,1819,ITEM_OLD_VERSE_18
1806,ITEM_OLD_VERSE_19,1820,ITEM_OLD_VERSE_19
1807,ITEM_OLD_VERSE_20,1821,ITEM_OLD_VERSE_20
1808,ITEM_MYSTERIOUS_SHARD_S,1822,ITEM_MYSTERIOUS_SHARD_S
1809,ITEM_MYSTERIOUS_SHARD_L,1823,ITEM_MYSTERIOUS_SHARD_L
1810,ITEM_DIGGER_DRILL,1824,ITEM_DIGGER_DRILL
1811,ITEM_KANTO_SLATE,1825,ITEM_KANTO_SLATE
1812,ITEM_JOHTO_SLATE,1826,ITEM_JOHTO_SLATE
1813,ITEM_SOUL_SLATE,1827,ITEM_SOUL_SLATE
1814,ITEM_RAINBOW_SLATE,1828,ITEM_RAINBOW_SLATE
1815,ITEM_SQUALL_SLATE,1829,ITEM_SQUALL_SLATE
1816,ITEM_OCEANIC_SLATE,1830,ITEM_OCEANIC_SLATE
1817,ITEM_TECTONIC_SLATE,1831,ITEM_TECTONIC_SLATE
1818,ITEM_STRATOSPHERIC_SLATE,1832,ITEM_STRATOSPHERIC_SLATE
1819,ITEM_GENOME_SLATE,1833,ITEM_GENOME_SLATE
1820,ITEM_DISCOVERY_SLATE,1834,ITEM_DISCOVERY_SLATE
1821,ITEM_DISTORTION_SLATE,1835,ITEM_DISTORTION_SLATE
1822,ITEM_DS_SOUNDS,1836,ITEM_DS_SOUNDS
1823,ITEM_NONE_1823,1837,ITEM_NONE_1823
1824,ITEM_NONE_1824,1838,ITEM_NONE_1824
1825,ITEM_NONE_1825,1839,ITEM_NONE_1825
1826,ITEM_NONE_1826,1840,ITEM_NONE_1826
1827,ITEM_NONE_1827,1841,ITEM_NONE_1827
1828,ITEM_LEGEND_PLATE,1842,ITEM_LEGEND_PLATE
1829,ITEM_ROTOM_PHONE,1843,ITEM_ROTOM_PHONE
1830,ITEM_SANDWICH,1844,ITEM_SANDWICH
1831,ITEM_KORAIDONS_POKE_BALL,1845,ITEM_KORAIDONS_POKE_BALL
1832,ITEM_MIRAIDONS_POKE_BALL,1846,ITEM_MIRAIDONS_POKE_BALL
1833,ITEM_TERA_ORB,1847,ITEM_TERA_ORB
1834,ITEM_SCARLET_BOOK,1848,ITEM_SCARLET_BOOK
1835,ITEM_VIOLET_BOOK,1849,ITEM_VIOLET_BOOK
1836,ITEM_KOFUS_WALLET,1850,ITEM_KOFUS_WALLET
1837,ITEM_NONE_1837,1851,ITEM_NONE_1837
1838,ITEM_NONE_1838,1852,ITEM_NONE_1838
1839,ITEM_NONE_1839,1853,ITEM_NONE_1839
1840,ITEM_NONE_1840,1854,ITEM_NONE_1840
1841,ITEM_NONE_1841,1855,ITEM_NONE_1841
1842,ITEM_TINY_BAMBOO_SHOOT,1856,ITEM_TINY_BAMBOO_SHOOT
1843,ITEM_BIG_BAMBOO_SHOOT,1857,ITEM_BIG_BAMBOO_SHOOT
1844,ITEM_NONE_1844,1858,ITEM_NONE_1844
1845,ITEM_NONE_1845,1859,ITEM_NONE_1845
1846,ITEM_NONE_1846,1860,ITEM_NONE_1846
1847,ITEM_NONE_1847,1861,ITEM_NONE_1847
1848,ITEM_NONE_1848,1862,ITEM_NONE_1848
1849,ITEM_NONE_1849,1863,ITEM_NONE_1849
1850,ITEM_NONE_1850,1864,ITEM_NONE_1850
1851,ITEM_NONE_1851,1865,ITEM_NONE_1851
1852,ITEM_NONE_1852,1866,ITEM_NONE_1852
1853,ITEM_NONE_1853,1867,ITEM_NONE_1853
1854,ITEM_NONE_1854,1868,ITEM_NONE_1854
1855,ITEM_NONE_1855,1869,ITEM_NONE_1855
1856,ITEM_NONE_1856,1870,ITEM_NONE_1856
1857,ITEM_SCROLL_OF_DARKNESS,553,ITEM_SCROLL_OF_DARKNESS
1858,ITEM_SCROLL_OF_WATERS,554,ITEM_SCROLL_OF_WATERS
1859,ITEM_NONE_1859,1871,ITEM_NONE_1859
1860,ITEM_NONE_1860,1872,ITEM_NONE_1860
1861,ITEM_MALICIOUS_ARMOR,551,ITEM_MALICIOUS_ARMOR
1862,ITEM_NORMAL_TERA_SHARD,1873,ITEM_NORMAL_TERA_SHARD
1863,ITEM_FIRE_TERA_SHARD,1874,ITEM_FIRE_TERA_SHARD
1864,ITEM_WATER_TERA_SHARD,1875,ITEM_WATER_TERA_SHARD
1865,ITEM_ELECTRIC_TERA_SHARD,1876,ITEM_ELECTRIC_TERA_SHARD
1866,ITEM_GRASS_TERA_SHARD,1877,ITEM_GRASS_TERA_SHARD
1867,ITEM_ICE_TERA_SHARD,1878,ITEM_ICE_TERA_SHARD
1868,ITEM_FIGHTING_TERA_SHARD,1879,ITEM_FIGHTING_TERA_SHARD
1869,ITEM_POISON_TERA_SHARD,1880,ITEM_POISON_TERA_SHARD
1870,ITEM_GROUND_TERA_SHARD,1881,ITEM_GROUND_TERA_SHARD
1871,ITEM_FLYING_TERA_SHARD,1882,ITEM_FLYING_TERA_SHARD
1872,ITEM_PSYCHIC_TERA_SHARD,1883,ITEM_PSYCHIC_TERA_SHARD
1873,ITEM_BUG_TERA_SHARD,1884,ITEM_BUG_TERA_SHARD
1874,ITEM_ROCK_TERA_SHARD,1885,ITEM_ROCK_TERA_SHARD
1875,ITEM_GHOST_TERA_SHARD,1886,ITEM_GHOST_TERA_SHARD
1876,ITEM_DRAGON_TERA_SHARD,1887,ITEM_DRAGON_TERA_SHARD
1877,ITEM_DARK_TERA_SHARD,1888,ITEM_DARK_TERA_SHARD
1878,ITEM_STEEL_TERA_SHARD,1889,ITEM_STEEL_TERA_SHARD
1879,ITEM_FAIRY_TERA_SHARD,1890,ITEM_FAIRY_TERA_SHARD
1880,ITEM_BOOSTER_ENERGY,1891,ITEM_BOOSTER_ENERGY
1881,ITEM_ABILITY_SHIELD,1892,ITEM_ABILITY_SHIELD
1882,ITEM_CLEAR_AMULET,1893,ITEM_CLEAR_AMULET
1883,ITEM_MIRROR_HERB,1894,ITEM_MIRROR_HERB
1884,ITEM_PUNCHING_GLOVE,1895,ITEM_PUNCHING_GLOVE
1885,ITEM_COVERT_CLOAK,1896,ITEM_COVERT_CLOAK
1886,ITEM_LOADED_DICE,1897,ITEM_LOADED_DICE
1887,ITEM_NONE_1887,1898,ITEM_NONE_1887
1888,ITEM_BAGUETTE,1899,ITEM_BAGUETTE
1889,ITEM_MAYONNAISE,1900,ITEM_MAYONNAISE
1890,ITEM_KETCHUP,1901,ITEM_KETCHUP
1891,ITEM_MUSTARD,1902,ITEM_MUSTARD
1892,ITEM_BUTTER,1903,ITEM_BUTTER
1893,ITEM_PEANUT_BUTTER,1904,ITEM_PEANUT_BUTTER
1894,ITEM_CHILI_SAUCE,1905,ITEM_CHILI_SAUCE
1895,ITEM_SALT,1906,ITEM_SALT
1896,ITEM_PEPPER,1907,ITEM_PEPPER
1897,ITEM_YOGURT,1908,ITEM_YOGURT
1898,ITEM_WHIPPED_CREAM,1909,ITEM_WHIPPED_CREAM
1899,ITEM_CREAM_CHEESE,1910,ITEM_CREAM_CHEESE
1900,ITEM_JAM,1911,ITEM_JAM
1901,ITEM_MARMALADE,1912,ITEM_MARMALADE
1902,ITEM_OLIVE_OIL,1913,ITEM_OLIVE_OIL
1903,ITEM_VINEGAR,1914,ITEM_VINEGAR
1904,ITEM_SWEET_HERBA_MYSTICA,1915,ITEM_SWEET_HERBA_MYSTICA
1905,ITEM_SALTY_HERBA_MYSTICA,1916,ITEM_SALTY_HERBA_MYSTICA
1906,ITEM_SOUR_HERBA_MYSTICA,1917,ITEM_SOUR_HERBA_MYSTICA
1907,ITEM_BITTER_HERBA_MYSTICA,1918,ITEM_BITTER_HERBA_MYSTICA
1908,ITEM_SPICY_HERBA_MYSTICA,1919,ITEM_SPICY_HERBA_MYSTICA
1909,ITEM_LETTUCE,1920,ITEM_LETTUCE
1910,ITEM_TOMATO,1921,ITEM_TOMATO
1911,ITEM_CHERRY_TOMATOES,1922,ITEM_CHERRY_TOMATOES
1912,ITEM_CUCUMBER,1923,ITEM_CUCUMBER
1913,ITEM_PICKLE,1924,ITEM_PICKLE
1914,ITEM_ONION,1925,ITEM_ONION
1915,ITEM_RED_ONION,1926,ITEM_RED_ONION
1916,ITEM_GREEN_BELL_PEPPER,1927,ITEM_GREEN_BELL_PEPPER
1917,ITEM_RED_BELL_PEPPER,1928,ITEM_RED_BELL_PEPPER
1918,ITEM_YELLOW_BELL_PEPPER,1929,ITEM_YELLOW_BELL_PEPPER
1919,ITEM_AVOCADO,1930,ITEM_AVOCADO
1920,ITEM_BACON,1931,ITEM_BACON
1921,ITEM_HAM,1932,ITEM_HAM
1922,ITEM_PROSCIUTTO,1933,ITEM_PROSCIUTTO
1923,ITEM_CHORIZO,1934,ITEM_CHORIZO
1924,ITEM_HERBED_SAUSAGE,1935,ITEM_HERBED_SAUSAGE
1925,ITEM_HAMBURGER,1936,ITEM_HAMBURGER
1926,ITEM_KLAWF_STICK,1937,ITEM_KLAWF_STICK
1927,ITEM_SMOKED_FILLET,1938,ITEM_SMOKED_FILLET
1928,ITEM_FRIED_FILLET,1939,ITEM_FRIED_FILLET
1929,ITEM_EGG,1940,ITEM_EGG
1930,ITEM_POTATO_TORTILLA,1941,ITEM_POTATO_TORTILLA
1931,ITEM_TOFU,1942,ITEM_TOFU
1932,ITEM_RICE,1943,ITEM_RICE
1933,ITEM_NOODLES,1944,ITEM_NOODLES
1934,ITEM_POTATO_SALAD,1945,ITEM_POTATO_SALAD
1935,ITEM_CHEESE,1946,ITEM_CHEESE
1936,ITEM_BANANA,1947,ITEM_BANANA
1937,ITEM_STRAWBERRY,1948,ITEM_STRAWBERRY
1938,ITEM_APPLE,1949,ITEM_APPLE
1939,ITEM_KIWI,1950,ITEM_KIWI
1940,ITEM_PINEAPPLE,1951,ITEM_PINEAPPLE
1941,ITEM_JALAPENO,1952,ITEM_JALAPENO
1942,ITEM_HORSERADISH,1953,ITEM_HORSERADISH
1943,ITEM_CURRY_POWDER,1954,ITEM_CURRY_POWDER
1944,ITEM_WASABI,1955,ITEM_WASABI
1945,ITEM_WATERCRESS,1956,ITEM_WATERCRESS
1946,ITEM_BASIL,1957,ITEM_BASIL
1947,ITEM_NONE_1947,1958,ITEM_NONE_1947
1948,ITEM_NONE_1948,1959,ITEM_NONE_1948
1949,ITEM_NONE_1949,1960,ITEM_NONE_1949
1950,ITEM_NONE_1950,1961,ITEM_NONE_1950
1951,ITEM_NONE_1951,1962,ITEM_NONE_1951
1952,ITEM_NONE_1952,1963,ITEM_NONE_1952
1953,ITEM_NONE_1953,1964,ITEM_NONE_1953
1954,ITEM_NONE_1954,1965,ITEM_NONE_1954
1955,ITEM_NONE_1955,1966,ITEM_NONE_1955
1956,ITEM_VENONAT_FANG,1967,ITEM_VENONAT_FANG
1957,ITEM_DIGLETT_DIRT,1968,ITEM_DIGLETT_DIRT
1958,ITEM_MEOWTH_FUR,1969,ITEM_MEOWTH_FUR
1959,ITEM_PSYDUCK_DOWN,1970,ITEM_PSYDUCK_DOWN
1960,ITEM_MANKEY_FUR,1971,ITEM_MANKEY_FUR
1961,ITEM_GROWLITHE_FUR,1972,ITEM_GROWLITHE_FUR
1962,ITEM_SLOWPOKE_CLAW,1973,ITEM_SLOWPOKE_CLAW
1963,ITEM_MAGNEMITE_SCREW,1974,ITEM_MAGNEMITE_SCREW
1964,ITEM_GRIMER_TOXIN,1975,ITEM_GRIMER_TOXIN
1965,ITEM_SHELLDER_PEARL,1976,ITEM_SHELLDER_PEARL
1966,ITEM_GASTLY_GAS,1977,ITEM_GASTLY_GAS
1967,ITEM_DROWZEE_FUR,1978,ITEM_DROWZEE_FUR
1968,ITEM_VOLTORB_SPARKS,1979,ITEM_VOLTORB_SPARKS
1969,ITEM_SCYTHER_CLAW,1980,ITEM_SCYTHER_CLAW
1970,ITEM_TAUROS_HAIR,1981,ITEM_TAUROS_HAIR
1971,ITEM_MAGIKARP_SCALES,1982,ITEM_MAGIKARP_SCALES
1972,ITEM_DITTO_GOO,1983,ITEM_DITTO_GOO
1973,ITEM_EEVEE_FUR,1984,ITEM_EEVEE_FUR
1974,ITEM_DRATINI_SCALES,1985,ITEM_DRATINI_SCALES
1975,ITEM_PICHU_FUR,1986,ITEM_PICHU_FUR
1976,ITEM_IGGLYBUFF_FLUFF,1987,ITEM_IGGLYBUFF_FLUFF
1977,ITEM_MAREEP_WOOL,1988,ITEM_MAREEP_WOOL
1978,ITEM_HOPPIP_LEAF,1989,ITEM_HOPPIP_LEAF
1979,ITEM_SUNKERN_LEAF,1990,ITEM_SUNKERN_LEAF
1980,ITEM_MURKROW_BAUBLE,1991,ITEM_MURKROW_BAUBLE
1981,ITEM_MISDREAVUS_TEARS,1992,ITEM_MISDREAVUS_TEARS
1982,ITEM_GIRAFARIG_FUR,1993,ITEM_GIRAFARIG_FUR
1983,ITEM_PINECO_HUSK,1994,ITEM_PINECO_HUSK
1984,ITEM_DUNSPARCE_SCALES,1995,ITEM_DUNSPARCE_SCALES
1985,ITEM_QWILFISH_SPINES,1996,ITEM_QWILFISH_SPINES
1986,ITEM_HERACROSS_CLAW,1997,ITEM_HERACROSS_CLAW
1987,ITEM_SNEASEL_CLAW,1998,ITEM_SNEASEL_CLAW
1988,ITEM_TEDDIURSA_CLAW,1999,ITEM_TEDDIURSA_CLAW
1989,ITEM_DELIBIRD_PARCEL,2000,ITEM_DELIBIRD_PARCEL
1990,ITEM_HOUNDOUR_FANG,2001,ITEM_HOUNDOUR_FANG
1991,ITEM_PHANPY_NAIL,2002,ITEM_PHANPY_NAIL
1992,ITEM_STANTLER_HAIR,2003,ITEM_STANTLER_HAIR
1993,ITEM_LARVITAR_CLAW,2004,ITEM_LARVITAR_CLAW
1994,ITEM_WINGULL_FEATHER,2005,ITEM_WINGULL_FEATHER
1995,ITEM_RALTS_DUST,2006,ITEM_RALTS_DUST
1996,ITEM_SURSKIT_SYRUP,2007,ITEM_SURSKIT_SYRUP
1997,ITEM_SHROOMISH_SPORES,2008,ITEM_SHROOMISH_SPORES
1998,ITEM_SLAKOTH_FUR,2009,ITEM_SLAKOTH_FUR
1999,ITEM_MAKUHITA_SWEAT,2010,ITEM_MAKUHITA_SWEAT
2000,ITEM_AZURILL_FUR,2011,ITEM_AZURILL_FUR
2001,ITEM_SABLEYE_GEM,2012,ITEM_SABLEYE_GEM
2002,ITEM_MEDITITE_SWEAT,2013,ITEM_MEDITITE_SWEAT
2003,ITEM_GULPIN_MUCUS,2014,ITEM_GULPIN_MUCUS
2004,ITEM_NUMEL_LAVA,2015,ITEM_NUMEL_LAVA
2005,ITEM_TORKOAL_COAL,2016,ITEM_TORKOAL_COAL
2006,ITEM_SPOINK_PEARL,2017,ITEM_SPOINK_PEARL
2007,ITEM_CACNEA_NEEDLE,2018,ITEM_CACNEA_NEEDLE
2008,ITEM_SWABLU_FLUFF,2019,ITEM_SWABLU_FLUFF
2009,ITEM_ZANGOOSE_CLAW,2020,ITEM_ZANGOOSE_CLAW
2010,ITEM_SEVIPER_FANG,2021,ITEM_SEVIPER_FANG
2011,ITEM_BARBOACH_SLIME,2022,ITEM_BARBOACH_SLIME
2012,ITEM_SHUPPET_SCRAP,2023,ITEM_SHUPPET_SCRAP
2013,ITEM_TROPIUS_LEAF,2024,ITEM_TROPIUS_LEAF
2014,ITEM_SNORUNT_FUR,2025,ITEM_SNORUNT_FUR
2015,ITEM_LUVDISC_SCALES,2026,ITEM_LUVDISC_SCALES
2016,ITEM_BAGON_SCALES,2027,ITEM_BAGON_SCALES
2017,ITEM_STARLY_FEATHER,2028,ITEM_STARLY_FEATHER
2018,ITEM_KRICKETOT_SHELL,2029,ITEM_KRICKETOT_SHELL
2019,ITEM_SHINX_FANG,2030,ITEM_SHINX_FANG
2020,ITEM_COMBEE_HONEY,2031,ITEM_COMBEE_HONEY
2021,ITEM_PACHIRISU_FUR,2032,ITEM_PACHIRISU_FUR
2022,ITEM_BUIZEL_FUR,2033,ITEM_BUIZEL_FUR
2023,ITEM_SHELLOS_MUCUS,2034,ITEM_SHELLOS_MUCUS
2024,ITEM_DRIFLOON_GAS,2035,ITEM_DRIFLOON_GAS
2025,ITEM_STUNKY_FUR,2036,ITEM_STUNKY_FUR
2026,ITEM_BRONZOR_FRAGMENT,2037,ITEM_BRONZOR_FRAGMENT
2027,ITEM_BONSLY_TEARS,2038,ITEM_BONSLY_TEARS
2028,ITEM_HAPPINY_DUST,2039,ITEM_HAPPINY_DUST
2029,ITEM_SPIRITOMB_FRAGMENT,2040,ITEM_SPIRITOMB_FRAGMENT
2030,ITEM_GIBLE_SCALES,2041,ITEM_GIBLE_SCALES
2031,ITEM_RIOLU_FUR,2042,ITEM_RIOLU_FUR
2032,ITEM_HIPPOPOTAS_SAND,2043,ITEM_HIPPOPOTAS_SAND
2033,ITEM_CROAGUNK_POISON,2044,ITEM_CROAGUNK_POISON
2034,ITEM_FINNEON_SCALES,2045,ITEM_FINNEON_SCALES
2035,ITEM_SNOVER_BERRIES,2046,ITEM_SNOVER_BERRIES
2036,ITEM_ROTOM_SPARKS,2047,ITEM_ROTOM_SPARKS
2037,ITEM_PETILIL_LEAF,2048,ITEM_PETILIL_LEAF
2038,ITEM_BASCULIN_FANG,2049,ITEM_BASCULIN_FANG
2039,ITEM_SANDILE_CLAW,2050,ITEM_SANDILE_CLAW
2040,ITEM_ZORUA_FUR,2051,ITEM_ZORUA_FUR
2041,ITEM_GOTHITA_EYELASH,2052,ITEM_GOTHITA_EYELASH
2042,ITEM_DEERLING_HAIR,2053,ITEM_DEERLING_HAIR
2043,ITEM_FOONGUS_SPORES,2054,ITEM_FOONGUS_SPORES
2044,ITEM_ALOMOMOLA_MUCUS,2055,ITEM_ALOMOMOLA_MUCUS
2045,ITEM_TYNAMO_SLIME,2056,ITEM_TYNAMO_SLIME
2046,ITEM_AXEW_SCALES,2057,ITEM_AXEW_SCALES
2047,ITEM_CUBCHOO_FUR,2058,ITEM_CUBCHOO_FUR
2048,ITEM_CRYOGONAL_ICE,2059,ITEM_CRYOGONAL_ICE
2049,ITEM_PAWNIARD_BLADE,2060,ITEM_PAWNIARD_BLADE
2050,ITEM_RUFFLET_FEATHER,2061,ITEM_RUFFLET_FEATHER
2051,ITEM_DEINO_SCALES,2062,ITEM_DEINO_SCALES
2052,ITEM_LARVESTA_FUZZ,2063,ITEM_LARVESTA_FUZZ
2053,ITEM_FLETCHLING_FEATHER,2064,ITEM_FLETCHLING_FEATHER
2054,ITEM_SCATTERBUG_POWDER,2065,ITEM_SCATTERBUG_POWDER
2055,ITEM_LITLEO_TUFT,2066,ITEM_LITLEO_TUFT
2056,ITEM_FLABEBE_POLLEN,2067,ITEM_FLABEBE_POLLEN
2057,ITEM_SKIDDO_LEAF,2068,ITEM_SKIDDO_LEAF
2058,ITEM_SKRELP_KELP,2069,ITEM_SKRELP_KELP
2059,ITEM_CLAUNCHER_CLAW,2070,ITEM_CLAUNCHER_CLAW
2060,ITEM_HAWLUCHA_DOWN,2071,ITEM_HAWLUCHA_DOWN
2061,ITEM_DEDENNE_FUR,2072,ITEM_DEDENNE_FUR
2062,ITEM_GOOMY_GOO,2073,ITEM_GOOMY_GOO
2063,ITEM_KLEFKI_KEY,2074,ITEM_KLEFKI_KEY
2064,ITEM_BERGMITE_ICE,2075,ITEM_BERGMITE_ICE
2065,ITEM_NOIBAT_FUR,2076,ITEM_NOIBAT_FUR
2066,ITEM_YUNGOOS_FUR,2077,ITEM_YUNGOOS_FUR
2067,ITEM_CRABRAWLER_SHELL,2078,ITEM_CRABRAWLER_SHELL
2068,ITEM_ORICORIO_FEATHER,2079,ITEM_ORICORIO_FEATHER
2069,ITEM_ROCKRUFF_ROCK,2080,ITEM_ROCKRUFF_ROCK
2070,ITEM_MAREANIE_SPIKE,2081,ITEM_MAREANIE_SPIKE
2071,ITEM_MUDBRAY_MUD,2082,ITEM_MUDBRAY_MUD
2072,ITEM_FOMANTIS_LEAF,2083,ITEM_FOMANTIS_LEAF
2073,ITEM_SALANDIT_GAS,2084,ITEM_SALANDIT_GAS
2074,ITEM_BOUNSWEET_SWEAT,2085,ITEM_BOUNSWEET_SWEAT
2075,ITEM_ORANGURU_FUR,2086,ITEM_ORANGURU_FUR
2076,ITEM_PASSIMIAN_FUR,2087,ITEM_PASSIMIAN_FUR
2077,ITEM_SANDYGAST_SAND,2088,ITEM_SANDYGAST_SAND
2078,ITEM_KOMALA_CLAW,2089,ITEM_KOMALA_CLAW
2079,ITEM_MIMIKYU_SCRAP,2090,ITEM_MIMIKYU_SCRAP
2080,ITEM_BRUXISH_TOOTH,2091,ITEM_BRUXISH_TOOTH
2081,ITEM_CHEWTLE_CLAW,2092,ITEM_CHEWTLE_CLAW
2082,ITEM_SKWOVET_FUR,2093,ITEM_SKWOVET_FUR
2083,ITEM_ARROKUDA_SCALES,2094,ITEM_ARROKUDA_SCALES
2084,ITEM_ROOKIDEE_FEATHER,2095,ITEM_ROOKIDEE_FEATHER
2085,ITEM_TOXEL_SPARKS,2096,ITEM_TOXEL_SPARKS
2086,ITEM_FALINKS_SWEAT,2097,ITEM_FALINKS_SWEAT
2087,ITEM_CUFANT_TARNISH,2098,ITEM_CUFANT_TARNISH
2088,ITEM_ROLYCOLY_COAL,2099,ITEM_ROLYCOLY_COAL
2089,ITEM_SILICOBRA_SAND,2100,ITEM_SILICOBRA_SAND
2090,ITEM_INDEEDEE_FUR,2101,ITEM_INDEEDEE_FUR
2091,ITEM_PINCURCHIN_SPINES,2102,ITEM_PINCURCHIN_SPINES
2092,ITEM_SNOM_THREAD,2103,ITEM_SNOM_THREAD
2093,ITEM_IMPIDIMP_HAIR,2104,ITEM_IMPIDIMP_HAIR
2094,ITEM_APPLIN_JUICE,2105,ITEM_APPLIN_JUICE
2095,ITEM_SINISTEA_CHIP,2106,ITEM_SINISTEA_CHIP
2096,ITEM_HATENNA_DUST,2107,ITEM_HATENNA_DUST
2097,ITEM_STONJOURNER_STONE,2108,ITEM_STONJOURNER_STONE
2098,ITEM_EISCUE_DOWN,2109,ITEM_EISCUE_DOWN
2099,ITEM_DREEPY_POWDER,2110,ITEM_DREEPY_POWDER
2100,ITEM_NONE_2100,2111,ITEM_NONE_2100
2101,ITEM_NONE_2101,2112,ITEM_NONE_2101
2102,ITEM_NONE_2102,2113,ITEM_NONE_2102
2103,ITEM_LECHONK_HAIR,2114,ITEM_LECHONK_HAIR
2104,ITEM_TAROUNTULA_THREAD,2115,ITEM_TAROUNTULA_THREAD
2105,ITEM_NYMBLE_CLAW,2116,ITEM_NYMBLE_CLAW
2106,ITEM_RELLOR_MUD,2117,ITEM_RELLOR_MUD
2107,ITEM_GREAVARD_WAX,2118,ITEM_GREAVARD_WAX
2108,ITEM_FLITTLE_DOWN,2119,ITEM_FLITTLE_DOWN
2109,ITEM_WIGLETT_SAND,2120,ITEM_WIGLETT_SAND
2110,ITEM_DONDOZO_WHISKER,2121,ITEM_DONDOZO_WHISKER
2111,ITEM_VELUZA_FILLET,2122,ITEM_VELUZA_FILLET
2112,ITEM_FINIZEN_MUCUS,2123,ITEM_FINIZEN_MUCUS
2113,ITEM_SMOLIV_OIL,2124,ITEM_SMOLIV_OIL
2114,ITEM_CAPSAKID_SEED,2125,ITEM_CAPSAKID_SEED
2115,ITEM_TADBULB_MUCUS,2126,ITEM_TADBULB_MUCUS
2116,ITEM_VAROOM_FUME,2127,ITEM_VAROOM_FUME
2117,ITEM_ORTHWORM_TARNISH,2128,ITEM_ORTHWORM_TARNISH
2118,ITEM_TANDEMAUS_FUR,2129,ITEM_TANDEMAUS_FUR
2119,ITEM_CETODDLE_GREASE,2130,ITEM_CETODDLE_GREASE
2120,ITEM_FRIGIBAX_SCALES,2131,ITEM_FRIGIBAX_SCALES
2121,ITEM_TATSUGIRI_SCALES,2132,ITEM_TATSUGIRI_SCALES
2122,ITEM_CYCLIZAR_SCALES,2133,ITEM_CYCLIZAR_SCALES
2123,ITEM_PAWMI_FUR,2134,ITEM_PAWMI_FUR
2124,ITEM_NONE_2124,2135,ITEM_NONE_2124
2125,ITEM_NONE_2125,2136,ITEM_NONE_2125
2126,ITEM_WATTREL_FEATHER,2137,ITEM_WATTREL_FEATHER
2127,ITEM_BOMBIRDIER_FEATHER,2138,ITEM_BOMBIRDIER_FEATHER
2128,ITEM_SQUAWKABILLY_FEATHER,2139,ITEM_SQUAWKABILLY_FEATHER
2129,ITEM_FLAMIGO_DOWN,2140,ITEM_FLAMIGO_DOWN
2130,ITEM_KLAWF_CLAW,2141,ITEM_KLAWF_CLAW
2131,ITEM_NACLI_SALT,2142,ITEM_NACLI_SALT
2132,ITEM_GLIMMET_CRYSTAL,2143,ITEM_GLIMMET_CRYSTAL
2133,ITEM_SHROODLE_INK,2144,ITEM_SHROODLE_INK
2134,ITEM_FIDOUGH_FUR,2145,ITEM_FIDOUGH_FUR
2135,ITEM_MASCHIFF_FANG,2146,ITEM_MASCHIFF_FANG
2136,ITEM_BRAMBLIN_TWIG,2147,ITEM_BRAMBLIN_TWIG
2137,ITEM_GIMMIGHOUL_COIN,2148,ITEM_GIMMIGHOUL_COIN
2138,ITEM_NONE_2138,2149,ITEM_NONE_2138
2139,ITEM_NONE_2139,2150,ITEM_NONE_2139
2140,ITEM_NONE_2140,2151,ITEM_NONE_2140
2141,ITEM_NONE_2141,2152,ITEM_NONE_2141
2142,ITEM_NONE_2142,2153,ITEM_NONE_2142
2143,ITEM_NONE_2143,2154,ITEM_NONE_2143
2144,ITEM_NONE_2144,2155,ITEM_NONE_2144
2145,ITEM_NONE_2145,2156,ITEM_NONE_2145
2146,ITEM_NONE_2146,2157,ITEM_NONE_2146
2147,ITEM_NONE_2147,2158,ITEM_NONE_2147
2148,ITEM_NONE_2148,2159,ITEM_NONE_2148
2149,ITEM_NONE_2149,2160,ITEM_NONE_2149
2150,ITEM_NONE_2150,2161,ITEM_NONE_2150
2151,ITEM_NONE_2151,2162,ITEM_NONE_2151
2152,ITEM_NONE_2152,2163,ITEM_NONE_2152
2153,ITEM_NONE_2153,2164,ITEM_NONE_2153
2154,ITEM_NONE_2154,2165,ITEM_NONE_2154
2155,ITEM_NONE_2155,2166,ITEM_NONE_2155
2156,ITEM_TINKATINK_HAIR,2167,ITEM_TINKATINK_HAIR
2157,ITEM_CHARCADET_SOOT,2168,ITEM_CHARCADET_SOOT
2158,ITEM_TOEDSCOOL_FLAPS,2169,ITEM_TOEDSCOOL_FLAPS
2159,ITEM_WOOPER_SLIME,2170,ITEM_WOOPER_SLIME
2160,ITEM_TM100_SV,2171,ITEM_TM100_SV
2161,ITEM_TM101,2172,ITEM_TM101
2162,ITEM_TM102,2173,ITEM_TM102
2163,ITEM_TM103,2174,ITEM_TM103
2164,ITEM_TM104,2175,ITEM_TM104
2165,ITEM_TM105,2176,ITEM_TM105
2166,ITEM_TM106,2177,ITEM_TM106
2167,ITEM_TM107,2178,ITEM_TM107
2168,ITEM_TM108,2179,ITEM_TM108
2169,ITEM_TM109,2180,ITEM_TM109
2170,ITEM_TM110,2181,ITEM_TM110
2171,ITEM_TM111,2182,ITEM_TM111
2172,ITEM_TM112,2183,ITEM_TM112
2173,ITEM_TM113,2184,ITEM_TM113
2174,ITEM_TM114,2185,ITEM_TM114
2175,ITEM_TM115,2186,ITEM_TM115
2176,ITEM_TM116,2187,ITEM_TM116
2177,ITEM_TM117,2188,ITEM_TM117
2178,ITEM_TM118,2189,ITEM_TM118
2179,ITEM_TM119,2190,ITEM_TM119
2180,ITEM_TM120,2191,ITEM_TM120
2181,ITEM_TM121,2192,ITEM_TM121
2182,ITEM_TM122,2193,ITEM_TM122
2183,ITEM_TM123,2194,ITEM_TM123
2184,ITEM_TM124,2195,ITEM_TM124
2185,ITEM_TM125,2196,ITEM_TM125
2186,ITEM_TM126,2197,ITEM_TM126
2187,ITEM_TM127,2198,ITEM_TM127
2188,ITEM_TM128,2199,ITEM_TM128
2189,ITEM_TM129,2200,ITEM_TM129
2190,ITEM_TM130,2201,ITEM_TM130
2191,ITEM_TM131,2202,ITEM_TM131
2192,ITEM_TM132,2203,ITEM_TM132
2193,ITEM_TM133,2204,ITEM_TM133
2194,ITEM_TM134,2205,ITEM_TM134
2195,ITEM_TM135,2206,ITEM_TM135
2196,ITEM_TM136,2207,ITEM_TM136
2197,ITEM_TM137,2208,ITEM_TM137
2198,ITEM_TM138,2209,ITEM_TM138
2199,ITEM_TM139,2210,ITEM_TM139
2200,ITEM_TM140,2211,ITEM_TM140
2201,ITEM_TM141,2212,ITEM_TM141
2202,ITEM_TM142,2213,ITEM_TM142
2203,ITEM_TM143,2214,ITEM_TM143
2204,ITEM_TM144,2215,ITEM_TM144
2205,ITEM_TM145,2216,ITEM_TM145
2206,ITEM_TM146,2217,ITEM_TM146
2207,ITEM_TM147,2218,ITEM_TM147
2208,ITEM_TM148,2219,ITEM_TM148
2209,ITEM_TM149,2220,ITEM_TM149
2210,ITEM_TM150,2221,ITEM_TM150
2211,ITEM_TM151,2222,ITEM_TM151
2212,ITEM_TM152,2223,ITEM_TM152
2213,ITEM_TM153,2224,ITEM_TM153
2214,ITEM_TM154,2225,ITEM_TM154
2215,ITEM_TM155,2226,ITEM_TM155
2216,ITEM_TM156,2227,ITEM_TM156
2217,ITEM_TM157,2228,ITEM_TM157
2218,ITEM_TM158,2229,ITEM_TM158
2219,ITEM_TM159,2230,ITEM_TM159
2220,ITEM_TM160,2231,ITEM_TM160
2221,ITEM_TM161,2232,ITEM_TM161
2222,ITEM_TM162,2233,ITEM_TM162
2223,ITEM_TM163,2234,ITEM_TM163
2224,ITEM_TM164,2235,ITEM_TM164
2225,ITEM_TM165,2236,ITEM_TM165
2226,ITEM_TM166,2237,ITEM_TM166
2227,ITEM_TM167,2238,ITEM_TM167
2228,ITEM_TM168,2239,ITEM_TM168
2229,ITEM_TM169,2240,ITEM_TM169
2230,ITEM_TM170,2241,ITEM_TM170
2231,ITEM_TM171,2242,ITEM_TM171
2232,ITEM_TM172,2243,ITEM_TM172
2233,ITEM_TM173,2244,ITEM_TM173
2234,ITEM_TM174,2245,ITEM_TM174
2235,ITEM_TM175,2246,ITEM_TM175
2236,ITEM_TM176,2247,ITEM_TM176
2237,ITEM_TM177,2248,ITEM_TM177
2238,ITEM_TM178,2249,ITEM_TM178
2239,ITEM_TM179,2250,ITEM_TM179
2240,ITEM_TM180,2251,ITEM_TM180
2241,ITEM_TM181,2252,ITEM_TM181
2242,ITEM_TM182,2253,ITEM_TM182
2243,ITEM_TM183,2254,ITEM_TM183
2244,ITEM_TM184,2255,ITEM_TM184
2245,ITEM_TM185,2256,ITEM_TM185
2246,ITEM_TM186,2257,ITEM_TM186
2247,ITEM_TM187,2258,ITEM_TM187
2248,ITEM_TM188,2259,ITEM_TM188
2249,ITEM_TM189,2260,ITEM_TM189
2250,ITEM_TM190,2261,ITEM_TM190
2251,ITEM_TM191,2262,ITEM_TM191
2252,ITEM_TM192,2263,ITEM_TM192
2253,ITEM_TM193,2264,ITEM_TM193
2254,ITEM_TM194,2265,ITEM_TM194
2255,ITEM_TM195,2266,ITEM_TM195
2256,ITEM_TM196,2267,ITEM_TM196
2257,ITEM_TM197,2268,ITEM_TM197
2258,ITEM_TM198,2269,ITEM_TM198
2259,ITEM_TM199,2270,ITEM_TM199
2260,ITEM_TM200,2271,ITEM_TM200
2261,ITEM_TM201,2272,ITEM_TM201
2262,ITEM_TM202,2273,ITEM_TM202
2263,ITEM_TM203,2274,ITEM_TM203
2264,ITEM_TM204,2275,ITEM_TM204
2265,ITEM_TM205,2276,ITEM_TM205
2266,ITEM_TM206,2277,ITEM_TM206
2267,ITEM_TM207,2278,ITEM_TM207
2268,ITEM_TM208,2279,ITEM_TM208
2269,ITEM_TM209,2280,ITEM_TM209
2270,ITEM_TM210,2281,ITEM_TM210
2271,ITEM_TM211,2282,ITEM_TM211
2272,ITEM_TM212,2283,ITEM_TM212
2273,ITEM_TM213,2284,ITEM_TM213
2274,ITEM_TM214,2285,ITEM_TM214
2275,ITEM_TM215,2286,ITEM_TM215
2276,ITEM_TM216,2287,ITEM_TM216
2277,ITEM_TM217,2288,ITEM_TM217
2278,ITEM_TM218,2289,ITEM_TM218
2279,ITEM_TM219,2290,ITEM_TM219
2280,ITEM_TM220,2291,ITEM_TM220
2281,ITEM_TM221,2292,ITEM_TM221
2282,ITEM_TM222,2293,ITEM_TM222
2283,ITEM_TM223,2294,ITEM_TM223
2284,ITEM_TM224,2295,ITEM_TM224
2285,ITEM_TM225,2296,ITEM_TM225
2286,ITEM_TM226,2297,ITEM_TM226
2287,ITEM_TM227,2298,ITEM_TM227
2288,ITEM_TM228,2299,ITEM_TM228
2289,ITEM_TM229,2300,ITEM_TM229
2290,ITEM_NONE_2290,2301,ITEM_NONE_2290
2291,ITEM_NONE_2291,2302,ITEM_NONE_2291
2292,ITEM_NONE_2292,2303,ITEM_NONE_2292
2293,ITEM_NONE_2293,2304,ITEM_NONE_2293
2294,ITEM_NONE_2294,2305,ITEM_NONE_2294
2295,ITEM_NONE_2295,2306,ITEM_NONE_2295
2296,ITEM_NONE_2296,2307,ITEM_NONE_2296
2297,ITEM_NONE_2297,2308,ITEM_NONE_2297
2298,ITEM_NONE_2298,2309,ITEM_NONE_2298
2299,ITEM_NONE_2299,2310,ITEM_NONE_2299
2300,ITEM_NONE_2300,2311,ITEM_NONE_2300
2301,ITEM_NONE_2301,2312,ITEM_NONE_2301
2302,ITEM_NONE_2302,2313,ITEM_NONE_2302
2303,ITEM_NONE_2303,2314,ITEM_NONE_2303
2304,ITEM_NONE_2304,2315,ITEM_NONE_2304
2305,ITEM_NONE_2305,2316,ITEM_NONE_2305
2306,ITEM_NONE_2306,2317,ITEM_NONE_2306
2307,ITEM_NONE_2307,2318,ITEM_NONE_2307
2308,ITEM_NONE_2308,2319,ITEM_NONE_2308
2309,ITEM_NONE_2309,2320,ITEM_NONE_2309
2310,ITEM_NONE_2310,2321,ITEM_NONE_2310
2311,ITEM_PICNIC_SET,2322,ITEM_PICNIC_SET
2312,ITEM_NONE_2312,2323,ITEM_NONE_2312
2313,ITEM_ACADEMY_BOTTLE_1,2324,ITEM_ACADEMY_BOTTLE_1
2314,ITEM_ACADEMY_BOTTLE_2,2325,ITEM_ACADEMY_BOTTLE_2
2315,ITEM_POLKA_DOT_BOTTLE,2326,ITEM_POLKA_DOT_BOTTLE
2316,ITEM_STRIPED_BOTTLE,2327,ITEM_STRIPED_BOTTLE
2317,ITEM_DIAMOND_BOTTLE,2328,ITEM_DIAMOND_BOTTLE
2318,ITEM_ACADEMY_CUP_1,2329,ITEM_ACADEMY_CUP_1
2319,ITEM_ACADEMY_CUP_2,2330,ITEM_ACADEMY_CUP_2
2320,ITEM_STRIPED_CUP,2331,ITEM_STRIPED_CUP
2321,ITEM_POLKA_DOT_CUP,2332,ITEM_POLKA_DOT_CUP
2322,ITEM_FLOWER_PATTERN_CUP,2333,ITEM_FLOWER_PATTERN_CUP
2323,ITEM_ACADEMY_TABLECLOTH_1,2334,ITEM_ACADEMY_TABLECLOTH_1
2324,ITEM_ACADEMY_TABLECLOTH_2,2335,ITEM_ACADEMY_TABLECLOTH_2
2325,ITEM_WHIMSICAL_TABLECLOTH,2336,ITEM_WHIMSICAL_TABLECLOTH
2326,ITEM_LEAFY_TABLECLOTH,2337,ITEM_LEAFY_TABLECLOTH
2327,ITEM_SPOOKY_TABLECLOTH,2338,ITEM_SPOOKY_TABLECLOTH
2328,ITEM_NONE_2328,2339,ITEM_NONE_2328
2329,ITEM_ACADEMY_BALL_1,2340,ITEM_ACADEMY_BALL_1
2330,ITEM_ACADEMY_BALL_2,2341,ITEM_ACADEMY_BALL_2
2331,ITEM_MARILL_BALL,2342,ITEM_MARILL_BALL
2332,ITEM_YARN_BALL,2343,ITEM_YARN_BALL
2333,ITEM_CYBER_BALL,2344,ITEM_CYBER_BALL
2334,ITEM_GOLD_PICK,2345,ITEM_GOLD_PICK
2335,ITEM_SILVER_PICK,2346,ITEM_SILVER_PICK
2336,ITEM_RED_FLAG_PICK,2347,ITEM_RED_FLAG_PICK
2337,ITEM_BLUE_FLAG_PICK,2348,ITEM_BLUE_FLAG_PICK
2338,ITEM_PIKA_PIKA_PICK,2349,ITEM_PIKA_PIKA_PICK
2339,ITEM_WINKING_PIKA_PICK,2350,ITEM_WINKING_PIKA_PICK
2340,ITEM_VEE_VEE_PICK,2351,ITEM_VEE_VEE_PICK
2341,ITEM_SMILING_VEE_PICK,2352,ITEM_SMILING_VEE_PICK
2342,ITEM_BLUE_POKE_BALL_PICK,2353,ITEM_BLUE_POKE_BALL_PICK
2343,ITEM_NONE_2343,2354,ITEM_NONE_2343
2344,ITEM_AUSPICIOUS_ARMOR,546,ITEM_AUSPICIOUS_ARMOR
2345,ITEM_LEADERS_CREST,2355,ITEM_LEADERS_CREST
2346,ITEM_NONE_2346,2356,ITEM_NONE_2346
2347,ITEM_NONE_2347,2357,ITEM_NONE_2347
2348,ITEM_PINK_BOTTLE,2358,ITEM_PINK_BOTTLE
2349,ITEM_BLUE_BOTTLE,2359,ITEM_BLUE_BOTTLE
2350,ITEM_YELLOW_BOTTLE,2360,ITEM_YELLOW_BOTTLE
2351,ITEM_STEEL_BOTTLE_R,2361,ITEM_STEEL_BOTTLE_R
2352,ITEM_STEEL_BOTTLE_Y,2362,ITEM_STEEL_BOTTLE_Y
2353,ITEM_STEEL_BOTTLE_B,2363,ITEM_STEEL_BOTTLE_B
2354,ITEM_SILVER_BOTTLE,2364,ITEM_SILVER_BOTTLE
2355,ITEM_BARRED_CUP,2365,ITEM_BARRED_CUP
2356,ITEM_DIAMOND_PATTERN_CUP,2366,ITEM_DIAMOND_PATTERN_CUP
2357,ITEM_FIRE_PATTERN_CUP,2367,ITEM_FIRE_PATTERN_CUP
2358,ITEM_PINK_CUP,2368,ITEM_PINK_CUP
2359,ITEM_BLUE_CUP,2369,ITEM_BLUE_CUP
2360,ITEM_YELLOW_CUP,2370,ITEM_YELLOW_CUP
2361,ITEM_PIKACHU_CUP,2371,ITEM_PIKACHU_CUP
2362,ITEM_EEVEE_CUP,2372,ITEM_EEVEE_CUP
2363,ITEM_SLOWPOKE_CUP,2373,ITEM_SLOWPOKE_CUP
2364,ITEM_SILVER_CUP,2374,ITEM_SILVER_CUP
2365,ITEM_EXERCISE_BALL,2375,ITEM_EXERCISE_BALL
2366,ITEM_PLAID_TABLECLOTH_Y,2376,ITEM_PLAID_TABLECLOTH_Y
2367,ITEM_PLAID_TABLECLOTH_B,2377,ITEM_PLAID_TABLECLOTH_B
2368,ITEM_PLAID_TABLECLOTH_R,2378,ITEM_PLAID_TABLECLOTH_R
2369,ITEM_B_W_GRASS_TABLECLOTH,2379,ITEM_B_W_GRASS_TABLECLOTH
2370,ITEM_BATTLE_TABLECLOTH,2380,ITEM_BATTLE_TABLECLOTH
2371,ITEM_MONSTROUS_TABLECLOTH,2381,ITEM_MONSTROUS_TABLECLOTH
2372,ITEM_STRIPED_TABLECLOTH,2382,ITEM_STRIPED_TABLECLOTH
2373,ITEM_DIAMOND_TABLECLOTH,2383,ITEM_DIAMOND_TABLECLOTH
2374,ITEM_POLKA_DOT_TABLECLOTH,2384,ITEM_POLKA_DOT_TABLECLOTH
2375,ITEM_LILAC_TABLECLOTH,2385,ITEM_LILAC_TABLECLOTH
2376,ITEM_MINT_TABLECLOTH,2386,ITEM_MINT_TABLECLOTH
2377,ITEM_PEACH_TABLECLOTH,2387,ITEM_PEACH_TABLECLOTH
2378,ITEM_YELLOW_TABLECLOTH,2388,ITEM_YELLOW_TABLECLOTH
2379,ITEM_BLUE_TABLECLOTH,2389,ITEM_BLUE_TABLECLOTH
2380,ITEM_PINK_TABLECLOTH,2390,ITEM_PINK_TABLECLOTH
2381,ITEM_GOLD_BOTTLE,2391,ITEM_GOLD_BOTTLE
2382,ITEM_BRONZE_BOTTLE,2392,ITEM_BRONZE_BOTTLE
2383,ITEM_GOLD_CUP,2393,ITEM_GOLD_CUP
2384,ITEM_BRONZE_CUP,2394,ITEM_BRONZE_CUP
2385,ITEM_GREEN_POKE_BALL_PICK,2395,ITEM_GREEN_POKE_BALL_PICK
2386,ITEM_RED_POKE_BALL_PICK,2396,ITEM_RED_POKE_BALL_PICK
2387,ITEM_PARTY_SPARKLER_PICK,2397,ITEM_PARTY_SPARKLER_PICK
2388,ITEM_HEROIC_SWORD_PICK,2398,ITEM_HEROIC_SWORD_PICK
2389,ITEM_MAGICAL_STAR_PICK,2399,ITEM_MAGICAL_STAR_PICK
2390,ITEM_MAGICAL_HEART_PICK,2400,ITEM_MAGICAL_HEART_PICK
2391,ITEM_PARASOL_PICK,2401,ITEM_PARASOL_PICK
2392,ITEM_BLUE_SKY_FLOWER_PICK,2402,ITEM_BLUE_SKY_FLOWER_PICK
2393,ITEM_SUNSET_FLOWER_PICK,2403,ITEM_SUNSET_FLOWER_PICK
2394,ITEM_SUNRISE_FLOWER_PICK,2404,ITEM_SUNRISE_FLOWER_PICK
2395,ITEM_BLUE_DISH,2405,ITEM_BLUE_DISH
2396,ITEM_GREEN_DISH,2406,ITEM_GREEN_DISH
2397,ITEM_ORANGE_DISH,2407,ITEM_ORANGE_DISH
2398,ITEM_RED_DISH,2408,ITEM_RED_DISH
2399,ITEM_WHITE_DISH,2409,ITEM_WHITE_DISH
2400,ITEM_YELLOW_DISH,2410,ITEM_YELLOW_DISH
2401,ITEM_FAIRY_FEATHER,2411,ITEM_FAIRY_FEATHER
2402,ITEM_SYRUPY_APPLE,541,ITEM_SYRUPY_APPLE
2403,ITEM_UNREMARKABLE_TEACUP,2412,ITEM_UNREMARKABLE_TEACUP
2404,ITEM_MASTERPIECE_TEACUP,2413,ITEM_MASTERPIECE_TEACUP
2405,ITEM_TEAL_MASK,2414,ITEM_TEAL_MASK
2406,ITEM_CORNERSTONE_MASK,2415,ITEM_CORNERSTONE_MASK
2407,ITEM_WELLSPRING_MASK,2416,ITEM_WELLSPRING_MASK
2408,ITEM_HEARTHFLAME_MASK,2417,ITEM_HEARTHFLAME_MASK
2409,ITEM_TEAL_STYLE_CARD,2418,ITEM_TEAL_STYLE_CARD
2410,ITEM_CRYSTAL_CLUSTER,2419,ITEM_CRYSTAL_CLUSTER
2411,ITEM_HEALTH_MOCHI,2420,ITEM_HEALTH_MOCHI
2412,ITEM_MUSCLE_MOCHI,2421,ITEM_MUSCLE_MOCHI
2413,ITEM_RESIST_MOCHI,2422,ITEM_RESIST_MOCHI
2414,ITEM_GENIUS_MOCHI,2423,ITEM_GENIUS_MOCHI
2415,ITEM_CLEVER_MOCHI,2424,ITEM_CLEVER_MOCHI
2416,ITEM_SWIFT_MOCHI,2425,ITEM_SWIFT_MOCHI
2417,ITEM_SIMPLE_CHAIRS,2426,ITEM_SIMPLE_CHAIRS
2418,ITEM_ACADEMY_CHAIRS_1,2427,ITEM_ACADEMY_CHAIRS_1
2419,ITEM_ACADEMY_CHAIRS_2,2428,ITEM_ACADEMY_CHAIRS_2
2420,ITEM_WHIMSICAL_CHAIRS,2429,ITEM_WHIMSICAL_CHAIRS
2421,ITEM_LEAFY_CHAIRS,2430,ITEM_LEAFY_CHAIRS
2422,ITEM_SPOOKY_CHAIRS,2431,ITEM_SPOOKY_CHAIRS
2423,ITEM_PLAID_CHAIRS_Y,2432,ITEM_PLAID_CHAIRS_Y
2424,ITEM_PLAID_CHAIRS_B,2433,ITEM_PLAID_CHAIRS_B
2425,ITEM_PLAID_CHAIRS_R,2434,ITEM_PLAID_CHAIRS_R
2426,ITEM_B_W_GRASS_CHAIRS,2435,ITEM_B_W_GRASS_CHAIRS
2427,ITEM_BATTLE_CHAIRS,2436,ITEM_BATTLE_CHAIRS
2428,ITEM_MONSTROUS_CHAIRS,2437,ITEM_MONSTROUS_CHAIRS
2429,ITEM_STRIPED_CHAIRS,2438,ITEM_STRIPED_CHAIRS
2430,ITEM_DIAMOND_CHAIRS,2439,ITEM_DIAMOND_CHAIRS
2431,ITEM_POLKA_DOT_CHAIRS,2440,ITEM_POLKA_DOT_CHAIRS
2432,ITEM_LILAC_CHAIRS,2441,ITEM_LILAC_CHAIRS
2433,ITEM_MINT_CHAIRS,2442,ITEM_MINT_CHAIRS
2434,ITEM_PEACH_CHAIRS,2443,ITEM_PEACH_CHAIRS
2435,ITEM_YELLOW_CHAIRS,2444,ITEM_YELLOW_CHAIRS
2436,ITEM_BLUE_CHAIRS,2445,ITEM_BLUE_CHAIRS
2437,ITEM_PINK_CHAIRS,2446,ITEM_PINK_CHAIRS
2438,ITEM_EKANS_FANG,2447,ITEM_EKANS_FANG
2439,ITEM_SANDSHREW_CLAW,2448,ITEM_SANDSHREW_CLAW
2440,ITEM_CLEFFA_FUR,2449,ITEM_CLEFFA_FUR
2441,ITEM_VULPIX_FUR,2450,ITEM_VULPIX_FUR
2442,ITEM_POLIWAG_SLIME,2451,ITEM_POLIWAG_SLIME
2443,ITEM_BELLSPROUT_VINE,2452,ITEM_BELLSPROUT_VINE
2444,ITEM_GEODUDE_FRAGMENT,2453,ITEM_GEODUDE_FRAGMENT
2445,ITEM_KOFFING_GAS,2454,ITEM_KOFFING_GAS
2446,ITEM_MUNCHLAX_FANG,2455,ITEM_MUNCHLAX_FANG
2447,ITEM_SENTRET_FUR,2456,ITEM_SENTRET_FUR
2448,ITEM_HOOTHOOT_FEATHER,2457,ITEM_HOOTHOOT_FEATHER
2449,ITEM_SPINARAK_THREAD,2458,ITEM_SPINARAK_THREAD
2450,ITEM_AIPOM_HAIR,2459,ITEM_AIPOM_HAIR
2451,ITEM_YANMA_SPIKE,2460,ITEM_YANMA_SPIKE
2452,ITEM_GLIGAR_FANG,2461,ITEM_GLIGAR_FANG
2453,ITEM_SLUGMA_LAVA,2462,ITEM_SLUGMA_LAVA
2454,ITEM_SWINUB_HAIR,2463,ITEM_SWINUB_HAIR
2455,ITEM_POOCHYENA_FANG,2464,ITEM_POOCHYENA_FANG
2456,ITEM_LOTAD_LEAF,2465,ITEM_LOTAD_LEAF
2457,ITEM_SEEDOT_STEM,2466,ITEM_SEEDOT_STEM
2458,ITEM_NOSEPASS_FRAGMENT,2467,ITEM_NOSEPASS_FRAGMENT
2459,ITEM_VOLBEAT_FLUID,2468,ITEM_VOLBEAT_FLUID
2460,ITEM_ILLUMISE_FLUID,2469,ITEM_ILLUMISE_FLUID
2461,ITEM_CORPHISH_SHELL,2470,ITEM_CORPHISH_SHELL
2462,ITEM_FEEBAS_SCALES,2471,ITEM_FEEBAS_SCALES
2463,ITEM_DUSKULL_FRAGMENT,2472,ITEM_DUSKULL_FRAGMENT
2464,ITEM_CHINGLING_FRAGMENT,2473,ITEM_CHINGLING_FRAGMENT
2465,ITEM_TIMBURR_SWEAT,2474,ITEM_TIMBURR_SWEAT
2466,ITEM_SEWADDLE_LEAF,2475,ITEM_SEWADDLE_LEAF
2467,ITEM_DUCKLETT_FEATHER,2476,ITEM_DUCKLETT_FEATHER
2468,ITEM_LITWICK_SOOT,2477,ITEM_LITWICK_SOOT
2469,ITEM_MIENFOO_CLAW,2478,ITEM_MIENFOO_CLAW
2470,ITEM_VULLABY_FEATHER,2479,ITEM_VULLABY_FEATHER
2471,ITEM_CARBINK_JEWEL,2480,ITEM_CARBINK_JEWEL
2472,ITEM_PHANTUMP_TWIG,2481,ITEM_PHANTUMP_TWIG
2473,ITEM_GRUBBIN_THREAD,2482,ITEM_GRUBBIN_THREAD
2474,ITEM_CUTIEFLY_POWDER,2483,ITEM_CUTIEFLY_POWDER
2475,ITEM_JANGMO_O_SCALES,2484,ITEM_JANGMO_O_SCALES
2476,ITEM_CRAMORANT_DOWN,2485,ITEM_CRAMORANT_DOWN
2477,ITEM_MORPEKO_SNACK,2486,ITEM_MORPEKO_SNACK
2478,ITEM_POLTCHAGEIST_POWDER,2487,ITEM_POLTCHAGEIST_POWDER
2479,ITEM_FRESH_START_MOCHI,2488,ITEM_FRESH_START_MOCHI
2480,ITEM_ROTO_STICK,2489,ITEM_ROTO_STICK
2481,ITEM_GLIMMERING_CHARM,2490,ITEM_GLIMMERING_CHARM
2482,ITEM_METAL_ALLOY,552,ITEM_METAL_ALLOY
2483,ITEM_INDIGO_STYLE_CARD,2491,ITEM_INDIGO_STYLE_CARD
2484,ITEM_ODDISH_LEAF,2492,ITEM_ODDISH_LEAF
2485,ITEM_TENTACOOL_STINGER,2493,ITEM_TENTACOOL_STINGER
2486,ITEM_DODUO_DOWN,2494,ITEM_DODUO_DOWN
2487,ITEM_SEEL_FUR,2495,ITEM_SEEL_FUR
2488,ITEM_EXEGGCUTE_SHELL,2496,ITEM_EXEGGCUTE_SHELL
2489,ITEM_TYROGUE_SWEAT,2497,ITEM_TYROGUE_SWEAT
2490,ITEM_RHYHORN_FANG,2498,ITEM_RHYHORN_FANG
2491,ITEM_HORSEA_INK,2499,ITEM_HORSEA_INK
2492,ITEM_ELEKID_FUR,2500,ITEM_ELEKID_FUR
2493,ITEM_MAGBY_HAIR,2501,ITEM_MAGBY_HAIR
2494,ITEM_LAPRAS_TEARDROP,2502,ITEM_LAPRAS_TEARDROP
2495,ITEM_PORYGON_FRAGMENT,2503,ITEM_PORYGON_FRAGMENT
2496,ITEM_CHINCHOU_SPARKS,2504,ITEM_CHINCHOU_SPARKS
2497,ITEM_SNUBBULL_HAIR,2505,ITEM_SNUBBULL_HAIR
2498,ITEM_SKARMORY_FEATHER,2506,ITEM_SKARMORY_FEATHER
2499,ITEM_SMEARGLE_PAINT,2507,ITEM_SMEARGLE_PAINT
2500,ITEM_PLUSLE_FUR,2508,ITEM_PLUSLE_FUR
2501,ITEM_MINUN_FUR,2509,ITEM_MINUN_FUR
2502,ITEM_TRAPINCH_SHELL,2510,ITEM_TRAPINCH_SHELL
2503,ITEM_BELDUM_CLAW,2511,ITEM_BELDUM_CLAW
2504,ITEM_CRANIDOS_SPIKE,2512,ITEM_CRANIDOS_SPIKE
2505,ITEM_SHIELDON_CLAW,2513,ITEM_SHIELDON_CLAW
2506,ITEM_BLITZLE_MANE_HAIR,2514,ITEM_BLITZLE_MANE_HAIR
2507,ITEM_DRILBUR_CLAW,2515,ITEM_DRILBUR_CLAW
2508,ITEM_COTTONEE_FLUFF,2516,ITEM_COTTONEE_FLUFF
2509,ITEM_SCRAGGY_SWEAT,2517,ITEM_SCRAGGY_SWEAT
2510,ITEM_MINCCINO_FUR,2518,ITEM_MINCCINO_FUR
2511,ITEM_SOLOSIS_GEL,2519,ITEM_SOLOSIS_GEL
2512,ITEM_JOLTIK_THREAD,2520,ITEM_JOLTIK_THREAD
2513,ITEM_GOLETT_SHARD,2521,ITEM_GOLETT_SHARD
2514,ITEM_ESPURR_FUR,2522,ITEM_ESPURR_FUR
2515,ITEM_INKAY_INK,2523,ITEM_INKAY_INK
2516,ITEM_PIKIPEK_FEATHER,2524,ITEM_PIKIPEK_FEATHER
2517,ITEM_DEWPIDER_THREAD,2525,ITEM_DEWPIDER_THREAD
2518,ITEM_COMFEY_FLOWER,2526,ITEM_COMFEY_FLOWER
2519,ITEM_MINIOR_SHELL,2527,ITEM_MINIOR_SHELL
2520,ITEM_MILCERY_CREAM,2528,ITEM_MILCERY_CREAM
2521,ITEM_DURALUDON_TARNISH,2529,ITEM_DURALUDON_TARNISH
2522,ITEM_ARTICUNO_TREAT,2530,ITEM_ARTICUNO_TREAT
2523,ITEM_ZAPDOS_TREAT,2531,ITEM_ZAPDOS_TREAT
2524,ITEM_MOLTRES_TREAT,2532,ITEM_MOLTRES_TREAT
2525,ITEM_RAIKOU_TREAT,2533,ITEM_RAIKOU_TREAT
2526,ITEM_ENTEI_TREAT,2534,ITEM_ENTEI_TREAT
2527,ITEM_SUICUNE_TREAT,2535,ITEM_SUICUNE_TREAT
2528,ITEM_LUGIA_TREAT,2536,ITEM_LUGIA_TREAT
2529,ITEM_HO_OH_TREAT,2537,ITEM_HO_OH_TREAT
2530,ITEM_LATIAS_TREAT,2538,ITEM_LATIAS_TREAT
2531,ITEM_LATIOS_TREAT,2539,ITEM_LATIOS_TREAT
2532,ITEM_KYOGRE_TREAT,2540,ITEM_KYOGRE_TREAT
2533,ITEM_GROUDON_TREAT,2541,ITEM_GROUDON_TREAT
2534,ITEM_RAYQUAZA_TREAT,2542,ITEM_RAYQUAZA_TREAT
2535,ITEM_COBALION_TREAT,2543,ITEM_COBALION_TREAT
2536,ITEM_TERRAKION_TREAT,2544,ITEM_TERRAKION_TREAT
2537,ITEM_VIRIZION_TREAT,2545,ITEM_VIRIZION_TREAT
2538,ITEM_RESHIRAM_TREAT,2546,ITEM_RESHIRAM_TREAT
2539,ITEM_ZEKROM_TREAT,2547,ITEM_ZEKROM_TREAT
2540,ITEM_KYUREM_TREAT,2548,ITEM_KYUREM_TREAT
2541,ITEM_SOLGALEO_TREAT,2549,ITEM_SOLGALEO_TREAT
2542,ITEM_LUNALA_TREAT,2550,ITEM_LUNALA_TREAT
2543,ITEM_NECROZMA_TREAT,2551,ITEM_NECROZMA_TREAT
2544,ITEM_KUBFU_TREAT,2552,ITEM_KUBFU_TREAT
2545,ITEM_GLASTRIER_TREAT,2553,ITEM_GLASTRIER_TREAT
2546,ITEM_SPECTRIER_TREAT,2554,ITEM_SPECTRIER_TREAT
2547,ITEM_INDIGO_DISK,2555,ITEM_INDIGO_DISK
2548,ITEM_FIERY_PICK,2556,ITEM_FIERY_PICK
2549,ITEM_STELLAR_TERA_SHARD,2557,ITEM_STELLAR_TERA_SHARD
2550,ITEM_MYTHICAL_PECHA_BERRY,2558,ITEM_MYTHICAL_PECHA_BERRY
2551,ITEM_BLUEBERRY_TABLECLOTH,2559,ITEM_BLUEBERRY_TABLECLOTH
2552,ITEM_BLUEBERRY_CHAIRS,2560,ITEM_BLUEBERRY_CHAIRS
2553,ITEM_SYNCHRO_MACHINE,2561,ITEM_SYNCHRO_MACHINE
2554,ITEM_METEORITE_SV_DEOXYS,2562,ITEM_METEORITE_SV_DEOXYS
2555,ITEM_SCARLET_BOOK_SVID,2563,ITEM_SCARLET_BOOK_SVID
2556,ITEM_VIOLET_BOOK_SVID,2564,ITEM_VIOLET_BOOK_SVID
2557,ITEM_BRIARS_BOOK,2565,ITEM_BRIARS_BOOK
2558,ITEM_SEED_OF_MASTERY_PLZA,2566,ITEM_SEED_OF_MASTERY_PLZA
2559,ITEM_CLEFABLITE,2567,ITEM_CLEFABLITE
2560,ITEM_VICTREEBELITE,2568,ITEM_VICTREEBELITE
2561,ITEM_STARMINITE,2569,ITEM_STARMINITE
2562,ITEM_DRAGONINITE,2570,ITEM_DRAGONINITE
2563,ITEM_MEGANIUMITE,2571,ITEM_MEGANIUMITE
2564,ITEM_FERALIGITE,2572,ITEM_FERALIGITE
2565,ITEM_SKARMORITE,2573,ITEM_SKARMORITE
2566,ITEM_FROSLASSITE,2574,ITEM_FROSLASSITE
2567,ITEM_HEATRANITE,2575,ITEM_HEATRANITE
2568,ITEM_DARKRANITE,2576,ITEM_DARKRANITE
2569,ITEM_EMBOARITE,2577,ITEM_EMBOARITE
2570,ITEM_EXCADRITE,2578,ITEM_EXCADRITE
2571,ITEM_SCOLIPITE,2579,ITEM_SCOLIPITE
2572,ITEM_SCRAFTINITE,2580,ITEM_SCRAFTINITE
2573,ITEM_EELEKTROSSITE,2581,ITEM_EELEKTROSSITE
2574,ITEM_CHANDELURITE,2582,ITEM_CHANDELURITE
2575,ITEM_CHESNAUGHTITE,2583,ITEM_CHESNAUGHTITE
2576,ITEM_DELPHOXITE,2584,ITEM_DELPHOXITE
2577,ITEM_GRENINJITE,2585,ITEM_GRENINJITE
2578,ITEM_PYROARITE,2586,ITEM_PYROARITE
2579,ITEM_FLOETTITE,2587,ITEM_FLOETTITE
2580,ITEM_MALAMARITE,2588,ITEM_MALAMARITE
2581,ITEM_BARBARACITE,2589,ITEM_BARBARACITE
2582,ITEM_DRAGALGITE,2590,ITEM_DRAGALGITE
2583,ITEM_HAWLUCHANITE,2591,ITEM_HAWLUCHANITE
2584,ITEM_ZYGARDITE,2592,ITEM_ZYGARDITE
2585,ITEM_DRAMPANITE,2593,ITEM_DRAMPANITE
2586,ITEM_ZERAORITE,2594,ITEM_ZERAORITE
2587,ITEM_FALINKSITE,2595,ITEM_FALINKSITE
2588,ITEM_KEY_TO_ROOM_202,2596,ITEM_KEY_TO_ROOM_202
2589,ITEM_SUPER_LUMIOSE_GALETTE,2597,ITEM_SUPER_LUMIOSE_GALETTE
2590,ITEM_LAB_KEY_CARD_A,2598,ITEM_LAB_KEY_CARD_A
2591,ITEM_LAB_KEY_CARD_B,2599,ITEM_LAB_KEY_CARD_B
2592,ITEM_LAB_KEY_CARD_C,2600,ITEM_LAB_KEY_CARD_C
2593,ITEM_UNKNOWN_2593,2601,ITEM_UNKNOWN_2593
2594,ITEM_UNKNOWN_2594,2602,ITEM_UNKNOWN_2594
2595,ITEM_PEBBLE,2603,ITEM_PEBBLE
2596,ITEM_CHERISHED_RING,2604,ITEM_CHERISHED_RING
2597,ITEM_AUTOGRAPHED_PLUSH,2605,ITEM_AUTOGRAPHED_PLUSH
2598,ITEM_TASTY_TRASH,2606,ITEM_TASTY_TRASH
2599,ITEM_REVITALIZING_TWIG,2607,ITEM_REVITALIZING_TWIG
2600,ITEM_LIDAS_THINGS,2608,ITEM_LIDAS_THINGS
2601,ITEM_LUMIOSIAN_BUTTER,2609,ITEM_LUMIOSIAN_BUTTER
2602,ITEM_NICE_BUTTER,2610,ITEM_NICE_BUTTER
2603,ITEM_GREAT_BUTTER,2611,ITEM_GREAT_BUTTER
2604,ITEM_AMAZING_BUTTER,2612,ITEM_AMAZING_BUTTER
2605,ITEM_SUPREME_BUTTER,2613,ITEM_SUPREME_BUTTER
2606,ITEM_HYPERSPACE_BUTTER,2614,ITEM_HYPERSPACE_BUTTER
2607,ITEM_HOENNIAN_SALT,2615,ITEM_HOENNIAN_SALT
2608,ITEM_EPICE_NOIRE,2616,ITEM_EPICE_NOIRE
2609,ITEM_ARBOLIVA_OIL,2617,ITEM_ARBOLIVA_OIL
2610,ITEM_POPPING_CANDY,2618,ITEM_POPPING_CANDY
2611,ITEM_IMPORTANT_LETTER,2619,ITEM_IMPORTANT_LETTER
2612,ITEM_CHERISHED_RING_2,2620,ITEM_CHERISHED_RING_2
2613,ITEM_DIRTY_SCARF,2621,ITEM_DIRTY_SCARF
2614,ITEM_UNKNOWN_2613,2622,ITEM_UNKNOWN_2613
2615,ITEM_UNKNOWN_2614,2623,ITEM_UNKNOWN_2614
2616,ITEM_UNKNOWN_2615,2624,ITEM_UNKNOWN_2615
2617,ITEM_UNKNOWN_2616,2625,ITEM_UNKNOWN_2616
2618,ITEM_MEGA_SHARD,2626,ITEM_MEGA_SHARD
2619,ITEM_COLORFUL_SCREW,2627,ITEM_COLORFUL_SCREW
2620,ITEM_RED_CANARI_PLUSH,2628,ITEM_RED_CANARI_PLUSH
2621,ITEM_RED_CANARI_PLUSH_1,2629,ITEM_RED_CANARI_PLUSH_1
2622,ITEM_RED_CANARI_PLUSH_2,2630,ITEM_RED_CANARI_PLUSH_2
2623,ITEM_GOLD_CANARI_PLUSH,2631,ITEM_GOLD_CANARI_PLUSH
2624,ITEM_GOLD_CANARI_PLUSH_1,2632,ITEM_GOLD_CANARI_PLUSH_1
2625,ITEM_GOLD_CANARI_PLUSH_2,2633,ITEM_GOLD_CANARI_PLUSH_2
2626,ITEM_PINK_CANARI_PLUSH,2634,ITEM_PINK_CANARI_PLUSH
2627,ITEM_PINK_CANARI_PLUSH_1,2635,ITEM_PINK_CANARI_PLUSH_1
2628,ITEM_PINK_CANARI_PLUSH_2,2636,ITEM_PINK_CANARI_PLUSH_2
2629,ITEM_GREEN_CANARI_PLUSH,2637,ITEM_GREEN_CANARI_PLUSH
2630,ITEM_GREEN_CANARI_PLUSH_1,2638,ITEM_GREEN_CANARI_PLUSH_1
2631,ITEM_GREEN_CANARI_PLUSH_2,2639,ITEM_GREEN_CANARI_PLUSH_2
2632,ITEM_BLUE_CANARI_PLUSH,2640,ITEM_BLUE_CANARI_PLUSH
2633,ITEM_BLUE_CANARI_PLUSH_1,2641,ITEM_BLUE_CANARI_PLUSH_1
2634,ITEM_BLUE_CANARI_PLUSH_2,2642,ITEM_BLUE_CANARI_PLUSH_2
2635,ITEM_RAICHUNITE_X,2643,ITEM_RAICHUNITE_X
2636,ITEM_RAICHUNITE_Y,2644,ITEM_RAICHUNITE_Y
2637,ITEM_CHIMECHITE,2645,ITEM_CHIMECHITE
2638,ITEM_ABSOLITE_Z,2646,ITEM_ABSOLITE_Z
2639,ITEM_STARAPTITE,2647,ITEM_STARAPTITE
2640,ITEM_GARCHOMPITE_Z,2648,ITEM_GARCHOMPITE_Z
2641,ITEM_LUCARIONITE_Z,2649,ITEM_LUCARIONITE_Z
2642,ITEM_GOLURKITE,2650,ITEM_GOLURKITE
2643,ITEM_MEOWSTICITE,2651,ITEM_MEOWSTICITE
2644,ITEM_CRABOMINITE,2652,ITEM_CRABOMINITE
2645,ITEM_GOLISOPITE,2653,ITEM_GOLISOPITE
2646,ITEM_MAGEARNITE,2654,ITEM_MAGEARNITE
2647,ITEM_SCOVILLAINITE,2655,ITEM_SCOVILLAINITE
2648,ITEM_BAXCALIBRITE,2656,ITEM_BAXCALIBRITE
2649,ITEM_TATSUGIRINITE,2657,ITEM_TATSUGIRINITE
2650,ITEM_GLIMMORANITE,2658,ITEM_GLIMMORANITE
2651,ITEM_HYPER_CHERI_BERRY,2659,ITEM_HYPER_CHERI_BERRY
2652,ITEM_HYPER_CHESTO_BERRY,2660,ITEM_HYPER_CHESTO_BERRY
2653,ITEM_HYPER_PECHA_BERRY,2661,ITEM_HYPER_PECHA_BERRY
2654,ITEM_HYPER_RAWST_BERRY,2662,ITEM_HYPER_RAWST_BERRY
2655,ITEM_HYPER_ASPEAR_BERRY,2663,ITEM_HYPER_ASPEAR_BERRY
2656,ITEM_HYPER_ORAN_BERRY,2664,ITEM_HYPER_ORAN_BERRY
2657,ITEM_HYPER_PERSIM_BERRY,2665,ITEM_HYPER_PERSIM_BERRY
2658,ITEM_HYPER_LUM_BERRY,2666,ITEM_HYPER_LUM_BERRY
2659,ITEM_HYPER_SITRUS_BERRY,2667,ITEM_HYPER_SITRUS_BERRY
2660,ITEM_HYPER_POMEG_BERRY,2668,ITEM_HYPER_POMEG_BERRY
2661,ITEM_HYPER_KELPSY_BERRY,2669,ITEM_HYPER_KELPSY_BERRY
2662,ITEM_HYPER_QUALOT_BERRY,2670,ITEM_HYPER_QUALOT_BERRY
2663,ITEM_HYPER_HONDEW_BERRY,2671,ITEM_HYPER_HONDEW_BERRY
2664,ITEM_HYPER_GREPA_BERRY,2672,ITEM_HYPER_GREPA_BERRY
2665,ITEM_HYPER_TAMATO_BERRY,2673,ITEM_HYPER_TAMATO_BERRY
2666,ITEM_HYPER_OCCA_BERRY,2674,ITEM_HYPER_OCCA_BERRY
2667,ITEM_HYPER_PASSHO_BERRY,2675,ITEM_HYPER_PASSHO_BERRY
2668,ITEM_HYPER_WACAN_BERRY,2676,ITEM_HYPER_WACAN_BERRY
2669,ITEM_HYPER_RINDO_BERRY,2677,ITEM_HYPER_RINDO_BERRY
2670,ITEM_HYPER_YACHE_BERRY,2678,ITEM_HYPER_YACHE_BERRY
2671,ITEM_HYPER_CHOPLE_BERRY,2679,ITEM_HYPER_CHOPLE_BERRY
2672,ITEM_HYPER_KEBIA_BERRY,2680,ITEM_HYPER_KEBIA_BERRY
2673,ITEM_HYPER_SHUCA_BERRY,2681,ITEM_HYPER_SHUCA_BERRY
2674,ITEM_HYPER_COBA_BERRY,2682,ITEM_HYPER_COBA_BERRY
2675,ITEM_HYPER_PAYAPA_BERRY,2683,ITEM_HYPER_PAYAPA_BERRY
2676,ITEM_HYPER_TANGA_BERRY,2684,ITEM_HYPER_TANGA_BERRY
2677,ITEM_HYPER_CHARTI_BERRY,2685,ITEM_HYPER_CHARTI_BERRY
2678,ITEM_HYPER_KASIB_BERRY,2686,ITEM_HYPER_KASIB_BERRY
2679,ITEM_HYPER_HABAN_BERRY,2687,ITEM_HYPER_HABAN_BERRY
2680,ITEM_HYPER_COLBUR_BERRY,2688,ITEM_HYPER_COLBUR_BERRY
2681,ITEM_HYPER_BABIRI_BERRY,2689,ITEM_HYPER_BABIRI_BERRY
2682,ITEM_HYPER_CHILAN_BERRY,2690,ITEM_HYPER_CHILAN_BERRY
2683,ITEM_HYPER_ROSELI_BERRY,2691,ITEM_HYPER_ROSELI_BERRY
2684,ITEM_CANARI_BREAD,2692,ITEM_CANARI_BREAD
